{"bodyId": "h0", "timestamp": 1630675666924076179, "continuousState": [[[0.4163185074576477, -0.9547072646718541, 0.781708396218901]], [[0.5985558391734751, -1.1782433012751403, 0.608919204802505], [0.3923175918314394, -1.0612904860676382, 0.81903321302156]], [[0.5280005019745146, -0.8280565559032416, 0.5374419581899493], [0.3208770925144693, -0.8172064918149152, 0.6579953784566854]], [[0.42228473305735426, -1.197528774399881, 0.5158428488286039], [0.1366444854331321, -1.1081637236217354, 0.578657234453854]], [[0.3628085421620947, -0.7120209992182841, 0.4036032578967456]], [[0.21323513888427129, -1.2093550159407485, 0.3557813621664377], [0.009931700370454337, -1.1547483136957735, 0.16916941592961643]], [[0.38690143912693636, -0.6240326860052468, 0.06034285880983225]], [[0.12987958260946833, -1.2155345558400346, 0.09238562576940648]], [[0.1891119071725135, -0.697256997416363, -0.0064563702369011934], [0.275964487611478, -0.8188214594296471, 0.12114583340003765]], [[0.10064743912561017, -1.1012193235380074, 0.22656933519849803], [0.24496139178117254, -1.0148693057143479, 0.05753122230552117]], [[-0.09911982533519528, -0.9166538518052768, 0.02987699629955705]], [[0.016161041834045476, -1.0462429785019525, -0.1488680945977178]], [], [[-0.15609252604408505, -0.906518730475819, -0.5854808135733783]], [[0.4548553957868848, -1.0525330105260255, 0.5429613637531213], [0.40895237720644306, -1.014807312562787, 0.7363999898706451]], [], [[0.39254663760972447, -0.9547748868090826, 0.4597230533626747]], [[0.0007638068952074417, -1.008936587671642, 0.12822316574902753]]]}