{"bodyId": "h0", "timestamp": 1630675666924076380, "continuousState": [[[0.445551129529736, -0.9667951212146326, 0.8139068464368246]], [[0.6040648230241155, -1.1815066449826308, 0.6126547813183708], [0.40928647361655385, -1.0693689557514696, 0.8497553959292418]], [[0.5288406547721229, -0.8256126939848188, 0.5342098537679796], [0.31276100245959426, -0.8019352865145937, 0.6567344835873741]], [[0.4238752323066756, -1.1981493222702093, 0.5150442877584553], [0.12223202545884919, -1.0955612017164007, 0.563616171437468]], [[0.5554363969991573, -0.3187256807092183, 0.07514284693532386], [0.3608809514453933, -0.7068366755766782, 0.40055968471986353]], [[0.2101776938585847, -1.2118704703156977, 0.35504545294482615], [0.03599246138992112, -1.1481318153106086, 0.1862296630941471]], [[0.3868657062042696, -0.6225291640229702, 0.06397492410251175]], [[0.12110852670191298, -1.2336084612477127, 0.1259260420400351]], [[0.19143280366498946, -0.6903625961314269, -0.011266008863341313], [0.2691978387223423, -0.8160019799133313, 0.11892571584980556]], [[0.10126704257632645, -1.1010140219379627, 0.2270587840857047], [0.2298346104393986, -1.0236817269798542, 0.08178206686919816]], [[-0.14973780823800437, -0.9677160009669127, 0.10263037175641193]], [[0.01017036007194082, -1.052859393721185, -0.1288352327101543]], [], [[-0.15654956171252707, -0.9156261849201673, -0.5598833459094708]], [[0.4561036798364053, -1.0522358094509512, 0.5412320130452326], [0.40017043908607114, -1.0013779899758743, 0.7306996757425431]], [], [[0.4896558146529164, -0.7584375014897138, 0.29509356734688963], [0.24155648845212124, -0.9011989386465394, 0.48208792807866574]], [[-0.02423538283083896, -1.0343650114524376, 0.16484457792105833]]]}