{"bodyId": "h0", "timestamp": 1630675666924077050, "continuousState": [[[0.44277707081866263, -0.9654203940379394, 0.8046183449351946]], [[0.6040705602739747, -1.1690341134151099, 0.6074367527990571], [0.42171098479859304, -1.0674860137774016, 0.8390774680019166]], [[0.5124012458812897, -0.8442267960953097, 0.5497687424495783], [0.30968703220915905, -0.8025741047035908, 0.647426400435251]], [[0.42278221934916704, -1.198825132313692, 0.5205823936274193], [0.16310908818911843, -1.0979974023006263, 0.5844207242209709]], [[0.5907411476576951, -0.21903032099249117, 0.04183480999664016], [0.3585532193757817, -0.7052314849279117, 0.3989519784122217]], [[0.2095153361911199, -1.2110039005087307, 0.3565378177853122], [0.00521274022970988, -1.148735568884624, 0.19615054514287908]], [[0.383533878569639, -0.6137296309277299, 0.06018208207727025]], [[0.11657724470248457, -1.2353405670721067, 0.1380444027064111]], [[0.18778197978081737, -0.6934137568647507, -0.012687692649309155], [0.2800462837262585, -0.8237380079445964, 0.12475568940335165]], [[0.0990539987150799, -1.1016797178244797, 0.22403341658329215], [0.27630827874819874, -1.0306723389477288, 0.09775400487918569]], [[-0.153393249808033, -0.9665209613668047, 0.10392385422132293], [0.5072968331290024, -0.778388270047105, -0.0796335919266337]], [[-0.00687266752976717, -1.0233530119300995, -0.18053866590092094], [0.4686143680391258, -0.982953021896841, -0.12195093295548919]], [], [[-0.1541396847947695, -0.9149946598946929, -0.5699706548542052]], [[0.44690221195691726, -1.061625621374395, 0.5536729837365685], [0.3958419538285932, -0.9997008206214614, 0.7234715799212474]], [], [[0.5067616835034311, -0.7089277266530916, 0.2812086018120297], [0.2608311537824501, -0.901614443614269, 0.4916863513165963]], [[-0.027169625546476554, -1.0341003395956423, 0.16397863540230753], [0.3918025559386006, -0.9045303044974169, 0.009060206476275992]]]}