{"bodyId": "h0", "timestamp": 1630675666924077251, "continuousState": [[[0.43689056306738805, -0.9545176427613967, 0.7979682869485403]], [[0.6060248637261232, -1.1768887608146514, 0.6127817786851605], [0.41883619336033734, -1.0632836904753131, 0.8354129125676997]], [[0.32518706725190577, -0.8027146621881471, 0.6635773311446975]], [[0.4257860638521649, -1.1975592877170609, 0.516526136716077], [0.1552299732836284, -1.0971731419834905, 0.5766631141324438]], [[0.36041969699498894, -0.7118785915842458, 0.40342137953678386]], [[0.21136119496355377, -1.2136964403384403, 0.35720152279167267], [0.03585082350372158, -1.1331510273460803, 0.1549520018225994]], [[0.3890774610980695, -0.6258199934000598, 0.07524269141146306]], [[0.11825947980553053, -1.2363373451418993, 0.12913531308852794]], [[0.1916143862799645, -0.7069447263221951, -0.005929227651008887], [0.2535226077926991, -0.808931249372265, 0.09618681157521156]], [[0.09908457066590057, -1.114833979792167, 0.238079259041275], [0.31098153401322154, -1.0357287753508346, 0.12601124112646903]], [[-0.12000273342434326, -0.9586303290853228, 0.05696478877067398]], [[-0.00883869152555792, -1.0202886794704649, -0.18499520273585882], [0.44053661244660225, -0.9520371019805575, -0.1600529696632093]], [], [[-0.15711040388471237, -0.9107827042062808, -0.5689913935721607]], [[0.4609996481209226, -1.0509449133445055, 0.534323806091689], [0.4080828976926707, -1.001938698820059, 0.7335423381192335]], [], [[0.3931028804235769, -0.9547189396506534, 0.4599737581264304]], [[-0.010459081379221344, -1.036732154438745, 0.1475220239059745]]]}