{"bodyId": "h0", "timestamp": 1630675666924077988, "continuousState": [[[0.41020896899676335, -0.9860206139387229, 0.7766964682132219]], [[0.5589688304275917, -1.1674711468674108, 0.6378338371047807], [0.39991574542638025, -1.0775686994417604, 0.7846401077073235]], [[0.49791219869208697, -0.8951706068623559, 0.5589661684497577], [0.3149441105173537, -0.8081026044935303, 0.6346259029898672]], [[0.4113385070580603, -1.1901696659041796, 0.5221505006138784], [0.17149795470731283, -1.0856657963089964, 0.5383532061265511]], [[0.347011008430341, -0.7044130377383403, 0.38605494720488015]], [[0.20997719844555662, -1.2083524065924753, 0.3439768299529478], [0.06950670603323647, -1.1245408514065505, 0.18070248093863142]], [[0.3747040361073775, -0.6225246113050565, 0.053352577467629086]], [[0.13270274379006497, -1.2157073365453344, 0.0701382385203533]], [[0.28385963250925716, -0.8305936011693139, 0.09548638920706434]], [[0.09915212016704653, -1.1148808782445612, 0.23808827512770767], [0.24439991263592786, -1.0270472368634618, 0.06401032429321003]], [[-0.12194119864403899, -0.9674046498431711, 0.06079215206526033]], [[-0.013736540730428941, -1.0336529634849556, -0.18449535377368126], [0.3242913356712975, -0.9343175490399255, -0.24336046789967758]], [], [[-0.1630985500985786, -0.9144712321670696, -0.5602875815199411]], [[0.4567241085953732, -1.0513742249906362, 0.535539727767653], [0.3146990348743732, -0.975101409584307, 0.6357965707953238]], [], [[0.3791747577442006, -0.94729135182126, 0.4541027239093792]], [[-0.011394539238496232, -1.0411427640438662, 0.149440213596484]]]}