{"bodyId": "h0", "timestamp": 1630675666924078055, "continuousState": [[[0.3920881177869021, -0.9901901698250328, 0.7663324855964293]], [[0.5540046718295557, -1.1617797553528058, 0.6399285592713593], [0.39170877586468306, -1.0879826877680083, 0.7750417326465252]], [[0.4835913304368439, -0.9242379033164488, 0.5743403917880582], [0.31409950155953514, -0.8121893189096006, 0.6348896135201155]], [[0.4082944044901213, -1.1893419926598676, 0.5222416582088623], [0.1679595739120273, -1.0836072662371783, 0.5269021350571036]], [[0.34390744604419343, -0.7101300240217928, 0.3823294069409719]], [[0.2106413114831335, -1.2077016010814408, 0.3447771495271693], [0.07756220684925916, -1.1236029806879015, 0.17873772350180797]], [[0.38280277933508366, -0.6278093620226737, 0.053362860504056926]], [[0.12788895471964254, -1.221320875511711, 0.08885217200062971]], [[0.2924626825428104, -0.8267606872715472, 0.11638400148664868]], [[0.11451209346741785, -1.1043626926927717, 0.2510555521863773], [0.2412636164203202, -1.018860717531835, 0.06805107506285595]], [[-0.07050257015578143, -0.8600509343082254, -0.10222051935682203]], [[0.0063170206963148985, -1.0451756971147894, -0.1446302340506654]], [], [[-0.15890586634817838, -0.9084886988085882, -0.5553560624752096]], [[0.4546287764939153, -1.0532122103241608, 0.5384343154663277], [0.31665033636108025, -0.9760122262587629, 0.6331031712265794]], [], [[0.3761009252671573, -0.9497360083408302, 0.4522855325749171]], [[0.02200476165581821, -0.9822068135004985, 0.07441751641477765]]]}