{"bodyId": "h0", "timestamp": 1630675666924078122, "continuousState": [[[0.3923047962094138, -1.0380553713619753, 0.7629843077849303]], [[0.5465712541872192, -1.162617064017515, 0.644340349874729], [0.38261517404110734, -1.104539861717196, 0.7719139330929324]], [[0.49504958167363466, -0.9001861615714299, 0.5593835304479293], [0.31989662749700687, -0.8166680648326242, 0.6396645247283472]], [[0.4078367261918098, -1.1912342415491166, 0.519445572351239], [0.1627134039542834, -1.080272237771498, 0.5310384836953718]], [[0.3492228058648539, -0.7120554452920187, 0.3767461354904799]], [[0.21087085161584934, -1.2042933582969977, 0.3431299164381624], [0.0763646466605062, -1.1270876073303375, 0.1828600714914053]], [[0.38031594738603486, -0.6279663778179242, 0.05160504101344441]], [[0.13187173470759167, -1.2127912962715715, 0.07020402711405654]], [[0.3040033914688893, -0.832894473296907, 0.12492946487183758]], [[0.10227908758024193, -1.1072128945768778, 0.23027820854522338], [0.26617104601558594, -1.0290242585796132, 0.09306694956935871]], [[-0.11916516389863238, -0.9736258124128586, 0.0584143723621537]], [[-0.02948323385028141, -0.9863303404480375, -0.24121208770255909], [0.05279457570443105, -1.1420977357766124, 0.09523794143126679]], [], [[-0.16659165165772719, -0.9166976345937677, -0.5439243165614339], [0.11201306747828857, -1.115229506133178, -0.21685853443069686]], [[0.44707546655396313, -1.060153416337527, 0.5428313120220546], [0.32730553505960663, -0.9799727541430331, 0.6432252226892442]], [], [[0.3785297660283318, -0.9516448434205677, 0.4480958539208595]], [[-0.008443038159195226, -1.0404193534948682, 0.14434629045368855]]]}