{"bodyId": "h0", "timestamp": 1630675666924078390, "continuousState": [[[0.38436928735689546, -1.0343403605214718, 0.7591646184522799]], [[0.5423478122445413, -1.1629376930364859, 0.649617304239227], [0.3730478817817916, -1.09591885271558, 0.7629724246750281]], [[0.4918941392739808, -0.9178429076813029, 0.5647450718374462], [0.30946357367163274, -0.8165301498320067, 0.6301288521720214]], [[0.4004891247627841, -1.1908825186148424, 0.5207066434177225], [0.17953983329093604, -1.0745971876676421, 0.5318786831031016]], [[0.3495387527947826, -0.703302239899486, 0.383027041052738]], [[0.2076035580183834, -1.2021675819895965, 0.33467978605813686], [0.07212447208242088, -1.1121794007252643, 0.17161524566017328]], [[0.38330704830385637, -0.6237166535605305, 0.06338837875852937]], [[0.14009660661406473, -1.1956185467252005, 0.04105301623324476]], [[0.25113471772089246, -0.7911645584353331, 0.04865899089073332]], [[0.10129388139836652, -1.1056358298371565, 0.2241160460946935], [0.23895337200842756, -1.0050385545629477, 0.040971423711024725]], [[-0.1144853181881797, -0.9723248493450146, 0.04346499273928862], [0.512897580646292, -0.7680832992519957, -0.06834638734462783]], [[-0.02792812962973221, -0.9626859655312398, -0.27403639675185626], [0.3212879302656545, -0.9217727388360785, -0.2517468834020674]], [], [[-0.16326959989751377, -0.9201594155209185, -0.5415794891262917]], [[0.4440334521827084, -1.064684946391034, 0.5474161778910781], [0.30274816833995194, -0.9635495646943044, 0.6206609534725033]], [], [[0.3750139387787833, -0.9470923792571642, 0.45186684223523027]], [[-0.006595718394906587, -1.0389803395910855, 0.13379051941699105], [0.3759254763273598, -0.8865609269074717, -0.013687481816801555]]]}