{"bodyId": "h0", "timestamp": 1630675666924081405, "continuousState": [[[0.4630849402756555, -0.9623829606644962, 0.7774653585766369]], [[0.6329268797236086, -1.1542238979527812, 0.588695624614218], [0.4130014747259365, -1.0395848018073326, 0.791871449607423]], [[0.5217189142434638, -0.8378802638269858, 0.5433697571930431], [0.3800363873061469, -0.8302995644631639, 0.6744795156307858]], [[0.39893056190599924, -1.2062727135947295, 0.5258007804822361], [0.20687204763464978, -1.0864798421824724, 0.5944719957690854]], [[0.47031981169194687, -0.6691424507899626, 0.685052970752501], [0.3636662147378727, -0.7079788762691165, 0.38197160125870117]], [[0.2047428722504967, -1.2089650311341762, 0.3418804677490184], [0.015353563698429752, -1.133058515695336, 0.21745453667418338]], [[0.44049970978453923, -0.5463176929350629, 0.7886912780585589], [0.3865697029205121, -0.6290655784183461, 0.0613980610738638]], [[0.12094438449200004, -1.2283037752920682, 0.11074015774317354]], [[0.17360042098130776, -0.7275227962565075, -0.004421363955570996], [0.29347497464840466, -0.8498514580034794, 0.14655070144094065]], [[0.09591136293464377, -1.1115203109596186, 0.2132779121698693], [0.27609080485948423, -1.0382909624361933, 0.1342591743747189]], [[-0.15894545443644165, -0.9739841982334835, 0.10518170957783742]], [[-0.014681358321131313, -1.0134780589680477, -0.19325539428105434]], [], [[-0.15747477268166002, -0.9219842590121818, -0.5565648251110609]], [[0.444786890446928, -1.0555384154517413, 0.5471036387989398], [0.40441141345707776, -0.9944606631720088, 0.7135033141312374]], [], [[0.43462518679897305, -0.9377075821923461, 0.6054268756173686], [0.28526913118626124, -0.8972293592257945, 0.48822179851389325]], [[-0.03151704575089894, -1.042752254596551, 0.15922981087385335]]]}