{"bodyId": "h0", "timestamp": 1630675666924081673, "continuousState": [[[0.4403203753402588, -0.9546142738360623, 0.7787615909940844]], [[0.6176380962587077, -1.160603718164778, 0.5889819358991571], [0.42310357940364157, -1.0570313864530234, 0.824615513391495]], [[0.5234608660545244, -0.8424790859803163, 0.5440737330712629], [0.402967145998575, -0.8420897684246376, 0.7049939850595929]], [[0.4067856875443098, -1.2134749110715901, 0.5283709809146832], [0.1886679878625821, -1.0992036024792344, 0.5923431352991554]], [[0.4682361471233644, -0.6592167647529568, 0.6743565138573251], [0.37309989409294303, -0.7177648735982425, 0.4056257890309369]], [[0.2036478081555195, -1.218051565537044, 0.3512771796688144], [0.034413153175622484, -1.1322321050402089, 0.15206121510683443]], [[0.44453922786839, -0.549759339062135, 0.7822204042885618], [0.3878590420842586, -0.626207534216631, 0.055389805061127846]], [[0.12260695826495004, -1.2297300884451023, 0.10946750519865191]], [[0.2841189645534564, -0.8317008755172389, 0.10806352267414923]], [[0.09871901768514044, -1.1138428481188611, 0.22001604249140952], [0.20771930211949144, -1.021878953533548, 0.05969990688500843]], [[-0.12778074395477018, -0.9663366983921956, 0.0647035516852518]], [[-0.01697330490642207, -1.0154362287222631, -0.1971536207404463], [0.29058206068729214, -0.901964489043653, -0.221394582273635]], [], [[-0.1585208326133271, -0.9163389370685119, -0.553555939271135]], [[0.45912816332126305, -1.0494360490367185, 0.5355285755884964], [0.4149172792169629, -1.0049076437350468, 0.7307201231507464]], [], [[0.4375109173338371, -0.9363458379122734, 0.6013637473860041], [0.2808839409777626, -0.9084842380387385, 0.4989844621650461]], [[-0.014530863134814873, -1.0400897732555283, 0.14235979708833066]]]}