{"bodyId": "h0", "timestamp": 1630675666924082410, "continuousState": [[[0.435354248080301, -0.9493219661592457, 0.7944236865866003]], [[0.620066549192406, -1.1613675749932901, 0.583294047951816], [0.42101004203599085, -1.0608537239864864, 0.8347475173178802]], [[0.37262780511654636, -0.8321432956466829, 0.708263847819998]], [[0.4102230748023954, -1.207628776690125, 0.5235355591324194], [0.1630207392395364, -1.0995878366794647, 0.5874975927351259]], [[0.4681514635026711, -0.660749682452639, 0.6772877791924607], [0.3739098657761938, -0.7145973451838897, 0.41343010705672006]], [[0.2073109265842313, -1.2104495491962024, 0.34505516381686746], [0.03898736990675388, -1.158682905184803, 0.18681986160303268]], [[0.44168944595993215, -0.5472791021752825, 0.7874429600666415], [0.3912544124827873, -0.6292116685367066, 0.056984235856003804]], [[0.11667491799387, -1.2462423266424785, 0.132443488584094]], [[0.27814408199071433, -0.8366842444365191, 0.13772985242048094]], [[0.09909170605580152, -1.1165937204358354, 0.2224320366483182], [0.213843515126463, -1.0319493745724462, 0.07277858116492143]], [[-0.1265385789125004, -0.9535051321810151, 0.05514798927242737]], [[-0.010761717563231514, -1.0155770665705575, -0.20949980451412512]], [], [[-0.15995987124386807, -0.9159142511628272, -0.5673202205939115]], [[0.45536914786547367, -1.053509193140409, 0.5386720575566017], [0.40368684718801207, -1.0027040829271117, 0.7357596462806437]], [], [[0.43918726915253326, -0.9341892295713821, 0.6004116691624402], [0.2684653025078651, -0.9070925909316772, 0.500463849895923]], [[-0.013723436428349438, -1.0350494263084253, 0.1387900129603728]]]}