{"bodyId": "h0", "timestamp": 1630675666924083080, "continuousState": [[[0.44027946656371775, -0.9507911349228753, 0.7943592368920459]], [[0.6307363587752559, -1.168090792557085, 0.5838359500259541], [0.404313762314657, -1.0588174776544492, 0.8254421185317068]], [[0.3145526976525416, -0.7907255951140743, 0.6550448009381437]], [[0.40466042562945864, -1.204658949720431, 0.5209015571948269], [0.16648541973987857, -1.0991151283778018, 0.5864194192293608]], [[0.4683346668014505, -0.6631967775986939, 0.6745068956551935], [0.3592800425409778, -0.7016603581153745, 0.39216916162829396]], [[0.2088626086443873, -1.2028757228889184, 0.3389154482486615], [0.07022741937999036, -1.1531538434274786, 0.17073159049456807]], [[0.3857751720765375, -0.624371198733163, 0.0518732391183753]], [[0.12962803923012114, -1.213573779314978, 0.07897028812072904]], [[0.26891321321479744, -0.8147706285668416, 0.08342222798938087]], [[0.09872725515855131, -1.1114128457795385, 0.22157615653846893], [0.2667230638090073, -1.038775331760475, 0.08546865627968714]], [[-0.15514926465715667, -0.9699599738520622, 0.09674657878354197]], [[-0.014710593388537745, -1.0109645417750013, -0.19298393396210828], [0.4712638645395871, -0.9682049472710503, -0.11253975177748589]], [], [[-0.1579571344955234, -0.9196788812691018, -0.5606497941087366]], [[0.4519666726657084, -1.0532349585107337, 0.539522345780301], [0.40725920328277654, -0.9969141028536113, 0.7339717397253674]], [], [[0.43649754621545456, -0.9339278636595625, 0.5977042264250102], [0.26288273114042815, -0.9003877432465881, 0.4892942904288274]], [[-0.02821100474930268, -1.0406864098158004, 0.15916136766100544]]]}