{"bodyId": "h0", "timestamp": 1630675666924083482, "continuousState": [[[0.4357588731029573, -0.9468543064379379, 0.7927582891576658]], [[0.627429303313671, -1.1605234267776032, 0.5801662562459474], [0.41509367697606897, -1.0623205318429534, 0.8305707273243343]], [[0.31282475872139437, -0.79182876853472, 0.6554037170802105]], [[0.41654472687115746, -1.2136575479521685, 0.5193684222861104], [0.16281339308341466, -1.0944493818343544, 0.5855153794834537]], [[0.3631161603527678, -0.7060331657597181, 0.39784621442566914]], [[0.2067915765995985, -1.2168589530247287, 0.34197308721122793], [-0.011607998269003246, -1.162913847551997, 0.19030773593297726]], [[0.37999257766789285, -0.6251117370233078, 0.046028883303049724]], [[0.12297354303148114, -1.234207528128301, 0.10285213296074266]], [[0.18289851117711414, -0.7104808719361647, -0.022472305866669557], [0.2539640882541708, -0.833236661032241, 0.11370959546972585]], [[0.09775548563223811, -1.1186627337108612, 0.21505377368571021], [0.2867165475127731, -1.0569661724919133, 0.14802355984500173]], [[-0.1613657555418942, -0.9711533979129232, 0.10691546301573886]], [[-0.013222429073090496, -1.012608621961009, -0.20638084692586336]], [], [[-0.1592326034070809, -0.9141940494551773, -0.564478471180437]], [[0.45066511560163475, -1.062167292349085, 0.5409757041266124], [0.40869148051369847, -0.9960057979834875, 0.7355956182353763]], [], [[0.3898304436119626, -0.9598453568559433, 0.45860731835588975]], [[-0.03180513495482804, -1.0449080658118923, 0.16098461835072453]]]}