{"bodyId": "h0", "timestamp": 1630675666924083884, "continuousState": [[[0.4282843687295549, -0.9392144730758487, 0.776002102190898]], [[0.6270236693741792, -1.1574059787552844, 0.5832476742949344], [0.3967278660399845, -1.0507150956141913, 0.8089223400009904]], [[0.3305915661913848, -0.808742016405365, 0.6800374605840747]], [[0.41318181257283637, -1.2162582134938975, 0.5223628185929406], [0.15770168468149973, -1.0974567435327887, 0.5799933831573557]], [[0.4687236891525965, -0.6468902701877361, 0.6812075192808329], [0.3592946573829747, -0.7103810073958681, 0.4002449409610381]], [[0.20551007004555702, -1.2184690372679243, 0.34152245776603557], [0.04160943317811598, -1.1757549460957393, 0.24075312406359672]], [[0.3883944209165186, -0.6311918438454736, 0.05862279513264957]], [[0.14799557575395203, -1.1935916707195902, 0.020505735615440016]], [[0.18590709602133654, -0.7107318401906114, -0.019573950983831082], [0.2622014047231942, -0.8356382232777887, 0.12561400806598338]], [[0.10069039145079745, -1.121181704741637, 0.2138169791503392], [0.2668442371172182, -1.0513777844929564, 0.12710168087987245]], [[-0.15423513096947192, -0.9740561545095737, 0.07616664069898547]], [[-0.004314276785369998, -1.0254064144402104, -0.20150185957026293]], [], [[-0.16250799593149065, -0.9000837394755589, -0.6154397050757421]], [[0.4579574495487025, -1.0555178901836997, 0.5349206730065146], [0.39482200715637894, -0.9951475314403554, 0.7273419541778114]], [], [[0.44095275086271646, -0.9315742418408168, 0.6017851689368867], [0.2584981710322372, -0.9039188754643284, 0.4901191620591969]], [[-0.026772369759337236, -1.0476189296256053, 0.14499180992466235]]]}