{"bodyId": "h0", "timestamp": 1630675666924083951, "continuousState": [[[0.43205963029796224, -0.9398842479057019, 0.7857863453466942]], [[0.6182636142927783, -1.1647479132036467, 0.5946135797800388], [0.39859730552127415, -1.050811243472846, 0.8130650725677748]], [[0.31593719921425145, -0.7967953168875, 0.658608720899144]], [[0.42447875209158253, -1.2028527182314497, 0.5097416588440172], [0.16209779578883876, -1.0928515289037266, 0.5834741509534577]], [[0.36046152661446607, -0.7062905882572698, 0.3979257357110107]], [[0.2083495863777719, -1.2157248738202622, 0.3356765499623807], [0.03327928901766336, -1.1636910922659565, 0.2276299326677108]], [[0.39430970434333357, -0.6339052481806251, 0.0652428214152544]], [[0.14850727873834144, -1.1918004313047925, 0.017986569058872647]], [[0.3014254225151758, -0.8481369219135807, 0.15636937155769828]], [[0.09999243129859672, -1.1257488176449546, 0.21445178227057385], [0.2279231306602319, -1.0427396434804077, 0.08368752445951645]], [[-0.12841561007384034, -0.9729965447765131, 0.06403533348939595]], [[-0.007325755761584901, -1.0228287288655102, -0.20819446041390255], [0.2912206932668953, -0.9224062154239677, -0.21648120095596665]], [], [[-0.1599429745056445, -0.9131008061679072, -0.5826755858944294]], [[0.45737322846493406, -1.052096406228188, 0.5354525857557169], [0.4005923923443095, -0.9931298843233375, 0.7301757142067343]], [], [[0.3924701393530243, -0.9545716532443598, 0.453833697277514]], [[-0.014211589387621806, -1.0493726812107338, 0.1392435578799849]]]}