{"bodyId": "h0", "timestamp": 1630675666924008174, "continuousState": [[[0.43879888534947553, -1.0611457355027076, 0.8019560371453093]], [[0.6141472850615153, -1.2511317094260508, 0.5607120593968536]], [[0.47093639171595675, -1.0052639188419923, 0.5178068065257475], [0.2732928112934417, -0.9041821672195323, 0.6327431903680865]], [[0.46270227759208254, -1.330404242952539, 0.4554702796953771], [0.20858806994900828, -1.244803905290879, 0.5833745030284854]], [[0.3886126207974879, -0.7806315963798354, 0.18750725984387123], [0.2998539962275176, -0.7933752325539066, 0.3500029886443879]], [[0.2987468454374901, -1.376589981141586, 0.24929731731089988], [0.10591981327544658, -1.3004717089371756, 0.2166470839731055]], [[0.37497031973744877, -0.7443835907247528, 0.0645947697997301]], [[0.24375662501337633, -1.3407690427577679, 0.02785521156591608], [0.22841771347403436, -1.2679727067992648, 0.016364986266708455]], [[0.15180228245934627, -1.0336905488487287, 0.16598631709108416], [0.28356080848899706, -0.8933085482329892, 0.030710375160850845]], [[0.19407846926848088, -1.2007231118311388, 0.04257054733645532], [0.28622407250720633, -1.1653557413757212, 0.05788433054305506]], [[0.01681161337754736, -0.7253439343264868, -0.40921712873284377], [0.6049650166399604, -0.897270702255442, -0.07816455874629787]], [[0.0845536643766809, -0.9615872160091704, -0.48827097955445403], [0.5668608083679783, -1.1752017435391726, -0.07525283299357807]], [], [[-0.10177654656579614, -0.8352119698209727, -0.7355712755447166]], [[0.4566761037724558, -1.1777791532558022, 0.49685945208427257], [0.38428091735250336, -1.105725529447611, 0.7055060304541968]], [], [[0.4256574491947852, -1.0555179196661872, 0.32148876976962415], [0.25422103308826294, -1.0190895689223929, 0.4666887458364366]], [[0.10544504132301412, -0.9630335230788127, -0.18332329069819422], [0.4455945445735834, -1.0313132218155816, -0.010140114101621404]]]}