{"bodyId": "h0", "timestamp": 1630675666924084353, "continuousState": [[[0.4320927942384706, -0.9442303089570074, 0.7865104364050058]], [[0.6303222603042482, -1.1550663400690129, 0.5800490346330904], [0.4114243170687389, -1.053897088490922, 0.8254946460486425]], [[0.3093935091686935, -0.7924439397871136, 0.6465599764408646]], [[0.4080090644228371, -1.2226602638290205, 0.5271600812877474], [0.1596705691412683, -1.0960661420032574, 0.5777406900391623]], [[0.3638118365660159, -0.7071542110275105, 0.3967256496994057]], [[0.20830857094820915, -1.2185569731183896, 0.3404424009025322], [0.013144879980906807, -1.1658660472271374, 0.20712398116497593]], [[0.3838112621515804, -0.6287968572906955, 0.055150217194428704]], [[0.15936454827319535, -1.1706964186108704, -0.012408852627785108], [-0.2502486367427216, -1.091871849568724, -0.5391087107010569]], [[0.18396805254308793, -0.718192135616803, -0.013585408530561836], [0.23299777957514106, -0.8067346030296082, 0.05079588711161182]], [[0.10035725572386121, -1.1226177815090133, 0.2179871133081467], [0.23801518604079341, -1.0320990860380557, 0.059714260924791915]], [[-0.12362750377089299, -0.9494547154816049, 0.04621815238524436]], [[-0.0105807913386177, -1.012590785047874, -0.20352248329569078]], [], [[-0.15652916012743925, -0.9157234842632301, -0.5599338343687537]], [[0.45269896259523884, -1.0604914253550053, 0.5392622754972457], [0.41787260013619243, -1.0000859906824064, 0.7360978075075728]], [], [[0.3859104504944265, -0.9649072374282655, 0.46194286549357655]], [[-0.011635124023515887, -1.036036248495309, 0.13210263284669554]]]}