{"bodyId": "h0", "timestamp": 1630675666924084554, "continuousState": [[[0.43621017374897, -0.939431551729956, 0.7805384815622726]], [[0.6312545534065928, -1.1533719151892925, 0.5737495782120013], [0.40387213635532293, -1.0496097878298023, 0.8147302613543417]], [[0.5014699871393548, -0.8683532981122605, 0.5517777329372828], [0.31245700599815224, -0.7970275104434847, 0.6548301547709084]], [[0.41492064410452056, -1.2189283856016833, 0.5203380844550886], [0.16012243900433942, -1.09326642391229, 0.579364780098201]], [[0.362183956495526, -0.7085063431583569, 0.4001891456466849]], [[0.20719835842572412, -1.2198216762174687, 0.3455936393579345], [0.03532135131544646, -1.163347618939969, 0.18402967472324963]], [[0.3830849426293439, -0.6276201821759445, 0.0546796940564875]], [[0.16317411466633963, -1.166738331882977, -0.01823767657012695], [-0.22331307726105093, -1.1048610848890534, -0.4696611240657933]], [[0.18566606033680016, -0.7153556977034063, -0.014750066419139103], [0.2792646836392976, -0.8355402454496351, 0.1381603962537456]], [[0.10104427366089254, -1.1217044822617905, 0.21896868112805487], [0.25581690860836603, -1.0400792000176675, 0.11072709497985807]], [[-0.122140778703292, -0.9480728495038522, 0.037398112444700475]], [[-0.012231402649615461, -1.018023228348963, -0.19342840602755268], [0.29036769810262625, -0.9205087129656376, -0.22156877357881172]], [], [[-0.16028328628174698, -0.9150709917479268, -0.5603650964375552]], [[0.45184440933929954, -1.0627665433350517, 0.5373122465774232], [0.4289813704210853, -1.0042628045670883, 0.7472345747117939]], [], [[0.3885523003000233, -0.9637173643800201, 0.46026361505088675]], [[-0.01054825252119973, -1.0348886658828214, 0.12818339678637766]]]}