{"bodyId": "h0", "timestamp": 1630675666924084688, "continuousState": [[[0.44843287672419774, -0.9439587389324078, 0.788530112474233]], [[0.6118134122849683, -1.1660738319848105, 0.5992807885463445], [0.41459863440547634, -1.0487000735980339, 0.8240993753932877]], [[0.311435085746323, -0.8009638123518182, 0.655352228742378]], [[0.41786519992637333, -1.214240070242174, 0.5157972537891137], [0.174932536513405, -1.096586928174842, 0.5924796031602093]], [[0.3571109282649957, -0.7043411985156006, 0.3977030755490548]], [[0.20793598233975474, -1.2190138072497612, 0.3425756042980274], [0.04905517215342115, -1.1754095396042226, 0.24930368064269623]], [[0.38800753450781805, -0.6280722773817333, 0.05974849637826424]], [[0.13305606084630392, -1.2166027406076327, 0.07241020024114278]], [[0.1792352169663979, -0.7215553237868944, -0.013191149552554635], [0.26383749040074417, -0.8407745049443853, 0.1274005220935742]], [[0.09901472511506955, -1.1212436822216603, 0.21280901201265986], [0.28639222004659975, -1.0568069060048542, 0.1484728182442143]], [[-0.1605497070284989, -0.9765970813579783, 0.10522317912007656]], [[-0.019620214327144423, -1.0215755024101714, -0.19601040631342834]], [], [[-0.16093638216910586, -0.9108660790699026, -0.5857806331554866]], [[0.449389697682373, -1.062930946030211, 0.5423908163702919], [0.4243173273582697, -1.004920148690678, 0.7465349526211178]], [], [[0.3874880640956845, -0.9592906343788874, 0.45675016466908425]], [[-0.03076749095671468, -1.0489203817898192, 0.1590160955663682]]]}