{"bodyId": "h0", "timestamp": 1630675666924084889, "continuousState": [[[0.4400957531081112, -0.9476367105402103, 0.7853803768647238]], [[0.622633211652678, -1.1626795790230227, 0.5865783595182164], [0.41053069547548465, -1.0470237026468616, 0.8247444931131459]], [[0.3641971947779548, -0.8293683268631179, 0.7016083659905222]], [[0.4190980504825235, -1.213557861300609, 0.5169463232118093], [0.16077572705441595, -1.094163710998929, 0.5849106080188717]], [[0.360932185310872, -0.7122160415884916, 0.40269421061156685]], [[0.21193705179884093, -1.2137175270585303, 0.3377139697618966], [0.024629714371619683, -1.1676591374205338, 0.23959906148534219]], [[0.37994572133296517, -0.6347750051977996, 0.060560786144392975]], [[0.13386591255948252, -1.2164876483975733, 0.07295184599224286]], [[0.1851383905333849, -0.7194777533565034, -0.019013813673668438], [0.3283239729601662, -0.8710365592952116, 0.18282676667871714]], [[0.10095341717976083, -1.1257441518490026, 0.21501008231846777], [0.2384071525854638, -1.0456543568721524, 0.09259860665395013]], [[-0.12626709253254376, -0.9554597979287098, 0.04877194258525378]], [[-0.011564843514340168, -1.0301056249021818, -0.19021308390383182], [0.2881090813069609, -0.9249510318829502, -0.22448287688717777]], [], [[-0.1585542514328124, -0.9182101114349398, -0.5838229220430171]], [[0.4503153256119122, -1.0626720038132038, 0.5404505280832522], [0.41293527992305096, -1.0024130203334611, 0.7403386841179165]], [], [[0.39001511789669774, -0.9628869514445504, 0.4598202669116881]], [[-0.01265683767639146, -1.0406019748888562, 0.13189101245186077]]]}