{"bodyId": "h0", "timestamp": 1630675666924085224, "continuousState": [[[0.44589083610697433, -0.9421634658994582, 0.7855946419838147]], [[0.6357348202985447, -1.161116638610878, 0.5793041565660104], [0.3988649975182318, -1.0563268637117753, 0.8116103193705474]], [[0.3029426355721191, -0.7776073887276602, 0.646352955505116]], [[0.4093543542683547, -1.227376534667671, 0.5262392135822878], [0.1559798700881927, -1.0991816541981174, 0.5769358425420933]], [[0.34855065117535516, -0.68899407713146, 0.3724032641525373]], [[0.20462087732214906, -1.223248546424392, 0.3445517179470478], [0.052030175545821976, -1.178301204408364, 0.19728522373060606]], [[0.38216939370488195, -0.6192008084774078, 0.055910692060832386]], [[0.14241109668393523, -1.2061665062564844, 0.04356183553943947], [-0.24750094738167877, -1.105025835298961, -0.5075321282223311]], [[0.185704060285116, -0.7189844789760675, -0.01837121017405707], [0.3152697113627596, -0.8348191976822184, 0.16915106274072356]], [[0.10032277340021949, -1.1251408026755247, 0.21767275022808394], [0.22255021041567055, -1.0357186656146382, 0.07395363147818466]], [[-0.12710858694599755, -0.9586566983989595, 0.051521279824795325]], [[-0.0031443862698191083, -1.0250656616833533, -0.20853045344713747]], [], [[-0.1618823833634883, -0.9210032051166667, -0.5690475006327933]], [[0.4523707632349701, -1.0634124888137868, 0.5372029588999633], [0.4186087517298488, -0.9957247470208334, 0.7376705832993925]], [], [[0.37895250272185493, -0.9581853058995655, 0.44932123886741254]], [[-0.013392906772889034, -1.0418987505372421, 0.13459701502643964]]]}