{"bodyId": "h0", "timestamp": 1630675666924085425, "continuousState": [[[0.4109441118141751, -0.9294320817513743, 0.7625177183329004]], [[0.6351239651510141, -1.15031911900154, 0.5726577122831332], [0.37736835357695053, -1.0509313684568045, 0.7976641636476647]], [[0.29646864137479795, -0.782305886830366, 0.6603016121923371]], [[0.41738625981201827, -1.218174705855838, 0.5169634445979369], [0.1605470140569221, -1.0931341898470155, 0.5788452546536373]], [[0.4679890454638693, -0.6202952275846672, 0.6951645858636846], [0.35296904381479727, -0.6924331869520003, 0.36766905804933775]], [[0.20745053858524318, -1.2214874496421133, 0.34071180027957326], [0.030843969186610365, -1.1668067486642872, 0.1759590650900436]], [[0.44173948913398337, -0.540413236078896, 0.7879050990243368], [0.3798176125065049, -0.6245444975963554, 0.05457666976399287]], [[0.13862978512811583, -1.2083816444553628, 0.057124856465672565]], [[0.18755048887898693, -0.7203277757464834, -0.011561757057304703], [0.25610894882195406, -0.8102212839718, 0.11722576666471013]], [[0.10272416840177624, -1.119354973495746, 0.22144325522680947], [0.21721542456845622, -1.022916694978163, 0.04235065107439618]], [[-0.12225280612108748, -0.9433476819261075, 0.04299868949218853]], [[-0.00512085236163341, -1.0400939864657144, -0.16383254590656748]], [], [[-0.16104965754607053, -0.9211759992904051, -0.5541519010193036]], [[0.4570479904575251, -1.058439946017113, 0.533845290136782], [0.41579264108796427, -0.9919221693335555, 0.742058592176952]], [], [[0.4426876526379438, -0.9192349667202526, 0.6060640152308108], [0.2567580289358597, -0.892783688399508, 0.4732571563514876]], [[-0.009764318859655619, -1.0313513277109267, 0.132220972359499]]]}