{"bodyId": "h0", "timestamp": 1630675666924086765, "continuousState": [[[0.45404752671914184, -0.9376156883854813, 0.7858681757435612]], [[0.6435746569842804, -1.1474172028508791, 0.5741166042841049], [0.4098723332373022, -1.0479878894506256, 0.8139053233755909]], [[0.2996211973613872, -0.7857361877595519, 0.6374970133850002]], [[0.40826466204227513, -1.2381359092165558, 0.5147614871892687], [0.15220339684424675, -1.1005946944447489, 0.5700172532935103]], [[0.373576102758278, -0.7121339600875327, 0.3913715008530794]], [[0.20558073737170024, -1.2445589796920433, 0.3433504586263246], [0.07000373160555455, -1.1853769828007485, 0.21378327923852908]], [[0.38540423121679035, -0.634752570200579, 0.050260405034119]], [[0.1519382134864917, -1.1727713371596378, -0.031232846268129152]], [[0.18235128915988078, -0.688254561433373, -0.012523653413188413], [0.26399163396197195, -0.8153801821323249, 0.07978009574274188]], [[0.09906624140918337, -1.11476223343968, 0.2196282243070923], [0.23767614030498135, -1.0373806058168105, 0.050878581921737574]], [], [[0.07241654195880352, -1.1157591125880424, -0.08162779606954723], [0.47291686882368733, -0.9664267937703246, -0.12087491377695324]], [], [[-0.1632986067202517, -0.8898773778996005, -0.5671093053090133]], [[0.4473053480559834, -1.073924106543657, 0.5354704999057454], [0.4320877731227581, -1.0027509736930356, 0.7435430548660634]], [], [[0.3909203824002766, -0.9751349346520443, 0.45306649402117405]], []]}