{"bodyId": "h0", "timestamp": 1630675666924086832, "continuousState": [[[0.46401892396175415, -0.938970456044445, 0.7875441916121243]], [[0.6522240074393246, -1.1441703603277025, 0.5627065207698664], [0.38298917476923156, -1.0394652575393035, 0.7828920291305766]], [[0.31816189867443406, -0.7887454121004256, 0.645875686841046]], [[0.4236980787534979, -1.2294554165462008, 0.5015063269203421], [0.16080011139317185, -1.093867232860355, 0.5701635840558852]], [[0.4035537003486545, -0.7216873204304691, 0.41491338361562796]], [[0.21873866004298254, -1.2435332953060354, 0.3357649196358031], [0.060656755886184785, -1.1746061552780798, 0.19842435329420688]], [[0.3835620466963974, -0.6355167728061258, 0.04590940665946005]], [[0.1597542168230628, -1.1696692502446813, -0.040576229671161174], [-0.24534698957591558, -1.1102833893210131, -0.4998693674939498]], [[0.18586673472834786, -0.6959085896321815, -0.008789009070568454], [0.3155442857602532, -0.8355787492487216, 0.1686449535308027]], [[0.1025271199930707, -1.119433803163046, 0.22127893323999523], [0.2136747622239825, -1.0230431193336003, 0.035387752297661335]], [[-0.15381048775990827, -0.9171324729298287, 0.07719447615964077]], [[0.024800556879793077, -1.07107958988709, -0.12808175709438432], [0.35261422126111985, -0.930890172516162, -0.21015165505026856]], [], [[-0.16276014471638395, -0.9009722190768638, -0.5527722705228757]], [[0.45016613577686826, -1.0744565692529342, 0.5341419109165852], [0.4292823697338358, -0.9997218117116907, 0.7395530608056277]], [], [[0.4136258895510762, -0.9755713684883349, 0.4582098552679851]], [[-0.025641683883418788, -1.0182831380464372, 0.149236704699818]]]}