{"bodyId": "h0", "timestamp": 1630675666924086966, "continuousState": [[[0.45851929979650574, -0.9330577921039251, 0.77610845070039]], [[0.3670440572076948, -1.03370471693041, 0.7668033412365078]], [[0.4815639947075735, -0.9140292244720936, 0.5598962541615783], [0.3231034813325755, -0.7911546691859865, 0.6488843376043947]], [[0.42887580913710366, -1.2300621168651547, 0.5014690856989142], [0.15627207970502627, -1.107710723095439, 0.5600675357621615]], [[0.35952685802138307, -0.7059044438930049, 0.37129678972572333]], [[0.23708538974133223, -1.2482646989845363, 0.3248519688628533], [0.07692167917376787, -1.1644018959953326, 0.158214335295369]], [[0.3646749443931992, -0.6353089415666079, 0.019353587575519894]], [[0.161713435266238, -1.1920823471367046, -0.02738077415314069]], [[0.21224383057317914, -0.7620707158411272, -0.02843508741466394]], [[0.11392511236756872, -1.1543344785948817, 0.23853810195009487], [0.2037251293782399, -1.0145527132708922, -0.009205739541730736]], [[-0.09715800406514143, -0.9228890435700304, 0.034942464973127696]], [[0.020600669331824577, -1.053203505431956, -0.19169188738278148]], [], [[-0.1694699432064051, -0.892671871126498, -0.6054754805780992]], [[0.4522583135306907, -1.0835642930448004, 0.5348031971314195], [0.43908124334005605, -1.0066584271212906, 0.7419689614809613]], [], [[0.39420133357924336, -0.9679832803790798, 0.4363829377123188]], [[0.008383554151213647, -1.0386117610824561, 0.13674028346161127]]]}