{"bodyId": "h0", "timestamp": 1630675666924087368, "continuousState": [[[0.4598026873351182, -0.9431103309584918, 0.8069095968316775]], [[0.38256159421014374, -1.039002137865683, 0.8147276724831288]], [[0.49256777141109925, -0.8781248850909807, 0.5522631770665163], [0.31256504618215625, -0.7662264097506086, 0.6510418608810044]], [[0.42460404590528167, -1.2181002231909388, 0.5198615209576106], [0.20687951314307135, -1.1025435818986957, 0.6027203573328065]], [[0.3693248739935377, -0.6943929626312604, 0.3872780149726138]], [[0.24534260814158454, -1.2271642130863565, 0.3299245591130632], [0.07980867755529425, -1.170309333658461, 0.21405447214734521]], [[0.39208180578155294, -0.6523915217026761, 0.06274526933805918]], [[0.20291009871765062, -1.1950004763962225, 0.010402728884484987], [-0.24386188220866165, -1.1533682167129824, -0.5022450781912396]], [[0.1650982241291431, -0.8956812518496168, 0.13127908480956715], [0.3092694460804778, -0.8264470501697329, 0.10467819725039954]], [[0.15926459216329822, -1.0896426433884785, 0.13052425962706093], [0.29536262036100586, -1.0524238987126109, 0.09349021051799059]], [[0.06673675134144605, -0.873302095104528, -0.2545540526662999], [0.6158034565213748, -0.8431238156059597, -0.027029277929882026]], [[0.11692651845020327, -1.1022575262409395, -0.1991177608618375], [0.5909903815569394, -1.0491400807773967, -0.11703025010048441]], [], [[-0.08117122669402284, -0.8357840972693087, -0.7966555244607642]], [[0.4638691714724339, -1.0561867120844026, 0.528665539880595], [0.4352321877998643, -0.9889953181119455, 0.7455509892511241]], [], [[0.39696445994940965, -0.9562465929110996, 0.4535697679651122]], [[0.11300067175237213, -0.9814723692465033, -0.06201489651961947], [0.4555830384411903, -0.9477738571592853, 0.03323046629405428]]]}