{"bodyId": "h0", "timestamp": 1630675666924088172, "continuousState": [[[0.43357636532331867, -0.9669745865948417, 0.8522581782090908]], [[1.5662665259736275, -0.37320297344873077, -0.29464592217989594], [0.42156031491444423, -1.0442834678724884, 0.8767765424443139]], [[0.5156927981411777, -0.8538047914844438, 0.5428993658854119], [0.34366672151666056, -0.8228981559092217, 0.6866357432817718]], [[0.4333551533252618, -1.2205596349471828, 0.4942942405496067], [0.17442329757225025, -1.1024708229485625, 0.5919501041832222]], [[0.35715971667158625, -0.7002777176586111, 0.4001000866745551]], [[0.24306941671510213, -1.2458468370185065, 0.30740974257786663], [0.08388361584486734, -1.1645642869926724, 0.21981955393050795]], [[0.36438860987465094, -0.6389508262222846, 0.04689770677562683]], [[0.18148832190824407, -1.163358920907272, -0.07679617671729397]], [[0.14793889071856092, -0.859993326245667, 0.07950365524414792], [0.2416471464095141, -0.7981362624909176, 0.029908972018855364]], [[0.12925562819465802, -1.123712882677987, 0.1296694257361339], [0.2917353050948905, -1.0484665871575312, 0.0841775090164872]], [[0.6011977699807267, -0.8296685494370967, -0.03344158599522007]], [[0.5202483727531066, -1.0238247706981356, -0.0882455248560368]], [], [], [[0.45770815146933336, -1.0647614716770504, 0.534141960577526], [0.3906155748031224, -1.0003277863263167, 0.7251431326491238]], [], [[0.39525743499842403, -0.960418676302897, 0.4471971636120809]], [[0.36522669908769234, -0.9766907160575418, 0.04811391987045692]]]}