{"bodyId": "h0", "timestamp": 1630675666924088239, "continuousState": [[[0.4318781015057207, -0.9681235719963893, 0.8755535688631886]], [[0.43623481326098407, -1.0470768459164264, 0.8934553234317352]], [[0.5109367805800639, -0.8598987050820192, 0.5454937573322071], [0.28005260367441814, -0.7968021825992317, 0.6489490825476077]], [[0.4225775181904832, -1.227406850004268, 0.5127336500877174], [0.15780540582047206, -1.0953626354029868, 0.5802815509292089]], [[0.3541747245160825, -0.7008574249378821, 0.39561456283247687]], [[0.25151107465794037, -1.236636199715755, 0.30894002764635364], [0.07800202788133107, -1.1589874651198833, 0.20388242047762536]], [[0.3631771131597832, -0.6406061196844223, 0.046481150328120294]], [[0.18918940714553872, -1.1894834494605984, -0.0138014627792179]], [[0.15630816618814317, -0.8537232725875533, 0.07910995547733432], [0.3011508149980857, -0.8275535327704678, 0.08042293680112335]], [[0.1354521055181472, -1.1228443602916756, 0.13512647492173732], [0.27774662491994717, -1.0431335870577003, 0.06220269880058095]], [[0.0025882334103401947, -0.8197949836182307, -0.3022703546678538], [0.612577228800513, -0.8465082503733968, -0.01863550241864209]], [], [], [], [[0.45474856094801536, -1.066914019732165, 0.5389766988298307], [0.40069882294660236, -1.0028342002236752, 0.7330102396601689]], [], [[0.38837612135328287, -0.9641321374710751, 0.45417410646009715]], [[0.0690201694642437, -0.9713196719549531, -0.08357193987305823], [0.4451619268602301, -0.9448209187155485, 0.02178359819096943]]]}