{"bodyId": "h0", "timestamp": 1630675666924089780, "continuousState": [[[0.4708142275960713, -0.9772446527422303, 0.8318408153065053]], [[0.4375004695078169, -1.0744240256618567, 0.8584127124351919]], [[0.5449357464947564, -0.8351844980021753, 0.5268203433889825], [0.35378206690432534, -0.8321251001149337, 0.6947502826689426]], [[0.4322289308205229, -1.227666447987439, 0.49437645595315666], [0.19018820314831306, -1.1237806674055084, 0.6018567923317893]], [[0.47229131534918445, -0.6590650623014517, 0.6900014720321525], [0.3627937163128813, -0.7223380625778231, 0.40154528618042534]], [[0.24191665622936165, -1.2484297394706338, 0.3130131187074096], [0.09881040667013803, -1.1821996526978684, 0.24139432082977783]], [[0.44073295910260735, -0.531487961263779, 0.7903952938528092], [0.37771325389022037, -0.6512051032332481, 0.07161670254841511]], [[0.20457008483768077, -1.1623540542588553, -0.058853647285939586]], [[0.15953454793071392, -0.8594780123074629, 0.07729095240127822], [0.27405329966640624, -0.8046504802330875, 0.07228092001232085]], [[0.14119685913980373, -1.10043863570162, 0.10657128484858049], [0.26631330021971555, -1.031082074929225, 0.06291899115494107]], [[0.6037215870352065, -0.7972054483737877, -0.03671937935095047]], [[0.07236596595552715, -0.9510149908575809, -0.47006048938376105], [0.6160452018048359, -1.0252969250236885, -0.07386576859902858]], [], [], [[0.47489518896740335, -1.06311340211876, 0.5226807712166303], [0.4245917703104533, -1.018423108486995, 0.7467469052068725]], [], [[0.45226012308485364, -0.9433657551444454, 0.5921889639926545], [0.2764909597305972, -0.9230593649916657, 0.5017010392561073]], [[0.3724592230875051, -0.9488220420377038, 0.034925952748815006]]]}