{"bodyId": "h0", "timestamp": 1630675666924090316, "continuousState": [[[0.4790528999323526, -0.9635655172106345, 0.8125050634327808]], [[0.6606253365891619, -1.1572650843262249, 0.5657821267220531], [0.3779424286592161, -1.0578091012447768, 0.7988244862193898]], [[0.5163764256651773, -0.8756976514962268, 0.5477679669373846], [0.3305091964575017, -0.8072203307666288, 0.6607493036465302]], [[0.4311756394784119, -1.2360393381019634, 0.5095359023476127], [0.20119222085248317, -1.125029930536137, 0.6005840447438893]], [[0.3600582889050911, -0.7210302745594714, 0.3921936155052426]], [[0.2579994864328452, -1.2376509077477036, 0.30807856932480193], [0.09060877019662393, -1.1573969272456404, 0.19619462457752956]], [[0.34513763607215153, -0.6424879772570243, 0.010205775486129824]], [[0.2102371344047609, -1.1709932481857068, -0.04658352070044339]], [[0.16711721620355816, -0.8806045523580833, 0.12360944448575037]], [[0.14818710550556835, -1.1252265420664944, 0.15284484618878263], [0.24801484578035343, -1.0119746297579773, 0.03284404362461487]], [[0.6011681357037426, -0.7992308504868866, -0.04369276436395103]], [[0.07578943646665096, -0.9480599815891042, -0.4754339998778653], [0.6170532482915407, -1.0224464730513023, -0.0713051907980655]], [], [[-0.10206774709174306, -0.818717873810346, -0.7066959267085783]], [[0.47838963791381445, -1.0629768982379295, 0.5195056198874386], [0.43245888671738614, -1.0119097188054433, 0.7428635335441132]], [], [[0.3956169641917515, -0.9785348063307174, 0.45086475892642763]], [[0.3746776206046555, -0.9622286962766905, 0.0545760409124158]]]}