{"bodyId": "h0", "timestamp": 1630675666924091455, "continuousState": [[[0.47512130715661144, -0.9785697983751134, 0.8670763004745428]], [[0.6717631939563169, -1.1467068430726859, 0.5499261641770954], [0.4228531787316158, -1.0523901037821222, 0.866914625863342]], [[0.5353560901877361, -0.8452728369634624, 0.5359547643248579], [0.3884184726966266, -0.8317049317123126, 0.6962484914309147]], [[0.43668507847214183, -1.2237217227423205, 0.4981558947498751], [0.24493702125995015, -1.1111669981931853, 0.6226227827430102]], [[0.47148891143739907, -0.6346316858369889, 0.6946130529202857], [0.37586611486881955, -0.726852041259296, 0.36904566126622784]], [[0.2461707818909014, -1.2565867110835776, 0.31421179080384104], [0.09046213251243852, -1.1634536804528743, 0.21486435753254182]], [[0.41373363239132865, -0.544138340650339, 0.824796477821487], [0.36228756591780714, -0.6476503883465522, 0.016656558982030674]], [[0.19639845926635086, -1.1874232350114124, -0.030764714992634026]], [[0.1576243492656984, -0.8666172286305804, 0.09538576574585067], [0.3102665196494711, -0.8047577856187834, 0.06671950647809353]], [[0.13504794710978377, -1.1248268439716462, 0.14154674264235542], [0.24103473261343378, -1.0153962933380603, 0.02635862937318666]], [], [], [], [], [[0.47851800752436946, -1.0535693160455288, 0.5229603328491494], [0.47671558382005946, -1.01887395503291, 0.7666176704199207]], [], [[0.45408699495477045, -0.9291767042896547, 0.5963844738350804], [0.31040156806438485, -0.9190095197262407, 0.495834222004619]], []]}