{"bodyId": "h0", "timestamp": 1630675666924091790, "continuousState": [[[0.4757601621091967, -0.9504541805304445, 0.794754651061022]], [[0.4552224746505608, -1.054146856422667, 0.8446235640474317]], [[0.3859934773426596, -0.8256756581957357, 0.7005816748167017]], [[0.43092108603654294, -1.2259409679047504, 0.5052887597789739], [0.2358133181810765, -1.1055240438522944, 0.6190779433744219]], [[0.47077244105665855, -0.6357559129922047, 0.6947999133236337], [0.35807791833759345, -0.719483136720428, 0.37371034794546065]], [[0.254634363239829, -1.2422382134440546, 0.3098001148633177], [0.07970526157821314, -1.1610931255676076, 0.21932632733176682]], [[0.4188666537526729, -0.5349014053717428, 0.8178293989278304], [0.36270400094551586, -0.653231157647486, 0.03798122576687615]], [[0.20072646374576192, -1.1811266858717653, -0.030835828568607438]], [[0.2920558712023205, -0.8144409352477658, 0.09804535992418732]], [[0.13235176019209616, -1.1262448643137533, 0.15360610794924878], [0.2505545760064331, -1.0231700695862787, 0.05523219861373104]], [[0.5953885833688344, -0.8116323785295049, -0.03218817714733745]], [[0.4563674005555665, -0.9975616424310242, -0.1665978932924793]], [], [], [[0.4746861127699123, -1.0519936744699334, 0.523075004867754], [0.42365530340235796, -1.0003058243720224, 0.7384652701808354]], [], [[0.45084676354660075, -0.9308484404484776, 0.6000443365513037], [0.29694561825933496, -0.9125035902863612, 0.4963941456599413]], [[0.36387017178046527, -0.9689386214216291, 0.06070896540095566]]]}