{"bodyId": "h0", "timestamp": 1630675666924091991, "continuousState": [[[0.46422426429793767, -0.9444196139774604, 0.7861830239813378]], [[0.6519233197129857, -1.142268830925043, 0.5769544105606336], [0.45886286403283977, -1.048128299573918, 0.8444358660081954]], [[0.5398183009585982, -0.8279635398975406, 0.5364077792933667], [0.354487460845138, -0.8079183890174432, 0.6740906553530318]], [[0.43779081596544306, -1.2192336270042343, 0.49902660785452246], [0.22606785851995936, -1.10535004286891, 0.6168735821744479]], [[0.4728559242250671, -0.6316644438703827, 0.6933408496284023], [0.3169435584233884, -0.6915173454114081, 0.33703424742612126]], [[0.25010461662253347, -1.2430040807063794, 0.3093332695010911], [0.08084055595740415, -1.1644304438514437, 0.22540260743134105]], [[0.41834439883735725, -0.5283979566619612, 0.8230106794573921], [0.35058233123266425, -0.645736028940182, 0.017323501457695328]], [[0.1917249013541457, -1.1867226140470248, -0.017171471866659203]], [[0.16796894354833625, -0.8426055351534971, 0.06919609786212731], [0.2702770637007427, -0.8061041422165723, 0.07192066743087822]], [[0.1340441219212812, -1.1266723294336143, 0.14770817540522968], [0.22287454424628844, -1.0200351720667642, 0.022517582929994888]], [[0.6051828494822269, -0.8075221067365548, -0.027542377957867983]], [[0.6172741630062476, -1.0274800551413958, -0.06439420327043535]], [], [], [[0.48401484669925254, -1.0395964592075593, 0.5192347760189128], [0.41839943017530934, -0.9968028299340946, 0.7344393907234811]], [], [[0.4553233700952551, -0.9254490354373085, 0.5961837287414624], [0.2715057084716739, -0.8984336941401591, 0.4769539148002846]], [[0.36961348570175406, -0.9670972180850845, 0.06008289872368085]]]}