{"bodyId": "h0", "timestamp": 1630675666924092996, "continuousState": [[[0.44276212854217056, -0.9474596026668782, 0.7984032225632225]], [[0.3793655781820141, -1.0517540655936901, 0.8179133014111035]], [[0.5206625159900439, -0.8657746200932815, 0.5473528997806841], [0.3381547143634757, -0.8016199485945285, 0.6701008146260027]], [[0.4263167373832181, -1.2217757850132522, 0.5092554411402613], [0.183514422750339, -1.113752193687884, 0.5976851273752829]], [[0.33996911178068306, -0.6988811153860455, 0.35354256876885076]], [[0.2431947788623309, -1.2431388979357416, 0.3131767990095875], [0.09399493561376994, -1.177697059138533, 0.2287946509369333]], [[0.3887857607255187, -0.6556983846340776, 0.04169378082467347]], [[0.18606311355105687, -1.162740926804748, -0.07903885912664828]], [[0.14424950612921295, -0.8944863110315937, 0.13188040954384134], [0.21960123830064457, -0.786981116678962, 0.0030535501107440267]], [[0.13850554670018198, -1.1059668780518044, 0.11996403092251512], [0.3016763614010124, -1.0501324135404064, 0.09075504581409359]], [[0.5644925912609624, -0.7694468045297486, -0.09887199467007782]], [[0.6100374313245199, -1.0338467492396157, -0.09740969586676261]], [], [], [[0.47311431275668925, -1.0543784946756127, 0.5232812019779391], [0.428031705732968, -1.004481448513969, 0.7451287367378236]], [], [[0.3831429245819506, -0.9603284501996489, 0.4313990049545561]], [[0.3514990689805722, -0.9377068412907765, 0.010546018126218651]]]}