{"bodyId": "h0", "timestamp": 1630675666924093063, "continuousState": [[[0.45042956668476974, -0.9570609674412576, 0.8112329238682157]], [], [[0.5342182164781963, -0.8502438067438681, 0.540038229984445], [0.3568879137701324, -0.814106789663967, 0.6779655310459705]], [[0.4208918187400392, -1.2262513478074042, 0.5085377846402657], [0.1828112032690017, -1.1161904444253863, 0.5915320139280257]], [[0.34241625171636314, -0.7146625671632763, 0.3488592854794629]], [[0.24284412014904347, -1.2456311706770753, 0.31005850239432786], [0.09238510677744534, -1.1770454782134039, 0.21622126690648996]], [[0.38212009742275566, -0.6581767939604999, 0.03006865989375615]], [[0.18979979384246343, -1.1745110057560304, -0.06856772059546642]], [[0.13730519851802314, -0.9210877680691315, 0.15837735006592674], [0.24177344425948286, -0.7867112420328077, -0.007354311156212816]], [[0.1382644106290686, -1.1059872850592065, 0.12377299065175588], [0.3069756500726917, -1.0524499694723786, 0.08839691225110345]], [[0.6246424420007006, -0.8245607620967813, -0.019886719865487748]], [[0.6053685363277711, -1.0460507658777167, -0.10863619066857268]], [], [], [[0.47513578335392453, -1.0531202268375082, 0.5212933318856046], [0.41212805369652095, -1.0019664017063041, 0.7299750286928883]], [], [[0.3816540352282012, -0.9704569574853402, 0.42869853505986427]], [[0.3814534263148846, -0.965274023577994, 0.05194313539313407]]]}