{"bodyId": "h0", "timestamp": 1630675666924093264, "continuousState": [[[0.45301783554642133, -0.9597735841297937, 0.808999133639444]], [], [[0.5205214521694077, -0.8725802998265303, 0.5521585054627036], [0.3738288415247327, -0.8213523877986904, 0.6924742971632256]], [[0.41958608798054053, -1.2261196819638465, 0.5105084410262132], [0.18283787238685045, -1.1145081629397418, 0.5918363872281825]], [[0.5909513525840868, -0.5667013029029915, 0.6050955579533555], [0.32819623380315577, -0.7091379544580727, 0.36333813886848815]], [[0.2411215415777371, -1.2434059211351192, 0.3052055768018347], [0.08370530658478628, -1.1686265042623971, 0.2159476997911738]], [[0.3819625994954681, -0.6555194804090104, 0.04558157355833464]], [[0.1847284658752984, -1.1677079728286344, -0.08695068138867669]], [[0.13723520295644795, -0.8933190888733656, 0.11669013990193708], [0.2696285402912738, -0.7952694527493418, 0.032251810111349644]], [[0.12974951112144048, -1.1117060224009683, 0.12179450808209116], [0.3019524241067929, -1.0488199841229837, 0.0906641556725217]], [[0.640595737966677, -0.8103968045415737, -0.0359148392992247]], [[0.6064382316910085, -1.0392551232911988, -0.10207725400036725]], [], [], [[0.47360973547747937, -1.0537769637411938, 0.51999113966686], [0.4338285198162739, -1.0081324341124227, 0.7451455798072261]], [], [[0.5052687202823136, -0.896410492433419, 0.5578019994897843], [0.2555170530950031, -0.9118230586989072, 0.4775872630483353]], [[0.38517262454405876, -0.961051413471271, 0.04293983439143323]]]}