{"bodyId": "h0", "timestamp": 1630675666924093599, "continuousState": [[[0.45016606931269915, -0.9496989303133171, 0.808128889154171]], [[0.6558263185831767, -1.1435640441957748, 0.5664966811024417], [0.40057365161952363, -1.046173389133067, 0.82459016164114]], [[0.5117092178800567, -0.8757537777373425, 0.548996421940381], [0.3269863923676023, -0.8004687117406373, 0.6567898335043725]], [[0.4113287983480919, -1.2267675152230508, 0.518526790496805], [0.19488428038011216, -1.1045984835786447, 0.596394419314094]], [[0.3387666890252067, -0.7019656268641097, 0.3643185431964678]], [[0.22921369743227593, -1.2519729432911617, 0.306045645388745], [0.07882555757428622, -1.156515781226382, 0.2115292101231323]], [[0.3759607627155256, -0.6492267326304266, 0.05128541639181026]], [[0.18093156708829405, -1.1723741912604633, -0.07892687677115691]], [[0.15148769979589663, -0.8651227245873608, 0.09543713772020374], [0.28055483040631474, -0.7961204695963725, 0.07712696115641689]], [[0.13499049941609614, -1.1022664955755153, 0.12030130870030643], [0.2854992984675798, -1.0341925343598568, 0.08193914881203727]], [[0.5971451771285081, -0.8010942499083464, -0.03560961224196876]], [[0.5928173152465152, -1.0388238857988465, -0.10088638633587675]], [], [], [[0.4703201971847033, -1.0495513736735547, 0.5194744408354077], [0.4164060768202794, -0.9980558727492669, 0.7318261376565477]], [], [[0.3750477436866493, -0.9643665710435803, 0.44142266684663634]], [[0.36606783827230216, -0.9516803727419308, 0.042345848229168835]]]}