{"bodyId": "h0", "timestamp": 1630675666924093733, "continuousState": [[[0.45219484675181454, -0.9210314506674009, 0.7833815805481307]], [], [[0.5072561918270667, -0.877431100261221, 0.5453496123267891], [0.34963326622714136, -0.8132120068132465, 0.6628520227356818]], [[0.42363067239434266, -1.2174274187021756, 0.5038842302260576], [0.19608429265600966, -1.1085574167988128, 0.5940537812422046]], [[0.32030322995084043, -0.6948630580691523, 0.3353224221451594]], [[0.22926813127490697, -1.252178046973585, 0.30594582121037067], [0.08210297420150027, -1.164986233452954, 0.20889147411475686]], [[0.3910404818224197, -0.6590030272706823, 0.03976985837835809]], [[0.18344470669793714, -1.1651248398424696, -0.09132096370435397]], [[0.14154049641078456, -0.8891689636610988, 0.11655251124886627], [0.2459222699487789, -0.7853741512666944, 0.010561951644909869]], [[0.13326960838940086, -1.1067874970590814, 0.12037451694931656], [0.2805461143844129, -1.0417453031601882, 0.07037303527513745]], [[0.6337905646077356, -0.8115580700203257, -0.04381192433908313]], [[0.606528402092053, -1.0331964830208766, -0.09933180636925704]], [], [], [[0.47179055069940334, -1.0489744351365788, 0.5140911003634236], [0.39186796430892856, -0.9936590342886155, 0.711741057479094]], [], [[0.37196695117259154, -0.9561452383856639, 0.41960332618560847]], [[0.38353008649856823, -0.9591727835397035, 0.038281296305116716]]]}