{"bodyId": "h0", "timestamp": 1630675666924094001, "continuousState": [[[0.45213956632507485, -0.9126045073343583, 0.7785823916353541]], [[0.3780591903718589, -1.0187928763173555, 0.781903506745364]], [[0.5109950421697774, -0.8699983692047656, 0.5417039148979081], [0.35658821368439747, -0.8114861460635527, 0.6673867026886308]], [[0.42310001414139325, -1.2243387538628876, 0.5097175340945386], [0.21927280321002923, -1.1103602123819634, 0.6049052062778016]], [[0.32621359485342327, -0.6962777919167873, 0.3372851101851213]], [[0.23827307393923133, -1.25219315839714, 0.3137806389186037], [0.08642529260349602, -1.1674930612026406, 0.20282683503532145]], [[0.3874363684244722, -0.6561520578783301, 0.03512969631646206]], [[0.18260478967757485, -1.1710305666623673, -0.08106135117576992]], [[0.143182497768667, -0.8861366405996498, 0.11548086836230095], [0.32995387117062364, -0.814604935188778, 0.08538022141040914]], [[0.13563263421910063, -1.1056453967733595, 0.11454829888440918], [0.27759329116577897, -1.0351089997728564, 0.03446476716924872]], [[0.6478519995107852, -0.8115104472817387, -0.0372645180100526]], [[0.6178702782126334, -1.0282306939612744, -0.1523224919504846]], [], [], [[0.47684840132191203, -1.0452668270601901, 0.5088232857434573], [0.37575787546030026, -0.9844087067202506, 0.6998505561688897]], [], [[0.37465680449740824, -0.9603082728898374, 0.42350132213982994]], [[0.39174231686494293, -0.9585779220275491, 0.03864189043717829]]]}