{"bodyId": "h0", "timestamp": 1630675666924094336, "continuousState": [[[0.46114830686096187, -0.9220964403495944, 0.789708755845129]], [[0.398956908437332, -1.0188138276147418, 0.796060387726435]], [[0.510738154566049, -0.8731482475680545, 0.5435007144636819], [0.3780424605231435, -0.8328279462685536, 0.6814604773612208]], [[0.43477936197897865, -1.2164103793594836, 0.5056957431458987], [0.1986158141741596, -1.1070786909457728, 0.5943784980252124]], [[0.34832778315313023, -0.7150971998749749, 0.3674348377743252]], [[0.23268725375365937, -1.256418677570007, 0.3091686837668606], [0.08404998116635738, -1.1689891150809693, 0.21871474056905435]], [[0.36367425254573915, -0.6513243379544146, 0.027266807649933524]], [[0.18536016642334543, -1.171047846380394, -0.07287792073836363]], [[0.14541317962663783, -0.8987344358141456, 0.1285133268629836], [0.30974143966116546, -0.8074426961588805, 0.10133021201251222]], [[0.13905180012705165, -1.1117700220418743, 0.11656531174535825], [0.3060735454819373, -1.0374743690148016, 0.09585563815047794]], [[0.6095486835389036, -0.8059396928397944, -0.03612315210608676]], [[0.6197194868944153, -1.0319245337394936, -0.07664300820444782]], [], [], [[0.4831809704028165, -1.042286227161534, 0.509108565515054], [0.3652759015168856, -0.9897775867779635, 0.6941942921794518]], [], [[0.39155357256605444, -0.9657537896172292, 0.43656529046011194]], [[0.3743002418329776, -0.9588548574408343, 0.04022107981963574]]]}