{"bodyId": "h0", "timestamp": 1630675666924094738, "continuousState": [[[0.46316648935197896, -0.9127397395681218, 0.7889963928401937]], [[0.3982725313513508, -1.0297191564328523, 0.801312074738841]], [[0.516590950418095, -0.864706532674024, 0.5390814815918259], [0.3719212956624815, -0.8223260763840076, 0.6766732667768913]], [[0.44935565870730837, -1.1908592505292177, 0.47765491613182837], [0.20859022568311503, -1.113012944004937, 0.5984120993422184]], [[0.35822953394252, -0.7121567136261997, 0.3749902827707499]], [[0.22624443936665034, -1.2565426719199293, 0.2987640126996273], [0.0752570622420169, -1.1715899952540532, 0.19830939823910898]], [[0.3710268245421937, -0.6467173557604992, 0.02858662876329413]], [[0.1735344244828604, -1.1725191040669984, -0.09253731273590324]], [[0.1418007139717676, -0.8839679903788321, 0.1041863734529129], [0.267743759442106, -0.7839249363763465, 0.02218482101599261]], [[0.13196012911731203, -1.1039682793427166, 0.10557684385270932], [0.3162193492513541, -1.0443074480295116, 0.09456270354274784]], [[0.6476132465179691, -0.8057588979763745, -0.0390829025949522]], [[0.6254439835162213, -1.0413395659981333, -0.14007835384416967]], [], [], [[0.477048896105623, -1.0438909188351486, 0.5151016295271728], [0.3599784935850755, -0.9861355572918167, 0.6902498310762407]], [], [[0.40379259632491415, -0.9515079820777087, 0.42632259945128914]], [[0.3897866878176406, -0.9548635886595456, 0.03324697062887856]]]}