{"bodyId": "h0", "timestamp": 1630675666924094872, "continuousState": [[[0.4581524325045063, -0.9167851352689369, 0.7929900353063298]], [[0.40552170523318776, -1.0353281966990917, 0.8122001344857912]], [[0.507142416435588, -0.8699984489897973, 0.5421185014734546], [0.37225367841540263, -0.8243464131132474, 0.6774806787842174]], [[0.44124554287201484, -1.2007296678164157, 0.4877780067368134], [0.1828271899198694, -1.1140532679342094, 0.5870165935367802]], [[0.34423812245803037, -0.7041381930932955, 0.36340986777851414]], [[0.22484826506614014, -1.2610566587656875, 0.30299071497386465], [0.08042476467517735, -1.1790451501531054, 0.21314497657441392]], [[0.380394169513753, -0.651294710498459, 0.035316000004211444]], [[0.17941448745009705, -1.172285138382872, -0.08898971696273361]], [[0.2250086793067528, -0.7664916479590168, -0.019477742736980646]], [[0.1312384650294038, -1.1045724787652853, 0.10477309874836123], [0.28907648814655024, -1.040513977442272, 0.07113991943982091]], [[0.6471382484958228, -0.8117332237973945, -0.03310783274071514]], [[0.5993095804706804, -1.0433185171740342, -0.11835102184893162]], [], [], [[0.4743877259763537, -1.0449685684407586, 0.512874086981758], [0.35978809896524055, -0.9888768599493118, 0.6915845657293019]], [], [[0.3927418326650226, -0.9524339304548556, 0.42559393725766376]], [[0.3891883567626133, -0.95815285128134, 0.03583263300382304]]]}