{"bodyId": "h0", "timestamp": 1630675666924009112, "continuousState": [[[0.41839988659197797, -1.0575497791753752, 0.7960858835465544]], [[0.6082026388034604, -1.2501870237135277, 0.5618429184455876], [0.39099607138624015, -1.1694194378965646, 0.8137398376903965]], [[0.4699381039862208, -1.0021937763140025, 0.5165541122232467], [0.27448838417333515, -0.9071059568835648, 0.6355417740465857]], [[0.4654567623272766, -1.3234500496720738, 0.45094946425238347], [0.2014618688730709, -1.2341171271099294, 0.5848424494269145]], [[0.3870686970446999, -0.7734225617911437, 0.19387023446617627], [0.32813754244745996, -0.8124070005917932, 0.36889067518930324]], [[0.3080685885733064, -1.3701159119135842, 0.2390209543829253], [0.1258688504824704, -1.2964712640131668, 0.24268411088676908]], [[0.3699941387721515, -0.7480534691837367, 0.05712335581141224]], [[0.2261416692435446, -1.3658991361042767, 0.09930507174107765], [0.24879817382291047, -1.2675416993161415, 0.03620333919446466]], [[0.16445578103062877, -1.0029221712250393, 0.14017375180306682], [0.27113087287609916, -0.8858471997407715, 0.025217729048845512]], [[0.19047091773033822, -1.227630007822555, 0.11173425422665081], [0.33885758214481937, -1.1625564895753162, 0.11551298221510797]], [[0.5700731851127634, -0.8889951030078348, -0.08250867694996578]], [[0.0875844061745222, -0.9560438681254969, -0.4895738231682126], [0.5460793075101744, -1.1670212289901412, -0.05672412161186048]], [], [[-0.10582236805526736, -0.8336708274668627, -0.7078727567442715]], [[0.45554103056406087, -1.1761305249237397, 0.4972587662025354], [0.38998623208358707, -1.1045602017352625, 0.7131770181009411]], [], [[0.4262627296859883, -1.0484363057316086, 0.32240984935927985], [0.26479970566026545, -1.0232620638508614, 0.47686656230810887]], [[0.3802720514215508, -1.0583125554151949, 0.01461278863834252]]]}