{"bodyId": "h0", "timestamp": 1630675666924009179, "continuousState": [[[0.4182521075917846, -1.050751049776318, 0.7927195901685138]], [[0.6132405733479533, -1.2482868309969817, 0.5593680998969779], [0.2780547112113752, -1.140951143689328, 0.7480467948695427]], [[0.4724012758114987, -0.9985677982287261, 0.5163369659493083], [0.25334622428230547, -0.895099297699554, 0.6142620741384165]], [[0.46509510808082033, -1.3244953339408685, 0.45139188649599543], [0.2061340177102861, -1.2361546958091152, 0.5866308068563915]], [[0.3974460476062627, -0.7449708022533491, 0.17450277988572246], [0.29839938182284936, -0.7959612563785069, 0.33657814819811005]], [[0.2969833098016016, -1.3795164643671032, 0.2556482933695695], [0.12037988156389133, -1.2973816136837188, 0.23314445692562277]], [[0.3608927771791443, -0.7413811752949429, 0.04062336573490575]], [[0.2380226040675072, -1.3514964712455053, 0.05728917252170459], [0.21738829151031314, -1.2642366868001411, -0.006454525631189426]], [[0.1670503687224412, -0.9925777421156959, 0.13112822888144524], [0.26371920916495833, -0.8811017792929055, 0.001231181405436473]], [[0.18086232847890846, -1.2119412345087521, 0.08717364818634724], [0.33413567695756274, -1.1624600331512107, 0.07563862693138095]], [[-0.006120305620402519, -0.825989147429839, -0.24128321270446054], [0.5906692082155229, -0.8894686825529801, -0.11402257725513254]], [[0.08072555201513433, -0.9569739912612345, -0.47432578613450666], [0.5683163676004204, -1.1667922092696137, -0.1378169460949764]], [], [[-0.10752198447234275, -0.827386787037625, -0.7074736233379301]], [[0.4543532563631501, -1.1782398571727672, 0.5005041146959724], [0.38762234703997206, -1.1023243871358976, 0.7084593647023312]], [], [[0.4312705778435415, -1.0347330680971087, 0.31294733319085893], [0.25226669976656774, -1.016057976093811, 0.46160447752725076]], [[0.08737101142925296, -1.0189651909692956, -0.07705478225905665], [0.46240244258654284, -1.0259643578520954, -0.019191975161875797]]]}