{"bodyId": "h0", "timestamp": 1630675666924095609, "continuousState": [[[0.46315557734765184, -0.9091862907279935, 0.7979343385462709]], [[0.41901876525144305, -1.0253891100278183, 0.8148980582959081]], [[0.4973729659420066, -0.8851493386857128, 0.5373392609238854], [0.43665473972764923, -0.8619998468991547, 0.7183951233520914]], [[0.4402284823303165, -1.209019992721046, 0.4924475990631099], [0.21108454204246846, -1.1157631368463334, 0.6028584187996178]], [[0.33936159887792794, -0.7061245477291935, 0.35122407470355804]], [[0.2285474265233347, -1.2647955345240007, 0.30537610029204004], [0.08180175700568498, -1.1737458235460994, 0.20915715566388485]], [[0.3818304781367208, -0.6474596045438098, 0.03752391965912375]], [[0.1823537895822169, -1.1703658666323353, -0.08606276256140086]], [[0.14026313424747036, -0.8942212443231472, 0.11786241897255399], [0.25802367052652314, -0.7711638265946884, 0.009348235525418885]], [[0.13928036648793835, -1.1036083181520862, 0.10079411876044628], [0.32195329412836077, -1.0322503269011765, 0.07648062663782752]], [[0.6412975960295232, -0.7999186469663148, -0.04127501134733029]], [[0.6233982031134251, -1.019133913520515, -0.0853668779619279]], [], [], [[0.4614284168417559, -1.0661757854248635, 0.5261433145900832], [0.34519451362049247, -0.9888648513597066, 0.680808574768824]], [], [[0.3897950406041222, -0.9575722702251198, 0.421835836883334]], [[0.3902889812587308, -0.9517634825592005, 0.029759553706557994]]]}