{"bodyId": "h0", "timestamp": 1630675666924096413, "continuousState": [[[0.4437335983928001, -0.931504482548797, 0.7872320470123871]], [[0.6436937328423805, -1.1424048769589372, 0.5773936162971616], [0.3877667308892867, -1.0420109928784682, 0.8074263621586859]], [[0.500306583079365, -0.8818520936159395, 0.5345426463003536], [0.33237452702548287, -0.8040914531896857, 0.6639048824266481]], [[0.43250355831364123, -1.2170649530294704, 0.49339804569339196], [0.19961556074268583, -1.11894097664965, 0.608763112251017]], [[0.3533644269519441, -0.7212292552120607, 0.39091389455368836]], [[0.23227127705038078, -1.2630318255967892, 0.3033750238851278], [0.07935633290587293, -1.1774039358238193, 0.221416571796163]], [[0.37394112527866674, -0.6450855139671481, 0.04815024732968277]], [[0.1835229346352944, -1.1741311123891713, -0.0693107907416495]], [[0.14748649322564744, -0.8905734216762562, 0.11380769485456994], [0.24361094395414148, -0.7871755405246379, 0.03779801464822776]], [[0.1397516034998875, -1.1109239416502563, 0.11222942482503413], [0.2927668327841161, -1.0454754481600157, 0.09166132025347475]], [[0.6170081130788049, -0.8157675874261592, -0.02307148670078982]], [[0.5941898316919494, -1.0333325932615507, -0.10647150792488515]], [], [], [[0.47632451866770703, -1.0508286664413211, 0.5062810843194879], [0.44076280298607023, -1.0111174432480996, 0.7536835583315913]], [], [[0.39293399263279266, -0.9691471041207655, 0.44215597012354013]], [[0.37837985828934617, -0.9633457645382077, 0.04457896906212216]]]}