{"bodyId": "h0", "timestamp": 1630675666924096614, "continuousState": [[[0.45889847663758904, -0.9390013002224828, 0.7908411972140312]], [[0.6522133889474501, -1.1372009005916297, 0.5724430949048367], [0.353277402032498, -1.0340470588002482, 0.777876170131014]], [[0.506507951623582, -0.880204463034001, 0.5312580174503767], [0.342819182248114, -0.8107110670193239, 0.6737624337638021]], [[0.43439311490560734, -1.2181477364765951, 0.4977582562396376], [0.20317584206414108, -1.1168714382150426, 0.6095251444003443]], [[0.32303906500685436, -0.7005679448225333, 0.351996864473894]], [[0.229571758817054, -1.2654374902775072, 0.32008212844771217], [0.0869648907373105, -1.178382976651327, 0.23441616402583396]], [[0.3756433886448888, -0.6443066758304035, 0.041192243194346244]], [[0.1818310631171271, -1.168341426820673, -0.06526223603898802], [-0.3268993940702155, -1.139836927121985, -0.5535937379433638]], [[0.2766513370156615, -0.7961479405128413, 0.07393411705063727]], [[0.13291351886009545, -1.122366043643388, 0.1471702308363731], [0.3185576922422274, -1.050177531809774, 0.12156542715534806]], [[0.6019700307061728, -0.8084421289012544, -0.040011877248023436]], [[0.5817002173183985, -1.0465090886762654, -0.11604222087167568]], [], [], [[0.47677449407740785, -1.0523352932454972, 0.5108585892797672], [0.3960615643115873, -0.9964386246106912, 0.7254875405824689]], [], [[0.37871608995623085, -0.9593578406495642, 0.4248775603567658]], [[0.3674417747831341, -0.9654040862723212, 0.05357917679417483]]]}