{"bodyId": "h0", "timestamp": 1630675666924096815, "continuousState": [[[0.4409198271838911, -0.9278383322327561, 0.7751725311254039]], [[0.6406918039326024, -1.1489590074778167, 0.5859888733119051], [0.3969106672572159, -1.044493544704614, 0.8066563155353589]], [[0.5138190537301917, -0.8702724168362017, 0.5405194763627259], [0.34550556560792645, -0.8123598239668075, 0.6699749076047529]], [[0.4373744835586844, -1.2125934740926363, 0.48851113997256757], [0.1973749605027631, -1.1166056950385363, 0.6039068977550246]], [[0.33433579450221623, -0.7070278130489296, 0.3525819957218873]], [[0.2258452866087029, -1.2671047784115912, 0.3129002226571927], [0.0755077743820998, -1.173162505360681, 0.21244566300546286]], [[0.37588403239668744, -0.6415837539422121, 0.03322235084366048]], [[0.18171221114448322, -1.1695726367180572, -0.07800305912209046]], [[0.31385433878146046, -0.8125907206380325, 0.10813686799264269]], [[0.13380767658992146, -1.1124450447928425, 0.12234607723533099], [0.2226854890824136, -1.0226488611406401, 0.01566776102396125]], [[0.5667473300118326, -0.7722138516958891, -0.10397112045268136]], [[0.620682828274264, -1.0313269189606256, -0.09089551799558672]], [], [], [[0.4790222060715128, -1.0435856662272704, 0.5071941212508507], [0.42515678018420044, -1.0061311209210722, 0.7419279284504746]], [], [[0.3858551390304503, -0.9598106435707829, 0.42054656784722744]], [[0.35027750330087704, -0.9423294482443658, 0.009187478391324812]]]}