{"bodyId": "h0", "timestamp": 1630675666924097016, "continuousState": [[[0.4536557523494123, -0.9410746234774109, 0.7906008881723758]], [[0.6469718544203245, -1.1432229629665953, 0.5774438249571023], [0.378902513405322, -1.0426607774398544, 0.7973557604718154]], [[0.5239677360838262, -0.8635874988501258, 0.5400991061345202], [0.3583233933588956, -0.8208755106861113, 0.6862482676547536]], [[0.4477740824673581, -1.2065186004035717, 0.4812430240469118], [0.20128468678258377, -1.1159738102814933, 0.6121385204575247]], [[0.34060139372044795, -0.7097751863361795, 0.3636696738050618]], [[0.24903277574229496, -1.245202366231533, 0.3020250380953414], [0.09091470339896272, -1.1798059496132192, 0.23725742091232746]], [[0.38456401672248947, -0.6468687352231683, 0.03741002997135888]], [[0.18947788667547702, -1.1610324057512258, -0.09049704476481907]], [[0.2023480359995154, -0.7748839475048224, 0.04129703464323052], [0.31981105172810614, -0.8157244753704401, 0.1277526163044656]], [[0.13284444433847448, -1.1228936925004582, 0.14679258717923357], [0.31024236776273667, -1.0451910181539046, 0.1184902894077627]], [[0.5717686191798843, -0.7753532429213822, -0.0798698259352816]], [[0.6091613335161616, -1.0295476605152925, -0.08392530591649848]], [], [], [[0.481986936444948, -1.046486294990118, 0.5096916401566951], [0.4183688638688327, -1.0055204350657623, 0.7425739011284943]], [], [[0.39418773809390306, -0.9581468933698756, 0.4224563489259868]], [[0.35230653175917936, -0.9491234677109202, 0.03346138062197599]]]}