{"bodyId": "h0", "timestamp": 1630675666924097351, "continuousState": [[[0.4415924356863038, -0.9322237270064629, 0.7767078667149899]], [[0.6328644628858513, -1.1497599487745378, 0.5967985826941972], [0.37764048980829196, -1.0404482122901173, 0.7944994703481572]], [[0.3662492292187683, -0.8235751234480932, 0.68864311582868]], [[0.4753704476866415, -1.1817524543802442, 0.4509803305404764], [0.2033724467339889, -1.1193095499176111, 0.6087814009919944]], [[0.5602798285835109, -0.4077244886319602, 0.13981776220298003], [0.33809396551432563, -0.7053820140020127, 0.35957098708652346]], [[0.23682610986545155, -1.2552088576393032, 0.3030915340946417], [0.08454287005616379, -1.1781261026018885, 0.23101659514158882]], [[0.3762973295325196, -0.6407262320583568, 0.04271357821845254]], [[0.19807561657241804, -1.1798128342443432, -0.04076987767141077]], [[0.3015043695414397, -0.8081198787868548, 0.10358101093357755]], [[0.1331628026942023, -1.1243708075307624, 0.1460311068970259], [0.3001620902475131, -1.044683745688878, 0.10365007186900471]], [[0.6084212037480641, -0.8093904305643814, -0.03536753857942426]], [[0.6151669997391839, -1.0459321437654587, -0.07853211440991026]], [], [], [[0.482779047884416, -1.0410721879493552, 0.5136147364942182], [0.4062948072981717, -1.0032017093315944, 0.7323047458069666]], [], [[0.5178251381350762, -0.7947384715061022, 0.2953990463717282], [0.2707332061241573, -0.912345781959812, 0.48417619403925893]], [[0.3707920032211332, -0.9668806190475718, 0.055331784158800815]]]}