{"bodyId": "h0", "timestamp": 1630675666924097686, "continuousState": [[[0.4525141031510584, -0.9337667167206277, 0.7902572607675132]], [[0.6423304504545565, -1.141678937163263, 0.5797113886122557], [0.4130236756732552, -1.051177114338792, 0.8223432138321123]], [[0.5313696243902336, -0.8410135268546307, 0.5390182870770496], [0.347283089047703, -0.8086425417572005, 0.6733618942968637]], [[0.4555124074111466, -1.2074292998782286, 0.4798499557416674], [0.20710268711759067, -1.116432832233452, 0.6111290155759452]], [[0.5309668737041521, -0.41997818029557993, 0.14276544491976484], [0.3429977603995896, -0.7119337416803821, 0.36015257389078303]], [[0.23865379465881353, -1.2565694947025736, 0.29667451051261967], [0.08878938999941602, -1.1689596633316481, 0.22575782872159947]], [[0.3974633872314882, -0.6560061261106507, 0.05509504128111075]], [[0.1944807688279871, -1.1620051526398338, -0.08954916159777644]], [[0.31379833796101386, -0.8129313629464188, 0.1081403254753136]], [[0.13414296694954805, -1.1259040414234012, 0.14165477307012475], [0.27520092343660374, -1.0323048271019466, 0.07258250396639983]], [[0.6080931438983324, -0.8120651391416589, -0.03220060816214982]], [[0.5988380195572838, -1.0356569127679875, -0.09321812275839898]], [], [], [[0.487259900710169, -1.040895519508295, 0.5149966586188245], [0.4363902750229947, -1.008421241254134, 0.7500006790532995]], [], [[0.49323964055764935, -0.8137037400869043, 0.3113077003307161], [0.2750502237585901, -0.9141832869569171, 0.48564079473336413]], [[0.3711180554239402, -0.96898459028253, 0.05472708245398747]]]}