{"bodyId": "h0", "timestamp": 1630675666924098289, "continuousState": [[[0.466590097492852, -0.9308802095950982, 0.7924323512028643]], [[0.6488027465819524, -1.1356468085776854, 0.5780692166570038], [0.42571695893237826, -1.0476665628452, 0.8214974562376219]], [[0.3250159491481004, -0.7998714557067178, 0.6545196145028417]], [[0.4417661147590239, -1.227258324322211, 0.5041101853539609], [0.21137391582435497, -1.11533156811191, 0.6107815951325211]], [[0.5789148350593298, -0.3171614791334441, 0.06066124141250998], [0.34829739461712417, -0.7114779188460401, 0.35999404053813283]], [[0.24438869022176998, -1.2553181878307642, 0.29550756366221026], [0.09355427243240319, -1.1736725102066539, 0.22032148951430985]], [[0.376592180835343, -0.6550005413496766, 0.027968645048310464]], [[0.20359216734175783, -1.1820468507411246, -0.05089609577383863]], [[0.21935820293941485, -0.6913044312907978, -0.02346146712213249], [0.270799622799226, -0.7915379430881796, 0.031496634081041974]], [[0.13954564435140718, -1.1112132521613103, 0.11720705137323034], [0.30452220624011966, -1.0497956319267852, 0.09372894907153477]], [[0.6180914985809987, -0.8179311897073765, -0.02654237027775662]], [[0.6057762593534051, -1.0464849654641757, -0.0977561389449188]], [], [], [[0.4863616479528262, -1.0426596869673326, 0.5173097819396941], [0.4140708411855162, -1.0018271021224572, 0.7340708114852742]], [], [[0.5103404749091769, -0.7722099017278276, 0.2823857133832354], [0.27983565522073955, -0.913404743478975, 0.4853878178353269]], [[0.3788185714662029, -0.9645722209343435, 0.04533234054773686]]]}