{"bodyId": "h0", "timestamp": 1630675666924099093, "continuousState": [[[0.44653502517011157, -0.9254957094413457, 0.8094637333197968]], [[0.3850774296557895, -1.0413812583267053, 0.8159376058830189]], [[0.33964428788845547, -0.8027846379579775, 0.6679502432704628]], [[0.2117269586356572, -1.1224806803262715, 0.6088881955167462]], [[0.36444047274078023, -0.7181332769429407, 0.3805730535361481]], [[0.08963876249883515, -1.1743067133896579, 0.21373854477154736]], [[0.35656327944204735, -0.6371288705863646, -0.02147131525722125]], [], [[0.28329768264959987, -0.7883931161915638, 0.03903689653388483]], [[0.29268400821800084, -1.040652075003254, 0.07303844781813268]], [[0.6284694683025264, -0.761644695591923, -0.06467779473288623]], [[0.6020262498576567, -1.0324916785823193, -0.12294931513451457]], [], [], [[0.3911580887484392, -0.9949004163814373, 0.7173293957626458]], [], [[0.2880837156882187, -0.9203069786346061, 0.49473062452644717]], [[0.4605767382602636, -0.9011483852975886, 0.004180326542623222]]]}