{"bodyId": "h0", "timestamp": 1630675666924099227, "continuousState": [[[0.45716760167841675, -0.9379786037780377, 0.8146157422384406]], [[0.6444707154608952, -1.140948843346874, 0.5827359189663779], [0.37637456649996603, -1.0375268756384362, 0.8065662320212159]], [[0.5234473531687251, -0.8334092473674214, 0.51289845991304], [0.34333567989340574, -0.8100532575892845, 0.6683053593064565]], [[0.4478410050919436, -1.2165620264349823, 0.49201918358958696], [0.2235511018475513, -1.1170214256256508, 0.6128361707165916]], [[0.3872633075472466, -0.752767917181131, 0.3273643338978889], [0.3454498811503768, -0.7200170383421832, 0.36522120968852867]], [[0.23803064022930887, -1.2576478912470233, 0.2956241741207646], [0.10367183856047973, -1.160374744732469, 0.22804275716987535]], [[0.3699438881490214, -0.6592804349457995, 0.015958502802491694]], [[0.20848325835717982, -1.167478688958519, -0.06647474858494593]], [[0.15022680388940138, -0.8716883516473374, 0.0997492879340116], [0.2662870645114265, -0.7882778255763191, 0.06258321369154488]], [[0.14862980967333397, -1.1313907277918573, 0.14651429154026915], [0.3054780278963426, -1.0393078265979359, 0.10281938111734848]], [[0.5977517788796868, -0.784708008740692, -0.04294124042722456]], [[0.6056355289930875, -1.0357642266279978, -0.08720827611474101]], [], [], [[0.4802446014208432, -1.044224244487516, 0.5061713077144343], [0.39754729742894096, -0.9957954956041801, 0.7187807463848558]], [], [[0.4175521563195951, -0.9846649718080567, 0.4096917587437379], [0.28450049149896406, -0.918519231983917, 0.4890286902025601]], [[0.37319079427651036, -0.9580493682662747, 0.0517865255565223]]]}