{"bodyId": "h0", "timestamp": 1630675666924099428, "continuousState": [[[0.45639206881667654, -0.9402370444072718, 0.8053084378508084]], [[0.43489880182863155, -1.0520205294119036, 0.8383606484252831]], [[0.5265474843547053, -0.8559312527912787, 0.5319653116351076], [0.3475424131092939, -0.8199576140979657, 0.6740337628401257]], [[0.44477191375653985, -1.2175715670008953, 0.48167678651939877], [0.2181631613238219, -1.1196824051091312, 0.6159477611526666]], [[0.36052522578170854, -0.7209813923101297, 0.3768274731857016]], [[0.23241807313432442, -1.2587634754118135, 0.3022304991618944], [0.08777322727867909, -1.155861110456914, 0.19030105322936378]], [[0.3835257057018973, -0.6595902572320793, 0.03618453764474225]], [[0.18661430268425305, -1.1660370972108316, -0.08479146975339018]], [[0.1668239137218099, -0.8443393915802305, 0.07006556531699902], [0.2446138749092854, -0.7876816860952256, 0.03640600881849423]], [[0.14956471131051968, -1.1241201102264238, 0.143785455650328], [0.26579032190113755, -1.0313717883268452, 0.053683162676852365]], [[0.04222717377310704, -0.6666064075857905, -0.5365166677553018], [0.6058034586239651, -0.7840205210406765, -0.033459555238628126]], [[0.6199160188675271, -1.020834238555496, -0.07630480902760678]], [], [], [[0.47250222746757464, -1.061167495523919, 0.5185821169442213], [0.39727006290440225, -1.0016423938695158, 0.7228853744525227]], [], [[0.4026485697691242, -0.9692764796555124, 0.4292521298525502]], [[0.09589594254181336, -0.8953632589061071, -0.19636560605248693], [0.4357968902625513, -0.9076961546837609, 0.01011180371911212]]]}