{"bodyId": "h0", "timestamp": 1630675666924010184, "continuousState": [[[0.4356575240482061, -1.0593104296519942, 0.80308296492961]], [[0.6099273395474675, -1.252537265355163, 0.5613352489421155], [0.4014561493185738, -1.1679464326153695, 0.8153565355173632]], [[0.46994327137492786, -1.0009747770688917, 0.5212986982070865], [0.2930677444843761, -0.9124008812788658, 0.6434105592721683]], [[0.46417459551726237, -1.3269230987614091, 0.45722876682725555], [0.20902671792981778, -1.2367043461000984, 0.5844408658742598]], [[0.391957610087618, -0.7618570156707537, 0.1935343712206022], [0.3215078384398057, -0.8064955017726558, 0.35726665919924927]], [[0.31717810714355615, -1.3685481659498981, 0.24924978483619817], [0.14222085572957302, -1.297597115064283, 0.24769052982900644]], [[0.37056537760908215, -0.7465167792897975, 0.05177280288874681]], [[0.24207630415973408, -1.3520991458934555, 0.056604977774532474], [0.21006780606297024, -1.2581413748282357, -0.015511252872808882]], [[0.17405333314297525, -1.0331135812416024, 0.1805340210298557], [0.28337140998598104, -0.8906933014116553, 0.026555395119329205]], [[0.19702611660551497, -1.2316741476110358, 0.12085645490071965], [0.29200477390770263, -1.1529513132885958, 0.036528619228914296]], [[0.11381790263083644, -0.5338176341104327, -0.7217815252442181], [0.6094293308616402, -0.901081389149675, -0.07482411695551537]], [[0.0927080654616019, -0.9576697052396352, -0.47312871077752106], [0.5557721867371616, -1.1658021059957988, -0.09357257833303151]], [], [[-0.1037228252248192, -0.8285304582172622, -0.7231761795608368]], [[0.46355123166648776, -1.1679461449339914, 0.49260104267182125], [0.37682857784647195, -1.1013993615517752, 0.6995461559580031]], [], [[0.4280661028024402, -1.0443900572160814, 0.3253815690239289], [0.2652672781848117, -1.021599923936377, 0.47085376253675454]], [[0.1554220096181757, -0.8827458908607342, -0.30046253517174926], [0.4507170523846714, -1.0270163512191353, -0.019147748863300538]]]}