{"bodyId": "h0", "timestamp": 1630675666924099830, "continuousState": [[[0.4363743641431545, -0.9439779441869357, 0.7958290421690503]], [[0.41682157930298946, -1.0606678934825837, 0.8368892970664107]], [[0.3297101765322745, -0.8085331037990638, 0.6631545292449896]], [[0.21299014988570683, -1.124329435484871, 0.6118162262796086]], [[0.3417859606477855, -0.7094616240278167, 0.3622090472612588]], [[0.08360142962923556, -1.1727458423932258, 0.2136103059015827]], [[0.35223634157465994, -0.6491059520290378, 0.0063089237996073275]], [], [[0.2799076827098684, -0.7880777742502202, 0.04017765676762474]], [[0.19918025825073526, -1.0129126920422356, -0.019446378683701825]], [[0.5712162920947651, -0.7736333544425621, -0.08373821175516355]], [[0.6181513677542334, -1.0258732636869268, -0.07997444864781096]], [], [], [[0.42027551663399526, -1.009255592767978, 0.7377276304209772]], [], [[0.27738805526674615, -0.9168955297563438, 0.4870126367704337]], [[0.3851982751727502, -0.8932730232423989, -0.05159229521943269]]]}