{"bodyId": "h0", "timestamp": 1630675666924100098, "continuousState": [[[0.43927786035790656, -0.9347969152832994, 0.7890173852383429]], [[0.4254763561724367, -1.0496659222755726, 0.8312546692396845]], [[0.3169472144023459, -0.8025960741067314, 0.6495748652961933]], [[0.21773459689649302, -1.1225731927493168, 0.6142753582060263]], [[0.3481061089174198, -0.7149529593872438, 0.36282390946243914]], [[0.08729915373160452, -1.175036582057398, 0.22316795397523514]], [[0.35692719705125275, -0.6517027471633846, 0.004677224127492082]], [], [[0.27943827171510727, -0.7880404343415703, 0.03750558525330757]], [[0.25833713273605097, -1.0270091303319961, 0.03788149750571415]], [[0.561174240439552, -0.7690731279674238, -0.09945336039211679]], [[0.6142490680304539, -1.019841843181556, -0.08687416032137275]], [], [], [[0.3777915023595774, -0.9954620964865087, 0.7081429839178587]], [], [[0.2829203529069564, -0.9187630760682803, 0.4885496338342327]], [[0.4097556865878015, -0.8980411291497099, -0.03078593144320132]]]}