{"bodyId": "h0", "timestamp": 1630675666924100701, "continuousState": [[[0.46561531017715196, -0.9341167099704432, 0.801243206000723]], [[0.6572578242425743, -1.1281701646322293, 0.5679337546310201], [0.3729460502561999, -1.035196269499515, 0.798312022631562]], [[0.5100861403738023, -0.8527585082392816, 0.5350473805819865], [0.3157180538046025, -0.7922423444234488, 0.661448930429704]], [[0.4472735255410427, -1.228845275726223, 0.4943928478902693], [0.2085821054037342, -1.1109833575072459, 0.6070396682709266]], [[0.31545854230196596, -0.6947526565057895, 0.3382931433938263]], [[0.24980080638929, -1.2734844607938072, 0.3213392664077885], [0.0956161291690712, -1.1831495938439376, 0.22889494787316902]], [[0.34660506109587075, -0.653103108352701, -0.005310813769717924]], [[0.18548284981654353, -1.2552830558531392, 0.10567717343020058], [-0.23357561097034954, -1.1586842065343086, -0.4640123599163537]], [[0.2726768364554023, -0.8028697857104554, 0.07276830316556515]], [[0.15089450395355714, -1.1436803827055668, 0.15712272421319357], [0.2874633395868684, -1.0446530458622831, 0.08059021644859013]], [[0.6020887108492183, -0.7950443604249594, -0.03910899120520571]], [[0.6017362667335935, -1.0294100366522194, -0.09733032463214158]], [], [], [[0.486196006611577, -1.0403492517224548, 0.5015269777003148], [0.3874802477738365, -0.9884833766390356, 0.7200688174556168]], [], [[0.38136603392150437, -0.9617989661160062, 0.4163429956420478]], [[0.37649160740138776, -0.9693623715652631, 0.05900686650399393]]]}