{"bodyId": "h0", "timestamp": 1630675666924101170, "continuousState": [[[0.4667181992119754, -0.9336647866388108, 0.799915499816919]], [[0.6611042119718177, -1.1299651380417508, 0.5703279806759545], [0.36779983455711046, -1.0315212079538523, 0.7941797272899715]], [[0.5240921990279089, -0.842217717898378, 0.5327217541194041], [0.35056180776215184, -0.8046209667150293, 0.6732373923051782]], [[0.4466443734998791, -1.2257089676801074, 0.4973571757525922], [0.20446125874017956, -1.1119605382107187, 0.5990101023390241]], [[0.3150655207764303, -0.6900288219074024, 0.3282577747061762]], [[0.25450198509636224, -1.2584889459402908, 0.3085653132873801], [0.11537724784929605, -1.1723109649749683, 0.23520820768207387]], [[0.3536237659248127, -0.6494016138574285, -0.02016087023724117]], [[0.21508186062125662, -1.1807655272919906, -0.047397917980795]], [[0.1757278540374386, -0.8057184414278084, 0.037869243247401076], [0.2796676765412749, -0.8005957506782039, 0.07408376218324202]], [[0.14886764332571636, -1.135292791889897, 0.1533973424419073], [0.25054322861021344, -1.0318683821925774, 0.03707859139694392]], [[0.5897496225498685, -0.7781467069894868, -0.05266900001032809]], [[0.6272007078419549, -1.015070208046898, -0.06645620427405334]], [], [], [[0.49157972838951486, -1.034393629744717, 0.5005272496741173], [0.39496503292806256, -0.9898166757099327, 0.7167392537443161]], [], [[0.3808549471381547, -0.9578688947937549, 0.4128074752293842]], [[0.3693086329377924, -0.956719749439692, 0.05036417121578961]]]}