{"bodyId": "h0", "timestamp": 1630675666924101304, "continuousState": [[[0.4430238613519455, -0.9307078759542883, 0.7899470873308284]], [[0.6541489079754221, -1.1368059095826406, 0.5724939149669988], [0.37651797680998195, -1.0357080825432337, 0.8001810994782695]], [[0.5206310214105949, -0.844749002517693, 0.5343833216409748], [0.3451921963275088, -0.8118277221912518, 0.6852604744702461]], [[0.44683357349550756, -1.2282325902359976, 0.4918898658000011], [0.21140701476156165, -1.1150691417139724, 0.6058667357683896]], [[0.31861887552160534, -0.693828997358583, 0.33441383929051105]], [[0.252422616852863, -1.266660056230021, 0.3087359831792855], [0.10285309129626603, -1.1770299643408408, 0.23395142013898476]], [[0.3907641747558446, -0.6641521897140039, 0.024313302677627234]], [[0.20554349374491432, -1.1966132392028261, -0.019478268477516623]], [[0.265449142648376, -0.7978821680971547, 0.06172750728016331]], [[0.14949045884836448, -1.1380628233198997, 0.1559456116095812], [0.29165792030196647, -1.0454966289318237, 0.08159155737435207]], [[0.5934994288081209, -0.758670664978397, -0.04372134920960548]], [[0.62144966983115, -1.0285117557625456, -0.07489813374088886]], [], [], [[0.4907061362650326, -1.034845712144645, 0.49709216682192936], [0.3907574412709887, -0.9921177002900433, 0.7184049832969035]], [], [[0.3827262245085564, -0.9610307937972904, 0.4131518525452561]], [[0.37149494382824266, -0.9483667441491483, 0.05611213119998786]]]}