{"bodyId": "h0", "timestamp": 1630675666924101371, "continuousState": [[[0.44276549718006664, -0.9288852956026097, 0.7972131747623104]], [[0.6572920992950322, -1.1353273105214767, 0.5686543569725042], [0.3986770859871135, -1.0445834282371909, 0.8158579436594332]], [[0.5184358521962859, -0.8520281988722322, 0.5363784105166637], [0.34448949792244205, -0.810865907865167, 0.6781494906797716]], [[0.44702256167883825, -1.230798448275767, 0.4916772187156554], [0.20221975603905276, -1.119089128564485, 0.6004582962703989]], [[0.39133313413658444, -0.7015169312975351, 0.2978176851587675], [0.317272192594515, -0.6919436401225041, 0.3365256907278124]], [[0.25475092259096455, -1.2653658461563206, 0.31090978956758525], [0.08950164456090465, -1.1784988193575758, 0.2245629001143559]], [[0.36797783021894837, -0.6617350418699225, 0.021276763239563706]], [[0.2082848114544654, -1.221330772343117, 0.03758960411131852]], [[0.15717567272308344, -0.8607082735118468, 0.08570404973099835], [0.2807032286925546, -0.7999984230071523, 0.07287194694528125]], [[0.15050007292334464, -1.1400595628026253, 0.1486487136342166], [0.291763725205067, -1.045598829425692, 0.08143488140607201]], [[0.5751999428800191, -0.7761124104583821, -0.08279479892751737]], [[0.6134369031792419, -1.0378861551102723, -0.08453702813350106]], [], [], [[0.4906692365702602, -1.0386089544871648, 0.49730304213647364], [0.3911183472125999, -0.995341069023715, 0.7189335090949284]], [], [[0.41917784790771134, -0.9661576897866511, 0.39474745193721145], [0.25974597431678387, -0.9055163843434946, 0.46849199349910564]], [[0.36285000790168187, -0.9580859866305037, 0.03292695735334962]]]}