{"bodyId": "h0", "timestamp": 1630675666924101773, "continuousState": [[[0.44317560254688126, -0.9186090034046599, 0.7741289007548705]], [[0.40667334963648455, -1.0219387575545293, 0.8134143076208923]], [[0.5118017402698701, -0.8606067884753122, 0.5310153624323146], [0.3507083142865254, -0.8120098364412677, 0.658427760077251]], [[0.43433514853896193, -1.2434874383493597, 0.501312580734889], [0.22647392407315486, -1.116370891787969, 0.61577421999882]], [[0.3901264519380438, -0.7035054311971042, 0.28792490123075937], [0.32066260134862523, -0.6962383535528003, 0.32965815816366195]], [[0.2524543258677889, -1.2690167363972105, 0.3032845193625924], [0.09385833400045317, -1.176416434637639, 0.22922818352163973]], [[0.3576206935624561, -0.653377406599548, 0.01001482890993202]], [[0.21152112604782455, -1.1861957651909865, -0.04236757362366643]], [[0.14645107261687218, -0.8792950961236641, 0.10194183924973595], [0.3293874566770271, -0.8149637385371887, 0.0843948821373665]], [[0.14588582315751547, -1.1396272660833118, 0.14493857357994808], [0.3324224597645366, -1.0564851783101725, 0.11231101946954164]], [[0.04413773525936273, -0.6108901194339332, -0.6159507236997497], [0.6127356860959071, -0.80405689531302, -0.036560257222407924]], [[0.6080260195200683, -1.0353792407508322, -0.09348915869104144]], [], [], [[0.47870896657937434, -1.0549851014983738, 0.5049985780717818], [0.36966459459794304, -0.9869569280041938, 0.6956836283018976]], [], [[0.4122308002385029, -0.973496434773232, 0.39461874098282423], [0.2735682627108901, -0.9063046226703847, 0.47271618908124097]], [[0.0950117792084391, -0.8752586927586226, -0.2355060750599008], [0.47257907293022183, -0.9302710368115963, 0.03787538112356686]]]}