{"bodyId": "h0", "timestamp": 1630675666924101840, "continuousState": [[[0.4433756728910139, -0.9282932589952833, 0.7752053074541565]], [[0.38912643235009525, -1.0197408149872076, 0.8035939640126991]], [[0.5203941621570787, -0.8473052258982982, 0.5299693979077958], [0.3426971922001528, -0.8028663224383853, 0.649231387352753]], [[0.44794239559224713, -1.2330566904122975, 0.49076333570732744], [0.22580712830095082, -1.11773749185277, 0.6130734092221183]], [[0.4072970647497936, -0.6609233837592094, 0.23267043797402379], [0.3171776191012584, -0.6932520229090116, 0.3232502992989373]], [[0.2521305933463964, -1.2715707577668427, 0.30542407789925097], [0.09525958747343861, -1.1755188824447018, 0.23745662422510305]], [[0.3616077256797016, -0.6554449313160469, 0.007753332194650056]], [[0.2145742717436824, -1.182889599312838, -0.051691681084827454]], [[0.15289274159216337, -0.8710028196045264, 0.09248542302548321], [0.2999730559291579, -0.803621098201708, 0.05228023294542299]], [[0.1501136211594481, -1.1406951900630142, 0.1427367393326963], [0.3208623496232201, -1.0558049448074214, 0.10105089231586066]], [[0.60221334145653, -0.7990225022610772, -0.043353602197792045]], [[0.6078346365671782, -1.039431343709557, -0.08749192956901106]], [], [], [[0.4826041997099732, -1.0478468891722583, 0.5038956465784876], [0.38038236198692427, -0.9869080589764676, 0.6983238466978563]], [], [[0.4276197301710204, -0.9469900370857535, 0.3617168868406756], [0.27149237370110463, -0.9054947573808908, 0.4681618542605278]], [[0.37616348130798904, -0.9698588461620457, 0.04969156856745212]]]}