{"bodyId": "h0", "timestamp": 1630675666924101974, "continuousState": [[[0.446925661614212, -0.9318797419154682, 0.7814087226999383]], [[0.4075275915789971, -1.0216153235334218, 0.818947397888745]], [[0.5156671030150205, -0.8575016934240539, 0.5339159952785091], [0.3763429172886363, -0.8281533531341456, 0.6780209385618771]], [[0.44231211364555084, -1.2380972016340368, 0.4935267698531259], [0.22048500268669183, -1.1141590096619962, 0.6124313599467109]], [[0.3139201337968018, -0.6941939756692587, 0.3239674809638284]], [[0.25353576779964393, -1.27042591530328, 0.3016870219665743], [0.09935985525113643, -1.1777246582885375, 0.2497969801000304]], [[0.3635879774414998, -0.6572891363866035, 0.024535241695260994]], [[0.22979813068589613, -1.1810288835445921, -0.03774210938190958]], [[0.15491708019272063, -0.8568550722664309, 0.08026292060669629], [0.24884995024615797, -0.7853085943925985, -0.0013993611896153198]], [[0.14975105773702227, -1.1367817358597263, 0.13842981199562018], [0.3207165591152193, -1.0552148513509456, 0.10135722643912186]], [[0.6100342936960399, -0.8116511759059071, -0.03789765300222803]], [[0.6021172205223495, -1.0363374671348904, -0.10085670295462819]], [], [], [[0.48392233540010493, -1.0481104105485666, 0.5005273080145289], [0.36767069235534905, -0.9872801884739065, 0.6948999710896349]], [], [[0.3781161237211763, -0.9661455886516477, 0.40874712540847713]], [[0.37989267571653107, -0.9742164558828167, 0.05026607949669608]]]}