{"bodyId": "h0", "timestamp": 1630675666924102242, "continuousState": [[[0.46323633012022836, -0.9496097217338944, 0.7847672578049221]], [[0.371196768520844, -1.0485013033785173, 0.7748997359195927]], [[0.5148211244775323, -0.8640931205464804, 0.5344900313007713], [0.3397660389463122, -0.7994922995002257, 0.6717398574994057]], [[0.4502375988609767, -1.2195140485365723, 0.482271413187932], [0.23115401935662816, -1.116634084556439, 0.6113427550655124]], [[0.39468249642292863, -0.7011537358028882, 0.29338333650123627], [0.3152426570898681, -0.6880362037559523, 0.33663959856100883]], [[0.2542653294021956, -1.2585387658961427, 0.30707621728189566], [0.11021631546171057, -1.1662828640724126, 0.23485196944662606]], [[0.3694578228220421, -0.6586278347590809, 0.02164024415111362]], [[0.2276645442339346, -1.1849610611567036, -0.019044131191579026]], [[0.17215409157950343, -0.8202373361241982, 0.046317931357604494], [0.3311255560291886, -0.8214856014583132, 0.13502237459914274]], [[0.1485190039758715, -1.1339459650164971, 0.15405793200635798], [0.3046924349007536, -1.0391765621957885, 0.10385634540893535]], [[0.05090998249004224, -0.5963691837051319, -0.6423566543652858], [0.593323062564652, -0.7961705085182876, -0.037910353396994195]], [[0.6142040975260036, -1.034334905957461, -0.06346679311017214]], [], [], [[0.4903446819924844, -1.038048721003518, 0.49351271619677345], [0.44171101904901183, -1.0065018690070726, 0.7484679297893428]], [], [[0.42246004764195266, -0.9603338921697302, 0.3878273748445841], [0.2731983382232481, -0.9023351441561958, 0.47399117681326064]], [[0.09971449323295688, -0.8651575743608145, -0.2441493611794639], [0.44900774873270277, -0.917673535357038, 0.032972996005970576]]]}