{"bodyId": "h0", "timestamp": 1630675666924010452, "continuousState": [[[0.42447475597945866, -1.053748961437384, 0.7923201440373608]], [[0.6120935329254035, -1.2505992788940765, 0.5598660706705895]], [[0.471180877134956, -0.9985425150661346, 0.5209297499080979], [0.2614268223994102, -0.9012099915206234, 0.6256213529516058]], [[0.4596241309944143, -1.3337211093791161, 0.45949127253088373], [0.20562854441861442, -1.2355930567211109, 0.5841106761379294]], [[0.3980265689146436, -0.7487638695404873, 0.17901271117066903], [0.2990305078788383, -0.7980738868292597, 0.34190780964113604]], [[0.30606298683183486, -1.37189427791734, 0.24464646293702186], [0.12738143767154111, -1.2981474940539306, 0.24368436219183423]], [[0.3699505334554133, -0.7494594507434356, 0.05361298324529639]], [[0.22907908726526352, -1.2685489760389541, 0.023606745840792656]], [[0.16129801187828627, -1.0196178019940652, 0.15935366934069703], [0.2754458310796292, -0.8892671825085703, 0.03047065510514403]], [[0.20106936051396532, -1.2151598214107662, 0.09414944204330981], [0.3335779792622361, -1.1656508156224197, 0.11347285710234838]], [[0.11422052051378596, -0.5359839190579546, -0.7176536088212797], [0.5298451534744343, -0.8750949876018463, -0.13303256932357227]], [[0.09281140118217229, -0.9571284117250279, -0.4714020809097792], [0.5447988144890303, -1.166600008641523, -0.05170876448498007]], [], [[-0.10533824901276943, -0.8351991509927711, -0.7125325914605255]], [[0.4611495020489898, -1.1705025502495945, 0.49353828751139917], [0.38562740905067106, -1.1022540333524793, 0.7077562826731646]], [], [[0.4288253499545289, -1.0412424894598018, 0.31925199185077635], [0.25232952614872634, -1.0168334717751852, 0.4630092428895327]], [[0.15764494051387565, -0.8755718702343604, -0.31175208338898497], [0.4317115663683352, -1.020372901612133, -0.009779856110611947]]]}