{"bodyId": "h0", "timestamp": 1630675666924103247, "continuousState": [[[0.48989680605846797, -0.9385086283977481, 0.7806167479857088]], [[0.6684802935794232, -1.1221675437205567, 0.5558130762574804], [0.41956180531640735, -1.0343344719407308, 0.7877730603917974]], [[0.5148376089928581, -0.8602408722588907, 0.5250811457006505], [0.366575284820442, -0.8151130660045423, 0.6751519442899552]], [[0.4765594375527167, -1.2157404677333306, 0.46820612226442676], [0.2538227973516073, -1.1119194966777222, 0.6192497037798892]], [[0.39792176376167543, -0.6835715867657345, 0.2748179406767224], [0.30819093959591376, -0.6909233849418591, 0.3237870743590295]], [[0.2871186089191171, -1.2556879658719944, 0.2975149905642825], [0.10787764692292649, -1.1902028493651278, 0.28393754324035947]], [[0.2245659642339586, -0.9463942250922464, 0.31408581398010893], [0.35491594367719403, -0.6528669131997664, 0.013596824131509493]], [[0.23506255487565222, -1.1994639752375136, -0.009526903208273553]], [[0.1375919556060461, -0.9694921925855741, 0.23319755895680147], [0.2813904529400124, -0.8091828548077212, 0.09312279393455401]], [[0.16330835329595914, -1.1594522128583704, 0.19249439402319307], [0.3151309896428211, -1.047925785821402, 0.1264266483939689]], [[-0.021149521455576293, -0.8613864151038297, -0.20660170878616396], [0.5772098048135145, -0.8125735671071848, -0.03526088719955442]], [[0.4957544793456107, -1.0193169265170943, -0.10836513794377675]], [], [], [[0.4965949266491672, -1.0436000903133766, 0.49489170181306713], [0.4322794090466366, -0.9977239175798307, 0.7328166640748451]], [], [[0.43724060065719605, -0.9496560272495325, 0.37151203147057454], [0.28100686847376055, -0.9014214408097907, 0.4715183890694593]], [[0.07107941592019142, -1.0104193139811, -0.007053657381485445], [0.44617039722816776, -0.9302496764642934, 0.045582880597207234]]]}