{"bodyId": "h0", "timestamp": 1630675666924103381, "continuousState": [[[0.47928861320740296, -0.9354475213614605, 0.7653280437833795]], [[0.391471584166349, -1.0272322001491316, 0.764593327955004]], [[0.5173328200452743, -0.859805004207365, 0.5201997336784276], [0.3738662700188688, -0.8016744182243767, 0.6783289876532916]], [[0.4723197624077802, -1.221630105118364, 0.46990918138625365], [0.24654574914049204, -1.1094777552928066, 0.6159683805501536]], [[0.313150384165054, -0.6941580539181831, 0.3167563459715898]], [[0.2831149440928579, -1.269222669448779, 0.30370429078434474], [0.12315961399323669, -1.1989231891965013, 0.2953582816783264]], [[0.2261468449576365, -0.9430204419159772, 0.31451786258207404], [0.3552879838875717, -0.6536047784244017, 0.009686296926904333]], [[0.2378522239889457, -1.2047792766397383, 0.0018875503647736878]], [[0.15067608891455234, -0.9473336669327485, 0.2034434487313074], [0.3336866274982749, -0.8251522813880425, 0.14084002119970865]], [[0.1652860389077693, -1.162834236801335, 0.19543387248194857], [0.3104583423748329, -1.0469004497739156, 0.11622662342609942]], [[0.025226895337637757, -0.703282939559542, -0.4443725085539377], [0.5775423230710603, -0.7991647051674704, -0.044481065717167895]], [[0.4939984538706281, -1.0156279788867955, -0.11193045275844815]], [], [], [[0.5058952705192818, -1.0347017582235545, 0.48219328950250495], [0.43909165802260713, -0.9911186344230186, 0.7368755283001417]], [], [[0.3927350732864171, -0.9578940795182735, 0.3933327636789217]], [[0.09525646712270353, -0.9330585881804385, -0.12446931803599455], [0.4440003327229466, -0.923032577470693, 0.03587277885446576]]]}