{"bodyId": "h0", "timestamp": 1630675666924103716, "continuousState": [[[0.4885578256507356, -0.9335104252664445, 0.7702117332063085]], [[0.4052746661974659, -1.0312901045561405, 0.7722882390040691]], [[0.5251968549432233, -0.8573609272628105, 0.5263083939220613], [0.3761444438437511, -0.8104619185066121, 0.6818379019256071]], [[0.478014065427326, -1.2284962860402011, 0.4727662589158924], [0.22953164803011078, -1.1106448792849186, 0.5982183764596589]], [[0.39559133997494117, -0.6925388276124399, 0.294140782384163], [0.31132246952509013, -0.694700045597761, 0.3091483175122496]], [[0.29589214271410874, -1.266944589849877, 0.288777630823467], [0.14327304781952807, -1.198504646683333, 0.312254201513507]], [[0.2255520081342737, -0.933401539307868, 0.3005240125119269], [0.3679815772339864, -0.6625535021592108, 0.024390579919320317]], [[0.2496887908873586, -1.2008141021595542, -0.01382326950740412]], [[0.15954336581905756, -0.9568795929674868, 0.20377794117249529], [0.21344022595932233, -0.7802478499732657, -0.0007993975951144421]], [[0.1782367126797862, -1.1626547631130228, 0.18586649040566136], [0.30879676294862224, -1.051736429856367, 0.09604822629984983]], [[0.022354357684169258, -0.8567020369701186, -0.2260007038577994], [0.5997596897430928, -0.8158724040605656, -0.033739388437195886]], [[0.1264810233944013, -0.9798357307325696, -0.35424127405165723], [0.5937839345200175, -1.0419481252120364, -0.10440046563961891]], [], [[-0.07839246187824261, -0.8268177930214546, -0.6625471479430148]], [[0.5101922201595146, -1.0398019303630972, 0.486693705891564], [0.43548927855763553, -0.9925685603923755, 0.7280838647861607]], [], [[0.4368027027011336, -0.9605175568263205, 0.3834535206500277], [0.2704270587776004, -0.9026724624413398, 0.45368334698595425]], [[0.10029553518197773, -1.0096784000415706, -0.020067106726069026], [0.4542782263458575, -0.9338044169584663, 0.03115441893132697]]]}