{"bodyId": "h0", "timestamp": 1630675666924104185, "continuousState": [[[0.47575431960507625, -0.9259927246617233, 0.7586441498465454]], [[0.42353643048176626, -1.0326400678073215, 0.7813597640180069]], [[0.5279728515316038, -0.858982237520182, 0.5202725129614153], [0.37948905681364137, -0.8207480507405063, 0.6738230790579867]], [[0.48894954213823527, -1.2223241784950132, 0.45794731224430885], [0.234102791823472, -1.1123782216840181, 0.6001979076787529]], [[0.39075023419977906, -0.6891245727382479, 0.27504228148144216], [0.30768359919398974, -0.6935148029381399, 0.30585922360966744]], [[0.29530198017391357, -1.2725097289865803, 0.2901563809371157], [0.14321562772948096, -1.201306466828004, 0.3134057025491145]], [[0.36340475922705334, -0.6563312784723837, 0.020038644321003857]], [[0.27415767951042624, -1.1628361748939815, -0.09685729188738719]], [[0.1602219266436067, -0.9562865848324835, 0.19134506901000373], [0.26918884090025474, -0.8117914699514561, 0.05740016561925267]], [[0.16995642476897813, -1.1812500459173594, 0.20351133090469967], [0.3122022251684657, -1.053910497992679, 0.10108019540863597]], [[0.6212116113199541, -0.8351451894702835, 0.0020960783645189167]], [[0.5154584662678756, -1.0213106977634046, -0.09963670565129382]], [], [], [[0.4930095513968613, -1.0641824558441881, 0.5060549509009241], [0.432031540447095, -0.9949465672583636, 0.7205610063132977]], [], [[0.43984988816900716, -0.9557243756166305, 0.3664947968628755], [0.27089319550873087, -0.902946512311079, 0.4530285656442102]], [[0.3955840180444661, -1.0081976176938214, 0.10280370463460929]]]}