{"bodyId": "h0", "timestamp": 1630675666924104386, "continuousState": [[[0.48020996437767416, -0.9340671970099893, 0.7874046330110448]], [[0.6701407438691295, -1.1344582876082072, 0.5607898259020997], [0.4225790021730172, -1.0383247123804178, 0.8044307709094787]], [[0.530972791232234, -0.8468168277498014, 0.5060244946426196], [0.3512650042324201, -0.8059105478644377, 0.6655064042542498]], [[0.4749589076463898, -1.2269310128479736, 0.4680413197827687], [0.22497569999656686, -1.1131285540490081, 0.6068622585610535]], [[0.4001119543327457, -0.6739550069254917, 0.25318877242745363], [0.31626602985658564, -0.6926597570065953, 0.3179753267713691]], [[0.2814939590548184, -1.2732084001429458, 0.29889601879854855], [0.14126619777598218, -1.1911247866368009, 0.2769204909552602]], [[0.22824560416353318, -0.9434792583553826, 0.30355288474708503], [0.3774471847574764, -0.6634377845359988, 0.03502045574199224]], [[0.2420480686160211, -1.1932228178587392, -0.03846826435839762]], [[0.15322943444692522, -0.9517818574896529, 0.18094452504612538], [0.26863364394929296, -0.7924242805374115, 0.017687326429050472]], [[0.1786141821994445, -1.1480223525747024, 0.14527299813009245], [0.2707172844498361, -1.0436888477872839, 0.046507445077490044]], [[0.6188028900462484, -0.8117970784145162, -0.029505943821535766]], [[0.6090735830791023, -1.0421286439463104, -0.09947888670579755]], [], [], [[0.5063252802383832, -1.0407756775998278, 0.48383590332635], [0.4296915745766837, -0.997951313661407, 0.734458008860749]], [], [[0.43753543098956776, -0.9504430098867327, 0.3606150461051112], [0.2706208649265762, -0.9028941555278017, 0.4624187926662113]], [[0.39870853612284646, -0.9799097154946093, 0.057883527154278344]]]}