{"bodyId": "h0", "timestamp": 1630675666924104453, "continuousState": [[[0.47538803699294363, -0.9316175884060053, 0.7793250738294274]], [[0.4024248300960453, -1.038100743756314, 0.7893583102655666]], [[0.5313632993529759, -0.8441918682716366, 0.5026484731225472], [0.3442120072233713, -0.7965343671053771, 0.6616912196230625]], [[0.47475111308095513, -1.2246607418469913, 0.46805390519367485], [0.2088054665462439, -1.1153400833411056, 0.5993084295497777]], [[0.32149246309266233, -0.6892976217068403, 0.32177946664654156]], [[0.2839578733220868, -1.2689535777020784, 0.30172271070459555], [0.14439985811511225, -1.1923916711738958, 0.2726344944759417]], [[0.2171242150610977, -0.949166687920411, 0.3132928060949903], [0.3601111200069122, -0.6560424868215629, 0.016124992055243183]], [[0.24278381082965889, -1.189467222377264, -0.03167792892817443]], [[0.15867261272558517, -0.9367387156290876, 0.17391164541775403], [0.2679872154439538, -0.7907628789916653, 0.02377844202277015]], [[0.1804193602820983, -1.1431228974441465, 0.14813163924481795], [0.32826672180795685, -1.0588331605007881, 0.11225888911116703]], [[0.6253243364741229, -0.8148068701658326, -0.018800202064198402]], [[0.592535817856144, -1.0355113914785354, -0.11955787022209279]], [], [], [[0.5126878067851667, -1.031495802557126, 0.47364542435513635], [0.4356469852289013, -1.0002390389357998, 0.7411121161609662]], [], [[0.39812178808680876, -0.9569791817769158, 0.3949166859201082]], [[0.4028718483781106, -0.9789648838049896, 0.06466571859030977]]]}