{"bodyId": "h0", "timestamp": 1630675666924104520, "continuousState": [[[0.4646464073346012, -0.9291493607494659, 0.7805057050514754]], [[0.38917129877641743, -1.0432979061300136, 0.7856600708188618]], [[0.5274646580395513, -0.843016685752296, 0.5090705294504523], [0.35438878728852635, -0.7995684438352724, 0.674256898236591]], [[0.47147281993340806, -1.2269934878031827, 0.46994823122054313], [0.2094019719526159, -1.117589085694649, 0.5980883503991347]], [[0.3172477005859487, -0.6871046091138854, 0.32275605009844616]], [[0.2787056072479226, -1.2708402520242996, 0.3067232379378472], [0.1315008927996878, -1.1961934304843596, 0.25398574269519625]], [[0.2231205587876762, -0.9411021980084859, 0.30079234795718207], [0.3734996969268566, -0.6647273983642789, 0.029988402347149758]], [[0.24077680661960058, -1.1934023591375966, -0.02743369940159073]], [[0.1575768574615513, -0.9241758414750215, 0.16283311663015387], [0.2704724192825613, -0.7869295319442006, 0.01642824909330875]], [[0.18011715602232636, -1.1348786397744466, 0.13474748497461178], [0.3154285770898366, -1.053616109481828, 0.06743859392742661]], [[0.6198207795199653, -0.8134025489027747, -0.03278021366032408]], [[0.5994697086069887, -1.0394998146309913, -0.17688959435764445]], [], [], [[0.509839476866263, -1.0315839192271865, 0.4759044571068416], [0.44101991910081256, -1.0023830840360834, 0.7469027062616262]], [], [[0.3943602602596784, -0.9570490484585341, 0.39635214065949465]], [[0.3999689677711458, -0.9741405943386107, 0.05098363565714385]]]}