{"bodyId": "h0", "timestamp": 1630675666924105994, "continuousState": [[[0.4614714806805339, -0.9329299289584962, 0.8150210196338327]], [[0.3676046496908077, -1.045597537299379, 0.8080139883089386]], [[0.5254755913406995, -0.839170298710649, 0.5090626051661497], [0.3145924454373844, -0.7819087029010021, 0.6534852885374923]], [[0.4668601878818236, -1.2301142982094415, 0.4784898157139471], [0.206076993766392, -1.1215993311227712, 0.5966329336151045]], [[0.40364372310032, -0.6543838597248557, 0.24002684855748452], [0.3139476333799539, -0.6886769139617077, 0.32504280826039667]], [[0.2748503479060728, -1.2738061462482637, 0.31448117794029007], [0.1132368503867383, -1.1905287440035, 0.22772703831712487]], [[0.22405991511578868, -0.9414971354596582, 0.3103255606338564], [0.3625187673333403, -0.6527279629642057, 0.007128407960182358]], [[0.22901640223190775, -1.2010118703491348, -0.016652381857588126]], [[0.14930442807978034, -0.9335860792101853, 0.17711832076258632], [0.29211327166688283, -0.7920791430218228, 0.046655455469816615]], [[0.18469686891575646, -1.1275357690105374, 0.11832562414250423], [0.3088604503597419, -1.0460742440273345, 0.08725599052376583]], [[0.04790146266261309, -0.5691976918788861, -0.6649968779820342], [0.620496149893098, -0.7537706402384751, -0.08567029942294743]], [[0.6670727886321595, -1.030760400131879, -0.13896269224101412]], [], [], [[0.49784258992397706, -1.0420131728330084, 0.4900261278322796], [0.4051122722340565, -0.9928919375578993, 0.7227678204191342]], [], [[0.43525195549107176, -0.9422490789671486, 0.3592583321357158], [0.26001231357317295, -0.9051381225422395, 0.4608378709377506]], [[0.11629916578918477, -0.8483667304447118, -0.273335626919765], [0.46467830012642, -0.8999224421329048, 0.0007928455504091977]]]}