{"bodyId": "h0", "timestamp": 1630675666924010787, "continuousState": [[[0.4289912418207798, -1.0603889823620296, 0.7933821658241915]], [[0.6161232089755146, -1.2456433694088875, 0.5574440173958624], [0.38008364273463485, -1.1659467074313163, 0.79564194204975]], [[0.4793501945581408, -0.9931469269799317, 0.5145789712740503], [0.2687584572454225, -0.9043324062083321, 0.6303371303899035]], [[0.4567143745593085, -1.3360473859859276, 0.4682049746185716], [0.20925558637319136, -1.2353502815732749, 0.5844190655250465]], [[0.4029774523720676, -0.7377138763046847, 0.1691394892560702], [0.29293396783177855, -0.7964586104701803, 0.34186668415240545]], [[0.30521833077240895, -1.3747309004716006, 0.25158593763218756], [0.1366979699941012, -1.3022271711761202, 0.2538626986319709]], [[0.36954822519179925, -0.7510278791587899, 0.058739844744903624]], [[0.2448212619932489, -1.3341140134437897, 0.016884601276933836], [0.17769543650551758, -1.2635248157850731, -0.02912951358202349]], [[0.16362661852746493, -1.0130730480719985, 0.15168378053047762], [0.27723947834718976, -0.8911994075701193, 0.02777442104159468]], [[0.2077192994627713, -1.209694493955568, 0.07376076898999849], [0.3363204693758073, -1.1670091906128717, 0.11131332369949382]], [[0.07486818915957814, -0.5341252065667496, -0.7009108015808599], [0.5405971830043775, -0.8870831809571278, -0.12300950866440621]], [[0.08747717857373846, -0.956688337826183, -0.48740737725454164], [0.5329976478406188, -1.1732210924464785, -0.0706955408229876]], [], [[-0.09947229427266223, -0.834433390724598, -0.7244982222205208]], [[0.46152833534365045, -1.17299412053696, 0.4987647114436237], [0.4052902884517116, -1.1069934861921091, 0.7192682393780774]], [], [[0.42984591346568807, -1.0368806311453063, 0.31867223193732086], [0.25109477710248496, -1.0159044460217275, 0.46314287483872596]], [[0.14129374431117472, -0.8719098502611589, -0.3135750162954307], [0.4384588261900924, -1.0270461857849997, -0.005848092482456199]]]}