{"bodyId": "h0", "timestamp": 1630675666924106463, "continuousState": [[[0.46071889556823314, -0.9310425961010246, 0.8114439433816468]], [[0.3836387523430958, -1.04705380504421, 0.8100794075776803]], [[0.517903121733913, -0.8509486651770428, 0.5103524439777125], [0.3162347717406876, -0.7806549796118045, 0.6532668080263625]], [[0.46858802783935954, -1.2245277272950292, 0.47117992631353434], [0.20430438941824036, -1.118192855719747, 0.5963154871570739]], [[0.3892569333672332, -0.6744831761401272, 0.25846213918505556], [0.31122464985049897, -0.6792756393166101, 0.33207986513579363]], [[0.2787893429198453, -1.2619888308152618, 0.30187345294803847], [0.11863411090029286, -1.185503690657425, 0.23492962707824813]], [[0.2247890299786709, -0.9390289739013283, 0.31100620928525496], [0.3501804375086672, -0.6402573478340368, 0.014018331860999069]], [[0.23091432898209854, -1.2009168796714875, 0.0029915160064240354]], [[0.16357526192794045, -0.8978999362042626, 0.13029938596533633], [0.27515309785639375, -0.7855368162344143, 0.020537928079644416]], [[0.1528258629617486, -1.1558356275167556, 0.15838138464433518], [0.31721539322266723, -1.0478115147711693, 0.06795043722028868]], [[0.05327808641582351, -0.5600723323219153, -0.69170142452399], [0.6528637392140388, -0.8212845043342697, -0.04075391762367144]], [[0.6186252553481213, -1.0354434695892665, -0.1580291416357927]], [], [], [[0.4861375426640277, -1.0526207679943917, 0.4962795628112352], [0.4094016123688368, -0.9915453828715816, 0.725729894682583]], [], [[0.4289224806032964, -0.9495054517175783, 0.36482103274929495], [0.25776451963436964, -0.8987342475181785, 0.4641976761464338]], [[0.10305197468878606, -0.8579539799193354, -0.2666600199398274], [0.48503956621835304, -0.9345480095527194, 0.013598259798308619]]]}