{"bodyId": "h0", "timestamp": 1630675666924106664, "continuousState": [[[0.4487782204345508, -0.9263414878723552, 0.8064079533124093]], [[0.40918200446085734, -1.0513446351224702, 0.8256094704237117]], [[0.5256335270334218, -0.8448172727107853, 0.4910144507442667], [0.32428508545111956, -0.7937422521737323, 0.6599771002103134]], [[0.45987028497296667, -1.2321017571398858, 0.4705376347401145], [0.20822135524199029, -1.123652478319937, 0.5983863333413179]], [[0.39710832208793484, -0.6666505036892291, 0.2521670750578148], [0.31141441702640393, -0.6827977874620783, 0.32291815274608004]], [[0.2642588193635542, -1.2704867162176985, 0.3012422363887497], [0.11569301841864603, -1.1859200890188102, 0.23534562588475774]], [[0.2267329082434644, -0.9447013866222271, 0.31378061402876095], [0.3488443308864121, -0.6385184932842469, 0.012803674561692787]], [[0.2333647838673582, -1.1971941925950464, -0.007734716285244076]], [[0.1595138178902954, -0.9106187313552755, 0.13961843988484748]], [[0.15805967044714025, -1.145269722478023, 0.1404390779655514], [0.2495746822145079, -1.0308252509959648, -0.012358380615815576]], [[0.6919922089974377, -0.8298438445549384, -0.0353498506619253]], [[0.6608659877012713, -1.046614457515841, -0.15058745572161025]], [], [], [[0.48907114326143414, -1.0536104649647435, 0.4841367534810994], [0.3902869275252522, -0.9929114737041291, 0.7139253046513842]], [], [[0.4284893035304508, -0.9493761304145574, 0.36135235489896467], [0.2598178861341971, -0.9032251328910077, 0.46065224304369895]], [[0.42502593972228897, -0.9875567835164807, 0.05254461365181305]]]}