{"bodyId": "h0", "timestamp": 1630675666924010854, "continuousState": [[[0.4365175453401, -1.0621848518624901, 0.8013980050976275]], [[0.6175715314731335, -1.2504932991083257, 0.5564971379046212], [0.30223729085868106, -1.1528812366542498, 0.7539389673747372]], [[0.47748506716843664, -0.9941475455615403, 0.5128607333030069], [0.2740472022064935, -0.905206933106561, 0.6282830718243847]], [[0.4605301632358581, -1.3330299228775389, 0.45913677883061077], [0.21376641648576583, -1.2368305038039364, 0.5848854339748512]], [[0.3970640995438411, -0.7529638707242784, 0.19029327723303435], [0.3316912427893608, -0.8123264505430419, 0.36926074732895314]], [[0.3102558488078279, -1.3670525685983717, 0.23696379410376722], [0.12752698737561854, -1.2979372147191053, 0.24025605982141293]], [[0.3672201273823789, -0.7465128405288924, 0.052793307835856694]], [[0.24414339890673198, -1.3421671857840674, 0.04170881402513055], [0.21380185207228827, -1.2660158474564385, 0.0043674844009906335]], [[0.16781251295674718, -1.0035648249888074, 0.14434303771498525], [0.2797487813102143, -0.8927084343795962, 0.02916792565087553]], [[0.19674266630519305, -1.2210538107004771, 0.10768352289362519], [0.3386858264066832, -1.165313023060548, 0.1102538547812751]], [[0.02613803827537447, -0.8353042606270101, -0.24973199304877425], [0.5543638412463628, -0.8843065127957775, -0.10239986567570804]], [[0.08258009968834995, -0.9672278231348609, -0.4441649404122697], [0.5433874873862924, -1.1748782120185801, -0.05812671812144094]], [], [[-0.10457435864437024, -0.8242649501383991, -0.7222585070646849]], [[0.46030115294906926, -1.1734975127006282, 0.4950924620591487], [0.37908740776613875, -1.1013776323938471, 0.6999283220532216]], [], [[0.4287971313898496, -1.0429968968009087, 0.32471502803182256], [0.2727288296375633, -1.0245784771734892, 0.4770730906519022]], [[0.11144035229028376, -1.0281790356637437, -0.07102423507757452], [0.446524833826523, -1.0248097679281627, 0.00392699455278353]]]}