{"bodyId": "h0", "timestamp": 1630675666924107468, "continuousState": [[[0.456851525654934, -0.9412998235050467, 0.8127119861311882]], [[0.6517814513440924, -1.1339253644415777, 0.5716491355151474], [0.3960284179266823, -1.042462703803533, 0.8262587921263159]], [[0.5059774862453432, -0.8344211779115747, 0.5047965629849824], [0.3115294679612264, -0.7837996453704795, 0.6488361008249528]], [[0.45030334642577435, -1.2334383913581428, 0.4786787715723599], [0.2049629800428902, -1.1172707762600167, 0.5989373611387488]], [[0.31032094303660346, -0.6864119927815574, 0.320313703894232]], [[0.2566883522686002, -1.2762486331878953, 0.29846140957846273], [0.11986826342205587, -1.1893147459724946, 0.2506335987892364]], [[0.3536029270948734, -0.65636244405415, 0.003090148023733036]], [[0.23598447085176616, -1.1876199304506068, -0.037065510395220824]], [[0.2824868634216018, -0.7908156209679568, 0.02317513285539235]], [[0.1491695618201897, -1.1477850828700669, 0.14029413992742093], [0.3228820934375101, -1.058418031516689, 0.07330117525081437]], [[0.059554293644326434, -0.5516395203795649, -0.7117271399507026], [0.6820980033322248, -0.8288152966704322, -0.043757655808894694]], [[0.615485010747751, -1.0432598753446773, -0.16377185863758906]], [], [], [[0.4767675052434932, -1.0456666366637577, 0.49135472551261816], [0.40747216797516833, -0.9936423447394729, 0.7245062393454781]], [], [[0.3803121447311889, -0.9599251920698502, 0.39949623773329596]], [[0.10436192773225807, -0.8497123016248158, -0.28571650001164084], [0.5024900483848674, -0.9436166640935606, 0.014771759720959836]]]}