{"bodyId": "h0", "timestamp": 1630675666924108004, "continuousState": [[[0.45658263711061137, -0.928532322339854, 0.7926443656415388]], [[0.3688980559634938, -1.0335620015933213, 0.7956395986271926]], [[0.5124638593417185, -0.8304647459386628, 0.49919304014938576], [0.33712838300499764, -0.7949212398725979, 0.6612776802127469]], [[0.45049111898714744, -1.2325787535708819, 0.4806579542747979], [0.20397425809501077, -1.1163427230668874, 0.6003960283005886]], [[0.3084094737053365, -0.6865480957427751, 0.31453657394302037]], [[0.26002481232865243, -1.273156604500368, 0.3050094123065894], [0.1096295581597974, -1.1915111467459936, 0.24858650612874567]], [[0.35728371691699157, -0.6591080831700827, 0.006011178534178725]], [[0.23303832254892934, -1.1917571652987908, -0.02292969126146636]], [[0.28305172025802156, -0.7913941270049341, 0.022332070649849583]], [[0.15192339627765086, -1.1525976659873103, 0.16125283998498754], [0.3198973752126176, -1.0556323986817024, 0.0694928130877845]], [], [[0.6076748349543839, -1.0411714202800746, -0.17136363861003043]], [], [], [[0.4827594765472684, -1.041183419719204, 0.48580268394107873], [0.3859761366518196, -0.9864332247197505, 0.7109244165607653]], [], [[0.37945029634624194, -0.9595634246568285, 0.39759726410890917]], []]}