{"bodyId": "h0", "timestamp": 1630675666924108875, "continuousState": [[[0.4626821234486056, -0.9179819483308576, 0.7819972637802275]], [[1.5672220741403289, -0.3213720060689757, -0.321659593968835], [0.40618922426374615, -1.0175224371429834, 0.8067176301084167]], [[0.5085006677860442, -0.8489963966181919, 0.5048482778436083], [0.3502534064593576, -0.807727626029176, 0.6533082047300877]], [[0.461104480546397, -1.2254310167914364, 0.46891824392987225], [0.20439563753350012, -1.112056295813937, 0.5990752353520218]], [[0.3931417840208358, -0.6664868815680675, 0.24205697868896528], [0.3172122478972642, -0.6929926857500643, 0.31504944014008995]], [[0.28753337820705693, -1.2530916293892744, 0.2822505761407715], [0.13033995635900805, -1.1952230182881103, 0.2934336780668564]], [[0.3537749454198547, -0.6576126067234994, 0.009184010093630832]], [[0.22993005189441412, -1.2055427532314524, 0.008705076633950056]], [[0.17559371613837868, -0.8783362155195545, 0.10619135421305237], [0.26942921152423766, -0.7854956504852926, 0.013133722402920966]], [[0.17112437920063253, -1.150707619738973, 0.165635307140461], [0.3208255233511545, -1.055625577290226, 0.10113437381276412]], [[0.6173661394881197, -0.8218427556394396, -0.02475508929642342]], [[0.6011316745837803, -1.0437519821981545, -0.09943995143691609]], [], [], [[0.4871149787043324, -1.0455315997712986, 0.482895529564502], [0.38558648068269347, -0.9883228245657008, 0.704478409516216]], [], [[0.4271231322836164, -0.945958949179752, 0.35548761130941875], [0.26080394271538215, -0.9025244907820007, 0.45706233774605587]], [[0.3942452593443761, -0.9862751876892063, 0.0704401089220188]]]}