{"bodyId": "h0", "timestamp": 1630675666924108942, "continuousState": [[[0.4592830576024014, -0.9115562022407395, 0.7778130193483388]], [[0.4131124978562734, -1.0203308228617907, 0.8038133938665838]], [[0.5178467129032615, -0.8346024627696131, 0.49305289498252786], [0.3455604501561129, -0.7960568990972883, 0.6502025610009957]], [[0.4590395433644575, -1.22896634886819, 0.47074398717762833], [0.21238863645359699, -1.1118208309698616, 0.6003328772807422]], [[0.3800548129826648, -0.6909633602246688, 0.2650439951334538], [0.30653844478222597, -0.6857451080897183, 0.30232966283959195]], [[0.2814348163106926, -1.2620815438878208, 0.29145872755412394], [0.1174305375387562, -1.1859862920534303, 0.25443942590598934]], [[0.36219470049399344, -0.6550716035196857, 0.01528196792818585]], [[0.2345276069109819, -1.1955658386431882, -0.017904612579660126]], [[0.1707894624181236, -0.8890558556782054, 0.10975848074903115], [0.27696167507815833, -0.7867106461751834, 0.00812494015622633]], [[0.16467939977100252, -1.1383670789701983, 0.12755519376249594], [0.31922513396876184, -1.052188997978161, 0.06612565680167745]], [[0.6376039775386596, -0.8320657541744712, -0.05941271155734103]], [[0.6090095312177698, -1.038727603800982, -0.15781317226354305]], [], [], [[0.4844616613067914, -1.0483684223276972, 0.48482836235182936], [0.37509958265729393, -0.9813969781838219, 0.6963785527507018]], [], [[0.41954717817356113, -0.9599648545464293, 0.36789399115554106], [0.2594635406179115, -0.89878296952979, 0.4513312700601671]], [[0.4011416886548311, -0.9852164165723347, 0.034071241102577456]]]}