{"bodyId": "h0", "timestamp": 1630675666924109143, "continuousState": [[[0.4645343834581454, -0.917314176424896, 0.7846741831601712]], [[0.39914941527075914, -1.0215399689995321, 0.8051141589126423]], [[0.5180095459514651, -0.8441862012782849, 0.5015377966999607], [0.35620271377763085, -0.8034450164407102, 0.6662180250891502]], [[0.4596625118703665, -1.2242287209430462, 0.47809771776378535], [0.21664513550670314, -1.109115859739038, 0.6085357891380997]], [[0.39293638462753727, -0.6732030130200148, 0.24292136007712292], [0.30930505495917193, -0.6757924624972554, 0.3204750049639379]], [[0.2884725461438721, -1.2549880874155146, 0.2868612486119862], [0.11143414162850718, -1.192731570266006, 0.28870383445574455]], [[0.36243578217821504, -0.6559650202836478, 0.01971710669652225]], [[0.22142890189231673, -1.221583531588601, 0.03578006119842439]], [[0.1602197789120687, -0.9219959500902053, 0.14858970738645394], [0.23934315268453088, -0.8041865622897632, 0.02016269835623484]], [[0.1722146602130883, -1.1492562840326224, 0.15795109836231358], [0.31116509137216986, -1.060203093749555, 0.10443087736798908]], [[0.6131325674128798, -0.8365846845690159, -0.032127376867038496]], [[0.5971857290295761, -1.0596993163613109, -0.09757466756694862]], [], [], [[0.49756821203187024, -1.0326565090484996, 0.4760496083081804], [0.3720215006614235, -0.9806871759004568, 0.7004809042800099]], [], [[0.4262994482489519, -0.9487158669815305, 0.3605095389204541], [0.26297509523293755, -0.8924541611181467, 0.4645053970510188]], [[0.39267361381298405, -0.9929204843008191, 0.06291186074763755]]]}