{"bodyId": "h0", "timestamp": 1630675666924109545, "continuousState": [[[0.45083471739308834, -0.9247924688315383, 0.8188497984898787]], [[0.3719006245374385, -1.0420463167343879, 0.8179781937997345]], [[0.5024347826692646, -0.8691106758398187, 0.5346845682246874], [0.3313202504248495, -0.7886858337424124, 0.6568705800686223]], [[0.4785911166204232, -1.215080493775729, 0.46584120560093173], [0.20476234840645657, -1.118506379678491, 0.595663278187591]], [[0.3061051361760126, -0.6783980441058444, 0.31421639310785643]], [[0.13774717119540378, -1.19331961022563, 0.2580214139968148]], [[0.3773660130576115, -0.6588417536525031, 0.026199918212008698]], [[0.2233561040166742, -1.2250527097992854, 0.032032309875139164]], [[0.15148354664131283, -0.9474380723726009, 0.18535685364196114], [0.2792650852254378, -0.7831847907927608, 0.020647150466002812]], [[0.17351957307355298, -1.1563378630633543, 0.16605659009061446], [0.32263480796123256, -1.0561070611450334, 0.07408451506275741]], [[0.0320860847873264, -0.6799305242322634, -0.5244959574450558], [0.6552506582320211, -0.7827521673287537, -0.04591715841848168]], [[0.6078848599868516, -1.0326603348941237, -0.17320375045055583]], [], [], [[0.4923239773556366, -1.0451127478439843, 0.4954168666577007], [0.3932685806026634, -0.9891868118895327, 0.7108397445743817]], [], [[0.3923481263982179, -0.9467392689407866, 0.39002879935439405]], [[0.10280282893043968, -0.9181341936478089, -0.1792196836772207], [0.48894273309662684, -0.9194296142368936, 0.014083678322137867]]]}