{"bodyId": "h0", "timestamp": 1630675666924110081, "continuousState": [[[0.4632636569263991, -0.9235465586051287, 0.7752038267568356]], [[1.5564731565100003, -0.3379367338517395, -0.3081029529453517], [0.40105865434698923, -1.0183998830679637, 0.8065738080205463]], [[0.5106768458763332, -0.8626151747151466, 0.525118475727918], [0.3330384474702782, -0.7995306906935633, 0.6393434596306372]], [[0.4655817714397459, -1.2262894757134541, 0.4722764706190014], [0.20726202627343354, -1.1114388106073285, 0.5987958138242827]], [[0.396465900149433, -0.6810714102688348, 0.2570905624678485], [0.32196428133820976, -0.6991945758495856, 0.32082178805176387]], [[0.28091454879204225, -1.2621776425993683, 0.2924170321138033], [0.1146877414104697, -1.184965324767488, 0.251606310724045]], [[0.36827062588023957, -0.6567592202920878, 0.020260162107574843]], [[0.23992088178520923, -1.1858959099461928, -0.03500779612356655]], [[0.14474512561057787, -0.9532281210460269, 0.19756382670136213], [0.24329924567430886, -0.7782995021265066, -0.017473776186939176]], [[0.17541752492130877, -1.1398974129081911, 0.14598534509286673], [0.324322116716721, -1.0506975269461698, 0.07628652941004839]], [[0.6258433571722871, -0.8246163145430855, -0.016517571445250498]], [[0.5962646695726357, -1.0363091675150014, -0.10973969766423647]], [], [], [[0.48704840706732544, -1.0536219499868162, 0.4961650940570926], [0.37640639042870566, -0.9845210832751163, 0.6957103131025278]], [], [[0.43102383579458947, -0.9536804429911445, 0.36468351654342496], [0.2646131538058216, -0.9053166932284571, 0.4598088009380233]], [[0.40063044104679796, -0.9822568637256384, 0.06473388682380812]]]}