{"bodyId": "h0", "timestamp": 1630675666924110215, "continuousState": [[[0.4712198275471328, -0.9305697474603467, 0.7931062767436744]], [[0.39306724583550934, -1.024777311035835, 0.8073610233345521]], [[0.5123579056681422, -0.8519058107111752, 0.5170990990325732], [0.3643724303998374, -0.8191075056812429, 0.6722562792797122]], [[0.4580885722091644, -1.2345791813514015, 0.47584507828145106], [0.2026531466252977, -1.111170649032927, 0.5998532617664346]], [[0.3909806469330954, -0.6805933708395236, 0.2489450200955266], [0.32428390746700686, -0.6979556059655605, 0.33122103580224393]], [[0.2765463019273912, -1.2764505186583275, 0.30452545216548266], [0.12888064744221492, -1.1862730394293108, 0.2675619725713293]], [[0.3594302571283322, -0.6505870715276109, 0.018099102063711143]], [[0.21341263086755505, -1.2373205573265202, 0.04616374729498648]], [[0.15159857038373145, -0.9497468508513147, 0.17998419401613022], [0.3503142745640769, -0.811539970083768, 0.09428271083510822]], [[0.170755009858805, -1.163341550081973, 0.16657853853418805], [0.3256098869894574, -1.0428214080493488, 0.0762156508726573]], [[0.612771402998111, -0.8009565950357026, -0.044190570172022034]], [[0.6074403826445717, -1.0320251147898292, -0.10191080526993801]], [], [], [[0.48366218140613015, -1.0548077661790398, 0.49609024808194135], [0.3685071932673425, -0.9866013368998826, 0.6972440254263059]], [], [[0.4245346095711299, -0.9575862760954625, 0.36239504918848886], [0.2634685270461523, -0.9045631274992437, 0.46553714878433927]], [[0.39176320642845797, -0.9821490725588378, 0.06119398418108301]]]}