{"bodyId": "h0", "timestamp": 1630675666924110885, "continuousState": [[[0.45230839007942725, -0.945058853365347, 0.7636229570326364]], [[0.4199129298857126, -1.048627781496449, 0.7877272604120082]], [[0.524066949171452, -0.8737635478525804, 0.5045931249953131], [0.38235212877646335, -0.846692710649177, 0.6714838131299034]], [[0.4575310536932322, -1.2278137095508672, 0.4560850541948646], [0.2047622364533147, -1.1183963987652332, 0.5825519238763693]], [[0.40060838024370293, -0.7023777834194389, 0.26433327849453214], [0.35182638725401716, -0.7127841694487167, 0.3617584078462289]], [[0.24395094712165583, -1.2853520696040655, 0.29979922534952563], [0.11251801836045525, -1.1924751956955506, 0.23975177213979168]], [[0.35413494039689225, -0.645571803248379, 0.012786707969183908]], [[0.21560285449191263, -1.2167761220128142, 0.023606383321697195]], [[0.1555912494587108, -0.9256590308910584, 0.1462113811096956], [0.24419001315615266, -0.7903033978968851, -0.009544307036678901]], [[0.1488336817977725, -1.1460373436434688, 0.14518007560296428], [0.31662841947298354, -1.0504606868867166, 0.07145555941278371]], [[0.6120981172927327, -0.8110275636361614, -0.03221835618652108]], [[0.610574502520459, -1.0326302994534722, -0.09621394885689438]], [], [], [[0.48348723070823596, -1.0694543934092835, 0.487934845676525], [0.41898852379668483, -1.0132935463657422, 0.7090195231030556]], [], [[0.4290697169684676, -0.9650957464851531, 0.36020916634469835], [0.27829431185366593, -0.915590284106975, 0.47215516586129913]], [[0.38046589954525256, -0.978532453639815, 0.0564808597082216]]]}