{"bodyId": "h0", "timestamp": 1630675666924111957, "continuousState": [[[0.4769287724827841, -1.0025658051235002, 0.7614180879315234]], [[0.4566578317441888, -1.072189654109964, 0.7948187793103579]], [[0.3265345472121812, -0.8521842208912356, 0.5894999605862212]], [[0.22080669948438048, -1.1369711408270016, 0.5598155410707668]], [[0.34061125840114254, -0.7433938682382137, 0.34375519394429466]], [[0.12958025254865493, -1.2045694238840194, 0.21701085610658538]], [[0.3583859608291898, -0.6608748233774638, 0.025579803041489185]], [], [[0.2497320829715036, -0.8227147707062494, -0.021556670088250258]], [[0.2597193762767977, -1.0171210881811132, -0.0013067823296396455]], [[0.5387207737381395, -0.850471682947241, -0.12307537443552724]], [[0.6121417591866622, -1.0214707936909158, -0.0664326366371663]], [], [], [[0.4029304051671445, -1.034086720694821, 0.6680299093821295]], [], [[0.2807089789427615, -0.9401825045326077, 0.45178536750753073]], [[0.3992200750074686, -0.9337963855641771, -0.06219107838258344]]]}