{"bodyId": "h0", "timestamp": 1630675666924112292, "continuousState": [[[0.46440607230195063, -1.0096466091206506, 0.7875929304228009]], [[0.3929686862572489, -1.1031356478213232, 0.7835040911251402]], [[0.3773217471619382, -0.8777608145315066, 0.6815501476682796]], [[0.20585419293586232, -1.1649022544012364, 0.5980519675219225]], [[0.34346908369415313, -0.7444169013671184, 0.36285697661343647]], [[0.08533666727580771, -1.2129548111733401, 0.22462545404464845]], [[0.3546944506427699, -0.6536040944693391, 0.013733328842370156]], [], [[0.26356899866569644, -0.8150443114609789, 0.004872936516799655]], [[0.3144290013513446, -1.0729348439497886, 0.06811852668053416]], [[0.6269499933179568, -0.8332124400843856, -0.06235599038206806]], [[0.5896261104766534, -1.0612679397444695, -0.12920886558584016]], [], [], [[0.4172921450634735, -1.0535762201596597, 0.726075755837587]], [], [[0.27466163831500773, -0.9546595778841773, 0.48045447206767944]], [[0.4706894973346507, -0.9530736420170871, 0.002881268149233049]]]}