{"bodyId": "h0", "timestamp": 1630675666924112493, "continuousState": [[[0.4419941122988348, -0.9972904766825821, 0.7975676683456433]], [[0.6172412051879792, -1.192896646974756, 0.5548785420574913], [0.36267826235582423, -1.0940244752255563, 0.7832594566025618]], [[0.4938576766333012, -0.917618559230202, 0.5066028557033115], [0.35538343301403463, -0.8801467240818697, 0.6813809126775523]], [[0.43438230735475797, -1.2559149273600023, 0.44188772758649614], [0.17203957186558272, -1.1616491715441115, 0.5765357093390505]], [[0.4462271603588146, -0.5841917118705319, 0.13262049476835183], [0.32942464317390363, -0.7391958765469745, 0.35899010477781323]], [[0.2239862856519905, -1.283730283954728, 0.2879800703763938], [0.07025274634275389, -1.2075421975657548, 0.2188508661142912]], [[0.3575636894274005, -0.65895549508457, 0.01881539830675774]], [[0.1752721409064161, -1.1705131157935285, -0.12458102163103649]], [[0.13060310594894423, -0.919137648058005, 0.12538223246185476], [0.27608976037484056, -0.8198446771588281, 0.023918101426900647]], [[0.14521387196434687, -1.110518226716811, 0.07471143053588139], [0.3101259330895821, -1.0666747517850255, 0.0650637851267129]], [[0.6107273421251546, -0.8289995166654226, -0.035714914938419724]], [[0.5986633689340966, -1.0447111420694113, -0.1046665005028492]], [], [], [[0.4449793849547422, -1.1198913481306658, 0.5007431403180005], [0.3920239358998945, -1.0526807764965773, 0.7144334467569543]], [], [[0.44030473385678626, -0.9200533196152672, 0.287254111177424], [0.2507321075197432, -0.9504225240455431, 0.4677629070584319]], [[0.3779706070447507, -0.9697588716911167, 0.019498257798730833]]]}