{"bodyId": "h0", "timestamp": 1630675666924112560, "continuousState": [[[0.41967003129413094, -0.9953937953987649, 0.7889066059980658]], [[0.6055040282685918, -1.200937029318974, 0.5667179518849736], [0.3384670666714576, -1.0955348347369482, 0.7763399519964838]], [[0.4899083394014039, -0.9188846842684838, 0.514073936283871], [0.3585027688128139, -0.8756672570359929, 0.6766284993670653]], [[0.4215379598308595, -1.2650987014833022, 0.4576373258663838], [0.18216591895355963, -1.1612126957127753, 0.5849398424079609]], [[0.4025102759552078, -0.6727605974707471, 0.21836642903965184], [0.3352869705409548, -0.7444057101866962, 0.36517566649622063]], [[0.22260096833263657, -1.284638419166757, 0.2905596537538695], [0.06572224961743427, -1.2063798290433947, 0.20849557505633584]], [[0.3661822131791339, -0.6629925466799289, 0.03810871587715519]], [[0.1714523178652933, -1.177615606251793, -0.11152755764990933]], [[0.13192739380776214, -0.9157957600137409, 0.12432513721108603], [0.2629409908243606, -0.8114248772271727, 0.006409435324710102]], [[0.1541975993432331, -1.0892722538894173, 0.0446446850548939], [0.31394024871882836, -1.0671517583644068, 0.0649863700355495]], [[0.6153592197022979, -0.8374789167598145, -0.03188822183458274]], [[0.5952906157468372, -1.0478744661355517, -0.10917336928727173]], [], [], [[0.44453060340442996, -1.1166649438714422, 0.5025489093341203], [0.37564192636219307, -1.0433364273914925, 0.7012699508638687]], [], [[0.4120241178930336, -0.9689296494770246, 0.3380018774530178], [0.2587264447472572, -0.9528092029497357, 0.47505775445209075]], [[0.3847784095227655, -0.9633755853246159, 0.00637823161015558]]]}