{"bodyId": "h0", "timestamp": 1630675666924112962, "continuousState": [[[0.4174563711965559, -0.9910362230772862, 0.8008399169636312]], [[0.6724097338754889, -1.14062429059155, 0.4987338922613765], [0.3029437581250213, -1.083293221639456, 0.7588312241557646]], [[0.4760611741497259, -0.91205459798592, 0.5236484675284881], [0.333637614582713, -0.8587990980778494, 0.6627582555075595]], [[0.42478000264139637, -1.261815922787528, 0.4536892235277244], [0.19082770581280123, -1.1592760723839715, 0.5856796762396098]], [[0.2952510737984446, -0.7232631326125716, 0.3421299639462688]], [[0.22109375604136663, -1.3036567580613276, 0.2960021337461585], [0.07822352265598578, -1.215280231063033, 0.22181527014432778]], [[0.35679464628582286, -0.6594666679628216, 0.03119367252747861]], [[0.19474805593867836, -1.1753928633585278, -0.11512959286192108]], [[0.12169260984913757, -0.8921235290018978, 0.08602622799439928], [0.2705799402687003, -0.8194291404448498, 0.02288072294730773]], [[0.15286666821924882, -1.0980068771385545, 0.03300306997580492], [0.27850633780668843, -1.0671867831820012, 0.054741329971959206]], [[0.6128821143906873, -0.8396479135322762, -0.030780197383527365]], [[0.5999126596605279, -1.0591219177849789, -0.09439935918735955]], [], [], [[0.4437850246088213, -1.1063461480630103, 0.4994795645774216], [0.35566913582026904, -1.0318716789718172, 0.6849437687341167]], [], [[0.3600155382199205, -0.9925395277000498, 0.39790959373699664]], [[0.38287439130496803, -0.9688273953354154, 0.001111436296138777]]]}