{"bodyId": "h0", "timestamp": 1630675666924113565, "continuousState": [[[0.42590972781089725, -0.9876779804211993, 0.8152677043047756]], [[0.6253119971767012, -1.1823886672899426, 0.5702294462472268], [0.3210948046069168, -1.0783547301355247, 0.7775196933086057]], [[0.4896839381032583, -0.9014963253954316, 0.5316761780376384], [0.2865075466785754, -0.8226732157308778, 0.6190204099649971]], [[0.43149046725824935, -1.2657092751284786, 0.47488175112941416], [0.21509870305959544, -1.1540389758992167, 0.5981976416261832]], [[0.31705214994638914, -0.7168397140221469, 0.3416468642422601]], [[0.24421945104586035, -1.2960906796770482, 0.3010037263182517]], [[0.3858272994307988, -0.663600270490325, 0.043908545004857844]], [[0.2253812643754901, -1.1794894887639684, -0.09476821846331268], [-0.2950461963280552, -1.1605901883646295, -0.5412861071353511]], [[0.13534120899758426, -0.919989878328874, 0.13417697696650635], [0.25337932246802486, -0.801783508126065, -0.01710923206952293]], [[0.15006867823703737, -1.1500241710527288, 0.13409872624915034], [0.33242187735391576, -1.0759452817714694, 0.07720164426234191]], [[0.6382771106476632, -0.830504797728713, -0.05503921971694922]], [[0.5863756957405867, -1.0521027642101035, -0.1461664603585939]], [], [], [[0.47782798284700323, -1.0744678277450117, 0.4801352352841735], [0.3857655083704594, -1.0276196725707167, 0.694695128936714]], [], [[0.3742713086023193, -0.9912744945753127, 0.4082643076858371]], [[0.3941728944423503, -0.9902644843907209, 0.03952975326610056]]]}