{"bodyId": "h0", "timestamp": 1630675666924113699, "continuousState": [[[0.42915825426394555, -0.9825153841898959, 0.8121283414764859]], [[0.3107281482775297, -1.0737887142126197, 0.7671483764099133]], [[0.49158995906690034, -0.9033650270949805, 0.5329019563548536], [0.2711551185235696, -0.8157310934992027, 0.6155408404007108]], [[0.4322921096664708, -1.2638828025291093, 0.47519358923008653], [0.17434084930186328, -1.1470983401546446, 0.5748631738190081]], [[0.31829546272116843, -0.7156373047841458, 0.3468564342537111]], [[0.2479192484010079, -1.2904349880928407, 0.2895957717624592], [0.1362710760021364, -1.2187244136419377, 0.26465587742879304]], [[0.3803784361821754, -0.6593267302308999, 0.038644338088297446]], [[0.22200475903988864, -1.1788967787568485, -0.09237862445970768]], [[0.1357508397026312, -0.913492331322139, 0.1346111592297659], [0.24554918298714756, -0.7922000361858303, -0.016599606890757287]], [[0.14644007843678622, -1.1460408628484393, 0.1385128409511233], [0.32645103068321984, -1.0699164636811451, 0.07624566882405157]], [[0.6295167292620529, -0.8198292562646401, -0.059679952417707224]], [[0.5961807615811522, -1.0494775921462298, -0.1270581904331659]], [], [], [[0.4734022605416882, -1.0814082463881345, 0.4876604928650786], [0.3856588767083097, -1.0282191778287675, 0.7012784201082319]], [], [[0.3752937861938196, -0.9897600536566276, 0.4110250117418988]], [[0.38797840384941956, -0.9829350595565397, 0.03941644426670803]]]}