{"bodyId": "h0", "timestamp": 1630675666924011457, "continuousState": [[[0.4243062692713961, -1.0577041912314336, 0.7933823085419052]], [[0.6104861277844379, -1.255197470568857, 0.5665577243943258], [0.3986262446496439, -1.1669524582165771, 0.8126300371088818]], [[0.4755563110170805, -0.999381295607852, 0.5149985304839979], [0.29853915246903806, -0.9132068974131121, 0.6509855568629775]], [[0.46330702308122734, -1.328647106865033, 0.4543035049075336], [0.20105958654454617, -1.2351334940002898, 0.5835135993098399]], [[0.3926083693899008, -0.7634411457251611, 0.17837147402774167], [0.32420896888354583, -0.8128400826485526, 0.3640067295944589]], [[0.2966306105347584, -1.3805326091413546, 0.26007590539593073], [0.14966630177370507, -1.2972519504553424, 0.2628082344212837]], [[0.3480035270377832, -0.7428299946018255, 0.033927748305135084]], [[0.24641267051580637, -1.3353519070209012, 0.02889597221655549], [0.22858359741631193, -1.2675346619577637, 0.019523201104361305]], [[0.16315416213562683, -1.0209700129898167, 0.1569198519434574], [0.2770387657288013, -0.8935429873927314, 0.030844203109003047]], [[0.19438314091140813, -1.227642918186325, 0.1087048827062256], [0.33526670672708225, -1.1665608343264817, 0.11275908205650216]], [[0.03716192651754386, -0.8069787378584162, -0.2965361877139003], [0.5684007274895866, -0.9005165863304814, -0.07775173444742427]], [[0.09050764087800905, -0.9585504011132463, -0.46836167166878023], [0.5499461873769569, -1.1739093427987566, -0.04174279361672984]], [], [[-0.1028955407473095, -0.8309400239158597, -0.7176381263189017]], [[0.4590179201402041, -1.1757268281660358, 0.49688539756333033], [0.3890118855627022, -1.104491092792571, 0.7111608600368242]], [], [[0.42795769623556407, -1.046044126295097, 0.3163374894676376], [0.262634277714046, -1.0239867883244211, 0.4737601644521494]], [[0.11577253371447599, -1.0173108280223706, -0.09391565250383735], [0.4518337171083344, -1.0335387103284814, 0.017503673804538947]]]}