{"bodyId": "h0", "timestamp": 1630675666924114034, "continuousState": [[[0.42472130684672516, -0.9689915360676636, 0.8090664562671194]], [[0.3405055020094508, -1.0666838784329955, 0.7860929622754594]], [[0.4837379696076018, -0.9096183286831487, 0.5283234778749414], [0.2764160895264215, -0.8177034300657049, 0.6264351360564188]], [[0.4301469003396867, -1.2638066076938825, 0.4766436410517839], [0.21282877520154717, -1.152458255433871, 0.6030774731100796]], [[0.32403158362980594, -0.7266280939307743, 0.3635324464947248]], [[0.2438539009615469, -1.2947621093048707, 0.299001949255995], [0.11219276535654193, -1.2108196367864483, 0.24961067373151105]], [[0.3864072796735911, -0.6644961305134246, 0.046265548879439164]], [[0.21719632317124557, -1.1836536286301385, -0.0823564454136581]], [[0.12942324761216736, -0.9275084103888648, 0.14046990298585774], [0.26106661924153196, -0.8082144853800662, 0.014391945025831547]], [[0.14753036106091963, -1.1448609725668102, 0.13197534565837712], [0.3153040884333866, -1.0684678321634522, 0.09580115745740113]], [[0.6152547029612815, -0.8260856677997744, -0.0343851912623104]], [[0.5741701927193087, -1.052645055087147, -0.1404254644582011]], [], [], [[0.48041676881943934, -1.0703104206203347, 0.4710876415176375], [0.3701713808693912, -1.0230943991748143, 0.6959650185937608]], [], [[0.37708924198474636, -0.9952173508123284, 0.42008804377325437]], [[0.38139253201110057, -0.9854733201832924, 0.04879507719803336]]]}