{"bodyId": "h0", "timestamp": 1630675666924114503, "continuousState": [[[0.44067726466398993, -0.9715335425820834, 0.8159389289726816]], [[0.36090252158908154, -1.0703910121410307, 0.8034352142370081]], [[0.49569758890819815, -0.8944239500822694, 0.521191614662733], [0.32347771434918104, -0.8292415425270907, 0.6587940101832059]], [[0.4231328159540764, -1.267776834322416, 0.4779720281368801], [0.18287543604213782, -1.144816912103093, 0.5873279812765013]], [[0.31110744000478874, -0.7088004846040228, 0.339420301428577]], [[0.24148788315198982, -1.2932638985641196, 0.2972732204957233], [0.09490446241576729, -1.2113356632984034, 0.23562787545587344]], [[0.3952167761993387, -0.6636596317808154, 0.04823560483572714]], [[0.22500853722097094, -1.1739091116208493, -0.10857772098383475], [-0.32944540752665785, -1.1502021350428686, -0.5606139646603617]], [[0.13388535320237305, -0.9221784975721055, 0.13589620898464705], [0.2551836853082989, -0.7964789859135503, -0.003586995124975374]], [[0.14715209238270938, -1.1479388499456618, 0.13374808931292229], [0.3194458198783516, -1.0656548176440417, 0.07133935112365453]], [[0.6483525106501452, -0.8260267252621225, -0.034263957890218535]], [[0.5976953195864003, -1.0468524121378393, -0.1268362145431736]], [], [], [[0.47447749917986853, -1.0770889377908464, 0.47916236499987086], [0.3799392515916036, -1.0204621814870505, 0.7052723225889953]], [], [[0.3671201279794326, -0.9882886594632194, 0.4086961647827285]], [[0.39775230151642726, -0.9869827876038921, 0.049742065711351875]]]}