{"bodyId": "h0", "timestamp": 1630675666924114570, "continuousState": [[[0.4310256048789015, -0.9614823297495861, 0.8106772858851602]], [[0.3811287953781214, -1.0711548528407557, 0.8150228301183734]], [[0.4874874027893429, -0.9026768357219166, 0.5256899272824159], [0.3074890057334278, -0.8215609918220494, 0.6398645237471781]], [[0.425665056479651, -1.2647905943530013, 0.4721035026266968], [0.1765685926884753, -1.147455043753322, 0.5784925511413146]], [[0.3097963905569984, -0.7079469523526801, 0.3363534730843635]], [[0.2282727983594648, -1.2989357802147519, 0.297890506161857], [0.09611219190081352, -1.2105082233103168, 0.22767408856772978]], [[0.39111605200905364, -0.6627072228534565, 0.04385203170417958]], [[0.21686786378174833, -1.180520185003863, -0.0924247397852223]], [[0.1426155749562897, -0.883232547363363, 0.09456434003850746], [0.24944081843250274, -0.7928657477009168, -0.0151727667010598]], [[0.14178453159560525, -1.128557649240996, 0.09815612599107384], [0.32277788533787655, -1.0690050724966926, 0.06802041715743258]], [[0.6364667157923306, -0.8228072168625499, -0.05772757460137086]], [[0.5892745302685355, -1.0457394199111436, -0.14697256030930383]], [], [], [[0.4747229038157583, -1.0739771969032323, 0.47469361021628687], [0.37917750987423027, -1.0218050397556515, 0.6977733091735019]], [], [[0.3677307235183247, -0.9863687733528408, 0.4042284878555301]], [[0.3891256236939679, -0.975682433051773, 0.020214275694851493]]]}