{"bodyId": "h0", "timestamp": 1630675666924114905, "continuousState": [[[0.4391072333190873, -0.9646220552779566, 0.8160665381229042]], [[0.37789511273304105, -1.0648577398471155, 0.8122416554331723]], [[0.49512202530785265, -0.8930172009262471, 0.5230798828474243], [0.30093358899358874, -0.8217501051485602, 0.6466172268565069]], [[0.4306882690115339, -1.2576958367629485, 0.47294502426590146], [0.1875220148816827, -1.141582817215749, 0.5885688226122052]], [[0.31815637393302815, -0.719057262756938, 0.3611221844265326]], [[0.24334172780432148, -1.2896162980547368, 0.2940768998667263], [0.10726913978839048, -1.205389865308293, 0.24882872240437814]], [[0.4050134016216527, -0.6744737204898055, 0.07121594483908007]], [[0.23362907323226106, -1.1636251083227738, -0.1181411400700058]], [[0.12573139998919572, -0.932865075247694, 0.1481124832563439], [0.26167105640920774, -0.7975630961227789, 0.010833669333046372]], [[0.1422485973044034, -1.129442077283104, 0.09785820076636333], [0.22875884492952947, -1.0355144790570303, 0.0019818430192397045]], [[0.6383273323250144, -0.8220142656604431, -0.043544268470638144]], [[0.6032456366717392, -1.0361212831690563, -0.11868175469729658]], [], [], [[0.4637078634212664, -1.0867001570856625, 0.49583726091868174], [0.3822119807555896, -1.0194041533758713, 0.7074869434031149]], [], [[0.37442232147228105, -0.9883765497599433, 0.41703360434621706]], [[0.3902879648147089, -0.9757281714717736, 0.02715696614786259]]]}