{"bodyId": "h0", "timestamp": 1630675666924115039, "continuousState": [[[0.43548156655011055, -0.9569259705925304, 0.8107878200475548]], [[0.6359966812376263, -1.1701502146858833, 0.5736734196249906], [0.3771346362130303, -1.064139596902938, 0.8182895774238053]], [[0.4848339663929359, -0.9089350890237183, 0.5267532156248683], [0.32553324211668405, -0.8260913460880699, 0.6518589931950644]], [[0.43712763569418855, -1.2553594171557847, 0.4675978834881452], [0.18069115831643398, -1.1432969266105268, 0.5822351806703588]], [[0.38249240996087147, -0.6974281980349235, 0.24118740442211173], [0.3123193233062525, -0.707983829077577, 0.3396675250652902]], [[0.24262206241790504, -1.2897166254780892, 0.29491727407718715], [0.11366593091222443, -1.205302779025477, 0.2455429351784062]], [[0.3978689376209534, -0.664294929233982, 0.05454636030393294]], [[0.22263300188867033, -1.1758353520982796, -0.09269699330746857], [-0.38204329903971596, -1.1409529224640347, -0.6289964627129632]], [[0.1287566690498392, -0.9320203780716434, 0.14247859127481025], [0.27427308666902284, -0.7981692279883468, 0.02076845343959917]], [[0.146871703146325, -1.1467108417394598, 0.1330516117123866], [0.32676224443758295, -1.0601109547444634, 0.08110280880369987]], [[0.6490490523510093, -0.8143412565213797, -0.034449119137199204]], [[0.6027450183092524, -1.0323121656108631, -0.12383775443728381]], [], [], [[0.47021028224893835, -1.0809774850653766, 0.4847712414039031], [0.36910899358116284, -1.0132529531797685, 0.6927460786055086]], [], [[0.40981002282753, -0.9763938075953541, 0.3543926439551285], [0.24650524081134323, -0.9256403778440518, 0.4609513528678245]], [[0.39796037774866716, -0.9805260491304197, 0.049301246287593706]]]}