{"bodyId": "h0", "timestamp": 1630675666924115106, "continuousState": [[[0.4270819108735941, -0.9451968071741499, 0.804253483596694]], [[0.646015063070271, -1.1585778882409385, 0.5498969090842779], [0.4009822076227156, -1.0689886489417244, 0.8309633617277727]], [[0.4877172842773528, -0.907273399240923, 0.5255215864763465], [0.3213095380419802, -0.8215712498658487, 0.6499935695249771]], [[0.44924482621938383, -1.2407682548630665, 0.4522482498915839], [0.1818456277566813, -1.141212909349462, 0.5828114046150217]], [[0.3810962470547839, -0.6982369330241293, 0.2504266162480476], [0.30715884601844573, -0.7011392876619528, 0.33454995321198794]], [[0.2430761647079251, -1.2898253480054982, 0.29643054626174536], [0.10446680192941926, -1.2036379479540222, 0.2380108288151009]], [[0.37108927120636714, -0.652960884767013, 0.027249346994039796]], [[0.21515122701432046, -1.177894968457227, -0.09173640925508403]], [[0.13680112986293205, -0.9108547877998429, 0.12106081554967842], [0.2410004348158618, -0.7951323308527581, -0.021188942708214427]], [[0.14598885473261886, -1.1506336634667045, 0.13795332636463217], [0.32427206963223193, -1.0673711343562082, 0.07463586249880837]], [[0.6461675087962023, -0.8333973455337028, -0.04114569374692587]], [[0.5963776596381677, -1.0458689465747795, -0.12822667625529766]], [], [], [[0.46728516955745286, -1.084170205302794, 0.4902805821550739], [0.37536816742295104, -1.0142908502033157, 0.6976193556714759]], [], [[0.41517053663708386, -0.969502593943598, 0.35133743306981574], [0.2445022368875635, -0.9211760985057074, 0.45868067891350484]], [[0.39607818176441056, -0.9920155045002037, 0.048403816308853154]]]}