{"bodyId": "h0", "timestamp": 1630675666924115173, "continuousState": [[[0.42629247734741355, -0.9425885528026163, 0.80086894358132]], [[0.4041580701399705, -1.067208392796907, 0.8288782377448637]], [[0.4843347486561716, -0.9212715751485662, 0.5291322506662967], [0.33034074175796174, -0.8261430415893751, 0.6505896320331191]], [[0.4284499073953088, -1.2564152633524863, 0.48039394374190214], [0.18757929044719548, -1.1422385670610768, 0.5883631305907862]], [[0.3938932951222112, -0.6865863414087644, 0.2401899675170671], [0.31113646450827265, -0.7040314396295302, 0.3354179606691523]], [[0.23825726016038282, -1.2862985220927388, 0.2866601096437357], [0.09900443697423247, -1.2022789716822475, 0.23546063631399852]], [[0.3827661357543313, -0.658628498081634, 0.042280338564822384]], [[0.21097297816083535, -1.1820873351373706, -0.07174558417276376]], [[0.13967632556763562, -0.9180306665427618, 0.1313338051413266], [0.2524631212522752, -0.7890096156024679, -0.011717328433936927]], [[0.14839001259351345, -1.1512495128062006, 0.14818985568824497], [0.3272320369306999, -1.0588800522740567, 0.07417948370925934]], [[0.051255665116894306, -0.6150428218459331, -0.6105341951288483], [0.6414543534665136, -0.8196357160709413, -0.04216270688616101]], [[0.5996992457958743, -1.0329228967220356, -0.12168452005710242]], [], [], [[0.4671897952658773, -1.087345227879063, 0.4921546196513134], [0.3673068101988674, -1.0110939285589085, 0.6905738376124847]], [], [[0.41117160125876, -0.9715008023806253, 0.36029195562948463], [0.24935787747773408, -0.9231350033453035, 0.46189054562996923]], [[0.09982283885520388, -0.8831461673260668, -0.2311721697203017], [0.48434319519860675, -0.939257884172499, 0.016008388411549165]]]}