{"bodyId": "h0", "timestamp": 1630675666924115575, "continuousState": [[[0.43605432906515373, -0.9370322101772526, 0.7910722184594847]], [[0.39964690172951894, -1.0620848516855894, 0.8110870267766149]], [[0.48594858092759835, -0.9060729882356964, 0.523947410306183], [0.32881705187152577, -0.8250621450892064, 0.6330667595796594]], [[0.427377577659594, -1.2582752983110086, 0.4772632954003086], [0.19909080161415113, -1.136824318054479, 0.5910624906471807]], [[0.38956852582177187, -0.7027385390318343, 0.2537615370425665], [0.3107656574460957, -0.7152298105478234, 0.3270736553294257]], [[0.22408481738032543, -1.3002219329075935, 0.3091722294912554], [0.09473105636071932, -1.1975960678663546, 0.23040848011237017]], [[0.36346093720301403, -0.6540655484390784, 0.02698933967724406]], [[0.20135944766249433, -1.1783651409046128, -0.09868658832008351]], [[0.14330882563868955, -0.8785951863067044, 0.08340814148713457], [0.25406578135803987, -0.8022205583156244, -0.018080237547836078]], [[0.14537469187021093, -1.1152611963027372, 0.0717685635419923], [0.3192220485599657, -1.0698790265808944, 0.06256824928036417]], [[0.645303707902303, -0.8339869205579, -0.04672006777916977]], [[0.6016366504765935, -1.0495396367711014, -0.11931345287198837]], [], [], [[0.4759366693670989, -1.0695754109700195, 0.47557150453827457], [0.37712241969634375, -1.009541107728593, 0.6848270832520071]], [], [[0.40847305174068294, -0.9805069186714215, 0.36551241622143754], [0.2549282295301234, -0.9260270643011512, 0.4590680729883032]], [[0.39533919988625693, -0.9746240584303186, 0.012524247881411269]]]}