{"bodyId": "h0", "timestamp": 1630675666924115910, "continuousState": [[[0.4335228602808543, -0.9393834148663976, 0.7790798505986791]], [[0.6205876753805762, -1.1691074652038924, 0.57335935107445], [0.37927963497196926, -1.056114475000336, 0.8040123711000756]], [[0.48614722356831275, -0.9162008903076728, 0.5268228874466009], [0.32736666326403613, -0.8226100104169181, 0.6469180506531479]], [[0.4306239744264248, -1.2577355997512822, 0.4794846935820364], [0.19587188963087623, -1.1355336387253765, 0.5971046449114672]], [[0.3890712846187268, -0.6967803408747655, 0.25464691342125323], [0.31649920978665297, -0.7078179707338784, 0.3392492846434343]], [[0.2249567825413687, -1.2983469230576865, 0.3069148617496535], [0.09687841585258888, -1.1934731119682993, 0.23504310835424735]], [[0.39553158474761496, -0.6646527592816504, 0.05419753704702384]], [[0.19989135872845168, -1.1747737337236503, -0.10119757371156356], [-0.3310710943250231, -1.1401208533215617, -0.5712685520535963]], [[0.13930081524658006, -0.8926238436170608, 0.09456058783125013], [0.2603385888956002, -0.7977275615109437, -0.007185897346069396]], [[0.14647650413676086, -1.1129334617201252, 0.06201105914767936], [0.32309271699472286, -1.0662825378183451, 0.06816354101989328]], [[0.6349299004335389, -0.8303016251162597, -0.06218460845740242]], [[0.5896196595972296, -1.050634266658948, -0.14183512936007242]], [], [], [[0.46259684263949885, -1.0915624800106052, 0.4960444205998763], [0.3804884205876208, -1.0127857391195387, 0.7044696307424679]], [], [[0.4098476295225758, -0.9772579703130239, 0.3670658035016448], [0.2561855497087646, -0.9216758047296274, 0.46817696477745074]], [[0.3907032022851499, -0.9716175434181924, -8.677465486152738e-05]]]}