{"bodyId": "h0", "timestamp": 1630675666924115977, "continuousState": [[[0.44554757026106245, -0.9442075497369815, 0.7987583203804399]], [[0.6236981110608222, -1.1704831393611357, 0.568994405682816], [0.3934814102495636, -1.0572928078262076, 0.8084907365707678]], [[0.4873033797565732, -0.9106715558880947, 0.5244278295257053], [0.2940192889274856, -0.8075850082057345, 0.6222455763994535]], [[0.4250778978601964, -1.2600790353401312, 0.48402308412278316], [0.19495061232358762, -1.1376076289032016, 0.5945887707912705]], [[0.3145958304179003, -0.7093988052770316, 0.3364543032352549]], [[0.22499005799111757, -1.2988159020289538, 0.3066339142784934], [0.09699486149452854, -1.2017747984582254, 0.23158031010853414]], [[0.3913096450599446, -0.6619758606539767, 0.053600474147275465]], [[0.2011367668443537, -1.173649627472505, -0.10239931510900283]], [[0.1288667480905293, -0.9114925611044159, 0.1332335629710558], [0.25352213751889574, -0.7882104128988208, -0.021127209619291307]], [[0.15425269615015264, -1.0958070947366787, 0.04445517903334849], [0.31912004350182044, -1.0649748071248464, 0.05547826033170327]], [[0.6383084268524437, -0.8307945367698729, -0.0649880633760115]], [[0.5794726020060561, -1.0455964558715871, -0.1622441720046661]], [], [], [[0.4761471968191716, -1.071264281615534, 0.47725308570925074], [0.3716754070659931, -1.0093285887368726, 0.6951599762106893]], [], [[0.36983686413904837, -0.9847389203085815, 0.410238693679019]], [[0.3962805615012982, -0.9633008157532759, -0.010266442171331505]]]}