{"bodyId": "h0", "timestamp": 1630675666924116111, "continuousState": [[[0.4381462444633023, -0.9319540446543506, 0.7976121753852026]], [[0.6254347362755305, -1.1625419193975783, 0.5684785346627446], [0.4132848191163216, -1.0537781739698127, 0.8214836468980824]], [[0.4854659026665568, -0.908696165839995, 0.5246304017462059], [0.29850226649935874, -0.8175881822250255, 0.6210319224128193]], [[0.4235185099772155, -1.261537631990328, 0.48482929487169474], [0.2031499335999654, -1.1394356769959166, 0.5935238787523675]], [[0.31662441376834183, -0.7101496019182062, 0.34026052839443016]], [[0.22961757313714867, -1.2922581506377804, 0.2910576053733068], [0.10386526813093883, -1.1917136117845726, 0.22805158543082507]], [[0.38566275908285685, -0.6605486170699496, 0.04965967669508791]], [[0.20541786830790051, -1.1770565704472034, -0.10870837572861024]], [[0.13942986883446104, -0.9009902086032395, 0.09852334661475948], [0.25639897206479145, -0.7895295450599871, -0.018526540012666827]], [[0.1405990259486642, -1.1294748714848415, 0.0889612640200287], [0.2716103226251737, -1.0401451788419354, 0.005029487309087699]], [[0.6501717617351024, -0.8340089341319588, -0.04970305146519013]], [[0.6059531921376021, -1.0381037982289354, -0.12256370789498283]], [], [], [[0.4754832523488853, -1.071001168517265, 0.47703782879199763], [0.36667388162707265, -1.012339550897807, 0.6829287026203227]], [], [[0.3700714618727787, -0.985843616954267, 0.41254491163306245]], [[0.3953853938418833, -0.9817419028084001, 0.019629106277419286]]]}