{"bodyId": "h0", "timestamp": 1630675666924116714, "continuousState": [[[0.453311293155841, -0.9439036553012969, 0.7888327302314435]], [[0.3938973775460254, -1.060129890564712, 0.8090262023944815]], [[0.4857977765437527, -0.9206571339383275, 0.5237686810838418], [0.3781049051101986, -0.8478133427929277, 0.6783632756902913]], [[0.4341263953695976, -1.2659913798297522, 0.4735834699861804], [0.18871814781809781, -1.1416126299142828, 0.5853824846565828]], [[0.3868573131135939, -0.7088536469650376, 0.2429989689750023], [0.31926300114753414, -0.7036333829169658, 0.33325315120393634]], [[0.24415036947534355, -1.2919156670071597, 0.2917519851019972], [0.12061572769702912, -1.190720671407544, 0.21491326024567592]], [[0.38550606653960107, -0.6557445060009702, 0.04097817541978452]], [[0.22009019297169988, -1.177474174414354, -0.10445850818337976]], [[0.13858684151520623, -0.9146831276157563, 0.11171959819963717], [0.2927529941311827, -0.7991399925661433, 0.008293548654555252]], [[0.14790666277764597, -1.1516010366588851, 0.12391736686243507], [0.3351288872803166, -1.0617078872920407, 0.06016875344137407]], [[-0.011209283907638564, -0.726118999382584, -0.4945689685567952], [0.6847231903070164, -0.8207038364530502, -0.05206834477652069]], [[0.6495361437494791, -1.0420911615426025, -0.1630117983157925]], [], [], [[0.46650644932971025, -1.0946625952737445, 0.48971707763622746], [0.3946862379371284, -1.0198920461017378, 0.7077596610398637]], [], [[0.41049185424159573, -0.9874225133973948, 0.35829121948059134], [0.253990574482816, -0.9226230064156242, 0.4593178179302596]], [[0.0683486894350037, -0.9388600180207345, -0.1853258008471801], [0.5099260387936665, -0.9412058618725454, 0.0040502043324266886]]]}