{"bodyId": "h0", "timestamp": 1630675666924116982, "continuousState": [[[0.46844689887023877, -0.9456021378105905, 0.7985719770608135]], [[0.39631733642620837, -1.0544955560518037, 0.7939139884642611]], [[0.48735844802093364, -0.9161951313533848, 0.5262060349579032], [0.36788627270350116, -0.8465586004002514, 0.6622098057924026]], [[0.43302394407241324, -1.2681455219409472, 0.4794903512152588], [0.2106820290703306, -1.1489467376581908, 0.5901288068307917]], [[0.38294783050557946, -0.7123423450983198, 0.24378867503015544], [0.3331149033679621, -0.7068503476921157, 0.34762138180694707]], [[0.2366659161567663, -1.295184965832067, 0.28401402078195476], [0.10552565869605382, -1.207692819565072, 0.20135664551207105]], [[0.2155043520202811, -0.9563904170911226, 0.3011308416631666], [0.36155022661602126, -0.640063146299006, 0.020774203478866184]], [[0.2094804186453158, -1.168661626182289, -0.11947387155168167], [-0.2172231513109107, -1.169621080980271, -0.4757570365125614]], [[0.12510277902619635, -0.9359438544444132, 0.15238089086350987], [0.2809231435724539, -0.7947610966230908, 0.0014084276273231354]], [[0.13956170426359427, -1.1389511892893234, 0.09682140238108354], [0.3236286214293805, -1.0624541795470395, 0.05346957147269268]], [[0.6851835047394216, -0.8191214818868539, -0.04577508335113589]], [[0.6651826680343711, -1.0490634025564525, -0.14021613957578893]], [], [], [[0.4779905619384344, -1.0816559209328078, 0.4795897163075715], [0.3716807668861984, -1.0144035563284668, 0.6793560387267534]], [], [[0.4079858872889963, -0.9902439335196336, 0.36163951312270715], [0.2718984662191464, -0.9278985426751533, 0.4688750943188694]], [[0.4123726045015079, -0.9790363355880887, 0.025523159514973824]]]}