{"bodyId": "h0", "timestamp": 1630675666924117451, "continuousState": [[[0.46689872160830465, -0.9339171123308653, 0.7979907835615144]], [[0.6357604319013829, -1.157646159393841, 0.5577720970648765], [0.463387696928035, -1.068007250992786, 0.8444635793031513]], [[0.4928134070651585, -0.9053092653189685, 0.5204804095562593], [0.3744556930410026, -0.8426737063727611, 0.6660333578926384]], [[0.4468963410880921, -1.2542867897236138, 0.46336572236048185], [0.2059063493460353, -1.1427435520553682, 0.5909539567410765]], [[0.3871297026085763, -0.7059011894170028, 0.2437256749101407], [0.33396313952206697, -0.7022704390900231, 0.34252718095796947]], [[0.24190555523446886, -1.2958832536137188, 0.2945175695400653], [0.11470209430955537, -1.1991778309584054, 0.2109673559302248]], [[0.3696328265465679, -0.6434956966505869, 0.022819844279561265]], [[0.21333604142396836, -1.1886802558423888, -0.0772408607084194]], [[0.13790038987532216, -0.9079036139423676, 0.1156622405334449], [0.29354299418564006, -0.7972979794984605, 0.012573292755442254]], [[0.14660669362238263, -1.1513179556473792, 0.12862917715894445], [0.3277344222050067, -1.0617583519171656, 0.0565367342575928]], [[0.6935953073237263, -0.8186236471189559, -0.0367948189387389]], [[0.6566031472519153, -1.0516557433568203, -0.1526857399779533]], [], [], [[0.4782578266033156, -1.078736472707672, 0.4802923327795653], [0.3722491329340303, -1.0075343593154622, 0.6816495473963381]], [], [[0.4170130218483342, -0.9800939895703082, 0.35354569863531127], [0.26993474443405113, -0.9225069955726957, 0.466740568849523]], [[0.4201010004730545, -0.9849708013831675, 0.045917179110102777]]]}