{"bodyId": "h0", "timestamp": 1630675666924118389, "continuousState": [[[0.4579750243142796, -0.9545231987687194, 0.7659203132009788]], [[0.6319980962866066, -1.1593306515769142, 0.5598016382315794], [0.3837232315325105, -1.0552650664012067, 0.7722001289993671]], [[0.4856727051863779, -0.9189699598777231, 0.5234558501600577], [0.3529243434114339, -0.8365875339915655, 0.6325704336010881]], [[0.4326779734207001, -1.2683749073946073, 0.4738617895032949], [0.20706668122505995, -1.1440549765731662, 0.5875556555112835]], [[0.39509075982464836, -0.7104458995952501, 0.2665444125711881], [0.32906632230148514, -0.7094571015821804, 0.33588738045114225]], [[0.24189950961456594, -1.2952945245316818, 0.2948908995777724], [0.11335062770888157, -1.2002142388348624, 0.2420478373119479]], [[0.36951049630651894, -0.6476679308396127, 0.03527088323107273]], [[0.20125761717829926, -1.1803742011771705, -0.0987109018742799]], [[0.12461378434376616, -0.9119663864403232, 0.07897494312818912], [0.2504834024847971, -0.7865987443198256, -0.026744136692721212]], [[0.14278925586052257, -1.1391628878010465, 0.07610324029986054], [0.2706682588277961, -1.041180219861847, 0.0060329239977493215]], [[0.6423908673209812, -0.8367455261844203, -0.04517024127945456]], [[0.5968864303129281, -1.0424834874506257, -0.11834933294554208]], [], [], [[0.463911645646922, -1.097817206854843, 0.49280077280046614], [0.36356158246612996, -1.009570195150612, 0.667789240894682]], [], [[0.41388436662267425, -0.9894104034949287, 0.3702031010372415], [0.2680665017632725, -0.9267560390776733, 0.46172151798121286]], [[0.3925900615907519, -0.9879542069927334, 0.015466499510202993]]]}