{"bodyId": "h0", "timestamp": 1630675666924118590, "continuousState": [[[0.4629175334024401, -0.9676575918809294, 0.7815439206249665]], [[0.39525990441384373, -1.0608733935959322, 0.7824982750379612]], [[0.4880938199892462, -0.9235549283452944, 0.5219202439101295], [0.28672096795288143, -0.811976530220478, 0.5732899025481226]], [[0.43452069985209035, -1.2683040525336915, 0.4683697024992116], [0.20699346313121328, -1.1451947494277066, 0.5775701485151323]], [[0.32236858599676704, -0.7164581709710993, 0.3201095992894102]], [[0.2378796421271897, -1.3009966854376962, 0.3034432463642961], [0.11938647862563198, -1.2067317674212874, 0.23789669265814542]], [[0.35757203951214, -0.6516901964665957, 0.023550725293721826]], [[0.20891228969083794, -1.1721304191719242, -0.11542014143351138]], [[0.12773077501616756, -0.9361317850559657, 0.1471769394352159], [0.2610066656558668, -0.793952018097441, -0.022060517903150185]], [[0.1468142461491964, -1.1538340297386531, 0.129779577140926], [0.3233914503617184, -1.0590257557838496, 0.05774827765864757]], [[0.6269042028957865, -0.832432436746837, -0.06049835230748158]], [[0.6066764650799082, -1.0445108903162819, -0.10508350451015348]], [], [], [[0.45211931921621434, -1.117350606001387, 0.5064952447982537], [0.3593962006977204, -1.010560960264841, 0.6499639974732352]], [], [[0.3784446429244287, -0.9923811117523954, 0.3942396508943109]], [[0.38685922452249144, -0.993133233242745, 0.034640612416722213]]]}