{"bodyId": "h0", "timestamp": 1630675666924118657, "continuousState": [[[0.4766479992362667, -0.9784746313409101, 0.7896131889615119]], [[0.3867710303910667, -1.05838724684477, 0.7775012989896859]], [[0.4891458166161615, -0.9208780753813565, 0.5189596840853353], [0.3139982249421146, -0.8223039917936067, 0.59194096779555]], [[0.4361991596396301, -1.2708075622562998, 0.47169857505742063], [0.21314933039407197, -1.1403892916511913, 0.5837527034846552]], [[0.3229221657996852, -0.7181502917078042, 0.32562366889917416]], [[0.24853288717808716, -1.292573676847572, 0.2899019276815625], [0.11113778585124919, -1.2067183032918687, 0.24522659894508955]], [[0.34220327189971, -0.6436627189371193, 0.005535333960851176]], [[0.2188977894438189, -1.1778083658436167, -0.1000796332883399]], [[0.12379684181502426, -0.9597257566369695, 0.16545433720195707], [0.24598161068443689, -0.7908689306054678, -0.016887875331261286]], [[0.14866125896239787, -1.159897976544543, 0.13224740100231133], [0.3264383362549156, -1.0598071179864803, 0.08158063291176586]], [[0.6119536528926339, -0.8305801385028373, -0.031043757539212267]], [[0.5978408518466856, -1.0441581007975809, -0.09364689691117997]], [], [], [[0.4594163421246623, -1.112353482719368, 0.49938536108440995], [0.3607362397671657, -1.0079865419121925, 0.6520419492554017]], [], [[0.3795606627196576, -0.994478926982052, 0.3986611219782974]], [[0.3803074559275159, -0.9952390575236901, 0.050601821731549534]]]}