{"bodyId": "h0", "timestamp": 1630675666924118791, "continuousState": [[[0.47423357610308836, -0.9864612981323359, 0.7894693631014266]], [[0.33460942828272616, -1.0491321443188817, 0.7364677557169332]], [[0.48827475114891666, -0.919902136347827, 0.5190809939066725], [0.2855388583440001, -0.816469722678453, 0.5755476252958347]], [[0.43434669379076635, -1.2704360329148903, 0.47350682373411085], [0.20940574645265178, -1.1352605346204843, 0.5764671044717286]], [[0.3913163847750805, -0.7227395520695639, 0.28950601623117883], [0.32605799666055485, -0.7198522939193163, 0.33273921684377095]], [[0.2504088882526949, -1.2924622605803515, 0.28709593986296184], [0.11051414594193057, -1.2063082399661385, 0.24939477491633896]], [[0.35049448302025643, -0.6448172412266454, 0.015979770335051397]], [[0.2165033498592353, -1.180376025227123, -0.09254310587086093]], [[0.1386097332036594, -0.9222910864113046, 0.12799052990187487], [0.24711739279618383, -0.8063595243116519, 0.02450028076995045]], [[0.1491864809688024, -1.158019833069331, 0.13771439851340891], [0.32033061003607805, -1.0560772596697543, 0.10988859120886059]], [[0.6055012337466972, -0.8318428642826816, -0.022997980020134264]], [[0.5105346837170945, -1.0242540081193896, -0.1103126581478034]], [], [], [[0.46117873491541295, -1.1086902168499728, 0.49614622105347667], [0.3518192441662411, -1.0083116713560405, 0.645388007940151]], [], [[0.41283153928292343, -0.9965877924922271, 0.38150641998264484], [0.26773187155660333, -0.9275564142699002, 0.45460316065774975]], [[0.3773438573577498, -0.9949313486760063, 0.05735820924663733]]]}