{"bodyId": "h0", "timestamp": 1630675666924118925, "continuousState": [[[0.47957041372782827, -0.9753150727529519, 0.7930568824043072]], [[0.6308159030981287, -1.1577004000005113, 0.5535596881211771], [0.42596487400309274, -1.057006368304782, 0.8012394988639145]], [[0.48740207276720643, -0.9124829643227145, 0.522004990397053], [0.30848380116866725, -0.8139297967592115, 0.5843032323308832]], [[0.43385472495455357, -1.270331037044098, 0.47328973941467517], [0.20740343751178716, -1.1313474528260743, 0.5798305362400201]], [[0.32834557171486084, -0.7137862452795655, 0.32445102631084205]], [[0.24389012274474833, -1.298081046706233, 0.2982190068034306], [0.11344568061490554, -1.2041508105075214, 0.252624986964395]], [[0.37568183758995044, -0.6587244153199731, 0.033315074450973495]], [[0.22492750263028813, -1.1764524030949886, -0.08780468444432586]], [[0.14123726684360202, -0.9182967250770675, 0.13074505916723683], [0.25602964919122495, -0.7961905317970672, -0.002975413595088412]], [[0.14916934002357862, -1.1613883899109905, 0.15139386163109292], [0.3223326825342042, -1.0517513257133126, 0.07699175694884025]], [[0.6010708705127117, -0.8226441556303161, -0.04007271644425782]], [[0.6062158598188462, -1.0417012461571862, -0.07765809021821406]], [], [], [[0.46709381610288536, -1.097992037231857, 0.4892458953027126], [0.34384357939584176, -0.9954668561274793, 0.6385328802178311]], [], [[0.3811001483347072, -0.9920586411618317, 0.3988703828627586]], [[0.37512010526814515, -0.9920162727706533, 0.05566057259341755]]]}