{"bodyId": "h0", "timestamp": 1630675666924118992, "continuousState": [[[0.45193453126037275, -0.9783362504506038, 0.7721797676491344]], [[0.6345572490152833, -1.1563626603958785, 0.5605392570728063], [0.40031516916498366, -1.0534893711032849, 0.782407171326869]], [[0.49323430049575817, -0.9070202607339933, 0.5183080272396455], [0.27768559129518555, -0.8052780466534559, 0.5550686011128312]], [[0.44563019929428643, -1.2562059774528733, 0.4600852166323883], [0.2152188125309069, -1.1307479979544444, 0.5830316463691682]], [[0.4839011439070794, -0.5405249274784585, 0.17705838102686744], [0.3266216975059865, -0.7110070186241736, 0.32558632298464885]], [[0.24123513375310263, -1.3017858090776522, 0.30751806564823303], [0.11367594735793023, -1.204312496988782, 0.2522962352364227]], [[0.3548409722374033, -0.6468458055888531, 0.013263733893514882]], [[0.23627342287900643, -1.1608286766385258, -0.125386826263908]], [[0.15120579544822682, -0.880982809356858, 0.09832733421269359], [0.25011165970210525, -0.7926345047874862, -0.0159891411262588]], [[0.14788656386552157, -1.1591747453112198, 0.14678765161236196], [0.3021033861880544, -1.0415793776169935, 0.049243325103047485]], [[0.61385041232815, -0.8342079808822273, -0.027647172365315557]], [[0.6111636815814193, -1.03385183079886, -0.07423388258366276]], [], [], [[0.471666065810269, -1.0905604631504962, 0.4860810440583158], [0.34725254238101977, -0.99827139726919, 0.6368665987263262]], [], [[0.46476567160068294, -0.8983654524656659, 0.3185717988296279], [0.27092025501844674, -0.920877508289309, 0.4543089846769085]], [[0.38086848809683577, -0.9966913630967236, 0.0595702396235232]]]}