{"bodyId": "h0", "timestamp": 1630675666924119193, "continuousState": [[[0.45859379734137884, -0.9845882406009634, 0.7771303888281942]], [[0.41051270706725723, -1.0508807889111977, 0.7895153148712589]], [[0.4941938836347426, -0.9080202183789097, 0.515581585356767], [0.2922458054219521, -0.8141859036858348, 0.562454891572416]], [[0.443079724245534, -1.2571864859783177, 0.4540224525724677], [0.23297777697939365, -1.1340739126539114, 0.5923521410746952]], [[0.3196890745004011, -0.7081887168363069, 0.3170126472180036]], [[0.24179335992538387, -1.2979025450534263, 0.2984420819660827], [0.1252739437550108, -1.2079310145643025, 0.2629160892207001]], [[0.3623245604149113, -0.6526467368233796, 0.02052821600698712]], [[0.21216397340963192, -1.1927561721022235, -0.06204062685178883]], [[0.14283622333772167, -0.909679151907046, 0.12398027034223583], [0.2619345438111659, -0.8124738283933969, -0.0056407496278905005]], [[0.15120528291532828, -1.1515218818342092, 0.13511734846065745], [0.31288566333384665, -1.046743278202479, 0.05895964640878378]], [[0.607842880140955, -0.8344237114757602, -0.038021642256553835]], [[0.6039340719470813, -1.0309244053470243, -0.0906120891901544]], [], [], [[0.4534782520601231, -1.1121068988524907, 0.5053549983291579], [0.34491346256541217, -0.9989678137842829, 0.6331684223428227]], [], [[0.38138439937296753, -0.9826876014073123, 0.3855175498952357]], [[0.37952408152814165, -0.9929727966549847, 0.04854785310205181]]]}