{"bodyId": "h0", "timestamp": 1630675666924119327, "continuousState": [[[0.46482090503650647, -0.9763278326794005, 0.7757083340964132]], [[0.6355295699035507, -1.1544723918029745, 0.5530678286464374], [0.3988144241520197, -1.0455205653087798, 0.7744499905150841]], [[0.4916040296515461, -0.9082872989875136, 0.5191958870748892], [0.30205440397554595, -0.8236819573968832, 0.5791183584672653]], [[0.44382810117662036, -1.2571938498406303, 0.45973201366797434], [0.23402543590717143, -1.1286206515706294, 0.595385764343389]], [[0.43908750355783543, -0.6123302753587577, 0.23460707664434904], [0.3235916771675045, -0.7114273264665314, 0.3211908110715003]], [[0.24484472263333573, -1.2945300049917892, 0.29312079180127876], [0.10384264301302142, -1.2033803348941734, 0.24707409587187748]], [[0.36846298500980745, -0.652935963766856, 0.02242413054788085]], [[0.2218642868643485, -1.1790471753962866, -0.09387651541046785]], [[0.25554992610404814, -0.8080251284130034, -0.0014574719506142628]], [[0.14940484544766297, -1.149961553820132, 0.13507565859086434], [0.32157983563685705, -1.0470244581637411, 0.07727008570009161]], [[0.6090411869862731, -0.8372062961155203, -0.022064508025768873]], [[0.6034445635507705, -1.0349883462359417, -0.07930863832978434]], [], [], [[0.4631714567156065, -1.0994570275448037, 0.4952848243452323], [0.3340309204013822, -0.9976069374636951, 0.631023971489326]], [], [[0.44145780236722787, -0.934762062599694, 0.3471695451561617], [0.27880855653733794, -0.9200239890185804, 0.4582882877074447]], [[0.379223016216968, -0.9935839249678262, 0.05650557528254774]]]}