{"bodyId": "h0", "timestamp": 1630675666924119461, "continuousState": [[[0.4828449732075728, -0.9654415188665618, 0.7924741525628787]], [[0.42940452473188134, -1.0450078776483311, 0.8008722005561106]], [[0.3597674883126645, -0.8377321503546316, 0.6235374019387002]], [[0.21235352480929556, -1.1281564130032562, 0.5855974101940314]], [[0.32058872438444086, -0.7064733210055867, 0.3227675588452892]], [[0.11733905447380198, -1.1981859229659826, 0.2570261755811189]], [[0.35865912477579354, -0.6479010797467301, 0.017990080689053455]], [], [[0.24594820550223812, -0.7958716183535877, -0.004718411888295123]], [[0.32179776114837566, -1.0599286255323381, 0.10722597792498187]], [[0.6040456651543634, -0.8254893502836367, -0.03790528522789464]], [[0.5842148561817669, -1.0459812338918637, -0.11096210279546358]], [], [], [[0.345399484959845, -0.9946474522599413, 0.6416215382508863]], [], [[0.2664711245968682, -0.9173148670044214, 0.4541824845196603]], [[0.46292171315136954, -0.9427089879079874, 0.03466034634854362]]]}