{"bodyId": "h0", "timestamp": 1630675666924119796, "continuousState": [[[0.4790117006750777, -0.9618952604447614, 0.7767768081073542]], [[0.6289356561544762, -1.150096539441786, 0.5560196650269611], [0.41233935564135166, -1.0418670428912598, 0.7840551702279345]], [[0.49176929907979267, -0.9080158079058906, 0.5234265246764402], [0.33428059373690505, -0.8323357715956182, 0.6097991195295651]], [[0.4399608586121231, -1.2564839056002333, 0.47247670561696853], [0.23040235496910486, -1.1341114321155688, 0.6022242702941639]], [[0.47852570738517075, -0.5010615947073123, 0.14771341783505476], [0.321524470165627, -0.7052708267546205, 0.3234476661074018]], [[0.24401003023647655, -1.2982468179116742, 0.3021435563370519], [0.11911508185087269, -1.1976322196748947, 0.25156966658315993]], [[0.37290573408643035, -0.6546900286200372, 0.04098169863351768]], [[0.2138629409214641, -1.1840558772528802, -0.08057876832452189]], [[0.14994906963445806, -0.8861220023565111, 0.11015717472337519], [0.25616378454270605, -0.8073832358287808, -0.0021178747519866193]], [[0.14957895348721245, -1.148369474062987, 0.13751575395020132], [0.3242009982006048, -1.055423100045844, 0.08205779096430364]], [[0.014339562166926726, -0.579325605575204, -0.6816302175778358], [0.6185670433821581, -0.836157563934759, -0.022614910774917462]], [[0.5888891142202592, -1.041540263338548, -0.10787219172276968]], [], [], [[0.46854263318703626, -1.0903774051344868, 0.4923160392166877], [0.35620694925663904, -1.003266287787582, 0.6571767288944734]], [], [[0.4592432829986469, -0.8787727501537728, 0.31009506172601164], [0.27596341256736595, -0.9196911294350947, 0.4628359682007829]], [[0.08195925782706959, -0.8638475398190955, -0.27205723181381725], [0.4713840207913814, -0.9457903319903016, 0.02972144009469309]]]}