{"bodyId": "h0", "timestamp": 1630675666924119863, "continuousState": [[[0.4754426576554104, -0.9647118596812838, 0.7808007622690112]], [[0.6380806867064949, -1.1467355646001074, 0.5502508848293614], [0.39556134618018335, -1.0451386173132078, 0.7754280320463095]], [[0.49781214275255337, -0.9056360509609013, 0.5178779884104769], [0.2903854706433253, -0.8120364683196686, 0.5702057522524694]], [[0.4428696303489433, -1.2542886473784376, 0.4702808478083326], [0.22827746200275464, -1.1342297455888872, 0.596725256639784]], [[0.49598352649780425, -0.47433845417764064, 0.11548559011958855], [0.3247941661790446, -0.7061123247723895, 0.32235573103461024]], [[0.248689337401998, -1.2879970245540107, 0.2889603143753054], [0.12374124330340555, -1.1983105047751144, 0.2602576517251011]], [[0.36438334273140754, -0.6543616089195441, 0.027384916291975515]], [[0.20824246323005496, -1.1914608865338097, -0.06083673062610137]], [[0.15889065081506715, -0.8515882796542, 0.07008470311427754], [0.2536254423682351, -0.8058650576809265, -0.01168070764311051]], [[0.15352322117154937, -1.1339006035355177, 0.11736505483839142], [0.2797481530421303, -1.0547582893188372, 0.032662184719217065]], [[0.6183022206703019, -0.8352446558980595, -0.02701558655622307]], [[0.5957214774608335, -1.05524639142037, -0.10464490737848996]], [], [], [[0.4708046069276889, -1.089980521895488, 0.49123626032632933], [0.35323232676862243, -1.0010612163934156, 0.6466716810218854]], [], [[0.46942657842337376, -0.8643135507780391, 0.2928832189639606], [0.2765358140908996, -0.9201710351806384, 0.45954049383719714]], [[0.38591272092092566, -0.9845726297167886, 0.04517473414108418]]]}