{"bodyId": "h0", "timestamp": 1630675666924119997, "continuousState": [[[0.47575417546214793, -0.9571739745582775, 0.775350760713859]], [[0.39516570618357194, -1.0478455650475758, 0.7721085830395011]], [[0.48678109762227445, -0.9168701294769964, 0.5307221857281095], [0.36518067306595525, -0.84174032687245, 0.6387511566310723]], [[0.44750846919327847, -1.2479951102455311, 0.45586242335023225], [0.2144591989174662, -1.138651800745412, 0.5922677935102775]], [[0.47837384076945993, -0.5005873058681809, 0.1466087804116121], [0.322732700079501, -0.7024489829710402, 0.3273866859341449]], [[0.24422344726998102, -1.2932764304404756, 0.29752551302082997], [0.12296361231064724, -1.2022451516146404, 0.2571824104292987]], [[0.36933646615376003, -0.645163617778789, 0.031073800990029894]], [[0.21329480167883252, -1.1859022962221488, -0.07416616833478361]], [[0.15098281642852163, -0.8708007487817168, 0.09283154962152275], [0.25466026688224636, -0.7957144852077039, -0.002759792059256597]], [[0.1573608611534516, -1.1267315987244402, 0.10172355057023197], [0.3004529957772179, -1.055747108707923, 0.0797064157498487]], [[0.6052021709172503, -0.8182369636030972, -0.037932883728933574]], [[0.6011131375185992, -1.0505490985615111, -0.09421768969768209]], [], [], [[0.4741901065098063, -1.0839451397210902, 0.4838510759692227], [0.377958374261191, -1.0094305196451008, 0.6755655021060116]], [], [[0.46294115498136923, -0.874291208056856, 0.3012356018809222], [0.2685959494984836, -0.9205503918582261, 0.4598272397222112]], [[0.38128151603535093, -0.9724842811637686, 0.031895333420649194]]]}