{"bodyId": "h0", "timestamp": 1630675666924120131, "continuousState": [[[0.4699808382001486, -0.9535231206805401, 0.7736619870275491]], [[0.6325388260310231, -1.1528309303000948, 0.5563516048602003], [0.39061980564338955, -1.0504213658694717, 0.7725124688727316]], [[0.4940965540230937, -0.9095308047978314, 0.5238016551473608], [0.3591537100010835, -0.8364842881279615, 0.6311449691284526]], [[0.44464151950348885, -1.2509170736837218, 0.46289913006839256], [0.21868481807824788, -1.1418647487488862, 0.5927522053029736]], [[0.484277114157385, -0.49321682160522073, 0.1388921522764399], [0.322798238706514, -0.7012060116325701, 0.32426920755199057]], [[0.2446317578074334, -1.2895783072799523, 0.2895648522360614], [0.12120592632062699, -1.204361517600526, 0.25080879437431575]], [[0.36689029271424034, -0.645828750429252, 0.02916138626500947]], [[0.21657778088442672, -1.1792714650927345, -0.08519083421947744]], [[0.16838532080676505, -0.819133672246935, 0.03824425681496018], [0.23820661909611884, -0.7865283564238942, -0.022429809956132432]], [[0.14224653207409743, -1.1284958415779893, 0.09846265757378592], [0.3259662568953629, -1.0589682623489274, 0.08235676581196322]], [[0.6198584121901642, -0.8230614975811081, -0.02492294251809517]], [[0.5971490975556137, -1.0488593748117145, -0.1019120578259392]], [], [], [[0.4683657455917779, -1.0917177588935, 0.49267636741273363], [0.3805097869254155, -1.0099421769457735, 0.6738222210110837]], [], [[0.46445931683043695, -0.8720669476444713, 0.30089564117241624], [0.2707415283923809, -0.9215353801907282, 0.45851070642748204]], [[0.38105247213213084, -0.9757786695795487, 0.036769857527845375]]]}