{"bodyId": "h0", "timestamp": 1630675666924120198, "continuousState": [[[0.4801955497933309, -0.957451773123996, 0.7892821858457416]], [[0.6313668574626236, -1.1554747151512101, 0.5592640035724606], [0.38600782873439354, -1.0521741701854708, 0.7764504477693536]], [[0.4892058277046065, -0.9133881011918156, 0.5264293247024394], [0.36397593872345463, -0.8382201462676855, 0.636084423781668]], [[0.43964807900113423, -1.2567449143357152, 0.47212890136347574], [0.2165723761013387, -1.1487053880115694, 0.5924506492029042]], [[0.48297396781895935, -0.48807846254025455, 0.13086435330864402], [0.3215232283903986, -0.6976746832582474, 0.3249785275783674]], [[0.24550407762980564, -1.2932728337787667, 0.2943064739945578], [0.108591505467778, -1.2055286876260516, 0.23560783070516436]], [[0.3685190299219937, -0.6479889551796042, 0.024989680149285733]], [[0.21498471281758674, -1.1781505036968989, -0.09199618944754911]], [[0.14456503837379928, -0.8832519064516384, 0.10492164517364176], [0.27038929022580305, -0.7908840480568368, -0.005603111152370047]], [[0.14325364608944108, -1.129453008499342, 0.09447061589268083], [0.32255409305844274, -1.06136918536039, 0.06327873509603069]], [[0.6432985820444892, -0.8111595052993595, -0.03790345270155785]], [[0.6086352644779794, -1.0435593009606172, -0.10905331223033204]], [], [], [[0.46762349272963105, -1.0917530487680591, 0.4935453173750475], [0.3598966102457157, -1.0058167736176749, 0.6601256365655886]], [], [[0.4613110234100468, -0.8724116884379849, 0.30149662733605986], [0.26904780224586866, -0.9231900356349084, 0.45871458839063584]], [[0.39327611406696517, -0.9703062568993508, 0.028283581595561488]]]}