{"bodyId": "h0", "timestamp": 1630675666924120265, "continuousState": [[[0.4667895501390178, -0.9509583229711702, 0.776641704586532]], [[0.6437093588261998, -1.1505064903237832, 0.5497693758973321], [0.4048992893310076, -1.053551835056973, 0.7830646886942999]], [[0.48985395342343685, -0.9130485060134379, 0.5270212117340386], [0.35267862961787544, -0.8398066270140525, 0.6338801381082678]], [[0.4395441941900453, -1.2566394187887682, 0.4721363944343159], [0.21686067629438252, -1.1372796659318007, 0.58945492201466]], [[0.47830826697002593, -0.4960075799861245, 0.12969538009940834], [0.32179901072350414, -0.7033257963693686, 0.3284112048242371]], [[0.244701671166548, -1.2929202482798332, 0.29406847361848076], [0.1325506784904685, -1.1873491372709368, 0.25113249671918286]], [[0.3661833231225969, -0.6487613430635986, 0.026196985211806124]], [[0.21361845061800408, -1.1847171652109445, -0.07850240553964545]], [[0.16029838688275494, -0.8358014754048033, 0.05327317245006293], [0.3287979854080636, -0.8137709090871393, 0.06569282339498295]], [[0.14181906457596455, -1.1255659209305564, 0.09084779238432475], [0.31709197366002967, -1.0423365009896288, 0.06428631746323095]], [[0.6213729798378224, -0.8129265643860987, -0.029755926997848292]], [[0.601519347336737, -1.0287486051376826, -0.10841006769635692]], [], [], [[0.4655281784228815, -1.0932126356425618, 0.4966821141109342], [0.36904082816519324, -1.0090380031332136, 0.6706984511773206]], [], [[0.4589262305800356, -0.8763234993874464, 0.30091588726686214], [0.26932984350894335, -0.9203027311505847, 0.4589330634194485]], [[0.3815960222068935, -0.9692462426583275, 0.03054593269323823]]]}