{"bodyId": "h0", "timestamp": 1630675666924120600, "continuousState": [[[0.44693673673784495, -0.9456608178023098, 0.7835451696205982]], [[0.42964355769887447, -1.0724910584746186, 0.8229407631956922]], [[0.4830171546825127, -0.9115965668375975, 0.5266407524711302], [0.3817539157747035, -0.8438773777273346, 0.6859537429319049]], [[0.43018892076683946, -1.2700592575302971, 0.47398628937485443], [0.18021235718003573, -1.1454680753438562, 0.5791305726400885]], [[0.4786628433432493, -0.5428759461197683, 0.16592431297302504], [0.3160261092637163, -0.6943361365003231, 0.32779668495921394]], [[0.2299090118483874, -1.3020692482298657, 0.2968303895471629], [0.10675599880479762, -1.2133339930003884, 0.2396809494943459]], [[0.3719364699196617, -0.6409982020291028, 0.020359379063554114]], [[0.21747745650928282, -1.183534490206464, -0.07947682480876665]], [[0.14333243801359316, -0.8882490084895532, 0.1010109180318375], [0.2510375729042946, -0.7882779681163377, -0.021228230388945803]], [[0.1476903620974569, -1.1556002366030684, 0.133116728757833], [0.3204394798558826, -1.0706796581476012, 0.06412444724555234]], [[0.6412207693191633, -0.8186569986307163, -0.041665202266445024]], [[0.5767763207363769, -1.0518444303926795, -0.15510857770025382]], [], [], [[0.466194652132919, -1.0909586145623298, 0.48794631911835973], [0.3926034731940585, -1.01824244637232, 0.7074874894523213]], [], [[0.4544258820550444, -0.9064676018250327, 0.3199553011739397], [0.248119233221876, -0.9199021059220897, 0.4534636287996512]], [[0.3944555657083101, -0.9871286176168923, 0.045725763245693996]]]}