{"bodyId": "h0", "timestamp": 1630675666924120734, "continuousState": [[[0.44226246777515305, -0.942438500824763, 0.7787146442905531]], [[0.391003956910745, -1.0642367644886443, 0.7971459735953613]], [[0.487636957050631, -0.9143658348711219, 0.5222560195989646], [0.3798383874581459, -0.8419095228641762, 0.6822471103312497]], [[0.42037482233079193, -1.2798434541976371, 0.4871412701048124], [0.18458474886109297, -1.1429317042011753, 0.5838670547158069]], [[0.44282299675870246, -0.6230153316010324, 0.2220038279995656], [0.31421504294315833, -0.687241817983455, 0.3200626294275421]], [[0.2383014608042552, -1.304711155013617, 0.3145140507680692], [0.10021128793996786, -1.2088796486024163, 0.22601254267115906]], [[0.37514157578721735, -0.6431342725953445, 0.022373313892250734]], [[0.2187485116549509, -1.1897548405809009, -0.06951920301161021]], [[0.13722532964517176, -0.9335968806500475, 0.15032458030648127], [0.26901263536673764, -0.7910099639338538, -0.00549932241907959]], [[0.1487349107902469, -1.1623448851952194, 0.15185106076688135], [0.3192131456848342, -1.0633183872109107, 0.05569197178586956]], [[0.6495291898840546, -0.8122267186707934, -0.032999332106109475]], [[0.6172366855354865, -1.0369838784023653, -0.15491138360088144]], [], [], [[0.4571154240681812, -1.1062345687002004, 0.5006517907551783], [0.3937018409041052, -1.0173073026072872, 0.7079045866744827]], [], [[0.4315989095447472, -0.9514293928993347, 0.354572549052189], [0.24939989590212563, -0.9150867610923151, 0.45196484207167453]], [[0.39913205033715077, -0.9872858019330064, 0.059425864330385936]]]}