{"bodyId": "h0", "timestamp": 1630675666924121471, "continuousState": [[[0.4490960024908227, -0.9538563298487932, 0.7840428096301565]], [[0.3916831884329406, -1.069206174384292, 0.8001969201398242]], [[0.49272335654742866, -0.9126850881752571, 0.5236301116719252], [0.3166375705309404, -0.8161292981639445, 0.6423235331524363]], [[0.4351140875905209, -1.2611637045782877, 0.4732828671904684], [0.18719373066543768, -1.1461297067588867, 0.5880757221183358]], [[0.3877937848091262, -0.6902229071871855, 0.2541445045848334], [0.31556796488666644, -0.7041765532364539, 0.32804663464724193]], [[0.2459581291431486, -1.2891823753516596, 0.2892642735095708], [0.10368151138196913, -1.216529153469424, 0.2446342306824315]], [[0.37613629506897883, -0.6539612545198259, 0.023839183623706277]], [[0.22361913287313592, -1.1796904746582322, -0.08535148706916516]], [[0.14529973782789063, -0.89587156822925, 0.10915291394943165], [0.2629623479761956, -0.8173048754130439, 0.005198194982438508]], [[0.15589504063176599, -1.1375709266144205, 0.12034775726898284], [0.2859446761559252, -1.0714163949287436, 0.060738653478135805]], [[0.6368453640218266, -0.840159474652051, -0.05185779029521882]], [[0.6154793610956962, -1.0803246571503, -0.14003412019246297]], [], [], [[0.46454833965926623, -1.0946854421439363, 0.49781412691926946], [0.4073121119888549, -1.0221299690028585, 0.7189769649484063]], [], [[0.4114539361998235, -0.9756933058827366, 0.3637136858876509], [0.2513808477760521, -0.9251531299976703, 0.45806117838278887]], [[0.39637020232679626, -0.9888652006332357, 0.03424498348688201]]]}