{"bodyId": "h0", "timestamp": 1630675666924121538, "continuousState": [[[0.4439322821724263, -0.9589625294923356, 0.7896571126174535]], [[0.36412554919270224, -1.0627256536963918, 0.7811320507370311]], [[0.30401321586297375, -0.8117853440612804, 0.631528263366688]], [[0.18649705072019765, -1.1400345785475365, 0.5819904410641571]], [[0.31208249582405895, -0.7123941187577632, 0.3275923459251608]], [[0.1038029274842529, -1.2103446442332464, 0.23423118606557022]], [[0.36002347210152424, -0.6561909175681235, 0.021132969553522115]], [], [[0.25558832705731854, -0.8082925549745459, -0.0015607071651074875]], [[0.31408591455909185, -1.070248365380316, 0.06745899210643051]], [[0.6051136864400639, -0.8251811887491484, -0.09010993622412798]], [[0.5888624503749436, -1.0560527992480702, -0.13374344266897242]], [], [], [[0.41387133119463715, -1.0219616982834692, 0.7187819944270148]], [], [[0.2492897732721283, -0.9262143486526498, 0.4547913934946589]], [[0.4595998004995779, -0.9477147770647323, -0.011325472058848735]]]}