{"bodyId": "h0", "timestamp": 1630675666924121605, "continuousState": [[[0.42906226481263776, -0.9481411144834617, 0.7699209336150875]], [[0.4113868586827391, -1.072943478912088, 0.810216454679511]], [[0.48810286734969505, -0.9135903475229832, 0.5164193369968387], [0.31086838937005906, -0.8138008728317588, 0.6370797705675811]], [[0.4356472561426776, -1.2600078933191927, 0.4664080268347234], [0.18002350427733996, -1.1459111491951366, 0.5792843011498143]], [[0.31188582940309423, -0.7014389468055932, 0.3300508328884707]], [[0.24860064356972128, -1.2866384679343037, 0.2897786233822758], [0.11165840916866296, -1.2159907057739172, 0.24104846603014768]], [[0.34741958122144934, -0.6435272738002024, 0.007061190752267748]], [[0.22251887197023945, -1.1781540314370118, -0.08896522585036747]], [[0.1216573096364262, -0.9631587037282014, 0.17918659983462884], [0.2381692993484637, -0.7941219198131366, -0.025552253826288732]], [[0.14904489533997975, -1.152297750459469, 0.13337234602021203], [0.3478768943387015, -1.078537624006162, 0.09784200227288965]], [[0.651366077007023, -0.8318931301673771, -0.03932145353546548]], [[0.5905027069044515, -1.0525515717460865, -0.14171531555883893]], [], [], [[0.46869172815439486, -1.090220883133428, 0.4845796509406084], [0.4112390389252521, -1.0240889981820538, 0.7200980361951227]], [], [[0.3737665427728859, -0.9807234200623929, 0.39822942986159704]], [[0.4002054861735014, -0.992095440313423, 0.04702544624237327]]]}