{"bodyId": "h0", "timestamp": 1630675666924121739, "continuousState": [[[0.46074540473852993, -0.9644433761339778, 0.8014021511840002]], [[0.3745494441649312, -1.0652607119113278, 0.788555204136968]], [[0.49004431984214575, -0.912873773500683, 0.5219612376903746], [0.31256988700931376, -0.8161787292883592, 0.63769576699574]], [[0.43334819373938804, -1.262668470531125, 0.4726197408497268], [0.2098581011068452, -1.1467715074646456, 0.5949099862781038]], [[0.31537367091099644, -0.7053284159713261, 0.3346314879427871]], [[0.2476153451252955, -1.2890804752088338, 0.291607586622961], [0.10798491059220829, -1.2088045345966678, 0.23737032443439784]], [[0.36982773538294555, -0.6575394788888322, 0.027950340552835087]], [[0.2212985469208842, -1.1792368209666495, -0.08640209004502526]], [[0.127253552215951, -0.9518757281984915, 0.1685149726595689], [0.24881410757840378, -0.797475706767749, -0.016936391921456333]], [[0.15046904421319215, -1.15283761087706, 0.13649066700931098], [0.32314076529982505, -1.06179429491648, 0.06736360778682911]], [[0.6352814454867943, -0.8350119086324338, -0.047168043969433485]], [[0.593865410954204, -1.0446968402103674, -0.12640081092376704]], [], [], [[0.47106091244258225, -1.0877896769436721, 0.4848639188739156], [0.40292557882208324, -1.0215261449495212, 0.7083240413189369]], [], [[0.37436093232519224, -0.9839984432512257, 0.40362561439625694]], [[0.39287524484999325, -0.9939247597547469, 0.04466131151993875]]]}