{"bodyId": "h0", "timestamp": 1630675666924121873, "continuousState": [[[0.4391256567953271, -0.9625856054468245, 0.7934689500196107]], [[0.3976980119271925, -1.0740625082044402, 0.8111826022255351]], [[0.4942766908840577, -0.9043076537103191, 0.5180057105244155], [0.3309268243331724, -0.8276868149084324, 0.6593751675159731]], [[0.43609658105277066, -1.25928835314179, 0.4671282238104932], [0.18567169725560848, -1.144684987474038, 0.5853993088642094]], [[0.31378121295289907, -0.7033143771446868, 0.33708539542406996]], [[0.24681688008927558, -1.2888058405305203, 0.2926424250737425], [0.10927740241298783, -1.211785533212078, 0.24659954014262825]], [[0.37323516624579567, -0.6549694310794308, 0.030651458114413572]], [[0.22030515466121425, -1.188589274893449, -0.06787364879846404]], [[0.12007981219746285, -0.9611356316101312, 0.18221083227737928], [0.26232222713051306, -0.796590812567982, 0.010191785011470984]], [[0.1496772762350605, -1.1514871609821542, 0.1342566006764598], [0.3150003825252588, -1.0577883331346802, 0.06879114502740867]], [[0.6165369105790066, -0.8153171894133032, -0.035508326264765175]], [[0.6008988915244099, -1.0390241705772068, -0.11460575519353665]], [], [], [[0.4711396617394798, -1.08659972954261, 0.4843506111443029], [0.401683814039736, -1.024517885130799, 0.7175275947306347]], [], [[0.3749388970028349, -0.9813013651432384, 0.40210680961728157]], [[0.3831070934070335, -0.9834021751977287, 0.04937413720584732]]]}