{"bodyId": "h0", "timestamp": 1630675666924121940, "continuousState": [[[0.4421194556019443, -0.9623857767164795, 0.7880164381064051]], [[0.3695547843589816, -1.0692369319577004, 0.7892544120246026]], [[0.494368216252967, -0.9008702461892454, 0.5189383010356214], [0.31689861454342966, -0.818204003951602, 0.6464951751914212]], [[0.4334388995545981, -1.2573644061444798, 0.4681443620009883], [0.18234269650932605, -1.1431230683130487, 0.5817874509257915]], [[0.3179234100725353, -0.706304518885505, 0.3410053817018495]], [[0.24765219951471643, -1.2864479792081223, 0.289352481870548], [0.10706164839566168, -1.212410815323532, 0.2394736360260092]], [[0.2122022468181658, -0.9553604407839428, 0.3183683074852106], [0.36569749551805514, -0.6538233575545097, 0.027444538182265887]], [[0.21537610158393078, -1.1875372493612353, -0.06740767126114133]], [[0.11974124153452811, -0.9542349893452567, 0.18643203041134257], [0.2562356695106869, -0.7969965533386165, -0.0017609895128357493]], [[0.15565231308515262, -1.1304626913105904, 0.11419357445977289], [0.30779248441586105, -1.0603902748659058, 0.05783865156266188]], [[0.04047924634199057, -0.6154050914995212, -0.6143524039114341], [0.6431809793461819, -0.8214671365423143, -0.03654390983340477]], [[0.5949122234695926, -1.0383628673439318, -0.1297556128996007]], [], [], [[0.4732445048886859, -1.079322194068019, 0.4809818088805575], [0.40810936707148837, -1.0233390319909896, 0.7193497206280058]], [], [[0.3756811548135667, -0.9818344625149924, 0.40457487185141894]], [[0.0980657797135716, -0.8729338914050557, -0.2500794147258306], [0.4754867318810215, -0.94092870570411, 0.010647370864628556]]]}