{"bodyId": "h0", "timestamp": 1630675666924122208, "continuousState": [[[0.44365797063042917, -0.9675239692422991, 0.7964948961561711]], [[0.6215156619169213, -1.1807319726592223, 0.5624938177168022], [0.3768219805485728, -1.0717399072771199, 0.8056697203996193]], [[0.49637841407655986, -0.8960683989574584, 0.520532484669228], [0.29545799641848497, -0.8143183104209267, 0.6420232262157924]], [[0.4320101181343462, -1.2598997194793622, 0.47493915182590934], [0.18210728644580673, -1.1479818877930776, 0.5860371997360103]], [[0.323068068710937, -0.7079743612230042, 0.34882678287995234]], [[0.24283987179434968, -1.2915002600212928, 0.29654240832845313], [0.10799428970568033, -1.2141499325254095, 0.24449064309545748]], [[0.37249155344889234, -0.6571961081707378, 0.03280142323709106]], [[0.2180673833144649, -1.1817745310942622, -0.08857308372076568]], [[0.12431965859061928, -0.9449980795092051, 0.16726036063763491], [0.2528194001701206, -0.8016958997919689, -0.0065211155725189655]], [[0.16248716264194887, -1.1202810068758844, 0.09164869927644417], [0.33146840419039314, -1.0720263373334968, 0.08085880413433257]], [[0.6444471857344579, -0.8281563576292293, -0.04772788538826512]], [[0.6160597513772645, -1.0421122681244512, -0.15607160680722246]], [], [], [[0.45449081855524043, -1.1017238644868022, 0.5086245477135324], [0.4051421736308648, -1.0274637156916815, 0.7239778528475221]], [], [[0.3775390934226416, -0.9839370403511831, 0.41188296735293084]], [[0.4034671741882034, -0.9742186822525569, 0.021960406944089527]]]}