{"bodyId": "h0", "timestamp": 1630675666924122409, "continuousState": [[[0.45134817415980344, -0.9613337061355424, 0.7944157469924595]], [[0.37717102770703104, -1.0675163841382844, 0.7945790774217093]], [[0.49246573312387537, -0.8999592882840409, 0.5237038242499898], [0.29315893452881187, -0.8117127323764479, 0.6389383345082312]], [[0.4323315818046192, -1.2614805856202167, 0.4741130587553457], [0.1821301720863098, -1.144402375312888, 0.5818032776123861]], [[0.3802633835170919, -0.7030431491457206, 0.25743269655095513], [0.3158675159572388, -0.7072465971677632, 0.34017688588496137]], [[0.24298461605586152, -1.2948873771169895, 0.30634217445681927], [0.11296703836549864, -1.2081385858756433, 0.23930421938893914]], [[0.36380468574648445, -0.6524232315010469, 0.025236091032054674]], [[0.19958336674211172, -1.2379106339117905, 0.047037889110172273], [-0.30897045304895415, -1.146390692259643, -0.5648421847078041]], [[0.14165751313969008, -0.9177270841929721, 0.12607068924759393], [0.256215434780798, -0.7956568468702123, -0.001465249605322242]], [[0.15081314594964623, -1.150100695928129, 0.13976176098288284], [0.3255080119484428, -1.0615385212572106, 0.07257854636851675]], [[0.04381612869072285, -0.6517284581015356, -0.5696506595538687], [0.6464240948879483, -0.8246349621019924, -0.03150317240892082]], [[0.5992121991722559, -1.0366263947401442, -0.1267287208570649]], [], [], [[0.4604561271490573, -1.0945244397096194, 0.49951382367612657], [0.41047860839096595, -1.027328958396986, 0.7253490492651881]], [], [[0.4062974826608555, -0.9822618673829686, 0.3657728776531504], [0.2489988440217743, -0.9258244862403255, 0.46099008174867373]], [[0.09731463732018454, -0.9009145770148324, -0.21494444928549294], [0.48596605341819554, -0.9430867416796015, 0.020537686979797968]]]}