{"bodyId": "h0", "timestamp": 1630675666924122543, "continuousState": [[[0.43751391483755786, -0.9645267439040106, 0.8000765174380274]], [[0.403671246115782, -1.076466103611359, 0.8276406851826802]], [[0.4865574825936464, -0.9090490718809231, 0.5289966622038779], [0.29561792153661803, -0.8132265390585255, 0.640395600145215]], [[0.43172147415350975, -1.2599385633337241, 0.47342703935224417], [0.1870637620625448, -1.1457488500194133, 0.588319580155853]], [[0.3198922254843376, -0.7075508340237676, 0.34150532033194736]], [[0.2444136915694956, -1.2908224100508496, 0.2978857196216352], [0.1127311722616289, -1.2072596708205974, 0.24306797699794583]], [[0.3647797288921802, -0.6533503708719739, 0.02215349842754381]], [[0.21539259010532028, -1.1892503432466563, -0.06981508545461475]], [[0.12294058659321137, -0.9493446951166616, 0.16896316439998962], [0.24970044863214616, -0.7941921115357428, -0.012490353955033697]], [[0.15587536589856876, -1.130967817891608, 0.10739688138933616], [0.32707240303744767, -1.0702354001332601, 0.0753821654095168]], [[0.6470309766721611, -0.8306081585241103, -0.046619997815521404]], [[0.5872859457007753, -1.0459162693518484, -0.14937528719053694]], [], [], [[0.46136619897436715, -1.0933280013466269, 0.49816460251718514], [0.4074483098565786, -1.025824838915822, 0.7246247330235615]], [], [[0.37580684981892365, -0.9837446986787459, 0.40746617984209577]], [[0.40145317128536495, -0.9807879882078592, 0.030388441786907378]]]}