{"bodyId": "h0", "timestamp": 1630675666924123481, "continuousState": [[[0.4450508807485473, -0.9626743075820478, 0.7940377775169287]], [[0.392371462916082, -1.072284407315601, 0.8118254931250581]], [[0.49608804483415375, -0.8962987036073586, 0.5202172829738556], [0.3032752864025881, -0.8136258824375276, 0.638673770603367]], [[0.42614706006395753, -1.2672260679383507, 0.4761049951172274], [0.18676871292945224, -1.1436991236059673, 0.587470061264927]], [[0.31921287129167103, -0.7081144732039166, 0.3373406119373606]], [[0.24257740333751843, -1.2953185330753954, 0.3005490777276723], [0.10968659645853564, -1.2089517128729117, 0.2450019812729413]], [[0.3529322725457596, -0.6484260080423826, 0.008834018495768987]], [[0.21882858731724872, -1.1834796224967732, -0.07734048925482989]], [[0.12105818190072591, -0.9479484486131488, 0.17273045059862466], [0.25858971828484617, -0.8013288046436766, -0.008944675163991861]], [[0.15410358386109055, -1.1357537753390217, 0.11123245737534398], [0.3214018538078135, -1.063684606726943, 0.0642947608152183]], [[0.015976897426274377, -0.5879554115960182, -0.6730031405674827], [0.6498043807372499, -0.8242961855435802, -0.04070827404655483]], [[0.6190342282942954, -1.0296792119685978, -0.15411134225110845]], [], [], [[0.46747895723806115, -1.0867481727201094, 0.48874250308227307], [0.3989980672105535, -1.0209966157206223, 0.7151244585046465]], [], [[0.37267996567781425, -0.9876702705711337, 0.406722803527294]], [[0.08504024064368246, -0.8618545934675199, -0.28088534159606937], [0.4856031172725317, -0.9439903961352616, 0.011793243384331735]]]}