{"bodyId": "h0", "timestamp": 1630675666924123548, "continuousState": [[[0.44490177434894873, -0.9588701263647748, 0.8048456706011294]], [[0.39147922877671365, -1.0667474261823067, 0.8190130338358484]], [[0.49661861299837673, -0.8963547757228002, 0.5204879865073663], [0.2961041328509946, -0.8151627058934712, 0.6410220818310122]], [[0.42598577117892333, -1.2666274494282934, 0.4763949464035838], [0.18710003766891783, -1.1428661887365956, 0.587211553098248]], [[0.3963742668237515, -0.6666987089965882, 0.22530294760004563], [0.3129287990819296, -0.7073880615593559, 0.33900347389911645]], [[0.2421184219091303, -1.2925732537786638, 0.2980796385292267], [0.11734046476544222, -1.2065956655860879, 0.24383936782659976]], [[0.36328770298016433, -0.6506921020000613, 0.0246079134831582]], [[0.21973241638261748, -1.1816746281241912, -0.0783038038174975], [-0.2899008575964142, -1.1499337215112118, -0.5506844940978365]], [[0.14071627061271288, -0.8983799919755575, 0.12338513609356301], [0.24820725085040454, -0.7988145805264619, -0.018067017692409537]], [[0.14756458720532226, -1.1453338422648016, 0.139615185182676], [0.3202318558816803, -1.066428132302292, 0.06360573879597133]], [[0.6429580634701487, -0.8397614410812783, -0.049790424467359345]], [[0.6110070498000021, -1.0515022356708315, -0.1596710492621512]], [], [], [[0.47144082844889623, -1.0831263165404108, 0.4841069357499548], [0.39172846034936126, -1.0219886554253046, 0.7144256804750657]], [], [[0.4111800190013374, -0.9666630792124409, 0.35084894700181474], [0.2500144183754237, -0.9251271251479758, 0.46310751349868223]], [[0.3952613253377355, -0.9925476416730399, 0.04491238035765832]]]}