{"bodyId": "h0", "timestamp": 1630675666924126362, "continuousState": [[[0.46885507153941625, -0.966965865637859, 0.8200132390678159]], [[0.6400165903790691, -1.145499409681825, 0.5666857807137188], [0.40015128040080256, -1.0406247044550383, 0.8311756560695239]], [[0.49293227428973846, -0.8467829404630752, 0.5263187060480986], [0.40151932731052237, -0.8430604421303329, 0.708302656875606]], [[0.4354353158602342, -1.2251500012635468, 0.4859558839660643], [0.22468881589464582, -1.1183136841591326, 0.6209627570036623]], [[0.3121686727906067, -0.6996651473882036, 0.33168580900048894]], [[0.24940531153962872, -1.2679685337845155, 0.3061549006006255], [0.11721283004447036, -1.1754851485734796, 0.25519186830158513]], [[0.34926726876238856, -0.6655205366456755, 0.0183154867404628]], [[0.22516934886769013, -1.1907302718212653, -0.030780930552959034]], [[0.2789660418715068, -0.7958184472200461, 0.036547154092525944]], [[0.14694459720728975, -1.1394640872822754, 0.1522571128803836], [0.31640068269902166, -1.0561323185044929, 0.1034407861074801]], [[0.6073073190520838, -0.8303454758651995, -0.029944874895714974]], [[0.5718308876437802, -1.0442730701875271, -0.13080575551104448]], [], [], [[0.4595877989697316, -1.0512103557091035, 0.5095698737926437], [0.38824104468992937, -0.9992542613361927, 0.7169217690081403]], [], [[0.3738019943254205, -0.9624075743258752, 0.40882084648327666]], [[0.37712595812968674, -0.9849047815737375, 0.061156118992334314]]]}