{"bodyId": "h0", "timestamp": 1630675666924126563, "continuousState": [[[0.44355705561518927, -0.9758077702941182, 0.85734179189736]], [[0.6158850485670243, -1.1726407228429043, 0.6013917590886769], [0.40653753415516897, -1.0599422519481063, 0.8683228951550414]], [[0.490890707695255, -0.837732517908322, 0.5243295348674777], [0.333606442256315, -0.8144257654299595, 0.6881486925001609]], [[0.4544275670483943, -1.1960234283517082, 0.46143490666687703], [0.2050628010871062, -1.1170759273113502, 0.6201903494390981]], [[0.2989683232666432, -0.6954119227490815, 0.32653831236031805]], [[0.2375772956293866, -1.2530063170976695, 0.3022944678269073], [0.10167531378828562, -1.1689538695517507, 0.24201744329805025]], [[0.3315835828489021, -0.6603357963603763, -0.0022195555675723426]], [[0.21612554264563272, -1.1726499669210166, -0.06536853369234473]], [[0.2908333120894183, -0.7981186995068495, 0.04544432064376997]], [[0.14190993546406763, -1.1355783750287063, 0.17032125673814175], [0.3355686660785354, -1.0583778871291678, 0.11937482780808477]], [[0.6168945339253278, -0.8161784492539079, -0.03450003552852718]], [[0.6021712203174033, -1.0543219735154952, -0.1061885309053282]], [], [], [[0.4440334761483177, -1.0612856939072586, 0.5258237427839425], [0.39703331201740844, -1.0012078503090551, 0.7364110386750405]], [], [[0.37669794515751875, -0.9457176755503949, 0.39398660951359754]], [[0.3794022346946977, -0.9758784121413071, 0.06791061060480728]]]}