{"bodyId": "h0", "timestamp": 1630675666924127702, "continuousState": [[[0.40389121073674866, -0.954227308329715, 0.8125660683318915]], [[0.573936280250724, -1.1469384428766263, 0.6411387554565033], [0.36841554954212963, -1.0501896867196174, 0.8405222049553098]], [[0.44328433311752413, -0.8904752197672824, 0.5819020780833251], [0.24713638728931028, -0.74008986392883, 0.6156974810610911]], [[0.416046877843352, -1.1899793402855707, 0.5381976385445726], [0.19425594872848842, -1.1010595246166388, 0.6258241178578405]], [[0.3444716133555808, -0.7268810528268161, 0.33901283637802704], [0.29053720869333277, -0.6480760469690996, 0.34527158067494795]], [[0.24858358834510666, -1.217607444336646, 0.3326324993137571], [0.08494397256278649, -1.1736662641932123, 0.2658743059604617]], [[0.35969045611006983, -0.6606074713594643, 0.0354475398376735]], [[0.19624917870928124, -1.1837217458980809, -0.023199974109936874]], [[0.2666011316702486, -0.797773579359045, 0.025791716940569132]], [[0.14155369762056455, -1.0886026883850746, 0.10378959853457673], [0.314468513514654, -1.0650184590128104, 0.10413724066353393]], [[-0.022348647057137894, -0.5612898774893131, -0.7071322612995773], [0.6315237668209527, -0.8215033371022762, -0.05439018372642317]], [[-0.0987030806345855, -0.8172980428666664, -0.6431019312718518], [0.58599288038069, -1.0523961584169739, -0.1408079820016694]], [], [], [[0.41945169727501175, -1.0574442110890336, 0.5748186626001758], [0.37355420300346825, -0.9713889423054057, 0.720081721782788]], [], [[0.3802592455994664, -0.9584301965561934, 0.4386052374612998], [0.24239657871091058, -0.8745677857928692, 0.48554784926639427]], [[0.05960252528171333, -0.8249462829371939, -0.3016713313825003], [0.47299614016780334, -0.9432608980575433, 0.024873528468555377]]]}