{"bodyId": "h0", "timestamp": 1630675666924012730, "continuousState": [[[0.42921432704168294, -1.0607927852590937, 0.794655613786666]], [[0.6151196746235202, -1.2505787494222818, 0.5603074371926324], [0.37588752519569335, -1.1651819507556254, 0.7979101185310244]], [[0.478242936988467, -0.9917943914776446, 0.5108434769325989], [0.2762315313608233, -0.9073850159292499, 0.6348850223585186]], [[0.465207809906716, -1.3285379235718209, 0.4541513198094062], [0.19695190819895356, -1.2338171778294196, 0.5824956437362104]], [[0.39865736263278545, -0.7492617376395183, 0.16849491647192394], [0.308756849857441, -0.8022056753489316, 0.34990679631443755]], [[0.3130391463765988, -1.365613817954454, 0.23157030838298692], [0.1431323799828881, -1.2964000988646824, 0.2582509211626475]], [[0.37369531516718735, -0.7490565381685985, 0.06036897847499108]], [[0.2426614680101539, -1.338615909559443, 0.029920961016958472], [0.20980626360886323, -1.2598387370077508, -0.0023828959741797463]], [[0.16185394625718919, -1.0132500348198414, 0.15318705387615184], [0.2740208033181889, -0.8910799538179384, 0.030297068105444167]], [[0.18888315986649065, -1.230303484195761, 0.11834874518491278], [0.3333828681428838, -1.1655912472741121, 0.11373582828433655]], [[0.05556253524550039, -0.577768610870047, -0.618519422041551], [0.5631879534019172, -0.8966049372251864, -0.08831760304333307]], [[0.08336105666666196, -0.9625856163406901, -0.4671514474853902], [0.548820376756077, -1.1701302036439822, -0.04445891520977784]], [], [[-0.10510901303770628, -0.8345862214511982, -0.7212509947874541]], [[0.4590382532087742, -1.1739743592835743, 0.4966983825731962], [0.39690995846476174, -1.1060551836455812, 0.7171034352485715]], [], [[0.43193258626975073, -1.0388998306056696, 0.31132311814066504], [0.2528543790281973, -1.0180114265891755, 0.466201220025324]], [[0.12222284755599552, -0.904036047532904, -0.2500853384283191], [0.44828541077240047, -1.0310980922496493, 0.012709112620501742]]]}