{"bodyId": "h0", "timestamp": 1630675666924127836, "continuousState": [[[0.39928917936217406, -0.9541008694306476, 0.8086610603870894]], [[0.5684214031114582, -1.1567047270129767, 0.6409440860664269], [0.3612149402623379, -1.0589577715803125, 0.8381691905936935]], [[0.4488492822515204, -0.8775235429975055, 0.5736008958755715], [0.25630941392474776, -0.7430575293774524, 0.6180757608577917]], [[0.41596662838369214, -1.1926706734227253, 0.5337877343561307], [0.1909970360287616, -1.1109859255649959, 0.621450966498714]], [[0.29573842751051416, -0.6507744832143113, 0.3396795088742394]], [[0.25084779161048304, -1.2126358946226974, 0.31995708111057136], [0.07391066431073182, -1.1754751155823173, 0.21731791878731063]], [[0.37748601974858526, -0.665157069285292, 0.04119119239024394]], [[0.1943196799585077, -1.1598574433814346, -0.0843062154933516], [-0.3036046794807701, -1.1440786120418365, -0.5597869768657168]], [[0.18955980472082717, -0.7234643582484803, -0.009767357543479875], [0.26375503700887565, -0.7941612524236905, 0.012121239174954326]], [[0.13833824952689133, -1.0955563638930077, 0.11860801114278911], [0.31881966808933315, -1.067631955108779, 0.10129744388338008]], [], [[-0.10617254905387301, -0.8194124830027028, -0.6395284171768817]], [], [], [[0.42159854547305203, -1.054074002205542, 0.5676527444823386], [0.37088655417321365, -0.974564285815035, 0.714665430816882]], [], [[0.35585252794710315, -0.9217225783185183, 0.43673362161518503]], []]}