{"bodyId": "h0", "timestamp": 1630675666924127903, "continuousState": [[[0.39722595923842663, -0.9632969060344422, 0.8094637020955571]], [[0.5762839016340765, -1.160809223379103, 0.6256944501961837], [0.36240168344819995, -1.065441876714357, 0.8402623655380537]], [[0.4487312993307486, -0.8810165990147827, 0.5778992167453443], [0.251948120568519, -0.7403789005291496, 0.6127331872590319]], [[0.4145173801810475, -1.1934662746351368, 0.535081948907318], [0.19499593700749687, -1.1026418503187319, 0.6196285724247393]], [[0.34005094274320913, -0.6731800811244818, 0.3684616974004393]], [[0.25075145476439475, -1.2147143852888957, 0.31857104763633787], [0.0808633030221065, -1.1655520366031238, 0.22843095666098293]], [[0.3659987310484869, -0.6583321948020237, 0.031074438275370538]], [[0.189582810283016, -1.1608584638800097, -0.08636371611013328]], [[0.1873727692987998, -0.7212763427785026, -0.010951141544765505], [0.27242956987180744, -0.7939989569704982, 0.01905428756258061]], [[0.1355477419405187, -1.09693339726819, 0.1200754694503894], [0.3161237220289968, -1.0623869361711618, 0.09597104455215481]], [[0.6402730962780856, -0.8198946102374156, -0.0456204468587066]], [[-0.10448531244925312, -0.8137752997583947, -0.6441884651816936], [0.6080898084600849, -1.0455901549116229, -0.11204393526156309]], [], [], [[0.4210255537962863, -1.0562970218159717, 0.5698601284457356], [0.36362437710822565, -0.9683989409953158, 0.7071895033634794]], [], [[0.3772841614621283, -0.9333231778798092, 0.45177182315387865]], [[0.38791041910930213, -0.9584140037528028, 0.0372275112958414]]]}