{"bodyId": "h0", "timestamp": 1630675666924128439, "continuousState": [[[0.39873588785435254, -0.96135330928996, 0.8637306800186276]], [[0.5925421544647915, -1.1605934621096081, 0.5995752411968515], [0.3902106146676529, -1.047917922724108, 0.8835370560277338]], [[0.44179171530487765, -0.8789184034914692, 0.5699502788251927], [0.24877471044407504, -0.7524003573212521, 0.6357372562882535]], [[0.43688719208635524, -1.1927139074229354, 0.5049150884381124], [0.22645512633186218, -1.1114216323337425, 0.6364952504114942]], [[0.30889412362108465, -0.6656627907692289, 0.35916042782072666]], [[0.2560600091721197, -1.2188460948628057, 0.3216349957040584], [0.07126838851996058, -1.153535169397529, 0.2152835228359934]], [[0.3873920651060423, -0.6717820876288205, 0.06487412973529558]], [[0.19553285807037538, -1.1850424573169371, 0.007231667662116251]], [[0.14879493136490907, -0.8774345994267687, 0.17183027951314944], [0.23655468927611356, -0.7672690075877502, -0.008219031539220168]], [[0.14128912722772322, -1.1047369130155507, 0.11971889144900433], [0.329649288687275, -1.0528753658540584, 0.11332157589746908]], [[0.6387780251569404, -0.8249401655957892, -0.044713057169996545]], [[0.5947836164750782, -1.040203243291432, -0.12175216253033318]], [], [], [[0.40859318506181574, -1.0825773791050948, 0.5775458155305817], [0.38914777430303366, -0.9817607136850759, 0.7324108688340659]], [], [[0.37289065785371994, -0.9291883490960822, 0.4320377581294195]], [[0.3900335761923318, -0.96483853930567, 0.03750291713950389]]]}