{"bodyId": "h0", "timestamp": 1630675666924128573, "continuousState": [[[0.4219072192920955, -0.9634785687264206, 0.8548388247144857]], [[0.6018854630046192, -1.153946730049112, 0.597344582999594], [0.3929626065644529, -1.0535470681694903, 0.8772220938731203]], [[0.4428264906458697, -0.8795012341180729, 0.5701751841534173], [0.2726361168549654, -0.7582894734832151, 0.6498255622060808]], [[0.4209224742811894, -1.2075336547904676, 0.5231769063850004], [0.2084752746577344, -1.1039763299537586, 0.6315716210006135]], [[0.3051065884348941, -0.6658637574196647, 0.3557834939332497]], [[0.2541534788583254, -1.2191938625883498, 0.32559251684345714], [0.07790993693815972, -1.161007182930502, 0.24792030301773776]], [[0.3726967808733168, -0.6663591065122688, 0.05203489101008927]], [[0.19422362418029154, -1.180278158763683, -0.005000435212690945]], [[0.1553256651699154, -0.8630911847307029, 0.15045298234220786], [0.26071240174079546, -0.7764168699233078, 0.01960741503232862]], [[0.1390759891262107, -1.1063526761213842, 0.12268764014332283], [0.251834828879478, -1.0329493989163152, 0.038482935551070796]], [[0.6385563425483137, -0.826015128106181, -0.04792772105132121]], [[0.5998523478673798, -1.0500566479434852, -0.11712232218171949]], [], [], [[0.41627007431189517, -1.074080842628026, 0.5676134660983216], [0.3637203719254262, -0.9694457967157142, 0.7183472022565475]], [], [[0.36301453135804174, -0.9366987061050662, 0.43948020015912503]], [[0.3888161658372622, -0.9661839021137826, 0.037379959546000804]]]}