{"bodyId": "h0", "timestamp": 1630675666924129377, "continuousState": [[[0.4205865854825224, -0.9409352395568031, 0.8183917249106981]], [[0.6142553701856311, -1.132022626728783, 0.5841936168262011], [0.36880421488884896, -1.0447846062578199, 0.8378269969242828]], [[0.447692478916193, -0.8681816739731409, 0.5591049899303371], [0.3014460804646408, -0.7557566974085778, 0.6543187416246601]], [[0.43367327394182037, -1.2008499153200975, 0.5084139809812521], [0.21934859907914028, -1.1054782823208384, 0.6336995273973114]], [[0.3050489889629523, -0.6688304328360478, 0.3454101020399769]], [[0.24793093317681764, -1.2336998564589006, 0.3391211142627785], [0.0761352350830407, -1.1637892294719518, 0.22173409985540002]], [[0.3628705194848524, -0.6627472712813881, 0.029284412098297935]], [[0.20257906593962588, -1.1753098945631202, -0.016798993080753236]], [[0.146775811586778, -0.8865707502401362, 0.1740589873105771], [0.260621026754917, -0.7761996979402019, 0.02141038041646175]], [[0.14082019264416482, -1.1129851175060221, 0.1247321826048742], [0.3153418066690401, -1.052477058934781, 0.10389703439092841]], [[0.662137187022674, -0.8242571401159705, -0.025372174213152677]], [[0.592453551713721, -1.04763536937442, -0.1350265008001843]], [], [], [[0.42198167100507356, -1.0698430749781327, 0.5577809408203659], [0.36646758659019385, -0.9606951775566909, 0.7132916305995196]], [], [[0.36936113145238636, -0.9348401740780727, 0.4269120415106145]], [[0.4014786898334194, -0.9686211288109963, 0.049680004195860765]]]}