{"bodyId": "h0", "timestamp": 1630675666924130114, "continuousState": [[[0.4129371608926406, -0.8931567620493128, 0.7820323167172495]], [[1.6020012369887142, -0.20566715268849178, -0.4031242706757359], [0.3982361758073655, -1.0148364220766064, 0.8224138037508927]], [[0.44273619329681224, -0.8809098808911481, 0.5626191094883841], [0.28735621032739667, -0.7519252677936737, 0.6370969129574291]], [[0.41621401169817995, -1.2162204732369386, 0.5294209747133264], [0.19616546854913122, -1.095254810816771, 0.6081193920022765]], [[0.3042326602242308, -0.669383259701155, 0.33157353608291806]], [[0.2584527103104861, -1.220538961496437, 0.3258954609752752], [0.07437759572944469, -1.1697160353870248, 0.22772694157149204]], [[0.37314175613101225, -0.6621011098506157, 0.04082779233675251]], [[0.20454429499942825, -1.1730110636300664, -0.012871518520339577], [-0.2215794424440985, -1.1568846470267944, -0.45938073635311527]], [[0.1487317800078128, -0.8686642285184767, 0.10874373248238543], [0.2554955213317462, -0.7944410406143498, 0.045673309088412904]], [[0.14698104376424806, -1.125175584124201, 0.16142371230304411], [0.2971923400977671, -1.054983908915467, 0.0939045986140536]], [[0.0004688519279295633, -0.7909566254241099, -0.34841852174810606], [0.619990764172325, -0.8309362633053914, -0.020111728647717427]], [[0.5929457991097479, -1.053138918548279, -0.11214210331544723]], [], [], [[0.4244768915715513, -1.068871737152182, 0.5532422685467852], [0.34383886539465286, -0.9528220747997422, 0.6914502735534838]], [], [[0.36022333596120537, -0.9428018664690467, 0.4304972553981222]], [[0.07372494784608881, -0.9580661047741554, -0.09349740472253097], [0.4585915521350461, -0.9429600861104291, 0.03689643498316809]]]}