{"bodyId": "h0", "timestamp": 1630675666924131320, "continuousState": [[[0.4345276560812374, -0.905554765519441, 0.7993731101473636]], [[0.4032729928896385, -1.0217167778481113, 0.8309666441696415]], [[0.4475477682172271, -0.8606958133945763, 0.5558900601484197], [0.30015626882287827, -0.7565462752426766, 0.6443269816208658]], [[0.4134944748524866, -1.2204159906125374, 0.5304458921159851], [0.17499353138361085, -1.0944147785433562, 0.5977635576764706]], [[0.31315991245651137, -0.6654648500129992, 0.33893768711417077]], [[0.2498195464588678, -1.2286789540287746, 0.3196579738320286], [0.07593150244221897, -1.1714184844565811, 0.23195217351591418]], [[0.3749828262474605, -0.6669391272963447, 0.037485559086415605]], [[0.19970064742339644, -1.1844379135738754, -0.0018570867447583624]], [[0.15024511446873617, -0.8542090045276989, 0.08453865453368485], [0.2971587953925432, -0.7951626625291139, 0.08387046411736401]], [[0.14062674033016384, -1.1147231181567696, 0.11426478253159371], [0.2981140943803484, -1.053371563701452, 0.09632692030098951]], [[0.6485384484337794, -0.8278466458039793, -0.02173588533979455]], [[0.5869754472212212, -1.053488898190163, -0.12423313177585033]], [], [], [[0.42477922860963707, -1.0672841065603924, 0.5531127050367131], [0.34348704261077706, -0.9545593733450218, 0.693194786595911]], [], [[0.36332719365449895, -0.9429404203127683, 0.43469178961507793]], [[0.39458259438197163, -0.9712848819803744, 0.04626444859589958]]]}