{"bodyId": "h0", "timestamp": 1630675666924131454, "continuousState": [[[0.4323070197895174, -0.8997336506808199, 0.7886261672236818]], [[0.29527800527772136, -0.9922934164701059, 0.7607448753330515]], [[0.45143602596648946, -0.8579488351901569, 0.5559337964994855], [0.28538537965201227, -0.7423428661165338, 0.6317109770280706]], [[0.40641388546488855, -1.2252866483770468, 0.5351208802843156], [0.17476300123705163, -1.0925406925831116, 0.596795685438908]], [[0.31333126964134317, -0.6704801054293459, 0.33278247211251893]], [[0.24505194453889845, -1.2374872129738694, 0.3284310477793474], [0.08454126024932611, -1.174450573187293, 0.2399671524772425]], [[0.3762369402215095, -0.669808257151164, 0.04350325326496363]], [[0.20367857126049063, -1.1759482446433918, -0.016572218931495627]], [[0.15953863890300926, -0.8216226051523081, 0.052666329737270416], [0.2828139550704543, -0.7899104500243851, 0.07054605680159921]], [[0.13914809219494925, -1.111532703865884, 0.11281148946679423], [0.3037243672120742, -1.0540832651847907, 0.10538398329125698]], [[0.6235424842297318, -0.8138199908245217, -0.02287627834673708]], [[0.5926625561730816, -1.056529312034614, -0.1108186100529997]], [], [], [[0.4262886328157492, -1.0654250631964581, 0.5525339218271075], [0.3497055200968309, -0.9531535527274586, 0.6969706799252748]], [], [[0.35987257755311586, -0.9478833769031964, 0.43395167619841724]], [[0.38134528821234054, -0.9626763473452029, 0.04496760556002857]]]}