{"bodyId": "h0", "timestamp": 1630675666924131990, "continuousState": [[[0.41766038759605156, -0.8636527229814238, 0.7589125680786531]], [[0.6408892767015794, -1.0976562546553248, 0.5753649614550164], [0.40013840104936205, -1.0039405438018472, 0.8123102400309676]], [[0.4617698628902158, -0.880358384339411, 0.570009501434336], [0.28169248503812083, -0.6984786826032469, 0.6239499090442248]], [[0.4126856341727062, -1.1909111979582203, 0.5475429605994654], [0.20124912683145385, -1.0748881233404068, 0.5991135144671385]], [[0.4158417184546056, -0.6942371882141634, 0.41448336223785825]], [[0.24660101140815327, -1.2211933970558413, 0.3278711614421313], [0.10194375417899755, -1.1502412712231966, 0.17320436064115552]], [[0.40850699860125994, -0.7262950062383385, 0.034947114808934206]], [[0.20268044168927116, -1.1722994967438771, -0.04386357122776803], [0.23884828923618648, -1.1847154383194574, -0.04103389541155639]], [[0.1447983717300931, -0.865139943652066, 0.09420154215902062]], [[0.1351778865260747, -1.0968670899694288, 0.11726327695644545], [0.24401096401211383, -0.986700308178567, -0.030794080876937868]], [], [], [], [], [[0.4424527130533735, -1.0419526924692442, 0.5584118941138786], [0.4060275867862172, -0.942694181942793, 0.7267711702141901]], [], [[0.4142636763136559, -0.9425741930861918, 0.4810131614186618]], []]}