{"bodyId": "h0", "timestamp": 1630675666924132258, "continuousState": [[[0.4659040707203319, -0.8831691215352261, 0.8127702930097769]], [[0.6302952192429562, -1.1070481155497456, 0.5803976279796806], [0.4193290926801817, -0.9942281190380962, 0.8339058778401098]], [[0.47677552988025984, -0.8748050008818762, 0.5558260710145463], [0.429184539423459, -0.8254250058976796, 0.7583514823208137]], [[0.41058315050282984, -1.1736164298925196, 0.5468341223887023], [0.2204990808293503, -1.0876404930089039, 0.6407358578676214]], [[-0.4113424075148057, -0.10001710036318241, 0.05823138968647822]], [[0.21758700336583184, -1.2437054706445014, 0.31254149311614876], [0.10467116707122591, -1.1902712866157423, 0.28148156183319634]], [[0.30215080062673566, -0.3014424320436001, 0.5511541038028854]], [[0.2088524557107134, -1.178997502153491, -0.04590462018769972]], [[0.13589782193138034, -0.9091037265891145, 0.14410734977785933], [0.2199306704403839, -0.7402996835929728, 0.02351968237762321]], [[0.15164313339719013, -1.0805296604285328, 0.1293121081221816], [0.23122728015510757, -1.0272994445855934, 0.028369445921868647]], [], [], [], [], [[0.4403418870486421, -1.0392760099417533, 0.5589053805871464], [0.3997111811149064, -0.9665211584336244, 0.7481580829205322]], [], [[-0.00037962850598793896, -0.636816765127851, 0.3025327560375903]], []]}