{"bodyId": "h0", "timestamp": 1630675666924132660, "continuousState": [[[0.40490618494783803, -0.9792822616882911, 0.8603926414701778]], [[0.5976184790333328, -1.1910874187804683, 0.5961951384778953], [0.369116357212396, -1.0651555061953326, 0.8546665486971163]], [[0.469440156290709, -0.874393294154381, 0.5558121467739969], [0.39158744198536144, -0.8781614288690606, 0.7517710611749638]], [[0.3857430038489794, -1.2354794981464305, 0.5245747048332631], [0.11391937871498863, -1.1228979140045103, 0.5885060455957255]], [[0.2716619394533093, -0.725898761782281, 0.40313534671109913]], [[0.13615744024396992, -1.2552153204695715, 0.2898106317917286], [-0.014823660492020736, -1.188702459883065, 0.24835375067057588]], [], [[0.16185931895081604, -1.2290678716003312, 0.06391002492226039]], [[0.07038079065303315, -0.7945827921608336, -0.006635732540795289], [0.27908358409346057, -0.8500520466818952, 0.22740729796256096]], [[0.0785574365852005, -1.0466940311722142, 0.02950857945409484], [0.2863517667341832, -1.084341600260076, 0.25790088760427854]], [[0.39325124732785843, -0.8523119256900277, -0.020049851912343]], [[0.14806873789872577, -1.1557897298716813, -0.16388820890505712]], [], [[0.009282154824149983, -0.8644866656379872, -0.8485872864529221]], [[0.40953840930806584, -1.090788835025763, 0.558311172991889], [0.35441949716961246, -1.0201799346595064, 0.73487276059734]], [], [[0.32870247165114436, -0.9806891299643558, 0.4638550257721811]], [[0.23590434195652946, -0.9495029784311209, 0.004729363770875921]]]}