{"bodyId": "h0", "timestamp": 1630675666924132794, "continuousState": [[[0.40818191814215515, -0.9936403233641435, 0.7909035717793997]], [[0.5925422826725275, -1.2109945757251026, 0.5791995323232462], [0.40392865421418694, -1.091109089800099, 0.8325701538790277]], [[0.46987130687400797, -0.8958499060651136, 0.5542118048091567], [0.319569809744042, -0.8651729871767483, 0.691062941482946]], [[0.3784958973020684, -1.2562787803964794, 0.5308422425612185], [0.12230943251036593, -1.1407044139008227, 0.583979007262346]], [[0.3292982315176944, -0.7651923965042841, 0.3998868036244187]], [[0.15017257958457725, -1.2549015895659328, 0.3165965687166802]], [[0.3317806995264013, -0.7632880990850075, 0.06709418637222098]], [[0.15124732722702258, -1.2022022109282682, 0.00895077322528141]], [[0.12048305942301511, -0.8025041994085457, 0.027809717802079147], [0.26133717321299266, -0.8412850259396296, 0.19289878509557343]], [[0.10766255726959861, -0.9992223699866873, -0.0117584061030027], [0.30004606023077873, -1.078864062913499, 0.228254503885531]], [[0.3976562052859958, -0.8440638398385706, -0.01913048718523555]], [[0.10593289110022755, -1.1420104411324492, -0.16357169156882584], [0.14432394795333356, -1.160918197787193, 0.05907994887532027]], [], [[-0.1099649006733115, -0.8795834488979815, -0.7594603316126629], [0.2645760839736643, -1.146299718462099, -0.23549024788878956]], [[0.41897012304101916, -1.0998076450265644, 0.5500660346650155], [0.35180495487644703, -1.0371468679354217, 0.7266116183630102]], [], [[0.3538970644098814, -1.0107355884503817, 0.4653645230928186]], [[0.2526593812777972, -0.921643104912629, -0.015444446644119125]]]}