{"bodyId": "h0", "timestamp": 1630675666924132995, "continuousState": [[[0.4000163920528378, -1.0394762730125804, 0.8824732257925739]], [[0.37432291217958846, -1.1436231850553957, 0.869931173353328]], [[0.4449197278718204, -0.9759228478121709, 0.558525718663795], [0.3459192861579022, -0.9105675814379262, 0.7136979213563958]], [[0.3506013409108995, -1.3027412175740491, 0.537802453678335], [0.10930714911541668, -1.1810126682347557, 0.5679638587640513]], [[0.2920253553147909, -0.7618837259188826, 0.3746216959773815]], [[0.1738489748880134, -1.2681443682568556, 0.3442496896650375]], [[0.3283363392810791, -0.7550757194765411, 0.08138664763072598]], [[0.12900249339389575, -1.2061653151783511, 0.026571142912421238]], [[0.0809696415802249, -0.9279794836998219, 0.16762816476877174], [0.26606442099637706, -0.8181425674269494, 0.1405841588787637]], [[0.10532852068305817, -1.0650730235312613, 0.05830340225818463], [0.2924820589205572, -1.0581335629275508, 0.1600726037205045]], [], [[0.057499564726654004, -1.1195171926927943, -0.1745212905742535]], [], [[-0.19021624267182863, -0.8592258105783142, -0.6633995117708686]], [[0.3915311572866693, -1.1601754089192287, 0.5549915043700823], [0.39394245695706853, -1.0772590289688941, 0.7513434935052671]], [], [[0.3213133481128452, -1.032312471746466, 0.45621207482785825]], []]}