{"bodyId": "h0", "timestamp": 1630675666924013199, "continuousState": [[[0.43779508199820727, -1.0548712570660541, 0.80451045241353]], [[0.6178648223830344, -1.2586736406038632, 0.5672761425707439], [0.39478126356052917, -1.1640572083985248, 0.8148754467576749]], [[0.47957908086720435, -0.9947215924371561, 0.513703350435578], [0.2591437398181217, -0.8970331183456691, 0.6244739463282831]], [[0.4504582597080575, -1.3427185837316788, 0.4695630243560909], [0.20776126061448508, -1.240704702892896, 0.5836216102089081]], [[0.400946765772995, -0.7455186880219989, 0.1722136536196092], [0.3176829679113489, -0.8061745708267831, 0.3573262301350435]], [[0.29747623275523627, -1.3779221182096824, 0.25431270523534705], [0.13125883846922942, -1.2961922898870935, 0.24401545365692323]], [[0.37174871001274845, -0.7500796279366655, 0.05610018085897173]], [[0.23515690333063588, -1.348253195827588, 0.04582501147364042], [0.21860788970444558, -1.2677481755113904, 0.010970181921999483]], [[0.16407402335843996, -1.0027672568834092, 0.13873185021390055], [0.2808846632035195, -0.8902545269804787, 0.024917411232334187]], [[0.18931589266080498, -1.206380051738562, 0.059965840380679994], [0.2831023326282186, -1.1523011045235958, 0.02841060734624125]], [[0.006650772991003464, -0.7752550866236491, -0.3255530949556296], [0.6003541536904038, -0.9012054987829115, -0.08123411379798016]], [[0.07697335742418318, -0.9609220725173386, -0.46449604132275546], [0.574297821109002, -1.1789486370905826, -0.07079832791409922]], [], [[-0.10330243267596574, -0.8302509533993822, -0.7187526584814918]], [[0.454784824354385, -1.1816080373968731, 0.5025590171386931], [0.3781834665701606, -1.1011068549220973, 0.7027873140157914]], [], [[0.42570251274052623, -1.0441186358768388, 0.32088833898785], [0.26272211426291703, -1.0234396368598395, 0.4704739201719758]], [[0.09798333282590423, -0.9908175691811056, -0.13279362728747482], [0.4417282431593112, -1.0267533016532537, -0.026411753225869458]]]}