{"bodyId": "h0", "timestamp": 1630675666924133531, "continuousState": [[[0.36202982814536677, -1.1087575029473418, 0.8336620516033613]], [[0.5536654407781969, -1.3426883187609975, 0.6190124363188552], [0.33401226614838697, -1.2038331365071022, 0.8489196635481165]], [[0.4179742672233272, -1.039873435842103, 0.5561613135206046], [0.25412587747374343, -0.947704750783822, 0.6387860973756476]], [[0.3573219168561921, -1.3460806462758974, 0.49678013011074984], [0.12492127819481606, -1.2402902988553244, 0.5966880587334099]], [[0.25996039634613155, -0.7939858360079044, 0.3420953291573494]], [[0.1899024453268993, -1.3451326626132731, 0.3227353470120265], [-0.018813611366173745, -1.23835543592436, 0.2467733925719681]], [[0.288604391354095, -0.7558520160589899, 0.02891165726142526]], [[0.0912157136143573, -1.3479434875068523, 0.22693656757781194]], [[0.08676005807658209, -1.000495590745888, 0.1919025341913034], [0.3385177988997261, -0.8937806344936562, 0.19961100441665622]], [[0.08519888098415618, -1.217879701909466, 0.22219957598498785], [0.2068461340786298, -1.0966578365811106, 0.11307843135050939]], [[-0.09761779241359622, -0.9188019010703515, -0.09079130156635029]], [[-0.03256937179477848, -1.0596657042609108, -0.23975739499996213]], [], [[-0.21062472171488628, -0.8930822114907232, -0.644044754784937]], [[0.38652716884935917, -1.2039263874155979, 0.5333397196641133], [0.35392241382672635, -1.124057906524483, 0.7244495777556537]], [], [[0.3086411566011618, -1.070033241141901, 0.4194377296340496]], [[-0.006209455714720022, -1.0683408014899087, 0.06570413720931878]]]}