{"bodyId": "h0", "timestamp": 1630675666924134201, "continuousState": [[[0.39895632661928904, -0.9800873247552265, 0.8104244190330159]], [[0.3898629148015514, -1.0988911220270206, 0.8376048244120592]], [[0.43951399291253046, -1.0094738609514187, 0.5524135817706121], [0.23561508111256535, -0.8421781228736027, 0.6280240050655272]], [[0.41488151103735044, -1.3286489847780507, 0.4857396794948129], [0.19671297119150655, -1.1807959552706357, 0.5984024043692087]], [[0.33705046473128797, -0.8268318729981756, 0.3288496732991514], [0.32291259927362104, -0.7437645998454901, 0.4550990814067575]], [[0.2432938862601588, -1.3417994190818778, 0.2751737840414353], [0.10317279753128446, -1.2465250441599516, 0.2688004917533722]], [[0.27485033155275596, -0.7008403539586884, 0.07081267411652903]], [[0.20207397854723638, -1.3262749325662186, 0.16753888395572927], [-0.26001698263931555, -1.1820700597565401, -0.5135097280790181]], [[0.10014690598421652, -0.9852358283341021, 0.1275372517064825], [0.2379513875201467, -0.8210074853583912, 0.04975896597808787]], [[0.12671750025735007, -1.195990867762946, 0.09778575821873438], [0.22775480117891062, -1.07932350101601, 0.03221291547865826]], [[0.5465306725655966, -0.846365903734717, -0.06498505874326498]], [[0.0714189340520021, -1.0189970363196945, -0.40716368671766645], [0.5627900993373801, -1.0999884757728722, -0.08114178612047976]], [], [[-0.11552524512668116, -0.9283759144252112, -0.6644991055242399]], [[0.41970563937669786, -1.186307816595568, 0.5294573431299776], [0.34852161339079746, -1.0495235966234295, 0.7004344232691148]], [], [[0.37596598788431923, -1.0777404288881132, 0.40729467639698214], [0.2598127852325638, -0.962280277558063, 0.5267507428879831]], [[0.33662408641147334, -1.0211783857488315, 0.0164003497377347]]]}