{"bodyId": "h0", "timestamp": 1630675666924135072, "continuousState": [[[0.4513824157129188, -1.075605015325306, 0.817334211960185]], [[0.38396398038919644, -1.2134570444470867, 0.8007861422702132]], [[0.4888118021392547, -1.1203540594315482, 0.5204940825118507], [0.4179890977688924, -1.0591010721707657, 0.7257086747734828]], [[0.5428021083153786, -1.4018536651699032, 0.3926426934454323], [0.28948172378748904, -1.342668288540015, 0.582743641040807]], [[0.3058901635970181, -1.0166440003838004, 0.40590632871365756], [0.21979787388889735, -0.9017384146362273, 0.2965466025906762]], [[0.38579160291963177, -1.4346606882983228, 0.1435870359240496]], [[0.3269538576612256, -0.8397016673060581, 0.05135265053760259]], [[0.3730350773376351, -1.3862866189692722, 0.047016637649635644], [0.29289204494131993, -1.2911482190423453, 0.05517477713961557]], [[0.18939596439661704, -1.0552231545235444, 0.1673256455075418], [0.3160136359030473, -0.9435507194279555, 0.023176299405681902]], [[0.24969294142340157, -1.2418697961821763, 0.0562940988274338], [0.33388668179806225, -1.1826536056641748, 0.012792147051796746]], [[0.08080763091707616, -0.8729612686147771, -0.2911003864132074], [0.6964404658943233, -0.9180127257307035, 0.013412949042199671]], [[0.1745460996141562, -1.0801259225359237, -0.38537666822006805]], [], [[0.03632502847374667, -0.9336561266799681, -0.8336581291558148]], [[0.508678019675056, -1.2653092550728289, 0.4695639781871271], [0.35683165237112874, -1.1910941189226842, 0.6579603594147165]], [], [[0.4243461359561983, -1.2092488327768518, 0.3992745110795449], [0.2546397988381932, -1.1222033515881211, 0.4396451218157416]], [[0.16525028617023885, -1.0574155323984766, -0.1174031437928868], [0.5151635738461928, -1.050333165697439, 0.01310254804699821]]]}