{"bodyId": "h0", "timestamp": 1630675666924135139, "continuousState": [[[0.46578788509394825, -1.1009684551423253, 0.8232484050337879]], [[0.4142301574969349, -1.2211831424859194, 0.8210412708266338]], [[0.48229142147923304, -1.136243208801098, 0.5276834486001555], [0.4000161449965276, -1.079784974680195, 0.7003378231894559]], [[0.5608134930332053, -1.419133226478407, 0.37746571661743267], [0.30528133827971804, -1.3558110669822216, 0.5926081797122659]], [[0.195623887176087, -0.9270522707619473, 0.26837003828827005]], [[0.3854482673272996, -1.4761942890177093, 0.18414771381477568], [0.2920597690289103, -1.4153676752623146, 0.33331108032307816]], [[0.2964005926531338, -0.8550169353746263, 0.03503662521814931]], [[0.3613158610238782, -1.4638954610446113, 0.13185871163926255], [0.335630165221962, -1.3088186164932354, 0.11484444990928978]], [[0.1931422448620231, -1.0634782280142432, 0.157604426446655], [0.31528274282178426, -0.9678483491236288, 0.03400019354541473]], [[0.25094444023691714, -1.2853585400711245, 0.0991658599993757], [0.33687757360884213, -1.1969414757845447, 0.045469319115325105]], [[0.07420071539089974, -0.9023588334757112, -0.2926072586424523], [0.6476406988143456, -0.9105690186334893, -0.03559313193995263]], [[0.17161496550696187, -1.1060944427703239, -0.3548351082500387], [0.4150111303965725, -1.1050261139280197, -0.43382493159852925]], [], [[0.03530418204227135, -0.9591401546680193, -0.7977412242369146]], [[0.5086251015192961, -1.281675830517796, 0.4696214011239679], [0.3181911899914467, -1.2042776726018702, 0.6245673766252182]], [], [[0.37821869010464615, -1.173092748620177, 0.3229178774528514]], [[0.16257257781390844, -1.093858686773418, -0.09672069932153829], [0.4922591362115939, -1.053755247209017, 0.0049380935876862375]]]}