{"bodyId": "h0", "timestamp": 1630675666924135206, "continuousState": [[[0.4616770504270212, -1.100509983512971, 0.8220618073304636]], [[0.453194758929018, -1.2308611850724611, 0.8428479591859719]], [[0.4762208930722153, -1.1447980030793488, 0.5319044850124224], [0.43771194758372256, -1.087084193686966, 0.7406725726940144]], [[0.5730009998062362, -1.4374751761642515, 0.36220473246680784], [0.2750556336976963, -1.3530078473367193, 0.5795184352910108]], [[0.30495584567946143, -1.0103212401506572, 0.35527474769999595], [0.17643902167437114, -0.9256972583786246, 0.26212865477006925]], [[0.3962375472803175, -1.4924220503610142, 0.158868328655047], [0.31804708534881226, -1.4242999141835546, 0.36867767762725134]], [[0.2914425896658502, -0.8638321908744608, 0.037997889958398444]], [[0.38191881034631153, -1.468772523437936, 0.10499039480321676], [0.33540762504744975, -1.321091778560981, 0.12579350480464838]], [[0.18942221108875928, -1.0706077312206106, 0.13900735287707447], [0.30849783384128726, -0.9743652665061818, 0.041415885572650725]], [[0.23818730983222194, -1.2914127689285015, 0.06150986716530497], [0.3244254296284721, -1.2084839625588235, 0.04274618693699858]], [[0.034999404241786464, -0.8339822293121868, -0.43919248552657336], [0.5499515757002773, -0.8638316521362764, -0.15498696870075265]], [[0.16988054227109217, -1.113637295198202, -0.35010162061301614]], [], [[0.034739121888210545, -0.9690883064045709, -0.7978329168982886]], [[0.515536467961736, -1.2925008567691776, 0.46140467684445274], [0.35259819396401393, -1.2079120845108915, 0.658378500475896]], [], [[0.4389784227428488, -1.2238982081574543, 0.3587397400834019], [0.22574732768603373, -1.139352552857672, 0.42082354503054]], [[0.1365933570370042, -1.0626974991203442, -0.1888413091806342], [0.4371885026643747, -1.03615780734755, -0.056120390881877036]]]}