{"bodyId": "h0", "timestamp": 1630675666924135675, "continuousState": [[[0.4554091043546241, -1.1590696850311104, 0.7838593942561322]], [[0.662192014505352, -1.416201120209761, 0.5409203295498172], [0.40408781750430556, -1.2955969534843628, 0.7747806402946891]], [[0.4862433312008116, -1.236181803795551, 0.4461933015817524], [0.37477985575884076, -1.170171940621522, 0.6604271473655208]], [[0.6036488939486137, -1.5168736831097929, 0.33305620985999074], [0.34321733727997367, -1.4200795026763002, 0.586689044403129]], [[0.28209119081236467, -1.1577126326885323, 0.3401543050496789], [0.17382934805917535, -1.0398070465896658, 0.2474379810619382]], [[0.4573551400191823, -1.5956775682721045, 0.10036607803558241], [0.32749112936131225, -1.542073963061292, 0.35580291251479185]], [[0.22658803500153563, -1.0118091903955324, 0.07927776792044529], [0.21334759645917734, -0.9549452913169705, 0.057726653990637485]], [[0.4370152521034156, -1.4538691088565112, -0.12432575445650218]], [[0.2033964093264146, -1.1579809456050192, 0.08059448276796206], [0.3107853144781434, -1.060116930550781, 0.052402186021931814]], [[0.24166678056552207, -1.331140192151666, -0.053018906507503745], [0.3638552589561109, -1.2674065257077454, 0.07538263761678059]], [[0.049847368271383974, -0.9426979078156421, -0.3430632175451117], [0.5956079669186718, -0.9725506769742683, -0.046807876109609424]], [[0.14426072151530195, -1.1449417655493868, -0.3902248897826164], [0.16484729313710136, -1.133220587494079, -0.7103613613030914]], [[-0.11489681437246457, -0.7956889785917469, -0.725778464785828]], [[0.031019851228301205, -0.9651280483105898, -0.8344200449655982]], [[0.5155785239058853, -1.3947328353716124, 0.42900546531513417], [0.34523449677560575, -1.2901641423509123, 0.6184575267495156]], [], [[0.44287004238048916, -1.3372931578991625, 0.3366052574548348], [0.2585233426695745, -1.229943274632983, 0.4170635127325336]], [[0.14575707441845304, -1.136919049983654, -0.19804106202630772], [0.47973161293739136, -1.119978601341007, 0.014287380753585582]]]}