{"bodyId": "h0", "timestamp": 1630675666924135742, "continuousState": [[[0.44412977725732866, -1.1582538586234692, 0.7771904978901547]], [[0.6520260178086476, -1.431846589878866, 0.5501203805012693], [0.4162467377504595, -1.2989667724198652, 0.7863707299724237]], [[0.4784811857881031, -1.2489764503325842, 0.4572866889030398], [0.35879853352241864, -1.1799293735233478, 0.6494694599585443]], [[0.6040771144033861, -1.5194124402413922, 0.32903778743647033], [0.3522798174571169, -1.4273479060147158, 0.5932688098418387]], [[0.27848105108014276, -1.1724805764526223, 0.3404998372843413], [0.24102846430107888, -1.0711857558425089, 0.30407517101093823]], [[0.4654308918564165, -1.588487832429556, 0.08454596163111933], [0.35472419369494607, -1.5477629317638628, 0.35902760128247385]], [[0.22136114984441235, -1.0104501659281622, 0.06128177411632146], [0.221499723311151, -0.9686237152359817, 0.0756789036504465]], [[0.4147062059677045, -1.4476371798440717, -0.12662612258453146]], [[0.19991225575250093, -1.1633956029968426, 0.08303814327901977], [0.3131478874740096, -1.067901295987732, 0.03302061702655033]], [[0.24062696336611014, -1.336439417265207, -0.05437070071501989], [0.309234301920877, -1.2589544348439066, -0.02010868169867149]], [[0.020148499622482233, -0.9114071439445358, -0.4128219086645588], [0.6061886713361195, -0.9814565347538751, -0.0934035683525126]], [[0.14039451638498054, -1.1490578078981335, -0.418861717574998], [0.22983729789880272, -1.157070514625995, -0.6542919197351096]], [[-0.12310342289352698, -0.8339602536293478, -0.7206849175373563]], [[0.02612502680199583, -0.9857626444189846, -0.8280082667371094]], [[0.5092769103065661, -1.4018899654306964, 0.43662846933825655], [0.3535423295719986, -1.3028479099354788, 0.6232760914887886]], [], [[0.4412790827417644, -1.3459465083470072, 0.3347688123604058], [0.2966541408790979, -1.2492668309286123, 0.4486719904263885]], [[0.1303877314942962, -1.1239232806048713, -0.23359630468978934], [0.45771148662849825, -1.1202054847988907, -0.05675612502559204]]]}