{"bodyId": "h0", "timestamp": 1630675666924135809, "continuousState": [[[0.42442005640155206, -1.161022920710078, 0.7625854674991416]], [[0.6706058273214617, -1.4362714444335951, 0.5382178728440774], [0.4200064263081465, -1.2988929909461204, 0.7848327640437649]], [[0.4575329318228225, -1.2721137093505832, 0.4884722744360978], [0.361199215035841, -1.178330152943441, 0.6598369691750177]], [[0.6043321418773987, -1.5210984545433064, 0.33470827552151833], [0.3616674950086838, -1.4214085580950901, 0.6020892608902939]], [[0.27583638975063257, -1.181365569245872, 0.34120737295268666], [0.17231486794791204, -1.0470992832456814, 0.2594099676967032]], [[0.4728532760078496, -1.5830530492329622, 0.0791091034094909], [0.3717285953559749, -1.5389906242682652, 0.37667946123934687]], [[0.2198629077358318, -1.0193537229659995, 0.07056262327732112], [0.1935098946167002, -0.9726505987005528, 0.06982995828321872]], [[0.4274483695765707, -1.4406449034603444, -0.1649647392338743]], [[0.31384287342089373, -1.0678729141904935, 0.04526598396355053]], [[0.24206754452036688, -1.3306052657484624, -0.049804025967151805], [0.3611177303582974, -1.2637962465005221, 0.06321379994004132]], [[0.0397295189556595, -0.9760373745490206, -0.3134697007172617]], [[0.14668162469789287, -1.1661526668886768, -0.4024022584635677], [0.23411997137634308, -1.148641288939331, -0.6318366239013169]], [[-0.12231055976937572, -0.8294165159282286, -0.768816209413018]], [[-0.006063924835262697, -0.9829181517969131, -0.8474291744485781]], [[0.5175615908187611, -1.402901711048604, 0.43944780521819543], [0.3959426656043504, -1.3016158059051648, 0.6592767571386735]], [], [[0.4400842658140156, -1.3512320118945893, 0.3379578242371025], [0.2669911814782979, -1.2342539206703858, 0.43074961429349856]], [[0.1408985317380132, -1.1533213201487416, -0.18163686334220674]]]}