{"bodyId": "h0", "timestamp": 1630675666924013467, "continuousState": [[[0.4104645572602019, -1.053056923728229, 0.7858557399374209]], [[0.6131986875865412, -1.2519115096614781, 0.5609852380753418]], [[0.4723825980822756, -0.9999415623028131, 0.510165059046609], [0.2654193013919166, -0.8991538547876152, 0.6274664398130819]], [[0.45263382921006207, -1.3437480765666487, 0.46752034588344554], [0.2045810819491844, -1.2366014414405107, 0.5836133526275671]], [[0.39226478265484166, -0.7534136479990864, 0.17006615603668843], [0.3140253406569825, -0.8052787163853673, 0.3556447089871024]], [[0.29568142794597607, -1.378795343881487, 0.25667800717330785], [0.1534560093172952, -1.296272782191075, 0.2679807473201663]], [[0.3684857218046127, -0.7455521779226031, 0.04971702254207434]], [[0.2390219617968392, -1.3490936575779569, 0.04487960993718889], [0.2528445773581352, -1.2680029695855237, 0.03747225367504666]], [[0.1561784693043808, -1.0194315854239584, 0.14991221629508936], [0.27834642733932813, -0.8826719409867848, 0.018217039954822666]], [[0.17973473456856448, -1.2220499170961843, 0.08005186763986921], [0.29213012843335423, -1.151923234058236, 0.03657434502324258]], [[0.06413944807837788, -0.5235422019589796, -0.7227844356526286], [0.6469119992270808, -0.9144891027634983, -0.0452952036738568]], [[0.08638726095330287, -0.9550842532716541, -0.5094582095756546], [0.5398750331340009, -1.1565254055232683, -0.17796669579249874]], [], [[-0.10541734031894953, -0.8317404559559864, -0.7182872411432045]], [[0.460502600331066, -1.1772356648826703, 0.48885485420014313], [0.3841650707185172, -1.1015391894269027, 0.7064978470311702]], [], [[0.4224493059324519, -1.0485808622828676, 0.318793250960067], [0.2593032113030834, -1.020940078912939, 0.46962903080733476]], [[0.12193709132347118, -0.8727960595275819, -0.3213662840063797], [0.4695210638302175, -1.033206168410867, -0.00436042932530711]]]}