{"bodyId": "h0", "timestamp": 1630675666924138422, "continuousState": [[[0.3622090523696243, -1.1725399576135425, 0.6978311377764678]], [[0.20868336719953937, -1.069466814505572, 0.8171972803429852]], [[0.2068886606866958, -1.2833453886311068, 0.5635646291882456], [0.14968850974315182, -1.1042138241849877, 0.6447586593783763]], [[0.41786303091609356, -1.383604588772439, 0.5077466365444253], [0.24134822538515732, -1.2169691069207988, 0.6683237765281678]], [[-0.004808895739692275, -1.1946747582484987, 0.3580200169802829], [-0.29904404662087447, -0.8456101419638584, 0.11828240625803096]], [[0.326458282252185, -1.3503993378672279, 0.4203452279851881]], [[-0.10415379919129979, -0.9764921508900499, 0.30689737935809125], [-0.22555879752428679, -0.7374473035093804, 0.1735840018822164]], [[0.32875312598568324, -1.1946092617127144, 0.1450416961134315]], [[-0.22112090724167502, -0.8034442200285089, -0.428216463757361]], [[0.33910951810262985, -1.1380427534294153, 0.11684063036504244]], [], [], [], [], [[0.3256133825972418, -1.3361968844834842, 0.5389219596903105], [0.20393545654951004, -1.1662336926199632, 0.6593534432070832]], [], [[0.20652706758820064, -1.2891396735104688, 0.4328833267623541], [-0.028847910617858574, -1.0312896244423286, 0.3933030913930994]], []]}