{"bodyId": "h0", "timestamp": 1630675666924139695, "continuousState": [[[0.5029158777563021, -1.2267000618426713, 0.6876943265734068]], [[0.3416259991445893, -1.1756356089231088, 0.8251021288893158]], [[0.37783731502228474, -1.3922081192473448, 0.4989174658698072], [0.28461878817195474, -1.262222934174515, 0.6511621073970207]], [[0.4796473196238916, -1.4119381884957698, 0.4658934581787888], [0.3111813495106326, -1.27838937065611, 0.5792632300883694]], [[0.1147448060227739, -1.3275278412038156, 0.2773685267020758], [0.33113225465361096, -1.1005174032872498, 0.3661371332594647]], [[0.4494119425160652, -1.2445405474989024, 0.2802134830143639]], [[0.26883901334752686, -1.016196565637722, 0.14313919906402497]], [[0.2753732773685099, -0.9504587897414954, 0.17913190825805986]], [[0.10595337801988927, -1.18915924839545, 0.07563470210364176], [0.33799200223288495, -1.0355326904130748, -0.0006293487184432251]], [[0.1384099510878151, -1.2867037289940053, 0.06496678041230053], [0.35726621133873143, -1.133776648030019, -0.05012619183795755]], [[-0.05704454346240664, -1.0415357059897083, -0.2013621448246854]], [], [[-0.18718634440790072, -0.9331450132444794, -0.5782365763820366]], [], [[0.42013839696839644, -1.4074359310642295, 0.5004101946942983], [0.297178849278002, -1.2658640651846642, 0.6194972442022431]], [], [[0.2971960628233328, -1.3697330148497926, 0.3716309924404323], [0.3211568020821218, -1.18945338697168, 0.47270018167391703]], [[0.040682703812704224, -1.164119717491857, -0.06819768220619243]]]}