{"bodyId": "h0", "timestamp": 1630675666924139896, "continuousState": [[[0.5111400618489383, -1.2218887411303918, 0.6770399213534116]], [[0.33447924293580217, -1.179743160556717, 0.8170512851605343]], [[0.398266440258718, -1.409080898693842, 0.4906797849510635], [0.28635557332947836, -1.2720528767819888, 0.6535158597635122]], [[0.4481217347035152, -1.3967801846182346, 0.5128373070432972], [0.33666942979609554, -1.2778204741814325, 0.5909175132245335]], [[0.1221901913019692, -1.3381119774197499, 0.26433275573839116]], [[0.49568664339762997, -1.2364189554692404, 0.3323178657169692]], [[0.2618611760600493, -1.0367053875800971, 0.1391846118321464]], [[0.28670089646651375, -0.9710164849871908, 0.180122524644185]], [[0.12457136411189805, -1.2150386119778558, 0.08963566296030036], [0.34966129690526326, -1.0812992938331223, 0.0769319205403599]], [[0.09014262839137911, -1.3434348638742457, 0.23052273305054427], [0.3587602640679486, -1.1462816708869692, 0.01766944528718682]], [[-0.04979637215129128, -1.0470448552583698, -0.1993794755557965]], [], [[-0.18978608107898765, -0.93412316543892, -0.5843262984784967]], [], [[0.4188528710646838, -1.4059179181423755, 0.507241239701503], [0.300052404247906, -1.2702205967945803, 0.6198489348125952]], [], [[0.2851559630027422, -1.3674460810189921, 0.3885850313908442]], [[0.020173128120043918, -1.1952398595663078, 0.015571628747373889]]]}