{"bodyId": "h0", "timestamp": 1630675666924013936, "continuousState": [[[0.42183314395492677, -1.0584356961144215, 0.8013414307548922]], [[0.6157380356249933, -1.26981405108207, 0.572121146149375], [0.3950257060729716, -1.169420318034977, 0.8200481237584205]], [[0.4704169326410217, -1.0086592336070523, 0.5126925090161909], [0.2715878802797618, -0.906205188752366, 0.6328873257017137]], [[0.45570194825647214, -1.3433553615354294, 0.46558328215988126], [0.21150443937441332, -1.242807108710264, 0.5882335888923369]], [[0.3977290488964477, -0.7458782522550923, 0.1701241256204971], [0.3351461335464687, -0.8160383581181191, 0.3722778301041667]], [[0.29665900182821864, -1.379942852901238, 0.2631107018473126], [0.14516156123111365, -1.3008103263058581, 0.26131965651021644]], [[0.37833988947146624, -0.7488363809073266, 0.06428903896734732]], [[0.24229938127860776, -1.3455597413694695, 0.05167633131578032], [0.2139831437287521, -1.2678479020720184, -0.004443074082333623]], [[0.1629865957579429, -1.010637172323627, 0.13702759550485052], [0.2789709718644226, -0.8948311886619605, 0.026457686147783533]], [[0.1947844222284852, -1.2250110621686836, 0.09477586353425932], [0.33175114093223124, -1.1703465139183031, 0.101743805319604]], [[0.04919417776849684, -0.6179462178044507, -0.5713292492262276], [0.6082157034997355, -0.9095264609723132, -0.08481338334205112]], [[0.08653610500806917, -0.9584735881815515, -0.4824915833559587], [0.5669937031679788, -1.1749137972662007, -0.08193263083735837]], [], [[-0.10142954902566009, -0.8314420181295419, -0.7263554812541079]], [[0.4611986222594835, -1.1807917189334292, 0.48698095853426016], [0.38726547908629416, -1.1070059352870019, 0.7096176279046634]], [], [[0.42671549857645996, -1.0446168068952608, 0.3178537038901892], [0.273325286460441, -1.0294227334141914, 0.4802557094982518]], [[0.12198929999849101, -0.9214786399865671, -0.23827669284598416], [0.4699834222159834, -1.039936487445308, 0.008465210988776443]]]}