{"bodyId": "h0", "timestamp": 1630675666924141169, "continuousState": [[[1.8465462249453986, 0.09539099260672106, 0.1514001036769657]], [[0.19752978270439076, -1.072583256943781, 0.816141807636438]], [[0.45747338261002024, -1.2600649205708327, 0.8209816896409242], [0.19734529315140548, -1.1879685517502776, 0.6880805081499758]], [[0.27610998000306314, -1.2143075980900722, 0.6832456133233709]], [[0.2577160682595454, -1.0368057201387173, 0.5259362184029441]], [[0.4065177686938773, -1.2097461065792479, 0.3506032625475905]], [[-0.22210656894372163, -0.7348549013354341, 0.19429074957741113]], [[0.2444293334791837, -0.9645158294760661, 0.18819731053317879]], [[0.2734244203831638, -1.0351268635280009, 0.1301175206803655]], [[0.35943005004790646, -1.1415103992419096, 0.1425380101124806]], [], [], [], [], [[0.2389218743918816, -1.2043792344022486, 0.6903965406255136]], [], [[0.26691302413130424, -1.1255566591143946, 0.6045909158631575]], []]}