{"bodyId": "h0", "timestamp": 1630675666924142442, "continuousState": [[[0.4311167782253636, -1.197891730190092, 0.713500584578526]], [[0.26337585029858135, -1.1033467000827824, 0.8286756020151942]], [[0.3611648977891959, -1.340291012571036, 0.5132701945139165], [0.23842470208605482, -1.1348138769528995, 0.7148912778113611]], [[0.3959818253728311, -1.3437450719117827, 0.547024085497565], [0.1823065196111604, -1.2094065357324741, 0.6522166783696691]], [[0.07726444016448823, -1.3249460461079536, 0.3273467946835976]], [[0.43520989586543235, -1.2502265059517628, 0.3958397079666324]], [[0.056201331901516764, -1.194222682285452, 0.25887826405515535]], [[0.3187091285203601, -1.0225849767394097, 0.1400592328769485]], [[0.0429704999076161, -1.2733041971199832, 0.31681559698102046]], [[0.3476421726275203, -1.145552654413401, 0.15852911648972054]], [], [], [], [], [[0.3787615350871918, -1.3382398138556109, 0.5366355448047432], [0.2591995330266443, -1.1910672699856568, 0.7113186350097633]], [], [[0.23662313276865968, -1.334345559009868, 0.4371854400905813]], []]}