{"bodyId": "h0", "timestamp": 1630675666924142911, "continuousState": [[[0.5463772179358236, -1.1573104032146178, 0.6066907259273429]], [[0.33491007732862726, -1.1518403022276746, 0.7942055367356298]], [[0.42347321392120596, -1.4013456713659012, 0.46266039092340283], [0.25785869347607693, -1.3069340538528713, 0.5879312683109768]], [[0.47693527707695776, -1.3278629367506718, 0.5128578992952555], [0.3255905827779916, -1.2307780522095773, 0.5621047272848976]], [[0.1666166940292336, -1.4081476229309988, 0.26366413611221673]], [[0.4686911344059615, -1.133300682061724, 0.3007927331433366]], [[0.09253523659359808, -1.1937457017728927, 0.10984075841540175]], [[0.38001884989547735, -0.8604943508150618, 0.002019548469994561], [0.279774082809015, -0.8382708343255322, 0.013827538472389052]], [[0.14378655393566622, -1.3540414875063227, 0.22832332174306272], [0.4038230467296273, -1.2078125194094906, 0.04910173192175398]], [[0.17879097756204726, -1.2634749215413197, 0.17315328172799446], [0.3687426995755243, -1.1273687133462604, -0.04389832059588275]], [[0.04133625023200307, -1.0713870993095684, -0.10023692995573333]], [], [[-0.18703641712458455, -0.8797394726343007, -0.6654488714014865]], [], [[0.4345975727358633, -1.375012459633555, 0.5136731491735796], [0.29551405530105124, -1.264786743587028, 0.5840964048488247]], [], [[0.32177598555309567, -1.3680052798408353, 0.3882610177037361]], [[0.11006361389702517, -1.1674310104254442, 0.03645817588613057]]]}