{"bodyId": "h0", "timestamp": 1630675666924144787, "continuousState": [[[0.5079158495341937, -1.2060797964726744, 0.6549250429143801]], [], [[0.43917069652869745, -1.4141990646764142, 0.4674656970119187]], [[0.46239040957062805, -1.358812679662189, 0.5110523430994958]], [[0.17182718861038448, -1.4192205343905724, 0.25826725083256064]], [], [[0.08924616246746661, -1.1950207448016936, 0.07939448439021043]], [], [[0.13773297035548654, -1.308219923070517, 0.15247887589960102]], [], [[-0.008098402839954985, -1.0435882141608728, -0.18363512892399877]], [], [[-0.1866572538518027, -0.8858258777615244, -0.658561812656216]], [], [[0.4478976225075918, -1.3849741992124232, 0.5030984627878482]], [], [[0.31710879909050627, -1.3890166070263807, 0.3846597969660282]], []]}