{"bodyId": "h0", "timestamp": 1630675666924144921, "continuousState": [[[0.5371924198453951, -1.1933310475347816, 0.6073777444743045]], [[0.30737163940292134, -1.1519824015360651, 0.8410925986530392]], [[0.4359410819961228, -1.427580360054662, 0.45439365962832323]], [[0.47655557355368255, -1.3628750035927593, 0.49947174763896274], [0.19680068024475236, -1.2838694785685276, 0.7154419214947791]], [[0.18998034472086242, -1.4595950740724015, 0.25743996508450206]], [], [[0.10098690009893846, -1.2417069877189533, 0.08006502607580342]], [], [[0.1354060702127756, -1.3614427568043852, 0.16592512689938416]], [[0.19211998741770026, -1.286712691980947, 0.18578874923250988]], [[0.051134087230747124, -1.1250498433408742, -0.01140222730107871]], [], [[-0.16564375693034458, -0.9283080443194495, -0.6326761470972337]], [], [[0.45338479511719354, -1.3945077738524778, 0.4790399104944136]], [], [[0.3332679591372725, -1.4112350388325803, 0.3784558563617324]], [[0.1216270373242237, -1.2058812676609105, 0.08719326096571559]]]}