{"bodyId": "h0", "timestamp": 1630675666924145122, "continuousState": [[[0.5270500744646329, -1.232455729298883, 0.5883587471509882]], [[0.26560140914380714, -1.1685019239010002, 0.7847866741481081]], [[0.37969944034166786, -1.4910654690700709, 0.44332087751016297]], [[0.47201938478956634, -1.3937151555267335, 0.47579038661747236]], [[0.19962027315239544, -1.496744595841924, 0.202259722460381]], [], [[0.09455663278667714, -1.2862917977473194, 0.051773531196167594]], [], [[0.11415716764917846, -1.3364272465553035, 0.07590548809795791]], [[0.14982413588357293, -1.2582007907998458, 0.030385770751443032]], [[-0.0328883114438552, -1.1103095140324444, -0.2129364530148457]], [[-0.03901628964539245, -1.1587045035093533, -0.2131215644311892]], [[-0.1775998657862347, -1.0205948726735241, -0.7844839964214293]], [[-0.17095571168590812, -1.0322632790281572, -0.7537813080546893]], [[0.42054369447121254, -1.4473983298026716, 0.47902732075715404]], [], [[0.3358198289709809, -1.445229875684329, 0.3390250545389267]], [[0.058467912219858864, -1.184255152416145, -0.09127534113170134]]]}