{"bodyId": "h0", "timestamp": 1630675666924145256, "continuousState": [[[0.5080881856924659, -1.2868041391087195, 0.5663832545022888]], [[0.30144030598526067, -1.2492861778537354, 0.8012240072913215]], [[0.38297573116383565, -1.5205831296126116, 0.4144368626962272], [0.25975498391681573, -1.3764651088274324, 0.6716379316804414]], [[0.48165262334669745, -1.407750915525267, 0.45388690106714774], [0.2942844519094033, -1.3620886321841597, 0.5611640499448249]], [[0.19759021185601222, -1.526330968101581, 0.19007222818754144]], [[0.26523057227236013, -1.38119246754928, 0.2586746931316395], [0.4651312493530611, -1.3209726910724207, 0.2757981335127531]], [[0.08144159761351091, -1.3336460076768326, 0.0389738726894916]], [[0.47878712182985783, -1.2338432527045513, 0.2527891946484842]], [[0.11333852177104763, -1.353197694873592, 0.04225055854662537]], [[0.14781654899089228, -1.2464454293274123, 0.03014756563722949], [0.45590432548887133, -1.3009715841456808, 0.22930893102297387]], [[-0.062119751347588334, -1.2011710759420637, -0.23516699651894282]], [[-0.051596772413709344, -1.1958776206225523, -0.21117306130671795]], [[-0.1241331462028883, -1.2258553837026407, -0.7846128611210557]], [[-0.12045757504451703, -1.2251848747437974, -0.770175642195511]], [[0.42212922909022965, -1.4704537501541108, 0.45990480091951824], [0.16421170535966303, -1.3540227378377343, 0.5626514728555987]], [], [[0.33962141760135484, -1.467040941813424, 0.32197956462734456]], [[0.04284839882165197, -1.223808252634738, -0.10250971544085667]]]}