{"bodyId": "h0", "timestamp": 1630675666924145792, "continuousState": [[[0.37717335983684863, -1.5382097879633696, 0.5516540326371417]], [[0.17689461294170086, -1.4428259413823237, 0.8124739691166903]], [[0.3271964805004782, -1.747807135989475, 0.3133531110129841], [0.12258683441142329, -1.596762477005389, 0.608369107162323]], [[0.38656311240589986, -1.5658430709294098, 0.3915020225701619], [0.1771662762889889, -1.529899125101221, 0.5959485452676018]], [[0.1347757954681664, -1.7569385442623693, 0.10124381600099241]], [[0.2388144919098981, -1.494963342790343, 0.2379326318050414], [0.3390960841381227, -1.472555032623569, 0.36636258395993515]], [[-0.0004039046781184652, -1.5816455185406773, -0.08386783129380024]], [[0.2989201089581645, -1.346982642222028, 0.10348990559416302]], [[0.05896073177098822, -1.5961683972209961, -0.05225676498095754], [0.33069231507580754, -1.4446097276813938, 0.23832861239726072]], [[0.0974884037791611, -1.4288329439652552, -0.0351266879291627], [0.29308296331503175, -1.4848177160009561, 0.1571260591319317]], [[-0.07712316053295479, -1.499695551458788, -0.3688885015646392]], [[0.12214296940632176, -1.4386377285573513, -0.3163400813183939]], [[-0.17555001790287486, -1.3627499498795834, -0.937597912825649]], [[0.03665319744735371, -1.5039401092186957, -0.7071044790999115]], [[0.3586260719478885, -1.6556768239159025, 0.35087050085037846], [0.14667363657372356, -1.5523168011642, 0.6076753601502037]], [], [[0.2606694539370331, -1.6613908075958896, 0.24637291928557717]], [[0.010182621623103155, -1.4642642477120216, -0.20200759474690094]]]}