{"bodyId": "h0", "timestamp": 1630675666924014405, "continuousState": [[[0.41778608176056675, -1.0567981058854758, 0.7953850666604958]], [[0.6224558405348655, -1.2638885651696905, 0.5665912215056905], [0.4052498290805745, -1.1692521045404434, 0.8249890671374158]], [[0.46978176419959394, -1.0073562092367836, 0.515800398335866], [0.2644083556007583, -0.9048839640587919, 0.6325383805359279]], [[0.45751767855056363, -1.3376901523025573, 0.4636563330007593], [0.19114062520654762, -1.2386232296645274, 0.5824365372857314]], [[0.39917308554765935, -0.7371994175311661, 0.15670675303841813], [0.29267477258508345, -0.7999291468361897, 0.33821799458132157]], [[0.298922604324225, -1.3771777159295822, 0.25958633115027985], [0.1374768435926303, -1.2989920163212325, 0.2617206339316563]], [[0.3699253443083626, -0.7497701138616365, 0.05686625190123982]], [[0.23179909776280597, -1.3589336965819667, 0.07402121553511688], [0.21696266195511452, -1.2667920969719222, 0.01163727445559266]], [[0.15189029974546184, -1.0207755891131376, 0.1558171979319036], [0.28169209025931197, -0.8928648479255816, 0.033203504370432256]], [[0.1769581049219404, -1.2200224119120302, 0.08238600905132602], [0.3341396207116741, -1.169304006044055, 0.11201493206186479]], [[0.06712719800556897, -0.5191868425347878, -0.7235520549665293], [0.573379398743481, -0.9063252609881717, -0.08204198660732027]], [[0.08093598654462698, -0.9612511379399823, -0.47958273633389015], [0.5457546845399329, -1.1726337730698473, -0.05743647047153286]], [], [[-0.10251081291580294, -0.831852364229183, -0.7179997631974907]], [[0.4609481765432109, -1.1770700679456867, 0.4892183265316551], [0.39933590104273775, -1.1084545401262202, 0.7233500422328784]], [], [[0.4283453820491115, -1.0374447849168618, 0.3101815430195887], [0.24190769889581554, -1.0192761882503585, 0.46032726593352646]], [[0.12204265146375468, -0.869604627223409, -0.32058302295760166], [0.4537595097275775, -1.0378146335161134, 0.014986472727272257]]]}