{"bodyId": "h0", "timestamp": 1630675666924146663, "continuousState": [[[0.29229271566916265, -1.7173537181701635, 0.5265894339646472]], [[0.04853853648328186, -1.592082847093813, 0.7882892966503906]], [[0.23931577402480553, -1.888243382869818, 0.30076661009168265], [0.06263902657489462, -1.7260381981989337, 0.5790127636731004]], [[0.28340711346798075, -1.7456687703011384, 0.4795632215280061], [0.10102508214781755, -1.676800022066678, 0.5773072272400273]], [[0.03507076610685311, -1.8417714341971356, 0.09760734936754398]], [[0.26920989068841383, -1.625570066906489, 0.19302764141527018], [0.25696921858092014, -1.6385637631051182, 0.3466489361559161]], [[-0.08774269209587539, -1.6415722744827657, -0.17005324680734588]], [[0.29133243851939294, -1.4050824686451553, -0.2248196311707545], [0.2584896818702632, -1.4787478048583886, 0.08628565404973733]], [[0.02634756815678668, -1.7077988855774449, -0.052762151108584475], [0.21879452181857253, -1.625756037611706, 0.06506684872360347]], [[0.09488715342654916, -1.6064427225826865, 0.049077409621655986], [0.21479486377798027, -1.6176831960888631, 0.04392800912882581]], [[0.01220161271450138, -1.5268582163154654, -0.5653460312384698]], [[-0.006868774128741734, -1.52255893939457, -0.6630774089588092]], [], [[0.026781276640985424, -1.5270190761689872, -0.8582975199462305]], [[0.2959643945699073, -1.8102085391066485, 0.33063049400972044], [0.07823090752610165, -1.7029058349532131, 0.5751053053915693]], [], [[0.15923893978741693, -1.7937201022491371, 0.28858528544777506]], [[0.05354438307052527, -1.566650469449076, -0.25813431080840693]]]}