{"bodyId": "h0", "timestamp": 1630675666924146797, "continuousState": [[[0.2953392482593693, -1.7205458903433704, 0.526306707571935]], [[0.05452827911414351, -1.5925044150091061, 0.788708118419263]], [[0.2392724154973601, -1.88886235008703, 0.30034537715485476], [0.05402375848205292, -1.7352583771195877, 0.571821642485522]], [[0.28294134138707583, -1.7449098268908936, 0.4811002973305211], [0.0749372735073316, -1.678125234970831, 0.5613470199815503]], [[0.03777471874038974, -1.8401847126436304, 0.09226272418497206]], [[0.27328104636844974, -1.6209640593420624, 0.18908514364967619], [0.25434440083660614, -1.6366254384087113, 0.35041556423826614]], [[-0.08294662517520542, -1.6366905428063907, -0.19056627841385806]], [[0.2931077932630229, -1.3997201608377694, -0.22960469690480523], [0.2576723783137584, -1.4792919243107034, 0.08722743980058226]], [[0.010134992295970051, -1.6861576079182679, -0.08129031320335843], [0.16221479658839713, -1.6512105817063694, 0.02272871940428945]], [[0.07336413866161264, -1.5924485365499061, 0.05616095169130767], [0.22825089784189412, -1.6188960247309574, 0.0707008696806679]], [[0.1102679303547759, -1.5474519259176396, -0.3820727446327949]], [[0.006170474075215225, -1.5188027789543954, -0.5592496296708439]], [[0.04130363875551825, -1.539494315135281, -0.8088963989880082]], [[0.03643309273669365, -1.5286175302366756, -0.8283504893990582]], [[0.2909702783507902, -1.8111814314404526, 0.34032643704545307], [0.06455814977753403, -1.7078638350655515, 0.5654276612766966]], [], [[0.16035803006373278, -1.792547269767262, 0.2866815107577466]], [[0.09181603450819427, -1.569950231233773, -0.1629558964707436]]]}