{"bodyId": "h0", "timestamp": 1630675666924146998, "continuousState": [[[0.29997479265427757, -1.7142617573025705, 0.5211235427742115]], [[0.048663774131967104, -1.5936967086433527, 0.7828781793813817]], [[0.2419120754406651, -1.8833998157678506, 0.2961239085902412], [0.05831771608368922, -1.7267695751434318, 0.5762156623617573]], [[0.2823155458113975, -1.7419835041807379, 0.49053443424634385], [0.06582677147800836, -1.681481003555494, 0.5559735666111171]], [[0.03771929412390051, -1.8388237657324193, 0.10630633458334228], [0.27671567784595846, -1.6122400421512333, 0.3987828583870064]], [[0.2809822612189132, -1.6224783979770805, 0.20445017456713913], [0.26273309559741664, -1.639445772966372, 0.3587575355480892]], [[-0.08715220485128906, -1.6506080510122325, -0.12927957977548976]], [[0.2947058921796853, -1.3988459731432485, -0.23208305121609282], [0.23851681627255947, -1.479888201627963, 0.0707052964500765]], [[0.011670064268859392, -1.6845838506782218, -0.08335731975585213], [0.24586267353532434, -1.6288421973136324, 0.12484564041431849]], [[0.09288461064843966, -1.5925404656701396, 0.0528571763807488], [0.23761919183375335, -1.6189881329420466, 0.08325710994789347]], [[0.13591040342689076, -1.5334989559456584, -0.34986381136469047]], [[0.052504696641870394, -1.5239545367780005, -0.5066106076933236]], [[0.024605463951850197, -1.5235859314436488, -0.8351070655082783]], [[0.04097879773444311, -1.5215082224615168, -0.829483137969258]], [[0.29273282259204153, -1.8080579989759908, 0.3446645852211743], [0.0616585159589381, -1.7049687906569049, 0.56481528863361]], [], [[0.160017419967649, -1.7904036349565786, 0.2984203844148431], [0.1712712246619834, -1.6468605228533635, 0.47737821249906176]], [[0.11439750703766521, -1.563019710807899, -0.14850331749197082]]]}