{"bodyId": "h0", "timestamp": 1630675666924014472, "continuousState": [[[0.4271297176804192, -1.0649977525159502, 0.8014156918851557]], [[0.6162415204936796, -1.2684404574276387, 0.5719708205096374], [0.38910867826174855, -1.172681686717954, 0.8122274933381836]], [[0.470357401765857, -1.0042683735107059, 0.5128276252376479], [0.2774807968992552, -0.9080744758833691, 0.6397060618771738]], [[0.45839693264900555, -1.3398008242734194, 0.46149300011868877], [0.19761705165197804, -1.2406348245137717, 0.5835509182186229]], [[0.3970143660265713, -0.7404117242633418, 0.1560441505596607], [0.28952301933112473, -0.7969309592198036, 0.336308992638521]], [[0.28367639033262554, -1.3925921522017206, 0.2831645228887637], [0.1329986849059601, -1.301249383678799, 0.2506095534113442]], [[0.37074007753002436, -0.743156568000217, 0.05879138117669095]], [[0.23140828456912726, -1.3599677316828767, 0.08105626149451177], [0.22652682980466216, -1.2681628725551135, 0.008908787242045264]], [[0.15653467688817058, -1.008289917373215, 0.13876305518514914], [0.27660403693446917, -0.89026643507609, 0.02057111556706582]], [[0.1696339559685947, -1.2305643577386807, 0.1004561846658105], [0.33167532942875505, -1.1712639749966312, 0.1016566202317149]], [[-0.009466477039092184, -0.802132481960368, -0.28868797708506033], [0.5894370993478715, -0.9033527681862963, -0.10866600879029124]], [[0.05153098141620171, -0.926684899783329, -0.5299091964084179], [0.5653621489963213, -1.1731643367464184, -0.08276510756916514]], [], [[-0.10590672283121683, -0.8331510427479676, -0.7207933535816828]], [[0.4600675166892214, -1.1780945658148176, 0.48805368703261626], [0.3978594420659606, -1.1092711139813263, 0.720159758789909]], [], [[0.42770564933778843, -1.0401062742683806, 0.30876857533917473], [0.24357003549155137, -1.0187828918667876, 0.45992995542857196]], [[0.08008373946475127, -1.0163484198495243, -0.09411589620962492], [0.4605562143883133, -1.0373083715914637, -0.0035046942792881716]]]}