{"bodyId": "h0", "timestamp": 1630675666924147601, "continuousState": [[[0.32123820596955005, -1.6971235717070996, 0.5258939309989679]], [[0.07811313585083485, -1.579229531568346, 0.7889515238140143]], [[0.2578132294045776, -1.8692735586017157, 0.2773814825132665], [0.07323172012786222, -1.7127914671377904, 0.5811874677136316]], [[0.3249620091218612, -1.714774391614969, 0.42563675803887896], [0.09293569940696852, -1.6565417291363118, 0.5605989340653423]], [[0.05003870814835278, -1.8325142291843466, 0.08973416141506368]], [[0.2676276442182692, -1.6135722405349482, 0.198472234157741], [0.2774642261833515, -1.6167054402497523, 0.3591617789544323]], [[-0.09594048925964631, -1.6294587284599908, -0.17495971023633683]], [[0.2891730301571678, -1.3822648467622038, -0.22994911877864593], [0.22456543317070965, -1.4638374291747804, 0.04263169867303509]], [[0.008773562312324316, -1.6712864000271048, -0.08576306728549753], [0.21047470804216528, -1.628148949509966, 0.06707867140000098]], [[0.0687948502950585, -1.5847468651842969, 0.06769328605654323], [0.21732146481679387, -1.6067416032160298, 0.05437265518852973]], [[0.14259181703624335, -1.517683361952168, -0.3404990085985612]], [[0.04349630709765097, -1.5086375824775329, -0.5165647235784893]], [[0.05103966488443416, -1.5160103448856768, -0.7986336438248834]], [[0.04280020739829024, -1.5148521884614023, -0.8288443809315416]], [[0.30183479619602166, -1.7931427734764402, 0.3370231869471943], [0.017148391745628034, -1.6943118607455505, 0.5322803320221637]], [], [[0.18750035863510697, -1.7736443103996578, 0.2576854597269713]], [[0.10569333366565092, -1.5512151135682324, -0.13640286127100898]]]}