{"bodyId": "h0", "timestamp": 1630675666924147735, "continuousState": [[[0.311106100381216, -1.7060455366050593, 0.5420579404049765]], [[0.07606775882200145, -1.5794486228587234, 0.7866133470477771]], [[0.2608989515954724, -1.8679082331040926, 0.2932430331643643], [0.048830036212567166, -1.722061085908382, 0.5647423676737273]], [[0.3080880158005877, -1.7228875574022038, 0.4767157790219428], [0.09000773369107674, -1.6524240364262912, 0.5635525606914996]], [[0.051103635036757564, -1.8299215436890421, 0.09729083823884867]], [[0.2761876313172698, -1.616803317162734, 0.21323469370424072], [0.2698618024380603, -1.6111551217448115, 0.34871629594200726]], [[-0.09529518533795513, -1.620794156523723, -0.1928091301853717]], [[0.2886319935122031, -1.3806129645353067, -0.21864081576785044], [0.22915612661174486, -1.458203992873258, 0.03786064571519228]], [[0.029271417293509103, -1.6876000380701217, -0.044746324290074656], [0.23245801844547873, -1.6322892461680445, 0.0740846877271972]], [[0.0913937586367673, -1.5930370096785695, 0.07016422107562266], [0.22637102216787117, -1.604296880760965, 0.04814915634953695]], [], [], [], [[0.04297149641146416, -1.5321687245574844, -0.801358506410551]], [[0.3065855955678685, -1.7914061271512014, 0.34880276623055306], [0.027067959384651886, -1.6947208574672308, 0.5374968318871802]], [], [[0.17959582541867264, -1.776404550545623, 0.28700330863039575]], []]}