{"bodyId": "h0", "timestamp": 1630675666924014606, "continuousState": [[[0.43343815354917525, -1.064057828173908, 0.8115488934831315]], [[0.6183153254014051, -1.2654841411957418, 0.5711000497389341], [0.4050541225354468, -1.1751940493395847, 0.8273279828303811]], [[0.47091344478116587, -1.00451171294204, 0.5103522774808176], [0.2741391650844107, -0.9055319574108452, 0.6363078671134078]], [[0.45529710374543897, -1.339488080923443, 0.4665041869756909], [0.20963477859717683, -1.2409729652505492, 0.5893661511362375]], [[0.3944942992981129, -0.7436188953054248, 0.16045784639529392], [0.3039296509223568, -0.801866579289324, 0.3463342423005206]], [[0.29578210254850473, -1.3785448845364914, 0.2582169471765528], [0.16191132647777862, -1.3015847888012397, 0.2708102785786191]], [[0.37270191011720133, -0.7499859894885998, 0.05981800982111145]], [[0.2407580961111758, -1.3414076001561879, 0.027034224678603776], [0.22558643248409793, -1.266525769613318, 0.010448039297967171]], [[0.15914778485303224, -1.0036882491889976, 0.12605250706523657], [0.2812203159115829, -0.891265965378267, 0.024282024541100556]], [[0.17407793382159184, -1.225008726278189, 0.08149148827565614], [0.33851490528563566, -1.1704389452886501, 0.10780005569908531]], [[0.5855985048855031, -0.9031841868083245, -0.10861945542491504]], [[0.0702816846443103, -0.8754333002715124, -0.6526469948402034], [0.5460768343077202, -1.1732734906215918, -0.06126306251252731]], [], [[-0.10185760586960681, -0.8395149471249892, -0.7251677452134402]], [[0.45993682848355194, -1.1782574728093078, 0.48787389707401585], [0.3824182602053447, -1.1030128100991488, 0.70844816452226]], [], [[0.4248957015217759, -1.041553488114434, 0.31348101668549244], [0.2567822147597668, -1.0214197722699367, 0.467850196718379]], [[0.3798382193535475, -1.0640964565432567, -0.01356398357462945]]]}