{"bodyId": "h0", "timestamp": 1630675666924148941, "continuousState": [[[0.34850216019763, -1.6731521623233976, 0.5517100199604398]], [[0.08591967811351583, -1.5781061803513896, 0.7857026473510208]], [[0.253893478078203, -1.8444862826333477, 0.31342956268874467], [0.014252573558980885, -1.6878836600615734, 0.5405828750474536]], [[0.3169464337992044, -1.7227114627363658, 0.5070360392900622], [0.10995317667250946, -1.6477580997350199, 0.5634609089393445]], [[0.05378318236397831, -1.8152555587632, 0.10426502336474959]], [[0.2848483222092111, -1.6259441131181087, 0.2454000291282123], [0.28999893766396756, -1.6023726260350204, 0.3623404532829991]], [[-0.0900197101191201, -1.6231709298706447, -0.191281937223883]], [[0.3083412362359144, -1.3691515142109885, -0.21840198461408453], [0.24454347756807623, -1.454675367151231, 0.05161180035674988]], [[0.057971658992619725, -1.6980008286803872, -0.04010062922375346], [0.22172354935281327, -1.5993344017462374, 0.061693248221177326]], [[0.11502086095799587, -1.6072414370914623, 0.08660970490003524], [0.2573465968557321, -1.5856812265415463, 0.07607832101684744]], [], [[0.0015776382884187114, -1.4993267724627286, -0.5953884990523638]], [], [[0.042132454576065355, -1.5241912369337167, -0.8364323928242656]], [[0.30336563104492065, -1.7804632224937007, 0.4067644148668319], [0.10615867290348774, -1.6581040916954333, 0.5826761057575891]], [], [[0.18536480808159136, -1.7689835107497829, 0.30565053132740594]], []]}