{"bodyId": "h0", "timestamp": 1630675666924150214, "continuousState": [[[0.2957790798143637, -1.770684052343051, 0.581619305858674]], [[0.03713702309013115, -1.5606492473440439, 0.7600325930316274]], [[0.2833110895548777, -1.873226867416479, 0.29882844897656285], [0.06388327359746654, -1.7615828333303356, 0.5489141911600403]], [[0.12779446770783828, -1.6118216149812152, 0.5575959844829472]], [[0.07697397213953917, -1.8440607956953499, 0.11243340088627451]], [[0.28825156787632683, -1.5698562117953894, 0.35307564741439684]], [[-0.07395399936572226, -1.6617438257150154, -0.1868804868339548]], [[0.2779753293326782, -1.368483062297801, -0.1761008645672871], [0.21531825166630414, -1.4317989278128282, 0.026500920679556658]], [[0.04104424923826048, -1.669974404896541, -0.05835269659704272]], [[0.11302923744949027, -1.5585153844737702, 0.05986700928379423], [0.2571664910401073, -1.5621320539413546, 0.08761776368355549]], [[0.08001815022371853, -1.5486486039513148, -0.40907042345301464]], [], [[0.017396709211946016, -1.5411749009756315, -0.8178832677742615]], [], [[0.3315726122753519, -1.7714886938456194, 0.3522219437751753], [0.08082618238283862, -1.6864586635154948, 0.5438856736173879]], [], [[0.10238421992368874, -1.7279412053382825, 0.33501469268461087]], [[0.09652369383660439, -1.5535819942125424, -0.1746017070846102]]]}