{"bodyId": "h0", "timestamp": 1630675666924150482, "continuousState": [[[0.29659789106890316, -1.8034048692415945, 0.5690718149471146]], [[0.3245814103474467, -1.740544152305536, 0.6320793991741464], [0.035214677452003795, -1.579077428803476, 0.7784958565042435]], [[0.297737269799119, -1.8936689054907951, 0.2782350938684749], [0.06373487056179465, -1.7841308384588563, 0.5576993377193301]], [[0.4306410619793432, -1.6448163354262437, 0.33737498409704014], [0.12697452825388542, -1.6200596384849228, 0.5668424453465223]], [[0.09211205592548083, -1.8732232679676273, 0.078747072190062]], [[0.2845885633750008, -1.572517344127425, 0.3605351765071387]], [[-0.04870381587487458, -1.7126235027521335, -0.1599601864680319]], [[0.27268046980672483, -1.3721062183942867, -0.1920432274393677], [0.1878761533652787, -1.4229464328478674, 0.011048365067156965]], [[0.03140913256830964, -1.6924794754886057, -0.05587735650075979]], [[0.0756830239600834, -1.558217126780726, 0.038477094331054784], [0.25938902481596576, -1.5585602682748945, 0.09532814014073142]], [[0.018996323443208212, -1.5725837593564487, -0.48807295379120275]], [[0.21373282217964448, -1.4224574830499377, -0.2371769622039335]], [[0.01475835288262033, -1.5402784046120588, -0.843859656099816]], [[0.030677319676216938, -1.494764023918913, -0.8239814247179279]], [[0.2799929345551441, -1.8006100843427975, 0.45034714993104114], [0.04899873283311399, -1.708674254665927, 0.5376697291544742]], [], [[0.261376558952412, -1.7590198016969354, 0.20806102814355107]], [[0.04733967370164581, -1.5654004430685875, -0.22479792973007398]]]}