{"bodyId": "h0", "timestamp": 1630675666924150951, "continuousState": [[[0.3471937436623287, -1.6988291298663059, 0.5133917959408234]], [[0.0899947811050099, -1.6150879672517797, 0.7943576380424207]], [[0.2674230511493791, -1.8908944430599959, 0.2783390576038037], [0.0676722204430082, -1.745175686657304, 0.570327300292433]], [[0.35210168715750667, -1.7238145936954559, 0.3932788001202846], [0.09764272639410661, -1.67886517108339, 0.5566167466808326]], [[0.05504525620412323, -1.8513472121968482, 0.05284339816260399]], [[0.27122562995545313, -1.6289800577026388, 0.1986121182656384], [0.27092402978065433, -1.6286762979271971, 0.3438225298787031]], [[-0.09577972219335283, -1.6613232715794894, -0.1992234803947308]], [[0.284663073742976, -1.4034881811150635, -0.20520540560903397], [0.21643175928257324, -1.4702314851715963, 0.030464927948935155]], [[-0.008544042836534914, -1.6747769538423842, -0.14025891120323514], [0.18491457874230013, -1.6582154401528477, 0.03316152914283998]], [[0.06265367031903679, -1.5653383850369658, -0.03171008246537622], [0.19854559284907713, -1.6135165522369073, 0.026267975161517142]], [[0.06553947155945161, -1.529522591608471, -0.4456968601041233]], [[0.019814954222977348, -1.5098048275530516, -0.556930808359404]], [[0.04641229709296226, -1.533583704234915, -0.7912940590365699]], [[0.08565360393332162, -1.525101827413618, -0.7514119871935766]], [[0.3303221482645941, -1.8041216983888566, 0.3042030893761771], [0.08235388372646048, -1.7110559147381383, 0.5665192769242744]], [], [[0.20357347168081497, -1.787580902946152, 0.22306109914144429]], [[0.0640965709392442, -1.5474304883227183, -0.23870347128474975]]]}