{"bodyId": "h0", "timestamp": 1630675666924151487, "continuousState": [[[0.3550062885001392, -1.716545759251985, 0.5765506820830218]], [[0.08845652106366492, -1.6587868819389995, 0.7924639605453444]], [[0.25384871732681136, -1.8615070316591016, 0.29194571281379944], [0.08042680811128684, -1.6358231931095033, 0.5775772632016526]], [[0.3545484933462275, -1.7226645370123774, 0.4073129076675252], [0.06573217228461567, -1.6944645489142354, 0.5469145713182239]], [[0.028220879597117915, -1.8191272603970445, 0.11870641492165669], [0.2296331172683988, -1.5577834429651456, 0.34718232802005694]], [[0.2607650028216211, -1.6385834682101434, 0.20490693823929496], [0.2658367730347377, -1.6456370397819393, 0.35187702007116284]], [[-0.1186874925341763, -1.6448882156387326, -0.11611190550598485], [0.169869116254401, -1.458704153692113, 0.041788058550677534]], [[0.274394186704138, -1.3938410744109273, -0.23137370656135137], [0.23233102439854816, -1.4912080022339789, 0.059966349884840835]], [[-0.03956757973896674, -1.6747009473428125, -0.08287155445364237], [0.25803976392701133, -1.5447488016469964, 0.11461963020377015]], [[0.10700606588220012, -1.6171127860835313, 0.07962137051322156], [0.2506386754799919, -1.6057788387567768, 0.0855860151848965]], [], [[0.03138199403634121, -1.5174054779662984, -0.5454311162242205]], [], [[0.003484074107155038, -1.5190884326278904, -0.8644920552013184]], [[0.33284985091671704, -1.7857732598713014, 0.30948516716562313], [0.09801989446741141, -1.666998007199816, 0.579862856537944]], [], [[0.19138468647167273, -1.770895898704711, 0.26300966129459097], [0.14768264477650722, -1.6261239959396905, 0.44704844966914037]], []]}