{"bodyId": "h0", "timestamp": 1630675666924151621, "continuousState": [[[0.3576095984626309, -1.7180875499390982, 0.5783886381781279], [-0.22254521920942558, -1.5295906190753947, 0.6603475114936261]], [[0.09330514032433325, -1.6691074363053735, 0.793999482402481]], [[0.25009437437010756, -1.8657578042329432, 0.30158047474049293], [0.053666046928849256, -1.6442525799897125, 0.5626941849628927]], [[0.34615763016146667, -1.7219363086172979, 0.4095325630661991], [0.035414934050415015, -1.697275353906331, 0.5311706433852341]], [[0.027449767617367, -1.8217085832047522, 0.11792906758934692], [0.23422176826576038, -1.5526851567133786, 0.3439478703017519]], [[0.252549667374051, -1.6344342074954472, 0.2186608817072074], [0.2728164121792108, -1.6349715948911532, 0.3548962553280783]], [[-0.11815633686689395, -1.6412082505503627, -0.1358972934279077], [0.21949520873659117, -1.4509585500114726, 0.08293890513295787]], [[0.27984536764433576, -1.3892075991548072, -0.21337388976050214], [0.21964046219599595, -1.4775681191234404, 0.04127748235889999]], [[-0.04493615936901926, -1.6586223037231853, -0.09945067575725557], [0.27588777758505306, -1.5311716655425998, 0.11409487888632316]], [[0.072564503768823, -1.584307678243466, 0.027898169713252628], [0.19790394963693803, -1.5971563714605241, 0.012328240319562155]], [], [], [], [], [[0.31707638053043685, -1.7913186790169786, 0.3337936509473839], [0.07571191974460749, -1.6704362647836482, 0.5684653352188531]], [], [[0.18680369888941684, -1.771822445911025, 0.26373081532777304], [0.1348183511580877, -1.624980255309855, 0.437559256843493]], []]}