{"bodyId": "h0", "timestamp": 1630675666924151889, "continuousState": [[[0.35316041012743843, -1.722485612919766, 0.5769639655996008], [0.0497150996820003, -1.5248182081772763, 0.8003176314404566]], [[0.06608214361175646, -1.6810855269024316, 0.7789965662033768]], [[0.24085829038468723, -1.8720611399902207, 0.31465652596321253], [0.06880668747798473, -1.6751173619234305, 0.5698385731312653]], [[0.08410601615600671, -1.6774827547441211, 0.5611741990586063]], [[0.03236274095056581, -1.8257883415921394, 0.0930681300949891]], [[0.25340815797229066, -1.6260534282914032, 0.2179189188222085], [0.27633239371995316, -1.6212064059942808, 0.36299496835599143]], [[-0.11216889672953982, -1.6391875957132287, -0.1905645152480515]], [[0.2898517474174252, -1.3895341127441985, -0.2342097026921772], [0.2166836312705932, -1.4715825790457366, 0.04136086657286728]], [[-0.04298562721531289, -1.6495246640891172, -0.12287094155314844], [0.2233367666231811, -1.5744755683787752, 0.061339304071305153]], [[0.03189682912809997, -1.5565964125462657, -0.025401401678220054], [0.1780307843905514, -1.6003260003511801, -0.003788892900984365]], [], [[-0.01521374908947064, -1.5100905229962216, -0.6235655167387005]], [], [], [[0.30932765820987745, -1.7910884258305955, 0.34134745600846145], [0.10443761909315162, -1.674058434958026, 0.5849614260642276]], [], [[0.05823437855328626, -1.7516355481681303, 0.32712116457679774]], []]}