{"bodyId": "h0", "timestamp": 1630675666924152224, "continuousState": [[[0.0448447061913796, -1.5189855615628338, 0.7995483129521407]], [[0.06789090184180918, -1.677865067546833, 0.7806016484935125]], [[0.2500184432211284, -1.8752061982496073, 0.31925721615084013], [0.006860210026631421, -1.6903623139102213, 0.5446678316675124]], [[0.08341106826053352, -1.678299564198226, 0.5766790406128482]], [[0.038704120427859603, -1.8786327098274085, 0.09592020401087893], [0.25992108722908486, -1.5589061706266767, 0.40649803596541734]], [[0.25923543623620443, -1.617528072902794, 0.2161793848775776], [0.2843509571303214, -1.6177573307608504, 0.3845671530639404]], [[-0.05484047326797756, -1.633110824127902, 0.155439093418423]], [[0.27084659506519454, -1.3895620030024807, -0.2359666562102825], [0.2296887218577151, -1.474617964014638, 0.053571528920695076]], [[-0.06663240935068843, -1.7089335784313662, 0.0802868858498689], [0.2486258279095946, -1.5778161903362282, 0.10858003369500807]], [[0.03901884234535066, -1.5643741628661314, -0.03418686350651501], [0.24366116799947782, -1.6025301547716322, 0.08536524591932652]], [[0.17711480263882162, -1.495086828349218, -0.29006429810957046]], [[0.017189583954110958, -1.5089009118834413, -0.5336712582268877]], [], [[0.049963511977598955, -1.517609067503258, -0.7877209744014305]], [[0.3077843658551518, -1.7913972116180743, 0.35346255603308896], [0.08908671971827062, -1.6774993472658528, 0.5892397956643421]], [], [[0.06105759434419656, -1.7784661370128172, 0.3362996223118636]], [[0.10806682249208614, -1.5297304956076747, -0.16212558080804274]]]}