{"bodyId": "h0", "timestamp": 1630675666924152358, "continuousState": [[[0.3471341864743338, -1.7237435356254747, 0.5832401501782113], [0.027900418888687, -1.5287651278853316, 0.7931082779712019]], [[0.328106008357379, -1.8679069474620853, 0.5737232122012237], [0.05424151388002292, -1.6764653611695153, 0.7803824084149356]], [[0.25303083220505906, -1.821915794980722, 0.31681396654414606], [0.08201887801535486, -1.7034648783493354, 0.5881789031084445]], [[0.3411179323352729, -1.8806040527409544, 0.3261902954524335], [0.09960921253828019, -1.6720249167899532, 0.5784481384662722]], [[-0.013619218210121005, -1.8940366349097004, 0.17334571560665724]], [[0.2843649236845349, -1.6136153792877947, 0.3771745247969593]], [], [[0.22612498639095044, -1.4682738095801795, 0.05286608907915093]], [[-0.014633028647254775, -1.8586880544541644, 0.17821927557395134], [0.22429620798319524, -1.6215400285075792, 0.08182246297556207]], [[0.21265389037502042, -1.5991703203234597, 0.053692467089124646]], [[0.03548479383737117, -1.513364578502497, -0.4612431157739459]], [[0.03695474320756784, -1.499475207463362, -0.5145140076934028]], [[-0.10687926029648963, -1.5547704723081666, -0.3764392565264857], [0.03421872316029748, -1.5152856574470215, -0.799834204791441]], [[0.01986743042171679, -1.517470480560252, -0.83598970914929]], [[0.3001129783965497, -1.8070210948208127, 0.4010906846509158], [0.0893583110703878, -1.6885501636956972, 0.5850239696984165]], [], [[0.16374935706257593, -1.8873203438253274, 0.24976800552954537]], [[0.1240693421061958, -1.5562674494129785, -0.20377532434241064]]]}