{"bodyId": "h0", "timestamp": 1630675666924152827, "continuousState": [[[0.3094820769128714, -1.7854508390193569, 0.5536769330918194]], [[0.04623954176851044, -1.6189404597939052, 0.7792727559266783]], [[0.2723003102575167, -1.8952044940165143, 0.3193328134718954], [0.06191854702511796, -1.7911106402945363, 0.5504220369991983]], [[0.11323900290433449, -1.6602745042328022, 0.5485058848627957]], [[0.0421406839542687, -1.7870136006698547, 0.14994575542765096]], [[0.2907326209725665, -1.616691662020186, 0.20190428282082531], [0.28070368183886124, -1.6046537655585333, 0.35249588631295453]], [[-0.11670320605297943, -1.6117213777702728, -0.007906859363527247]], [[0.29748144930701986, -1.3876000877058245, -0.21271746306174988], [0.21155804330928005, -1.4425444405205101, 0.029174520294767716]], [[0.042559748789383886, -1.7461783476708763, 0.16180003820409], [0.20509910022443772, -1.6717192693278287, 0.050446548703388314]], [[0.16834871985717184, -1.6423872305277183, 0.16491423352087123], [0.2384160297339463, -1.5744019437484824, 0.07314949409571023]], [[0.05989551721079124, -1.551740816475911, -0.41664254642063836]], [], [[0.05224246453469732, -1.530679626557443, -0.7735833972112696]], [], [[0.30462534646736544, -1.8051074777081244, 0.40492302890259474], [0.10551053506096969, -1.724022280416072, 0.5587471714748867]], [], [[0.07768984342930159, -1.7236440524513283, 0.34922582014522335]], [[0.11412211853398155, -1.5970640235018148, -0.12586415644988358]]]}