{"bodyId": "h0", "timestamp": 1630675666924152961, "continuousState": [[[0.2985661590630925, -1.7848515315286886, 0.5688799485039767]], [[0.05888857029647397, -1.5935663160982372, 0.7730352979204291]], [[0.2623419410813438, -1.8821128777134575, 0.30743274199451254], [0.07857142009431527, -1.7729285611636074, 0.5572868274626313]], [[0.12012935325241142, -1.646692796403844, 0.5571521959281436]], [[0.041034482555774104, -1.8323125774652202, 0.07673733694006774]], [[0.2644822845781462, -1.6093318174734923, 0.18880516160658273], [0.28228292026585994, -1.6143515843655218, 0.3583623062621607]], [[-0.10385531627417473, -1.6399175519551001, -0.06078446941043717]], [[0.28168599203888467, -1.3829728459823583, -0.2175628191158862], [0.22571865504724065, -1.461133795564619, 0.04497597423967022]], [[-0.039771735103168594, -1.6861334957046756, -0.06389798242101756], [0.19301230105460127, -1.661498855768235, 0.038501151374453]], [[0.07644316007922783, -1.547343848836747, -0.10729681478250495], [0.21641256900946973, -1.585689598377576, 0.051571490605580264]], [[0.057608769371182006, -1.553931756885178, -0.4354842634083923]], [[0.025304263875241532, -1.5062826883079474, -0.5189567997119736]], [[0.038948830145284774, -1.5288808729266752, -0.8086557244092885]], [[0.05153885010368208, -1.5212174577735367, -0.8003240664670759]], [[0.30907884649902817, -1.7929640084988603, 0.35320773408377476], [0.0926236431629668, -1.7092154340408032, 0.550396014469299]], [], [[0.08058191790409276, -1.7395026869345322, 0.31694476643410563]], [[0.06702596472520492, -1.5506378028609626, -0.27139053909544864]]]}