{"bodyId": "h0", "timestamp": 1630675666924015008, "continuousState": [[[0.417730614267911, -1.0612432312940818, 0.8011283388629339]], [[0.6177792150117197, -1.2652684553992586, 0.5696078516982369], [0.40552210239756664, -1.1721917142708385, 0.8289721410653063]], [[0.46635701805521995, -1.0158869091816825, 0.5162839251881666], [0.26724142146955093, -0.9038681996508452, 0.6323820054937062]], [[0.46167582287924774, -1.3372078275410788, 0.4597655959457981], [0.2078258919124214, -1.2417561169914937, 0.5882519155849059]], [[0.3980456006567949, -0.7431687078291418, 0.16147768885357483], [0.2930238551588018, -0.7965983756367452, 0.33843951105207226]], [[0.2990138823162654, -1.3763392110265684, 0.2601757726390142], [0.1393186210492213, -1.2997111793712681, 0.25920670318956696]], [[0.3661127265898697, -0.7424958203086924, 0.0550265103924944]], [[0.23177070216588327, -1.3556740005789798, 0.07477076220245203], [0.22020633383585209, -1.2667060597306217, 0.015690662573624878]], [[0.15837861769084874, -1.016915672738851, 0.15015302290492333], [0.28302624137193516, -0.8887458316174787, 0.03395828527185313]], [[0.19453806714580293, -1.1960933291230094, 0.04183811720966332], [0.3339473944895292, -1.166707646531399, 0.11278490193388324]], [[0.07663573169902815, -0.49688502734339046, -0.7579215500437162], [0.5999637646964695, -0.9022103762456235, -0.08093424472168954]], [[0.08344683667675702, -0.9573601108965392, -0.4914867752480766], [0.552515331466253, -1.1528796729731638, -0.09006501340806426]], [], [[-0.10101370917064253, -0.8338447877331179, -0.7197303801093967]], [[0.4616406964312324, -1.181678037802662, 0.4879895697261613], [0.4038360294263848, -1.1074010379459427, 0.722698563986556]], [], [[0.4298607117680213, -1.0401882676851102, 0.3106216423996865], [0.2504248735356116, -1.0191772463141193, 0.46334571331848906]], [[0.13558689942241553, -0.8464891782331999, -0.3580417164170264], [0.4669555795929994, -1.0344590113885113, 0.01592532860609685]]]}