{"bodyId": "h0", "timestamp": 1630675666924153497, "continuousState": [[[0.28123587187838717, -1.7875220961434561, 0.547912987108962]], [[0.30223985395168423, -1.7520314014371974, 0.6435074974845018]], [[0.2661613364719261, -1.8972146149253357, 0.33298511834837086]], [[0.39813788602476285, -1.6502301289735446, 0.3917139573707286]], [[-0.03545995214762053, -1.983103285424715, 0.23840299731623305]], [[0.41743298193217954, -1.481870820306671, -0.02415982719147837]], [[-0.07748928699829306, -1.743694120199542, 0.16532332208042794]], [[0.27798484913873694, -1.3612742843454528, -0.17544265727119454]], [[0.10481609380254452, -1.7395652122511704, 0.08712864895698863]], [[0.15607786080542616, -1.571417560378054, 0.06195980933706778]], [[-0.05965891899421104, -1.6847628451096297, 0.156566910986523]], [[-0.0207446694461388, -1.580744695982568, -0.022420321528761177]], [[-0.13672287983360112, -1.6609273562152935, 0.13785470891272483]], [], [[0.28462895405051236, -1.7919542485141589, 0.4400800249766927]], [], [[0.18133896693857116, -1.8166667071991298, 0.3150584773434808]], [[0.04820947090560756, -1.628090202743842, 0.10926336016179539]]]}