{"bodyId": "h0", "timestamp": 1630675666924153832, "continuousState": [[[0.33773628259044475, -1.6816080288328925, 0.5678061311709701]], [[-2.506234195891273, -2.5699805870219943, 0.7634043201671797]], [[0.2477122213657771, -1.8628665399601014, 0.29809315447208135], [-2.685735411035627, -2.76729046793565, 0.5507214546165321]], [[0.36745122616160797, -1.6764744350992693, 0.35718341448633917], [-2.5836018455328467, -2.592376253396689, 0.5842518037500322]], [[0.06502594334385117, -1.838796960646016, 0.11946195548353558], [-2.618405706986827, -2.8836146614487617, 0.30114926872742626]], [[0.27053737093531227, -1.58821220247603, 0.19261747545178765]], [[-0.06568491070167914, -1.7160256416963915, -0.1574254338246608]], [[0.28188303387027197, -1.3656319278913374, -0.18522240681878294]], [[0.009089555236324485, -1.66740291926766, -0.09233797941842453], [-2.879576843521416, -2.647859892598618, -0.03942589592134982]], [[0.08938676465142863, -1.5394565152794757, -0.056475672383979145], [-2.7803698867519597, -2.65006536424534, -0.009879888540768888]], [[-3.1776956065807522, -2.568636894935913, -0.5790504340662105]], [[-3.0715603560292206, -2.6598084005919436, -0.596027754578452]], [], [[-2.910551624472911, -2.6458528342638683, -0.8216719925221382]], [[0.31306876275164947, -1.7702761963603175, 0.3317417783787089], [-2.7598973549329777, -2.706967421249449, 0.533493494439092]], [], [[0.21623858475272956, -1.7576356978726426, 0.23832268498493736], [-2.601003776259837, -2.737995457422725, 0.4427005362387292]], [[-1.5441544209646618, -2.0540467051076945, -0.3177630532250948]]]}