{"bodyId": "h0", "timestamp": 1630675666924153966, "continuousState": [[[0.33126629460919554, -1.6649655994908301, 0.562835502075943], [-2.4432083840658123, -2.5552837831306077, 0.7837929092466847]], [[-2.499977274582094, -2.6645763831531784, 0.746161903618033]], [[0.25798460413218544, -1.8441384150973674, 0.2830049443825885], [-2.5919761057604465, -2.535310065116475, 0.6015874456442016]], [[0.30244086427129496, -1.7177664017101908, 0.4793712960233023], [-2.643031707029163, -2.7944864749531337, 0.5379243780064787]], [[0.06747353095879902, -1.8555473937953904, 0.1299618059575523]], [[0.2575014627474849, -1.6135158199374509, 0.2309500341332357], [-2.5133066059893, -2.879334221748075, 0.3047212792894338]], [[-0.0669890463520187, -1.6851219532038255, -0.15820555972518013], [-4.036732692225181, -2.6173508922393465, -0.3457407957376445]], [[0.30122354674035595, -1.360931651800989, -0.21857422740594712], [-2.3512952097541038, -2.7662168593898624, 0.06819995027400547]], [[0.012657644789980282, -1.6588947453754375, -0.12312354927742059], [-2.8077575229030183, -2.5673562246540067, -0.03680087794696397]], [[0.08218566528646079, -1.5556458832681928, -0.014219548265203911], [-2.5695056075188885, -2.692507697231522, 0.02389852273609631]], [[-2.953294836535538, -2.5255806824589833, -0.5569637948636884]], [[-2.716153076266903, -2.6374549269424024, -0.4970884881243194]], [[-2.887100933209277, -2.5722873178841055, -0.8994120007938133]], [[-2.7718995362402055, -2.630898179532477, -0.8656783339528353]], [[0.3135532718279767, -1.7668242994671604, 0.3381925505105248], [-2.468709255911861, -2.6427125560759888, 0.6019897899324635]], [], [[0.18495719761504698, -1.7866568977527906, 0.3046665509904273]], [[-1.4355545856245384, -2.040613282863588, -0.28559167156444615]]]}