{"bodyId": "h0", "timestamp": 1630675666924154033, "continuousState": [[[0.32673382742899554, -1.660289123817376, 0.5698118895129114], [-2.4103437276948387, -2.564775946442076, 0.7888580345395464]], [[-2.413321862759627, -2.640600334889712, 0.7692153465551771]], [[0.2702630795885801, -1.8316908185552079, 0.28486285923982724], [-2.58109828326557, -2.545452082393338, 0.6019701384404877]], [[0.2930016357549195, -1.7208045814778208, 0.4997016818109815], [-2.5492036660974855, -2.7926922574819675, 0.5571359555247466]], [[0.06898832290693935, -1.8662520301635974, 0.12134459282878743]], [[0.264872302577134, -1.6156395689405643, 0.24441363958418377], [-2.4595390669658044, -2.8610797394607523, 0.31310979615883844]], [[-0.09662727644088344, -1.6447718598939383, -0.15610793831430192], [-3.6663416892919614, -2.5647388965779174, -0.2714759145785126]], [[0.31800043364562786, -1.347633017513088, -0.25450624505309904], [-2.2537970304625286, -2.7155663316951504, 0.09745141204882952]], [[0.013799390268537309, -1.6661978561657793, -0.12449732199053255], [-2.827579401599075, -2.588852233917021, -0.04682324059792836]], [[0.08490512559379988, -1.5656454647389442, -0.005843898566152802], [-2.521082957336134, -2.683239069019096, 0.04063674008688099]], [[-2.854531476099449, -2.502094410421207, -0.5118246522294709]], [[-2.7075131880192984, -2.627881668455909, -0.48985795439916385]], [[-2.761547626098908, -2.54430344206714, -0.8336520534062704]], [[-2.784166449780243, -2.630297872474104, -0.8744036590574585]], [[0.27987508439510894, -1.772431766301739, 0.4075740264965309], [-2.5190651124278864, -2.674381354061499, 0.5881538166583254]], [], [[0.18099497933092942, -1.793528305820709, 0.31052313731988446]], [[-1.3848131752528245, -2.0338699375800755, -0.25883427539781184]]]}