{"bodyId": "h0", "timestamp": 1630675666924154100, "continuousState": [[[0.3336968656378419, -1.6454690137291217, 0.56615542851086], [-2.413574173249149, -2.5840257095230816, 0.7809295701173486]], [[-2.3873054033314767, -2.6281498388781537, 0.7727317427016165]], [[0.2599580246933471, -1.8360422451777563, 0.30121145039528485], [-2.389909197839753, -2.581021448976913, 0.6296070697681369]], [[0.3138423485934979, -1.696135546306434, 0.4430252924628071], [-2.5549556194875067, -2.7812450603235623, 0.5504224236276282]], [[0.054415730255246784, -1.8435018946750312, 0.056180662153077036]], [[-2.390988315563731, -2.846823587146031, 0.3066022742402722]], [[-0.10371172212727299, -1.6467404106911276, -0.09279809778209687], [-3.4137637887034398, -2.5553257222183414, -0.2119640949225088]], [[0.2905218827748943, -1.344078717045395, -0.20208724500971675], [-2.2935777830395927, -2.7162797415934627, 0.061468911117340666]], [[-0.040831697245050945, -1.6450045358753684, -0.13853992948749874], [-2.636341196059233, -2.566999561811632, -0.020822864899849493]], [[0.04314684590479544, -1.5312400489398543, -0.07133446493336805], [-2.5213170086436696, -2.6637615796057337, 0.003816414774238638]], [[-2.6783253828682283, -2.457654887765597, -0.47014921648458974]], [[-2.8595000016608254, -2.6462512277889596, -0.5984817559955852]], [[-2.7324298536885583, -2.5349251155896133, -0.9135453249199543]], [[-2.754418297807726, -2.605483262005381, -0.9470750467217988]], [[0.30210856252614116, -1.7584536018497412, 0.34750053941071474], [-2.317644576882075, -2.6282341005853205, 0.6289311580212507]], [], [[0.18412903942437234, -1.7698187204907327, 0.24960297730794206]], [[-1.3175892684817165, -1.9944474683527256, -0.2707418407089789]]]}