{"bodyId": "h0", "timestamp": 1630675666924015209, "continuousState": [[[0.4192531529452333, -1.0591802293311656, 0.7946600506970201]], [[0.6127409946775079, -1.261940991717543, 0.5714671692086024], [0.4209319590316411, -1.17775220945728, 0.8310142839352058]], [[0.46967714600976235, -1.006871384501898, 0.5107684434717616], [0.2655606131839568, -0.9016991412537023, 0.630055655132388]], [[0.4583285906994618, -1.3392279781247176, 0.4604997109765302], [0.1961798306394139, -1.2374483217755146, 0.5827577703424442]], [[0.4004074287361247, -0.7339052940484757, 0.15028529157398815], [0.2939484010843962, -0.8016224169377452, 0.33952219696641645]], [[0.2921953192238131, -1.3834929097740811, 0.26486134006066275], [0.1552151109080312, -1.2978928516171966, 0.27688372901686376]], [[0.37988757111566973, -0.7485381890206835, 0.07056675470942696]], [[0.2585205058254897, -1.3185837950009844, -0.024679322651525126], [0.21046047991926048, -1.268102337934885, 0.01317067815210703]], [[0.16133382367163768, -1.007074067644567, 0.13967359267351775], [0.2688684742144974, -0.9046869940183528, 0.0473189591884202]], [[0.19033013466779733, -1.2015311440595455, 0.050450987090152014], [0.32682513310423295, -1.1706065258667595, 0.10966967465355583]], [[-0.024638490668743886, -0.8913143571598655, -0.1577895023273379], [0.5457428533957943, -0.8891173213404595, -0.11526274983367148]], [[0.08101474642079222, -0.9512457071244063, -0.48897857670328404], [0.53571021738805, -1.1786969289030345, -0.06215358340359785]], [], [[-0.10200982204069953, -0.8357585631556256, -0.7096468366097656]], [[0.4601842454304025, -1.1797924438134322, 0.48703439125837494], [0.40523600297421397, -1.108101382152642, 0.7240401409100075]], [], [[0.42936800971779326, -1.0365666360865966, 0.3053925012752592], [0.24506411586190505, -1.0195353693566298, 0.4611399836544303]], [[0.08284582199952673, -1.0464227506097055, -0.053669257618592946], [0.43628399325001366, -1.0298619236036095, -0.0027965375900578238]]]}