{"bodyId": "h0", "timestamp": 1630675666924156646, "continuousState": [[[-0.04396762787126363, -2.393376558474032, 0.6244799591716723]], [[-0.035672086997095676, -2.4939153407959767, 0.6132689703459162]], [[0.4235354374622253, -0.9002758212590026, 0.6236374749546676], [-0.2796638094302955, -2.4208641882798543, 0.4427531823904019]], [[0.42645630193831713, -1.1981336215448057, 0.5825685624743369], [-0.1548173844328885, -2.683611784850094, 0.363881669196129]], [[-0.16193954629966242, -2.1555562477816066, 0.44815951394804915]], [[-0.04923271101937007, -2.683688309870703, 0.09671230462955123]], [[-0.17415616560046418, -2.2742423106621557, 0.5548995505650743]], [[0.06357055150399833, -2.590245671980878, -0.12151430206797455]], [[-0.15936750413676715, -2.357237074843889, -0.12766402347861527]], [[0.10756667223617711, -1.1155425510128194, 0.19234990466539603], [-0.062275587840813384, -2.5377051068785557, -0.12471855820492737]], [[-0.07962506764181398, -2.29517101849796, -0.48698414463422546]], [[-0.04147977182594835, -1.0153743469321828, -0.15977754567172428], [0.007448503419905137, -2.6412391401881505, -0.561950172736955]], [[-0.065724578597333, -2.2996615540623986, -0.9605211874353548]], [[-0.21310452054442489, -0.8364400818064309, -0.6092232103544505]], [[0.4176580429965193, -1.08045973725164, 0.6171508087746423], [-0.08226437577897104, -2.476093932411911, 0.4896358530826576]], [], [[0.13225837781932737, -1.6768449346632062, 0.515364038211193]], [[0.013970802297181562, -1.7053567847553897, -0.1473171199844147]]]}