{"bodyId": "h0", "timestamp": 1630675666924157316, "continuousState": [[[0.6962344428752556, -2.4246249211314734, 0.055105721300329154], [0.3906247960635535, -0.9089503971742947, 0.8091956684736237]], [[0.38311545863322793, -0.9967566394903122, 0.8389371765863606]], [[0.5115187027804536, -2.42759814217234, 0.09435407544975215], [0.26171694306546284, -0.793316157313819, 0.6617448122542345]], [[0.18836411799398683, -1.0546395853176787, 0.6246895621793755]], [[0.46393515432721966, -2.237359554604283, 0.05657669404529565], [0.33546235217779624, -0.7138183539281323, 0.45483490106463226]], [[0.2302445075855453, -1.089248544270786, 0.4095294503056266]], [[1.8235836699092942, -2.4920084515805003, -2.155746574848585], [0.32105426814943666, -0.7326499549957581, 0.4465934960116815]], [[0.2964484030626511, -0.8269039348223423, 0.4264355348538936]], [[0.3212747720128013, -2.320424658283022, -0.30350495812151823], [0.222793122597064, -0.8143263076650697, 0.1641798614691961]], [[0.3048169308521356, -2.441613307334092, -0.2717426775297638], [0.1649117372463154, -1.02280048384642, 0.1359215384641998]], [[0.2359604900705018, -2.182135079394592, -0.6538246389827973], [0.3393330351844465, -0.7123983642262295, 0.38447356996856435]], [], [[-0.07659448900976816, -2.1161680453005527, -0.8806845421396388], [0.38911954834907736, -0.6803734480503237, -0.004745818647552596]], [], [[0.513869060972743, -2.445804714220528, 0.09066117428093594], [0.26175725483646467, -0.9362126490175927, 0.6739675000957647]], [], [[0.3261496361606032, -1.6459995699609808, 0.3406331281123356]], [[0.27038871046131874, -2.311874193364342, -0.46278365825628054], [0.25212238621538097, -0.8675994240363247, 0.2601975542163821]]]}