{"bodyId": "h0", "timestamp": 1630675666924158857, "continuousState": [[[0.35329322153636555, -0.8063983477166027, 0.8384616595269658]], [[0.302992215837068, -0.9187908833294857, 0.8394961307019836]], [[0.4127214910555211, -0.8972443487354126, 0.5863175127147857], [0.32501425477833595, -0.832041636267898, 0.7366973258629842]], [[0.4651102839991323, -1.2092278543386192, 0.5132949829155384], [0.1981240314577201, -1.075154367320443, 0.6391973518091593]], [], [[0.3812110202787858, -1.1000031645409822, 0.4462924871307264]], [], [[0.37780363122854715, -0.8475007374738341, 0.6115038457539208]], [[0.23645134104424323, -0.7137077321044326, -0.018645239421257884]], [[0.16156910671828206, -1.1569250151539523, 0.2089523769544178], [0.24876225692405274, -0.9841020673650035, -0.016682308268359293]], [[-0.05484726023951788, -0.8783973352942603, -0.16301682149598606]], [[0.002880375317285939, -1.0289525014982337, -0.2035754524674269]], [], [[-0.21870048452036844, -0.8330704665607316, -0.6578364869184906]], [[0.4184938400384514, -1.086207633955129, 0.5928274920006456], [0.23186003786280981, -0.9345313645197629, 0.6684378652685007]], [], [], [[0.05336092323938209, -1.0176611752241063, 0.022967777729215863]]]}