{"bodyId": "h0", "timestamp": 1630675666924159125, "continuousState": [[[0.3378994688079463, -0.825316105238161, 0.8166954675271816]], [[0.28291358797578187, -0.9461466338171715, 0.8171324097149235]], [[0.41127093583516394, -0.8997182713263028, 0.6023821968910884], [0.2990645282672301, -0.8124524682679767, 0.7034278402803643]], [[0.4634026821720069, -1.181739492750798, 0.4995320499989157], [0.2015054000302273, -1.07667440831838, 0.6493170978908026]], [], [[0.39135957335203536, -1.1093371214748586, 0.47896834092097357]], [], [[0.3961415458556694, -0.8669650750030865, 0.6365310692562639]], [[0.2454284877418763, -0.7502272049464686, 0.0018558952829346254]], [[0.13277719078561903, -1.132515397745792, 0.15644068501258812], [0.21346793962886476, -1.0171413402313536, -0.004200675564338553]], [], [[0.017495064476370316, -1.0346302481993588, -0.16575298106853278]], [], [[-0.21327295252080078, -0.8249728199843496, -0.6706444152754575]], [[0.40584386380168364, -1.081768184551815, 0.6068454898615846], [0.22885554758219245, -0.9328146603762545, 0.664439738725795]], [], [], []]}