{"bodyId": "h0", "timestamp": 1630675666924015544, "continuousState": [[[0.4156037799010119, -1.0495717987793243, 0.7832300026144098]], [[0.6129961980862472, -1.2557628941506611, 0.5729281013530934], [0.3851098662827803, -1.1641234862403642, 0.8043189182330686]], [[0.4695371025519303, -1.0075138395719763, 0.5102763066481685], [0.26990671947043576, -0.8982455338082675, 0.6284437882461623]], [[0.4493707079680743, -1.3433748054832286, 0.4711554598016617], [0.21055014514333698, -1.2364894973184102, 0.5874495923304844]], [[0.4001534369872496, -0.7377036185452044, 0.16487326488787085], [0.3143453366828451, -0.801842603429557, 0.34771632322946083]], [[0.29542663557112375, -1.3811071831382298, 0.26165332440360023], [0.15447648340876505, -1.296714103018479, 0.2632958157299984]], [[0.3596142480323158, -0.7295664301174346, 0.034796314051850234]], [[0.23180640570543284, -1.3602557455905209, 0.08242242677398212], [0.24415120318919298, -1.2656624927528166, 0.026142187570347006]], [[0.15828162842779772, -0.9953756954180742, 0.13219300200263182], [0.2580312580275852, -0.8736762027520725, 0.0034759136668942574]], [[0.17117367927033927, -1.2237417292699666, 0.09118783557080383], [0.3391473912643353, -1.1679671845641997, 0.11405090259530538]], [[0.6087624022454579, -0.8991714800377585, -0.0768651263476006]], [[0.08508553510618469, -0.9601190773364847, -0.49626711538403995], [0.5565398027063043, -1.16663387675381, -0.0914440348701487]], [], [[-0.10432942467688906, -0.82478176469025, -0.7184863997132422]], [[0.4575923222291136, -1.1793876261731826, 0.4910775542956782], [0.39075524892907904, -1.100590991173055, 0.7097034786069272]], [], [[0.42476207247766196, -1.0405392120142165, 0.31801436234476627], [0.26244774091309103, -1.0191660503739837, 0.4675829577799726]], [[0.3899680407578986, -1.0614566046538625, 0.007161354611601611]]]}