{"bodyId": "h0", "timestamp": 1630675666924159527, "continuousState": [[[0.32137996744510317, -0.9279117955954383, 0.8189321527044647]], [[0.5230869928902312, -1.1298976064203932, 0.7071713763365371], [0.24805561897057418, -1.0013313206158423, 0.8147441816810256]], [[0.41414235573202934, -0.9079348549749129, 0.5868982496977468], [0.3312045160732052, -0.8294351694103362, 0.7079171306903815]], [[0.44720157558739454, -1.200890941162149, 0.4924369791377818], [0.1724109725887847, -1.0996012237893777, 0.631233854325988]], [[0.30449845190938096, -0.7225829789578451, 0.4173820045688244]], [[0.2526485632574338, -1.1466259696745953, 0.3822926179514975]], [[0.2826336054725129, -0.6466993918095492, 0.002748864641553382]], [[0.3770673918517966, -0.9097308705037922, 0.48336160490362]], [[0.12169204947286857, -0.8726043512373979, 0.09059667463573032], [0.21534420533916726, -0.7736465480845338, 0.024347702790641735]], [[0.11411362015471536, -1.144399053786411, 0.14729268339123108], [0.2453788193743819, -1.0283265496550735, 0.051001632003900566]], [[0.6206069766610938, -0.8222930340318487, -0.020806026451446087]], [[-0.023861066434096984, -1.0169630374132579, -0.2522883010447356], [0.6192926665956081, -1.0282886065247676, -0.07207857420906362]], [], [[-0.2264920714253323, -0.8248654823008198, -0.6768940350443153]], [[0.412139887381632, -1.0761821591077965, 0.5744454662615008], [0.23601517699529517, -0.9501602411524256, 0.6665133495110657]], [], [[0.3758500137483878, -0.961736960059997, 0.4549094918533031]], [[0.3673602984079046, -0.9833460439091299, 0.0632433284698925]]]}