{"bodyId": "h0", "timestamp": 1630675666924159594, "continuousState": [[[0.3369814700127679, -0.9489358265687888, 0.8307482775917425]], [[0.5342452466790912, -1.1372990749327436, 0.6903954962456389], [0.28311873800507054, -1.0218429920942997, 0.8377467511751342]], [[0.4055777046029253, -0.9273555227013576, 0.5972481971411923], [0.34746509807410325, -0.8040733507150415, 0.6953898085424729]], [[0.44124945169043955, -1.1859854417172342, 0.4958970405758687], [0.18449449148478356, -1.0987028460989423, 0.6372133938445425]], [[0.30110380108051366, -0.7181401564206661, 0.3454829725561865]], [[0.3480447750554983, -1.2731565377221883, 0.28588842228928546], [0.23306796578828015, -1.167567044884268, 0.3884886558269695]], [[0.31601332658050363, -0.6481309397664813, 0.0022073948976885733]], [[0.6140665258679228, -1.0449454134926, -0.34523980236466695], [0.31134641053722, -0.9934720087367709, 0.40328868223024733]], [[0.10633992363561118, -0.9217897283989385, 0.14267542032847336], [0.20575349363276474, -0.7602786510243414, -0.00330849118069068]], [[0.10920136731682407, -1.120165854321338, 0.11242849784367286], [0.23534815451225904, -1.01747463777231, 0.036538485267150915]], [[-0.03133673186677401, -0.7503158040708294, -0.39228269774262253], [0.6359378278777369, -0.8212748929880254, -0.0501719370032863]], [[-0.02311954839250666, -1.0131285372246799, -0.25336685197940667], [0.6064279312939193, -1.0314598365817438, -0.10213635332153172]], [], [[-0.2273346735844058, -0.8254564570856275, -0.6724773819909837]], [[0.4096253364763361, -1.0716777883804078, 0.5745550374195341], [0.2389211210935341, -0.9355705148116421, 0.6509371989584384]], [], [[0.3711766263854766, -0.9520627990689501, 0.4206900065660276]], [[0.038932317725025034, -0.9352408291960836, -0.13992709994947483], [0.43564299119499794, -0.9193747653801677, -0.006816725868067693]]]}