{"bodyId": "h0", "timestamp": 1630675666924159661, "continuousState": [[[0.3469932535450391, -0.9543569734499703, 0.8299119900467541]], [[0.5638129583791838, -1.149875742473194, 0.6505747646246414], [0.26086216214942987, -1.014403218346301, 0.8251896810665149]], [[0.40552284333592903, -0.9303142138995866, 0.5887204738280192], [0.2533111542868003, -0.7534276707394176, 0.6214865121611297]], [[0.42934864988922705, -1.227272188879136, 0.507489413560686], [0.1846167189967009, -1.0950818800181548, 0.6377851449238581]], [[0.29429259646192124, -0.712338067024255, 0.31272823656418064]], [[0.3351876523328579, -1.2550780187549728, 0.22928929969233763], [0.2215407024313756, -1.1806834131683022, 0.3891840740425146]], [[0.3151206863492578, -0.6511514299767652, -0.007102686525895024]], [[0.5901144208630751, -1.034468980189164, -0.3233251474575786], [0.2920071822380505, -1.0438436700908102, 0.38354877949537375]], [[0.10441925769941093, -0.9672527571481985, 0.1956550002294289], [0.21006633774189823, -0.7589553755115481, -0.008589862434099814]], [[0.1239732960632087, -1.1364181420554027, 0.12640755120253835], [0.22808948898197515, -1.0155512463811938, 0.02327893104618329]], [[-0.031898204991805186, -0.7273415419313155, -0.4003499096243652], [0.6446714036825584, -0.8311126966643735, -0.04040295403308187]], [[-0.024872966284979158, -1.0205961025710624, -0.24727569744996164], [0.6015333745620239, -1.0382253220857949, -0.10705256478165097]], [], [[-0.22862263615581116, -0.8214405738931901, -0.6838557711882125]], [[0.42211173607896185, -1.0779844471049569, 0.5526451110512105], [0.2631495697753594, -0.9393834623266892, 0.6616879311655077]], [], [[0.3618206231755742, -0.9698051279516955, 0.4101088250624333]], [[0.04603754553570176, -0.9318798419933592, -0.1369711792109134], [0.43638044633226675, -0.9233319715227837, -0.00856201149344929]]]}