{"bodyId": "h0", "timestamp": 1630675666924159996, "continuousState": [[[0.8115698478343174, -2.5211098978559003, 0.012460433543517866], [0.3624466302520159, -0.9521901080275904, 0.8039031427513634]], [[0.32617646342556056, -1.036375743618876, 0.8451024189511146]], [[0.564341253356622, -2.4457297812912904, 0.03932717616180844], [0.26330190080520743, -0.7633654150167093, 0.6230514088198679]], [[0.6556695035856142, -2.447672929870008, -0.04646905975614641], [0.1741655140832977, -1.113053497210974, 0.6328355143420631]], [[0.45037437785660567, -2.4206415612444157, 0.058192150808128645], [0.32765557007572194, -0.7127913129488491, 0.32389719744457873]], [[0.15544148070409575, -1.1989803028144697, 0.36381563023116475]], [[0.3374983662731786, -0.6557155788271778, -0.0023309980088738486]], [[0.2974246127504985, -1.0714687016548032, 0.35131817160541073]], [[0.453326195478629, -2.3112764002724298, -0.5606993376357363], [0.2354663414774186, -0.783335201636892, 0.017855471786967655]], [[0.38224042824294424, -2.4065456916332915, -0.4673278711339765], [0.24090187981006328, -1.030157225906099, 0.038333180237324314]], [[0.28351620702352176, -2.2603391338736656, -0.7358201352131205], [0.6502957189452996, -0.81503508895274, -0.059176306323970036]], [[0.27177901659163645, -2.305804801659865, -0.7122829882087349], [0.6653275661287014, -1.0513600666322391, -0.13265636958874688]], [[0.12773113621343452, -2.2083485825493767, -1.1570100982752056]], [], [[0.5751621563450837, -2.4727896199385313, 0.03750331265394993], [0.26044748369597526, -0.9508509203080284, 0.6579299703007091]], [], [[0.5530219407211099, -2.434157245557212, 0.005861545525991118], [0.2509105420795098, -0.9129224050799116, 0.4783663558933209]], [[0.332878317633233, -2.3334424127534783, -0.6015740031735485], [0.44559879937768143, -0.9225961574294195, -0.010421563043322861]]]}