{"bodyId": "h0", "timestamp": 1630675666924160532, "continuousState": [[[0.34513500084684096, -0.9491379886020774, 0.7890269883564484]], [[0.31950780264402123, -1.0461772360409463, 0.827081747562599]], [[0.24948514102737454, -0.7669746117673051, 0.6203973624702808]], [[0.1758229669372961, -1.1226282138205892, 0.6287758773356489]], [[0.31967441610252784, -0.7165083872497209, 0.32520680734206986]], [[0.17752648002935645, -1.2041239761848956, 0.36392201942451696]], [[0.32619984971659505, -0.6530650325418916, 0.0012443874674888775]], [[0.2938245763310165, -1.0644320104609775, 0.3524405543052185]], [[0.27463689198036356, -0.7960169343367974, 0.055209583553346875]], [[0.2529909285977635, -1.0308979299985768, 0.048900739589619664]], [[0.6770875256474128, -0.8353502210385797, -0.014002532455479695]], [[0.6122396190475731, -1.0363301601817339, -0.11387605613754817]], [], [], [[0.2876148050151335, -0.9686163622239742, 0.6768667323903842]], [], [[0.24774869151991197, -0.919568300535155, 0.47699134233885937]], [[0.46503922712258816, -0.9331240755185782, 0.017449103567069985]]]}