{"bodyId": "h0", "timestamp": 1630675666924161872, "continuousState": [[[0.8005127366379402, -2.5085507129941296, 0.03127556711972693], [0.39398526489959934, -0.8882862776580354, 0.7532151248199038]], [[0.3885097102865152, -0.9984797640719765, 0.8070258705795549]], [[0.6693729529673571, -2.54780064066857, -0.20167252422457704], [0.3865871333431946, -0.8791996505850639, 0.7284434418654906]], [[0.7252874311288026, -2.5297191963614445, -0.1934408971396813], [0.2376255208443572, -1.1521662785265214, 0.6286989361990126]], [[0.3806161165468639, -2.502520885566813, -0.33558980418960005], [0.34833719524082607, -0.7621796737190732, 0.3924198386871112]], [[0.24819446484679725, -1.226609361222798, 0.33744394269319333]], [[0.2596948858901439, -2.3458703901556395, -0.5204331019260605], [0.3107415668173819, -0.651893145545779, 0.013156362388421486]], [[0.412221461915291, -1.019932314759825, 0.4077471912116252]], [[0.2347342551278341, -0.8468155141037709, 0.02900112410619795]], [[0.2818493985468776, -1.098828525158944, 0.06705474311826105]], [[0.6381291470732262, -0.832702872523785, -0.05529140745571203]], [[0.7772885222855116, -1.0764457971495434, -0.028903705013337912]], [], [], [[0.6834479097362728, -2.5460529323550207, -0.17657509510648106], [0.3108714828753541, -1.0063344641155678, 0.6803999614922219]], [], [[0.5529517738378332, -2.516120040964129, -0.26451535066464066], [0.2929813580425916, -0.9571729761227974, 0.510559387443062]], [[0.4599892728100519, -0.9657656988413645, 0.005881667831274511]]]}