{"bodyId": "h0", "timestamp": 1630675666924163413, "continuousState": [[[0.807161585636954, -2.534104614345233, 0.028004742032554077], [0.3401816139827388, -1.0112810661719123, 0.8140803977553005]], [[0.30742458204854983, -1.0659699005691763, 0.8304316451124181]], [[0.250539986290197, -0.7664443224471196, 0.6109387086609607]], [[0.774223271894597, -2.5030002790493673, -0.2523770509302694], [0.191046315485851, -1.1316970732913465, 0.6385601496562155]], [[0.33974584807864605, -0.6964167653384722, 0.332983722354463]], [], [[0.3326087563811161, -0.6686682530782726, -0.005215774603935642]], [[0.4704795397555779, -1.0613982557035941, 0.4377372949088949]], [[0.21505166565244577, -0.7308577640135613, -0.04053843022444562]], [[0.29807859797715286, -1.029442156674538, 0.09133984587812802]], [], [], [], [], [[0.681448349771512, -2.54835102424112, -0.1897651176222771], [0.2932796403862371, -0.9758764693559494, 0.6730433423254981]], [], [[0.5569845599866216, -1.5997085221939198, 0.040303335712096794]], []]}