{"bodyId": "h0", "timestamp": 1630675666924163949, "continuousState": [[[0.8108056583181451, -2.5239347812546886, 0.02341528426170339], [0.3726927703974402, -1.0853623968444956, 0.8345060643796011]], [[0.3354956307276193, -1.1238482976099113, 0.8302800935369598]], [[0.2681033228238507, -0.8245144292265326, 0.6193399146560857]], [[0.19689529017834684, -1.1493156143619536, 0.6061472430731851]], [[0.333789627269291, -0.7106702705024079, 0.3558346576295703]], [[0.18648233996631006, -1.1799559122328862, 0.26697352602800495]], [[0.36558935486503946, -0.6547980060569458, 0.04872959094390626]], [[0.3321333085424499, -1.1419168296369582, 0.11682593443977589]], [[0.27208244887788713, -0.7898272986917801, -0.009210044198826381]], [[0.39352634097392003, -1.0566248449413191, 0.12397644085897537]], [[0.6675196982521752, -0.8206508912643244, -0.03156988800362023]], [[0.6197077579939139, -1.0193910414067688, -0.10858046862117612]], [], [], [[0.29829233486848306, -1.0082357272409326, 0.655155606729248]], [], [[0.2653424587238189, -0.9299929424321808, 0.48099095035137773]], [[0.5305230196130476, -0.9386378681028218, 0.04620327642767757]]]}