{"bodyId": "h0", "timestamp": 1630675666924164552, "continuousState": [[[0.9196343929805996, -2.423312300578569, -0.06056517496076981]], [], [[0.6916741837955328, -2.5463386232831104, -0.16804297069959398], [0.24727124816611354, -1.0386202565646827, 0.6522841244729143]], [[0.8074419556709813, -2.4906723257207286, -0.253020243750434], [0.11201244697560014, -1.3192514761366014, 0.559637409563124]], [[0.4790397412265599, -2.5162205935838577, -0.3785949419239137], [0.25204136503557695, -0.9076990742349149, 0.370431626486303]], [[0.5876562329410501, -2.3630578822786203, -0.3630462707122094], [0.10846506114426438, -1.2978790898296577, 0.22702862412240915]], [[0.3482877250769494, -2.303581956947471, -0.5108353882067945], [0.29548758756289, -0.9501227960636655, 0.08437414365012978]], [[0.6338696431548008, -2.2923884988807637, -0.5974541102123314], [0.16237919167921064, -1.2430524845621171, -0.047990465008716225]], [[0.3064055209182095, -0.9687348605860759, 0.06494128619029266]], [[0.19247650284919177, -1.1695998433481205, -0.04236751749968448]], [[0.572695998510668, -0.8754940395372423, -0.14390753590551297]], [[0.5721132093260494, -1.1384583996492734, -0.2256488415976571]], [], [], [[0.7326860008788322, -2.5513188113742937, -0.1845043159436932], [0.23177967478275605, -1.1824808966959013, 0.6399659260994499]], [], [[0.6432408484487706, -2.5034464596522934, -0.31580759283717386], [0.18202690600558855, -1.1134752751857582, 0.4650345180247135]], [[0.3825862506799299, -1.0225469414426813, -0.09313752670259873]]]}