{"bodyId": "h0", "timestamp": 1630675666924165758, "continuousState": [[[0.3940806381893878, -1.9895669158638822, 0.45078854209935365]], [[0.45490977355691764, -1.8751638637839996, 0.4667324664756426]], [[0.49432122358593944, -1.7280134757687213, 0.3565739787131197], [0.19034370651025437, -1.6562223626914656, 0.5962507116557081]], [[0.33369145263771777, -1.833622892408727, 0.34140609563592694], [0.18309205244195437, -1.638723765219893, 0.6435774304151036]], [[0.594240011364107, -1.4810126760889175, -0.012552526904438538], [0.3098409613434453, -1.5657453280465, 0.4032921352753815]], [[0.08469920525424113, -1.7331408762934613, 0.1482795585992269]], [[0.3358331078732028, -1.5889832710000016, 0.16981627293453083]], [[-0.03372488639252814, -1.67760913703492, -0.15266128104496374]], [[0.3636900282436702, -1.5656041544646941, 0.3406192841445459]], [[0.21718772483732396, -1.7747796573162684, 0.3104263598074224], [0.33918307801845593, -1.584854733426183, 0.31737509911623213]], [[0.299660467187241, -1.6125768279319954, -0.04450934815226401]], [[0.2855935802970118, -1.5524819536489134, -0.0340166715022317]], [[0.09325556494110333, -1.6178050732431397, -0.8767143922382207]], [[-0.06349937282269412, -1.3460011692771374, -0.6728892770190973]], [[0.41175180421091223, -1.8126680620829325, 0.3721967742441011], [0.1811456264755559, -1.6610537640567313, 0.620243526694435]], [], [[0.4639657320009124, -1.6573177842488223, 0.1644267843657442], [0.24646650689269983, -1.6022345466331964, 0.5234347828452426]], [[0.25842409601228244, -1.693678242624132, 0.13295850582757918]]]}