{"bodyId": "h0", "timestamp": 1630675666924166830, "continuousState": [[[0.21088855836405537, -2.1754693197431223, 0.6869178832273285]], [], [[0.0806911320265358, -1.971570811819641, 0.568745545282991]], [[0.5387937538388631, -2.3264100020903706, 0.4482160614929469], [0.08443905819189763, -2.243046643476252, 0.5174791520055078]], [[0.07358313621944762, -1.8160458259371641, 0.3416013828735693]], [[0.04246484072080807, -2.233786943759481, 0.23022000944433627]], [[0.18699238742495436, -1.955347616898793, 0.16110755925371495]], [[0.16641415838735044, -2.195922937824629, 0.10466941597218284]], [[0.11993928886127674, -1.8836474633755769, 0.08120770509644945]], [[0.06866605938026464, -2.121869032996332, 0.022043232797818064]], [[0.1968281370849429, -1.8600092352002464, -0.2575524963336761]], [], [[0.09866458380422387, -1.7696734163822332, -0.7008248762643263]], [], [[0.5519791856599131, -2.271761254020042, 0.4485594508206966], [0.10232926020388232, -2.1030601772582966, 0.5571243451077169]], [], [[0.3061884450291553, -2.0712279140137673, 0.3949087221832581]], [[0.13274709823260378, -1.9909391340982894, -0.11775463176792902]]]}