{"bodyId": "h0", "timestamp": 1630675666924167031, "continuousState": [[[0.24218778790074316, -2.1327444714495964, 0.7143592934825859]], [[3.5021956053037644, -0.971834902872813, -0.8610835634806995]], [[2.913818429391606, -1.1520201565331931, -0.6773119981889335], [0.0589956829496939, -1.9873958311869793, 0.5672000320755819]], [[2.092024844770178, -1.2629487982613319, -0.09948660107075512], [0.10414700907000793, -2.2936817444094766, 0.509843138362248]], [[2.8174918481156137, -1.1819025638066378, -0.9105562847257879], [0.0007316592796330496, -1.832008056399657, 0.3188218167336163]], [[2.640257667304022, -1.0195050193520205, -0.7188824353808909], [0.022422832989990413, -2.303819964021355, 0.19593393682979784]], [[2.661969247867023, -1.0955764524969376, -1.062692643675915], [0.1644750288061407, -1.9331637230347982, 0.1699130014065854]], [[2.664100386772324, -0.9684262797420554, -1.0249725178031737], [0.16130607739705988, -2.178612649536848, 0.10487483062790784]], [[2.655113437230935, -1.0535281712816613, -1.0529453390866796], [0.1435612687718035, -1.8887452649079817, 0.19426560124166486]], [[2.627503611136801, -0.9790501564004955, -0.997461119560272], [0.10082621509664659, -2.1447521940475944, 0.12546269674194582]], [[2.5203655014396165, -0.9711731377572111, -1.3567140932203903], [0.17036467789202175, -1.871346126749882, -0.16176740915818347]], [[2.5487586787906253, -0.9047445520785384, -1.3558884030023741]], [[2.472350556402363, -0.7992326123761109, -1.7088367848230515], [0.05021803696540315, -1.7874412921910745, -0.7668528767818559]], [[2.4891362287499, -0.7508822889267408, -1.731571628126907]], [[2.721340243449423, -1.1290386057080661, -0.5216206373855516], [0.13863750078732595, -2.1304021462959675, 0.5804335944263489]], [], [[2.4547583464428957, -1.2224256810339849, -0.5050214428982714], [0.05243933417482049, -2.062844900404567, 0.4143324775479322]], [[2.5739345562882088, -0.9751116470788533, -1.177087606390331], [0.13559544649433417, -2.0080491603987385, -0.018152356208118822]]]}