{"bodyId": "h0", "timestamp": 1630675666924168438, "continuousState": [[[0.38241522623037916, -2.090504975961943, 0.7329209134660941]], [], [[1.2347162017668463, -2.6421049725522274, -0.4186313416624239], [0.17919704388280547, -2.002508438560298, 0.5769918938196154]], [[1.2593700568233923, -2.7188652167233216, -0.44823446101330044], [0.2874274441776877, -2.3058447361492664, 0.5293815938191433]], [[0.9866682408499546, -2.718571950151201, -0.6227956641218334], [0.10009323441533638, -1.8630232354289995, 0.35714427483299094]], [[0.986759582670122, -2.7205394048350695, -0.6319249038681392], [0.30997909477555846, -2.3586868765514915, 0.24347856710890436]], [[0.21781175772697633, -1.9190120396084556, 0.14683731101454942]], [[0.355192955396687, -2.1593519448903944, 0.1302297108768521]], [[0.2873698962072126, -1.9718494036734924, 0.16821093636626847]], [[0.29704723154543333, -2.2094907103009302, 0.11284551429426619]], [[0.22404798630737083, -1.894294307043508, -0.13858163986126487]], [[0.4490937589867672, -2.05155970269075, 0.07382673872314945]], [[0.06640569519334122, -1.7825415831443134, -0.8474323432188386]], [[0.07724902706968896, -2.110559393513895, -0.8715994756241919]], [[1.3440578559674572, -2.615728459373308, -0.47721247735728595], [0.3884766698962596, -2.089176410438673, 0.6662899383242695]], [], [[1.1230191488366734, -2.718718583437261, -0.5355150625675669], [0.19376033929651204, -2.0844339857891327, 0.4432629343260671]], [[0.26054760892640205, -2.051892508672219, -0.012868062783499341]]]}