{"bodyId": "h0", "timestamp": 1630675666924169309, "continuousState": [[[3.475587306469659, -1.1442678661626884, -0.9247659352624364], [0.39216469177197544, -2.1692511097655767, 0.7028848420927742]], [[3.588682714181129, -1.0879252876505652, -0.9804841367324966], [0.441770907605832, -2.2473547175865103, 0.7300614071625389]], [[2.9469469153857086, -1.3582328961068402, -0.812605248561169], [0.14362757587414604, -2.136032793213668, 0.5564640541265674]], [[3.1746678774345347, -1.0480701344349113, -0.84165484525606], [0.38048415247737855, -2.346016342763797, 0.5312865290621714]], [[2.7498514430456655, -1.3553544063535428, -0.9695515429387933], [0.04765760950989579, -2.0192017504093442, 0.37837682458773]], [[2.765355613324654, -1.0325715938413096, -0.787002444903625], [0.3802245192366929, -2.4145461656052865, 0.21575028888946507]], [[2.7148071538663703, -1.3556863732226285, -1.219773765334036], [0.20831576841420588, -1.934906657403212, 0.26584667242644217]], [[3.2132509547998853, -0.7864596956648224, -1.4771963606535359], [0.4855707660148021, -2.215611143290739, 0.21222472607288795]], [[2.6325495539143566, -1.2579354319245526, -1.126833440311893], [0.3997937782224169, -1.9915407148510231, 0.2724541324460238]], [[2.6894747894744575, -1.1454590372018008, -1.1355058728404661], [0.49024897903932174, -2.144644304124808, 0.23855284203293445]], [[2.6665500533221986, -1.1368934867430243, -1.649004765054593], [0.18091166720814864, -1.9202939881635248, -0.23279808322517329]], [[2.5785451441916747, -1.0449223560679244, -1.5129077346956896], [0.26055333205393616, -2.160463069491071, -0.3441943595605926]], [[2.5528849662160207, -1.0397372604559847, -2.0605214848954665], [0.049622441548420736, -1.7639385683540356, -0.8762744934017825]], [[2.473511800148399, -0.9129478462669163, -1.9143165549538825], [0.12301239142578697, -2.086866581838291, -0.8518200354519289]], [[2.8892929499891635, -1.308838196256881, -0.7456417206393435], [0.3700263481059137, -2.190503094949089, 0.6203729343236453]], [], [[2.9622596602401003, -1.2017122703942271, -0.9056031940974267], [0.21407088099363716, -2.1826090465865704, 0.45483167682495074]], [[2.678012421398328, -1.1411762619724124, -1.3922553189475295], [0.3355803231237352, -2.0324691461441664, 0.002877379403880581]]]}