{"bodyId": "h0", "timestamp": 1630675666924169577, "continuousState": [[[2.881842259999384, -1.3249362804613143, -0.5767077501737288], [0.3730728983208317, -2.132021422169948, 0.7250882310026048]], [[3.3909300303238568, -1.1355369500596688, -0.8584997724575123], [0.4215186136879945, -2.2123440799084557, 0.7451023252385639]], [[2.9239211031086954, -1.4051204315979235, -0.8136673201995878], [0.15966810230560077, -2.1174583322252616, 0.5953879185240851]], [[2.9847853241747213, -1.0833445586499182, -0.7243919649251161], [0.3283958710700072, -2.3274213424856534, 0.5429318435197783]], [[2.9222277144829607, -1.418745182736162, -1.141596126547236], [0.11982764913633263, -1.9437964054806205, 0.448475908282378]], [[0.45598490469133274, -2.3069269791000964, 0.36323473047271704]], [[2.736406103726631, -1.3694495092205674, -1.2306269051309495], [0.24332535113623477, -1.9507040344830844, 0.5049305464919364]], [[2.6698227923798292, -0.929423325325997, -1.028392352247407], [0.4680980185253907, -2.280823265924455, 0.39559273199036626]], [[2.6293783029907, -1.250502665057078, -1.1397539926581595], [0.3290586206733856, -1.9518042660707056, 0.1530964667618457]], [[2.6251648692151783, -1.0961849565860384, -1.07642711137554], [0.39792628872338925, -2.131718744941863, 0.1070906337161814]], [[2.6586584459601013, -1.1270333181772887, -1.6498947784958213], [0.12728231101550477, -1.8962626926990582, -0.3412038580569206]], [[2.5735617386836207, -1.01944040604332, -1.5140023912903953], [0.2546291982669934, -2.1198959174063883, -0.3563158821380887]], [[2.547848991204356, -1.0448878291617534, -2.0482418866685816], [0.01055868466534207, -1.7309515479539164, -0.9474373089775984]], [[2.455000044041436, -0.909422048607267, -1.9069115388612103], [0.09219362566306154, -2.0962799245048718, -0.9371996687969367]], [[2.8427283005685426, -1.2863086518239242, -0.7079518898597384], [0.3714083773969146, -2.158502030603765, 0.6545883574743141]], [], [[2.9535065193288412, -1.2510448706930402, -0.9329940457361761], [0.2241117601031699, -2.135608873983137, 0.4957038759010781]], [[2.64191165758764, -1.1116091373816634, -1.3631609449356805], [0.262604299869447, -2.0139907188204607, -0.11705661217036961]]]}