{"bodyId": "h0", "timestamp": 1630675666924169778, "continuousState": [[[2.8697848183878403, -1.3000589178357236, -0.5558680778251389]], [[3.217860861122919, -1.1287357086571121, -0.7283582569819127], [0.4104726642859855, -2.1503946855302574, 0.7684994595110379]], [[2.9162125439061124, -1.436742357852971, -0.8013890613181188], [0.20594907052782652, -2.04938577419007, 0.6070190758199542]], [[2.9137814258298573, -1.0893678539770117, -0.6557183417670808], [0.3806194815509084, -2.2591528777460224, 0.6044178695143982]], [[2.8674290874407022, -1.4704794381455766, -1.103379672828517], [0.07921326584092275, -1.917066341146996, 0.39282340949591776]], [[0.43109257071376306, -2.3652428295928503, 0.34739695964354406]], [[2.8054959746973145, -1.3798333726250127, -1.3201513584131968], [0.2031999204744982, -2.009882774598152, 0.5823906902838007]], [[2.634383387702135, -0.9284525297676007, -1.011277205139666], [0.43781722901540615, -2.273179043358399, 0.5444355291033806]], [[2.60492836158724, -1.275287717102503, -1.1486193074920747], [0.12971993869498327, -2.013738484649235, -0.02323178417827353]], [[2.636659879338171, -1.0769816503835075, -1.0944660342257597], [0.331292342095584, -2.1447247505636233, 0.09660883328453883]], [[2.590022661790598, -1.1571813882238444, -1.6441509126461205], [0.13365659233592578, -1.903371918205282, -0.3656099193341802]], [[2.6045742041744018, -0.9508102168844226, -1.5736357828880678], [0.23511169633354667, -2.143989073286106, -0.3820279813822074]], [[2.541074339902963, -1.0514312297086599, -2.1065221388197903], [0.06511688879751819, -1.7502933264681697, -0.8803248719633614]], [[2.452806801288088, -0.8574860701816072, -1.922473005325743], [0.09551967309887187, -2.1107384381312886, -0.9361803687660792]], [[2.8951565596365048, -1.2736828146001515, -0.719751735370473], [0.3637822286991577, -2.1284370872858807, 0.6491087045288134]], [], [[2.89060525663528, -1.2799236460612942, -0.879549007297799], [0.22991637369591558, -2.088109609446509, 0.498620639505158]], [[2.6133412705643844, -1.1170815193036758, -1.36930847343594], [0.23247446721575488, -2.0240483343844526, -0.13450054302482067]]]}