{"bodyId": "h0", "timestamp": 1630675666924170783, "continuousState": [[[0.41006502514080034, -2.145011565519306, 0.7110061778185601]], [[0.4440508795696878, -2.229674223791046, 0.7208378199476165]], [[0.23100474775154997, -2.101931290107778, 0.6003279974235692]], [[2.9457622224933964, -1.3409828691578192, -0.7586737299871325], [0.4166696063641882, -2.2892551925119355, 0.5831773926861967]], [[6.984735292866755, -1.3173896056716596, -4.385996315287533], [0.10105762179597719, -1.9514499701496364, 0.3364598724671382]], [[2.765108410266065, -1.2105364121675128, -0.7690084767996914], [0.4699622699274587, -2.375211562461082, 0.3265828728685019]], [[2.835748879633357, -1.4984229110976273, -1.3310378441561148], [0.2524918681688387, -2.0486080098960384, 0.5473058945419155]], [[0.440566512655656, -2.3020179919922796, 0.4759917529396978]], [[2.682108883863744, -1.393692422183171, -1.1996131636278915], [0.21925184461725145, -2.0243635295967235, -0.007561005383713336]], [[2.655505697323749, -1.2603193551082996, -1.1164143578895964], [0.3078570971363029, -2.206280658333712, -0.016974426807810687]], [[2.542699943001313, -1.2882321412313755, -1.5639115162490285], [0.15317460277042141, -1.8913421103520507, -0.3800862953786993]], [[2.5227782124360325, -1.1322653703723282, -1.4399426587694666], [0.22648588299754444, -2.138874059136013, -0.463479694511562]], [[2.4944317827956177, -1.1021704013248494, -2.0339057140814427], [0.05835124745910457, -1.7381751829703516, -0.8938079079036927]], [[2.5097708400239753, -0.9255576559689925, -1.9899054999550871], [0.09887706184803165, -2.096149301264976, -0.9260700687250901]], [[2.8936742973204397, -1.4940843323485147, -0.7256722426098099], [0.377966065333866, -2.177626953953946, 0.6291690645350848]], [], [[4.965248757680076, -1.3291862374147394, -2.5723350226373327], [0.2588636140800827, -2.1203525813307857, 0.45981863257666744]], [[2.599102820162531, -1.2742757481698375, -1.3401629370693124], [0.23051584995336216, -2.0488113843428812, -0.198530361093255]]]}