{"bodyId": "h0", "timestamp": 1630675666924170917, "continuousState": [[[2.947940842546736, -1.5562856635231421, -0.7367675340322135], [0.38195093746649467, -2.1459584624475028, 0.6845949731451553]], [[2.9524485190715133, -1.518380816370336, -0.7217853474302328], [0.4063374948031817, -2.2431325349948184, 0.6993306274547824]], [[2.909665483403728, -1.579582950976493, -0.8992401851134955], [0.23176016365623786, -2.11096409283709, 0.5958960784106612]], [[2.8814940901121564, -1.3248444117606917, -0.760393338520535], [0.44444554918830725, -2.3165367448195466, 0.5797150081857765]], [[2.849299280187086, -1.6487057517729362, -1.1394616926347954], [0.08811821535086688, -2.007743745249355, 0.3072953901480912]], [[2.753976672060756, -1.2199116411493782, -0.8817963324895445], [0.490248267015887, -2.382100412292914, 0.27940089656984674]], [[2.8428847282155685, -1.5107449611132129, -1.3189557642039882], [0.2720414751561141, -2.1002119842487748, 0.5084861154244457]], [[2.7208733603898763, -1.3044594371906908, -1.0778435321529527], [0.44280313181567293, -2.259936459566313, 0.4881534262939324]], [[2.713655593559635, -1.397354475712016, -1.276159406266816], [0.23014914015575527, -2.0078186156702453, -0.037948228032791576]], [[2.6562540193602686, -1.2682771174452645, -1.1514458580655347], [0.35638822365223266, -2.174897318330718, -0.025474277640948912]], [[2.60434182902257, -1.2700839661399446, -1.6777707395864454], [0.10448569237750963, -1.8779184159786373, -0.4986243916999331]], [[2.529705067286018, -1.1177659220002356, -1.5058866410883183], [0.19999748370535417, -2.1292814638528452, -0.5817957398806032]], [[2.4758165573585744, -1.0955005492422947, -2.021907187197174], [0.0564829989050495, -1.7354449294829124, -0.8941384613552489]], [[2.4752561588312485, -0.9126547020073151, -1.9712209370104274], [0.08798249468721132, -2.0904198714591407, -0.9617953737620021]], [[2.8853808562297556, -1.46193669817077, -0.8313700017642058], [0.34297271545516517, -2.215810385212305, 0.5827682495943588]], [], [[2.865396685149621, -1.486775081766814, -0.9499275155776652], [0.26628188226958704, -2.162140245034451, 0.44350519916693387]], [[2.630297924191419, -1.2691805417926045, -1.41460829882599], [0.23043695801487113, -2.0264078671546777, -0.262049334670441]]]}