{"bodyId": "h0", "timestamp": 1630675666924171319, "continuousState": [[[0.3858137405089333, -2.1246988604973507, 0.7643496541278336]], [[0.43023190625426266, -2.2219915490614204, 0.7565774226409074]], [[0.31303100113094545, -2.116493351419304, 0.6642618959320628]], [[1.3679168112654516, -2.7530460247981927, -0.4984990534384947], [0.4298795740726864, -2.3409074610181926, 0.5541445137897096]], [[0.061308398119980435, -2.051883694354272, 0.3296121584510331]], [[0.4997677401184128, -2.2821122331746686, 0.31026924014654356]], [[0.1910777125717293, -2.1035608545583124, 0.43465453103617435]], [[0.4213073532223227, -2.153119538085884, 0.5061163675493708]], [[0.251424544199195, -2.021499979158347, -0.0007600287163113535]], [[0.3627065769553085, -2.1880372370728347, -0.046097387593994885]], [[0.13943394783583266, -1.8907139829171158, -0.42795291471573293]], [[0.1324574605593, -2.156202707137714, -0.7728592933537299]], [[0.09455532579731767, -1.767311469129598, -0.8674424947328236]], [[0.09727846199195915, -2.087610991941521, -0.9534871817628152]], [[0.7049219864733666, -2.354710198757457, 0.31086662541305077], [0.3700364048842891, -2.227498713007977, 0.6063451786865001]], [], [[0.714612604692716, -2.4024648595762326, -0.08444344749373081]], [[0.25107026239557056, -2.039375609994975, -0.23702515115486392]]]}