{"bodyId": "h0", "timestamp": 1630675666924171453, "continuousState": [[[0.38817024507400333, -2.1255500529683986, 0.7693555549951147]], [[0.4481325911837139, -2.2106505107238723, 0.7719517943156804]], [[3.0603584486872006, -1.4708419285079442, -0.924782673609569], [0.29749857787742806, -2.1046014098774215, 0.6685771839495482]], [[3.0465751249537507, -1.402081344871927, -0.8993000310197858], [0.3951875827639694, -2.359902157266524, 0.5243527873736757]], [[2.6257900702750216, -1.5960461890511197, -0.9034787969006939], [0.04069557502104385, -2.0477679078949027, 0.3077046582264277]], [[2.9787687951978006, -1.2505484214098659, -1.0831351038741195], [0.49747748157359545, -2.278285580847461, 0.309060557382752]], [[2.6544286607697227, -1.5531730955319707, -1.000776928861491], [0.2093754938539157, -2.1086557233423875, 0.42486704271359416]], [[2.888752481604823, -1.1774381522523545, -1.219081627567184], [0.4398423550776859, -2.1704248126550083, 0.4771484710879349]], [[2.714179084525723, -1.3910661697462565, -1.2097706234874603], [0.224094471241267, -2.0400946759491356, -0.01695727126963675]], [[2.7429797316574906, -1.29711421846661, -1.1924132473469773], [0.3491582036176258, -2.200161476560623, -0.027827057878065945]], [[2.6731943034103978, -1.2466003897709659, -1.6282346237479137], [0.13992086653843763, -1.9097947000301227, -0.4192869682350449]], [[2.665832056818604, -1.159979124828986, -1.5744050054095988], [0.20567495211216374, -2.1468785277831968, -0.5729410832570745]], [[2.556931057667847, -1.1443963949985376, -1.9574740885009128], [0.09747714372720202, -1.7842617869869846, -0.8614797568905345]], [[2.735575607969316, -0.9905096170960825, -2.1413184233941767], [0.11135363538853767, -2.097380052246579, -0.930874998691356]], [[3.0219261833473716, -1.4312651834230752, -0.8873276552968168], [0.385891785740281, -2.207717365447085, 0.6211245999735604]], [], [[2.8361825976143864, -1.4990637669615232, -0.9013894139602399], [0.21794157889250665, -2.2038350325807134, 0.4160287228000517]], [[2.708087017533944, -1.271857304118788, -1.4103239355474455], [0.24453953507803172, -2.054978088295373, -0.22355701305655543]]]}