{"bodyId": "h0", "timestamp": 1630675666924171721, "continuousState": [[[1.7196809278823186, -2.593917755861399, -0.4627499211145746], [0.41318194656577567, -2.094862755786971, 0.7515685829550892]], [[0.46556618957232127, -2.186268734352911, 0.7626433885101739]], [[1.248472220238291, -2.7243106052883364, -0.4751831669440792], [0.24809835127097177, -2.0970199193483055, 0.6220129404663021]], [[0.7376331798189742, -2.301528140999366, 0.30174754399310794], [0.38352021553204213, -2.327718733265097, 0.5244980016446498]], [[1.1129933112283066, -2.7368908284577462, -0.7437456505883993], [0.10749258040564633, -1.9844346915303364, 0.35437592012630237]], [[0.5084998657807175, -2.257777905947312, 0.32199454528524346]], [[0.15175186429494375, -2.0671200252717545, 0.377657818017303]], [[0.4461224066572622, -2.1265529136697747, 0.5058115276098196]], [[0.21348867820406645, -2.0400596412546723, 0.044301859113140836]], [[0.35530152387177305, -2.1870966496946793, 0.050627736165853546]], [[0.23502982442854317, -1.9160019532662222, -0.2802060745840604]], [[0.31267063229585007, -2.1221078805329405, -0.31157762656684873]], [[0.10013602111484807, -1.854796474763352, -0.8593996342311891]], [[0.12717672164374222, -2.1241070065797354, -0.9024332694854686]], [[1.2724320642325986, -2.590614692225926, -0.39425036555282805], [0.4353809817761103, -2.149466050772865, 0.6578440632420866]], [], [[0.9253132455236404, -2.519209484728556, -0.22099905329764566], [0.24550639796884421, -2.1560767123977165, 0.43943696088547607]], [[0.2951656741501581, -2.051549301480451, -0.11478916920910343]]]}