{"bodyId": "h0", "timestamp": 1630675666924171989, "continuousState": [[[0.37656591731065325, -2.0522690978046083, 0.7185921011737245]], [[0.45410185762020866, -2.123496425895464, 0.747343454667926]], [[0.15209671550070902, -2.028010870517339, 0.5558250391837237]], [[3.2365752383074744, -1.4518930966023913, -0.8979759091891997], [0.3840360663059212, -2.239911441471068, 0.5447953156946217]], [[0.09674130671119474, -1.875261891338949, 0.31959116692720135]], [[2.8997896432229235, -1.3543454211269568, -0.8637763338531204], [0.5129846237558738, -2.18655519037254, 0.3108638086911283]], [[2.9250369066103326, -1.347699826973726, -0.9069947653726668], [0.1853672385096461, -1.996050948331555, 0.3815588960354064]], [[0.4670541208576315, -2.0535331938045864, 0.51985396314013]], [[2.8610067931312266, -1.392399330956204, -1.280271518345151], [0.20190998574618196, -1.9598733335314023, -0.023163131776533646]], [[2.8851139419522345, -1.2948335536444056, -1.2593518796928078], [0.34635614200530085, -2.1364182819428827, 0.041144750637253535]], [[2.7754633649456912, -1.266196506032511, -1.6569462593053481], [0.23596291551991636, -1.8757220241997465, -0.2929976041653827]], [[2.790819525955573, -1.1538589004926394, -1.6118217347025439], [0.28929758131462974, -2.1005440583130066, -0.40029860698197106]], [[2.668545279297933, -1.1554605238870732, -2.0347449982661616], [0.10675193143137562, -1.8319574457668923, -0.8813707057927583]], [[2.799654908618649, -0.9739907458525461, -2.1227665575668957], [0.12448979221111812, -2.118829173498094, -0.9291068257433984]], [[3.337034771901093, -1.4831359151433283, -0.986685547211745], [0.44294593874634686, -2.0668152067442116, 0.6614689235243657]], [], [[1.6666582725093346, -1.6635774939706702, -0.28919237113099916]], [[2.830288653448963, -1.2805150298384582, -1.458149069499078], [0.2911595287626086, -2.0060701530713145, -0.12592642676406457]]]}