{"bodyId": "h0", "timestamp": 1630675666924173664, "continuousState": [[[0.5845877992774969, -1.7010274072572562, 0.6826051420818691]], [[0.5631198103602474, -1.8145354949233414, 0.6873686529969224]], [[1.2990694207333124, -2.6843710755132233, -0.4798018105148833], [0.5684843282654063, -1.7231892468150563, 0.73169209926366]], [[1.5487486911004085, -2.5570862534062098, -0.5973705161525166], [0.5317353825885559, -1.969937222765363, 0.4978076777942745]], [[1.0501034791116743, -2.6575748724473214, -0.6276448639871601], [0.18069744557369177, -1.6749520863465288, 0.3274402323044401]], [[1.4130085576586948, -2.41294909189664, -0.7433272627381107], [0.6692715901780741, -1.99065961841334, 0.2494078900599943]], [[1.0243200443923561, -2.530202217542088, -0.826428930609306], [0.2974153142203695, -1.5517579828921306, 0.3022472001474507]], [[1.4407146331496998, -2.3077156790636417, -1.0085611204232592], [0.5755085396132982, -1.7356180430415151, 0.23749314852483053]], [[1.0179441736042498, -2.465289961514413, -0.8413835501361673], [0.48472197588328525, -1.7395136210267692, 0.2402134351484806]], [[1.1762347639453425, -2.358191436124357, -0.9745051804157652], [0.633000698319692, -1.8503782918370524, 0.23729574096890316]], [[0.9162921409683192, -2.39774350089971, -1.2662309894117343], [-0.3909100924435286, -1.5729417858946366, -0.7882862071009615]], [[0.9698512166887652, -2.3272716200453707, -1.299772745525043], [0.5375405732519869, -1.8113861420816868, -0.18859833147631638]], [[0.8025036338192572, -2.3309336360592234, -1.6048107778523282], [0.10685137705954435, -1.4702430095167507, -0.6937585221992333]], [[0.8354789062686536, -2.2870289993863424, -1.5946267520637694], [0.43387828162624215, -1.8291485291264762, -0.8402811153370047]], [[1.4224775766176818, -2.623862413031703, -0.544060060504697], [0.5442594203919775, -1.8403849944538584, 0.6259818922157956]], [], [[1.2994260851060413, -2.607330562926766, -0.6125076900698383], [0.3562164140811238, -1.8224446545559458, 0.4126239550493573]], [[1.0462634524568308, -2.3779674685120336, -1.1203680849137498], [0.12104530293808169, -1.7116600388658445, -0.2754952330660292]]]}