{"bodyId": "h0", "timestamp": 1630675666924173731, "continuousState": [[[0.5613546065316312, -1.6850677945412504, 0.6730195547685315]], [[0.5525712875220734, -1.7996532056354688, 0.6940835063711499]], [[1.2973798657866504, -2.6862605630506335, -0.4806670697392567], [0.5566280100556669, -1.6906221982097367, 0.7469329448391056]], [[1.5459311741786048, -2.5557942986258304, -0.6034535281359991], [0.54396104941621, -1.949127622903061, 0.547013836034652]], [[1.094421718999635, -2.7229141543998177, -0.7138405388380574], [0.16002781750268832, -1.628122879056811, 0.3240551461047712]], [[1.457826635938169, -2.412065844509892, -0.8132566214025401], [0.6636982323325574, -2.000970949393764, 0.28569361694797907]], [[1.0197998189826911, -2.5264550960823327, -0.8266425874496844], [0.24608496790293474, -1.4891936818557123, 0.2774434686347988]], [[1.4516260890148254, -2.3153884547961856, -1.0362169056303838], [0.5634002805061307, -1.8039724769125316, 0.17528077503201098]], [[1.026277219643406, -2.4701021532759015, -0.8620960643080507], [0.4535491823113928, -1.7231889295358713, 0.20315514042932956]], [[1.151915955426063, -2.3547283060126074, -0.9454072903184042], [0.5420381509884014, -1.8645514606922367, 0.14787953220039343]], [[0.91276769195348, -2.3934213085025897, -1.268142056452989], [0.23498726490992386, -1.535783988663982, -0.22002247133173775]], [[0.9675497207124572, -2.327282871903321, -1.3063917045453026], [0.5377699964933895, -1.789671660109448, -0.13034559922534367]], [[0.7930610563234459, -2.3155505390401667, -1.5858961009738155]], [[0.8221762217937235, -2.282229419884606, -1.5741531479218507], [0.42981877802675306, -1.8304002860354482, -0.835311227361328]], [[1.4180383336144056, -2.623596128587104, -0.5438139657550873], [0.537210809609819, -1.8171794660844618, 0.6331537300628661]], [], [[1.32017644658912, -2.639354226512824, -0.6586470334870282], [0.3519944334594492, -1.788625250979936, 0.43553449106971165]], [[1.0323418236897715, -2.374074807257599, -1.1067746733856967], [0.3885127079491626, -1.7001677246781093, -0.03607146956567216]]]}