{"bodyId": "h0", "timestamp": 1630675666924173932, "continuousState": [[[0.4829184738134202, -1.5377214437675653, 0.678809274579002]], [[0.4375197616523244, -1.6655559667302111, 0.6819208766998746]], [[1.3252246851027842, -2.702209567904764, -0.5091168952259731], [0.5147359572113528, -1.5539293215079348, 0.7429707820352791]], [[1.55230099463104, -2.550538250898432, -0.5739607451970221], [0.4274028949932078, -1.7970527248613077, 0.5453336371047903]], [[1.0719331704133261, -2.668593088266784, -0.6524532026782572], [0.09696809244400424, -1.4092295039832086, 0.34088658787250437]], [[1.4473182505053854, -2.426660894968249, -0.7454820835405053], [0.45612876341111974, -1.9466456877785767, 0.2615611858464799]], [[1.0289632690880588, -2.534024398347798, -0.8301536042729549], [0.19112870455626693, -1.207510303929186, 0.23903240065696446]], [[1.4698464512611173, -2.3196589817215125, -1.024460159686808], [0.4447810949195393, -1.786626098105383, 0.012866548926654332]], [[1.060373600707309, -2.4864113044599, -0.8462297949938956], [0.2962438071558333, -1.6265801399191593, 0.1343706057694317]], [[1.2082208298532362, -2.3600985019852834, -0.9321537708039518], [0.4107034670668122, -1.772044154084407, 0.16634836775137182]], [[0.9426458849693734, -2.393863125898301, -1.2590822141000557], [-0.022792106988131534, -1.632733840317924, -0.9077474943616092]], [[0.9879112731192179, -2.30861995210792, -1.229861987121073], [0.4759965713440663, -1.6988677481545083, -0.21647431694012356]], [[0.821939047945622, -2.3169900562052432, -1.5714505504413974], [0.42697859191804355, -1.7715080719245182, -0.7393579981218693]], [[0.8689129354764302, -2.2825210457428766, -1.6278803439497573], [0.4317020440520162, -1.8042208800254516, -0.820971341500189]], [[1.4389491081473187, -2.6285241284228507, -0.5480892772469054], [0.4007658094572612, -1.6852079597070693, 0.6004729366947288]], [], [[1.312117082522183, -2.609565669582608, -0.6132069739376397], [0.26218549371860606, -1.6031411144222583, 0.44311011248864735]], [[1.0754333574113049, -2.3769808139417923, -1.0956179924520038], [0.19395568003934033, -1.7023889972011654, -0.37069956330511866]]]}