{"bodyId": "h0", "timestamp": 1630675666924174133, "continuousState": [[[1.5425054050568432, -2.528800966537888, -0.3161420518873167], [0.36880068908357977, -1.4058958334437952, 0.6748384413865652]], [[0.2775186997068042, -1.5203930730836985, 0.669063201991952]], [[1.3007489999197706, -2.687633172416446, -0.4716760158666339], [0.3621897864211803, -1.38827211314968, 0.6885320277312494]], [[1.5274611806192928, -2.5382277315021264, -0.5157328543973463], [0.2744445302733368, -1.699450153702726, 0.5581678113426595]], [[1.1129585948847875, -2.7342320082919866, -0.7143343522124869], [0.06913898127184438, -1.1990248859102963, 0.34348442716706223]], [[1.5597963889465694, -2.449667629303869, -0.8246159699623576], [0.24942072462536635, -1.8532554291432324, 0.2540355034337765]], [[1.031798205420318, -2.5483481360675704, -0.8297607757181227], [0.14016643872184772, -1.0235739049727959, 0.19550563082053463]], [[1.478291305410541, -2.3235083601325917, -0.994314526725821], [0.3319867539297325, -1.779954444453879, 0.018114694500695576]], [[1.0424569365378669, -2.4856056598879617, -0.8375810594245854], [0.21486201143046765, -1.4452032388943405, -0.00023634581136298038]], [[1.206242370014178, -2.3590243904018986, -0.9378913600205833], [0.2760464091902641, -1.6418793614948362, 0.0013092538958221667]], [[0.9421196625791356, -2.4129175954587705, -1.216123256489735], [0.11687141136123409, -1.5059965600588552, -0.70563709147247]], [[1.002711854184032, -2.3064286339066187, -1.2489567701520023], [0.3817622125493042, -1.6224899480808823, -0.35404536213385746]], [[0.8162131154239376, -2.3388045049585116, -1.5279810295883367], [0.3187417152941537, -1.6595873496108717, -0.8353444840927402]], [[0.8786792660089521, -2.275822800571429, -1.6496404036088752], [0.4088733231939825, -1.7023923802661909, -0.841698980235484]], [[1.4540100645063232, -2.6297398680135764, -0.5467666018463324], [0.3136015209190587, -1.5339343661801024, 0.6232057654275197]], [], [[1.32020988775204, -2.6362298698970568, -0.6150336033049166], [0.1717917557725906, -1.4492375198065113, 0.4508261192548608]], [[1.0741810162966567, -2.3859709929303348, -1.0770073082551592], [0.19645891027574908, -1.5739379607768456, -0.3521639187883239]]]}