{"bodyId": "h0", "timestamp": 1630675666924174401, "continuousState": [[[1.5068866299279962, -2.5544049869811296, -0.3346264702057965], [0.34501420095816004, -1.2789508428008758, 0.6915916895706847]], [[0.2726547528130852, -1.3849159899925223, 0.717369624015263]], [[1.3213067818176996, -2.744350627803138, -0.5132651718525658], [0.32886956031299974, -1.262762906333322, 0.7057678953764853]], [[1.5038085548286968, -2.5508250204150356, -0.5427455938692688], [0.21469656041778262, -1.5700088912086585, 0.6216822264094428]], [[1.1220314338814519, -2.7647446228631987, -0.749748799280002], [0.08095912492716797, -1.075866566852508, 0.36456603489440137]], [[1.4510344613134254, -2.429186759401952, -0.7528740800125856], [0.13497619667153912, -1.7416772865464678, 0.3350607981618889]], [[1.042151913711182, -2.556871913884158, -0.8714881012662344], [0.10980848234755035, -0.8921114653307834, 0.14938644625008693]], [[1.4815168328790664, -2.333732529498394, -1.001635648148031], [0.17878393274531687, -1.7290457762414457, 0.016937738499999567]], [[1.0561187002837977, -2.4933536991962035, -0.8676570938372015], [0.1268608757903419, -1.3486896973133855, 0.03553246558893443]], [[1.1979341421346623, -2.3675954299464945, -0.9442169773543932], [0.22805786615875082, -1.5497189524867858, 0.0963679142379001]], [[0.9082505124412616, -2.3934931056821713, -1.2272232970650303], [0.10362002755150251, -1.288369326591172, -0.49538322360683085]], [[0.9762741675862902, -2.313208489795972, -1.2553689927563028], [0.1603281806691482, -1.478026229270277, -0.4554741492914661]], [[0.8111550703904663, -2.3254581188958725, -1.534245430255689]], [[0.8453969583428134, -2.28160395592075, -1.5973072473015704], [0.17254115001956052, -1.4292012352539947, -0.8996898796932349]], [[1.419238587354124, -2.6346075867191376, -0.5290411387561937], [0.24952405619261617, -1.4066887213243222, 0.6524464299526692]], [], [[1.3129199943550742, -2.657784821639117, -0.6462471965746355], [0.14782784267247528, -1.3229377290305833, 0.49312413065192207]], [[1.053092327287962, -2.380544267814333, -1.0857201372097118], [0.16583894685512668, -1.419044139538979, -0.19950765468446538]]]}