{"bodyId": "h0", "timestamp": 1630675666924174468, "continuousState": [[[1.5198546916876483, -2.556350162999719, -0.34950507757082255], [0.33823443623657456, -1.2829896885242953, 0.691291127632856]], [[0.2379907844277227, -1.3886532446622561, 0.6922552008791162]], [[1.321501389660833, -2.6970696002499395, -0.4776080734412267], [0.33789949064745134, -1.2467735055623521, 0.7170718181186391]], [[1.4964417039696967, -2.5298881819994348, -0.5164357889256885], [0.18150086411454572, -1.5582580258308845, 0.6109308348396442]], [[1.1271638433614866, -2.7694924031749695, -0.7485014165974025], [0.09715445766449489, -1.0672993026846485, 0.36844200649128084]], [[1.5259447848250345, -2.4340463714217226, -0.8368197237967675], [0.17335899558543952, -1.7102153517427081, 0.3888820971576815]], [[1.0411688174899854, -2.567652521904646, -0.8617905465284771], [0.1321647809342653, -0.8606552375597242, 0.14009513633436813]], [[1.489732493946676, -2.329521952051682, -1.0153204011616508], [0.1422825595386014, -1.7100960293925027, 0.029946605828152086]], [[1.0791711474173902, -2.501937377900836, -0.8941619604229972], [0.12036596176803618, -1.3069953778039012, 0.052281066413531335]], [[1.1936078624770603, -2.3631639827696285, -0.9306760030800888], [0.2196326281287238, -1.522159205420362, 0.11932079579508241]], [[0.9174760442264037, -2.399014870572084, -1.2267469777808446]], [[0.982516234518067, -2.316255402603094, -1.2431485408211447], [0.11450202082321766, -1.4485483747338028, -0.5038693544960409]], [[0.8223437734749564, -2.3209051907810685, -1.5552362430188722]], [[0.8621867485689061, -2.288460304516649, -1.6395299889402895], [0.1446269963040536, -1.4040524573378177, -0.8012601932647292]], [[1.4434071733853313, -2.629745457348222, -0.5383721465487861], [0.2515258127727823, -1.3885813894367867, 0.6617254079633278]], [], [[1.3118027736655917, -2.649690292587202, -0.6324686027615456], [0.1393276608895203, -1.3127786642577663, 0.48968642066546253]], [[1.055541953351732, -2.381089426670856, -1.0787114904304667]]]}