{"bodyId": "h0", "timestamp": 1630675666924176009, "continuousState": [[[1.4819501666533117, -2.567997534163174, -0.3313272017774693]], [], [[1.310015045108776, -2.737711898058587, -0.4957341719810013]], [[1.548219904454631, -2.530547744765268, -0.5754079507182619]], [[1.120532378456977, -2.7633866795584345, -0.7114526869199072]], [[1.5497699639188007, -2.431678646759793, -0.8373821103921418]], [[1.0294280437314824, -2.574651633241974, -0.8400435537965686], [0.8556929822124375, -2.8382387159575018, -0.1265527702712841]], [[1.4776906778214465, -2.327714576013971, -0.9907515731290955]], [[1.0531134324452598, -2.502701941876539, -0.8331226255526458]], [[1.193926654570316, -2.375968662484843, -0.914919400996534]], [[0.9522261852852062, -2.4027176992007315, -1.2209204556779718]], [[0.9970384794066777, -2.31262627924116, -1.2324338747661023]], [[0.8266637388958941, -2.326529622849321, -1.5682239965488234]], [[0.8409068758423136, -2.289180317058045, -1.5506125841978582]], [[1.4362857120366102, -2.6260116354896637, -0.5400974616868136]], [], [[1.334376141455804, -2.6469672121618513, -0.6434303188190845]], [[1.0730764199277611, -2.389343180842787, -1.067919928337253]]]}