{"bodyId": "h0", "timestamp": 1630675666924176545, "continuousState": [[[1.4669971861822872, -2.5755273267215006, -0.32894198909097166], [0.3035863940304016, -1.091703355692292, 0.7989957690099698]], [[0.32255484898766074, -1.2058947685276362, 0.8484673779118596]], [[1.348872410482433, -2.7134881542842293, -0.5304004120581235], [0.3341308804323885, -1.0845263841566202, 0.759508411415138]], [[1.6276661582156466, -2.5324172906345828, -0.6468959117926493], [0.09413754483156662, -1.3407223786695908, 0.6324842905304324]], [[1.1081997437345434, -2.756750414774614, -0.7103702121865249], [-0.006997297216390052, -0.8706560491716593, 0.30231586358533785]], [[1.5905057385896704, -2.4188027401458077, -0.8689830412575111], [0.0323972852114739, -1.456625419708229, 0.35201987242832594]], [[1.0241543261592851, -2.5681473337800442, -0.840248310070222], [-0.010471549573284392, -0.7366127842246201, 0.013638196126052663]], [[1.4898568799488137, -2.319005969189368, -1.0058767255662702], [0.05996710517182964, -1.4262467058390014, 0.11581681972029628]], [[1.0527920408941553, -2.5061615383583002, -0.8342022484668632], [0.024546840455252777, -0.9931838409916866, -0.03709271758012232]], [[1.2007989747894894, -2.372696467871867, -0.9260196745571289], [0.1368918245607431, -1.2604146218076213, 0.05681796360375165]], [[0.9467238433073175, -2.3951575015216124, -1.198133754193705], [-0.056726661959461806, -0.8511730647870106, -0.6377998914263078]], [[1.0080395319625917, -2.313000769854966, -1.254046070759071], [0.4806017129477068, -1.26622901911965, -0.03843817711836118]], [[0.845823324801629, -2.3229077151255115, -1.615575137254194]], [[0.8508021926552007, -2.2910335943949427, -1.5790920736491125]], [[1.4354104682477558, -2.6160707535365106, -0.5395222590417768], [0.30221745686464485, -1.2150078310619845, 0.7463821998501402]], [], [[1.367932950975095, -2.6445838527045984, -0.6786330619895871], [0.04357012380758828, -1.1056892139206251, 0.4674000770578851]], [[1.0737614090484033, -2.38392698469674, -1.0620767143754168], [0.04008258130064064, -1.055793843297316, -0.29049096391127804]]]}