{"bodyId": "h0", "timestamp": 1630675666924176612, "continuousState": [[[1.4474757678069285, -2.5733632009313085, -0.30450560493629336], [0.3447265830190613, -1.106921454713148, 0.8201719963523191]], [[0.31072787424760256, -1.2123756279233908, 0.8426756694355758]], [[1.3333929646476432, -2.7063796701620344, -0.5163090969500254], [0.3287129444300808, -1.0845924385848025, 0.7615392944176494]], [[1.5700400424862857, -2.5296262253828314, -0.6005023581583746], [0.08951010957303311, -1.3442914099989012, 0.6327930992771716]], [[1.0972068310395138, -2.7508532738809244, -0.6957821070893583], [0.008453294969887793, -0.87836293843553, 0.32193224703725193]], [[1.5959067504405684, -2.4320585579651612, -0.8875511234879419], [0.02307878327718345, -1.4558947361235368, 0.3395281414638921]], [[1.031042046603334, -2.5696529423204155, -0.8477955049780634], [-0.05038671217889828, -0.7320071895576048, -0.016175465209532832]], [[1.489115870482452, -2.3200560488442954, -1.0056565862244857], [0.05813482596765471, -1.4359306028882552, 0.11950758672408028]], [[1.0452417436868646, -2.501979951373646, -0.8292864989004074], [-0.004658201479068566, -0.9881324036565003, -0.041192535426124326]], [[1.1820471623152762, -2.3711319554241683, -0.9068041760462884], [0.14508559308800545, -1.2583163089125378, 0.08445965825238659]], [[0.9464362989119939, -2.4030956224702935, -1.2099830828269433], [-0.06870196267125629, -0.8555568281311753, -0.6167113332605024]], [[1.0042652658303226, -2.312458161181421, -1.2545593034336493], [0.46986163240688983, -1.2588574075146683, -0.03463067885347823]], [[0.8310214789600368, -2.3248978116097514, -1.5725841067478077]], [[0.853081980306654, -2.291154567635693, -1.5910566565114017]], [[1.4399568462377577, -2.623265540340686, -0.5533843037492489], [0.2814351490247825, -1.2121830110483849, 0.7392081602246157]], [], [[1.3336234367628998, -2.6402397496318777, -0.6481422326238664], [0.04898170227146045, -1.1113271742172155, 0.4773626731572118]], [[1.064241730613635, -2.387113788947231, -1.0583936294366159], [0.03819181520837458, -1.0569365685218566, -0.26612583750405794]]]}