{"bodyId": "h0", "timestamp": 1630675666924177081, "continuousState": [[[1.445620399083925, -2.596494648124261, -0.2834105921977311], [0.3343378702055991, -1.104687010933398, 0.8241350016015]], [[0.30984029339377755, -1.215696621492646, 0.8513573369973051]], [[1.3214124295277048, -2.6900067210221987, -0.49690697777525905], [0.30242458513933546, -1.073248397225666, 0.7451042415765788]], [[1.5741424848815502, -2.5263416560749556, -0.6105543986527423], [0.07397428497165834, -1.3455864490037914, 0.6246077150117487]], [[1.1135693777914244, -2.751671732373136, -0.7172211958919648], [0.010717790105675931, -0.8696538092978378, 0.3142058530071115]], [[1.587445628986781, -2.4206838528250496, -0.8825190183065839], [0.018579424493468878, -1.4560082135159147, 0.33872617161413154]], [[1.0364850749521608, -2.564585185727075, -0.8532906157307739], [0.04954433553559647, -0.7265694327224269, 0.03860343454941244]], [[1.4913125529239009, -2.3010549801306284, -1.0291980693712912]], [[1.049636495745184, -2.4921480013379687, -0.8230947994829084], [0.0012823268854006073, -0.98463425909017, -0.046488106471916354]], [[1.1855694940088741, -2.3667089717400924, -0.9006173258109734], [0.11915807026664356, -1.2573592605932875, 0.05397739189247136]], [[0.9476346401906326, -2.3893981436819707, -1.2018438202557309], [-0.1247032624914184, -0.8216880115564662, -0.7003850267702557]], [[1.0058177097355516, -2.3084577946260314, -1.243178997357772]], [[0.8202933628656965, -2.317655660848015, -1.5688661879488695]], [[0.8591755951771943, -2.2872358989056782, -1.606154491377672]], [[1.4099239106192876, -2.604480467054299, -0.5164609097107168], [0.30518341683569494, -1.2138047344748089, 0.7526594119210659]], [], [[1.3438559313364873, -2.6390066942240455, -0.6638877972723536], [0.042346037538667135, -1.1076201291508145, 0.46940678400943014]], [[1.0666020670997534, -2.3780535577110316, -1.0512305730333522], [-0.002772596112387421, -1.0395236360748767, -0.32320381743889215]]]}