{"bodyId": "h0", "timestamp": 1630675666924177148, "continuousState": [[[1.4644696784584965, -2.609983673881221, -0.30756129599952353], [0.3219134701486364, -1.1023076209835387, 0.8192538342759853]], [[0.31078398797059026, -1.2125953042173452, 0.8507677876286168]], [[1.3124804847297025, -2.685406386697308, -0.4872397815102331], [0.27978748096435174, -1.0675638577195983, 0.7293998837666329]], [[1.592266255748629, -2.5306875349798132, -0.6345539745521259], [0.10310665222968624, -1.3427767385931921, 0.640233861976099]], [[1.1084921151322784, -2.748685606868451, -0.7129620078483613], [0.009154505568201103, -0.8739014063785139, 0.31864504400010857]], [[1.5789444611615788, -2.420457846170326, -0.8754027381552346], [-0.015789816102786746, -1.4584073113198983, 0.3167854381626464]], [[1.0375087617256917, -2.564142276191784, -0.8550564892773928], [-0.03175950956872839, -0.7369516061096832, 0.004835983090179752]], [[1.4854941918976878, -2.3039406679951986, -1.0212027321677928], [0.06584992143596446, -1.4334564716945628, 0.11664828227273097]], [[1.053908330501906, -2.4965800407080634, -0.8313857956094003], [-0.01870364095951595, -0.9804261683356978, -0.04948291182164735]], [[1.1812901202209478, -2.36911631891104, -0.892746958694674], [0.10891261412633026, -1.2561813061385252, 0.05918513202187637]], [[0.9407728541339004, -2.39476593421584, -1.1920787723086765], [-0.09589169801317621, -0.8559561033196937, -0.6015169901359957]], [[1.016110904487062, -2.304137511016961, -1.2595543754779792]], [[0.8261090531307443, -2.3181423867793565, -1.5909057167943752]], [[0.8571670578774083, -2.276775223147161, -1.6019401071523807]], [[1.4036020369371955, -2.6014584489946717, -0.5115775023053147], [0.29275600574943517, -1.2116798786227287, 0.7428057597808173]], [], [[1.3503791854404537, -2.639686570924132, -0.6737579912002436], [0.05613057889894367, -1.108339072485853, 0.47943945298810375]], [[1.061031487177424, -2.38194112656344, -1.0424128655016753], [0.0065104580565770245, -1.0560687047291095, -0.27116592905705966]]]}