{"bodyId": "h0", "timestamp": 1630675666924178086, "continuousState": [[[1.4666618600362717, -2.534159731140708, -0.30529881282903487]], [[0.18059274554797367, -1.1833330985087742, 0.7516057830286209]], [[1.322907310682746, -2.6671344650958, -0.4840443788468074], [0.32320085999985304, -1.1191495280052277, 0.7321219356276307]], [[1.571578715993665, -2.507659081576815, -0.6013983285633333], [0.09641759946334401, -1.3355294601906738, 0.6108963544566796]], [[1.0875668987086875, -2.72172950073764, -0.6536615773104877], [0.05829498993161633, -0.9418928940704013, 0.3320394306964217]], [[1.5682536934861329, -2.397864544395771, -0.8552352642063965], [0.0783675283110349, -1.4446387041454016, 0.3609679873701984]], [[1.0246411807476563, -2.5482087540096647, -0.8206027618407175]], [[1.48405144904223, -2.273200596989902, -1.011604041595726], [0.11590015251648333, -1.3953567669137268, 0.11575502072552127]], [[1.055807730344804, -2.480216759436962, -0.8303783222974825], [0.029624285288146666, -1.0115885687925932, -0.03747905757770218]], [[1.1699006747441223, -2.3547317444130997, -0.8729555033416291], [0.1568847132530159, -1.2476499575773996, 0.06814595540137634]], [[0.9507964729987511, -2.3815624560305624, -1.1923604879777858], [-0.035434233954819094, -0.8798519071023747, -0.5987277850083017]], [[1.00107185085029, -2.2988255974140843, -1.225231219440697], [0.4642514284125541, -1.2399037512752678, -0.04822386447626423]], [[0.8152815762257135, -2.3117296454998346, -1.5626874500978898]], [[0.8567843963567113, -2.284846499755572, -1.5954432627917905]], [[1.4166494973181483, -2.58458862300342, -0.5170083560979435], [0.15761106035452258, -1.214960600388839, 0.6418226071142215]], [], [[1.3295728073511763, -2.6146942911572273, -0.6275299529369105], [0.07735629469748018, -1.1387111771305376, 0.47146789257655064]], [[1.0603485738714367, -2.3681471002218313, -1.0326579956597075], [0.0607252396490984, -1.0637509323398873, -0.2652909148034627]]]}