{"bodyId": "h0", "timestamp": 1630675666924178354, "continuousState": [[[1.4742490632749834, -2.543263118726206, -0.29749804124097046]], [[0.26501497242238065, -1.1982643891459297, 0.8090999065610227]], [[1.3250648424362772, -2.6678335678656704, -0.4872064648677781], [0.33801980334637644, -1.1190874358227, 0.7426229581140508]], [[1.5697109041335886, -2.5060597257408617, -0.5922107884346542], [0.08244582408983228, -1.3538969241163579, 0.5874118049054653]], [[1.1077752277473258, -2.733415353985731, -0.6877568913852988], [0.03596767006274536, -0.9069244045357652, 0.31854865332628357]], [[1.539427268644786, -2.3947775181719293, -0.8184192303458185], [0.07888352576190277, -1.444931181311418, 0.3208444390893212]], [[1.0241113180149721, -2.545597753139785, -0.820558197692701], [-0.020110948332989664, -0.7564755555703132, -0.007511765479737732]], [[1.4885381441783632, -2.281656817055172, -1.0223466069944571], [0.12375985802652417, -1.3684003578741293, 0.055253709483460624]], [[1.0463479656753545, -2.482064951001658, -0.8092981363864201], [0.029245903543238454, -0.9852668122081243, -0.03169320526429692]], [[1.1690327899472246, -2.362676798758027, -0.8692991684123568], [0.1634591239130832, -1.230302787227307, 0.07467332882939513]], [[0.9464271038272123, -2.3831742970080914, -1.177430678283612], [-0.12050541794139759, -0.7993986746449975, -0.7095060836192463]], [[1.0109761728008104, -2.306705151308184, -1.2443581537190744], [0.4733724528870457, -1.202642362911558, -0.009770749519629817]], [[0.8219751549492968, -2.3142160969095174, -1.5696541777237258]], [[0.8611751666204261, -2.284405110798761, -1.6045075951332397]], [[1.407417280543657, -2.582900544955797, -0.5040968825863318], [0.20086409796777388, -1.22594699534931, 0.6627746337092377]], [], [[1.338743065940457, -2.619737539863296, -0.6399838399099765], [0.05920674707628882, -1.1304106643260616, 0.45298022911587443]], [[1.0577299468872186, -2.3729255478830593, -1.0233649233479842], [0.021476852985842808, -1.014850730936152, -0.31741637739492556]]]}