{"bodyId": "h0", "timestamp": 1630675666924017956, "continuousState": [[[0.45434930398169876, -0.9468373988275007, 0.7901902830438707]], [[0.3556470315611496, -1.0205023775854187, 0.7939719061738386]], [[0.48366592233639627, -0.8648455777099059, 0.5397733038841561], [0.3342187621049136, -0.8089980677953091, 0.6572613579571063]], [[0.22691762320398742, -1.1145962240128127, 0.6286943909270185]], [[0.31734146466843366, -0.7103699633629585, 0.3278018604507829]], [[0.2412600597755473, -1.2583522179979085, 0.31948723678379704], [0.05648359893425186, -1.1883891379615406, 0.2551939016311364]], [[0.3814855115924404, -0.7086395742728931, 0.058484942556462326]], [[0.18356899877133878, -1.1633487009805021, -0.06502366172481766]], [[0.1396496767665057, -0.8937748713760896, 0.13495954471296887], [0.26311422895956865, -0.8347171384799136, 0.07209068233016956]], [[0.13908103514785744, -1.1002253367021981, 0.1147283457777828], [0.32381454621898526, -1.0728338056977864, 0.1693435296168682]], [[0.4643999185948787, -0.8476117243510675, -0.12211676485572526]], [[0.32836561715350854, -1.0132022272704373, -0.25299058740175157]], [], [], [[0.4491979358667101, -1.0619890949704318, 0.5230760291428668], [0.3560972414016071, -0.9830587452142906, 0.6975035648494157]], [], [[0.2721295439362105, -0.9124830936878856, 0.47824812568890074]], [[0.30174047687136807, -0.9739185305266328, -0.0036942095389712257]]]}