{"bodyId": "h0", "timestamp": 1630675666924178890, "continuousState": [[[1.446568177019283, -2.5184528235144055, -0.2791271597702457]], [], [[1.3012361671988704, -2.6597700607067525, -0.47996945572990013], [0.03727805607752702, -1.3817454133857796, 0.5840883556734512]], [[1.4896027258916624, -2.4842571336889683, -0.5373969281885579]], [[1.09876772782629, -2.7361926180172342, -0.6960600276533032], [0.03004944388525655, -1.4343362523678682, 0.32997658017698883]], [[1.5496243080872012, -2.391238059085102, -0.845913586540767]], [[1.0303793658998224, -2.554139733498892, -0.8620171973810752]], [[1.4841384633506267, -2.2837876504893297, -1.031534684689077]], [[1.0490425885502144, -2.4770074018455914, -0.8388356985491323]], [[1.1571940291833438, -2.3534134823382162, -0.8768134639070736]], [[0.9439915710330938, -2.3825726351198906, -1.2075029721505908]], [[1.013827449591717, -2.312320734848029, -1.2859184852998777]], [[0.8261604825825195, -2.310225327056644, -1.5963722201737418]], [[0.8491417147588822, -2.285806196497148, -1.597833006426598]], [[1.4389835452368862, -2.5978719992735235, -0.5641023674481846], [0.36632387238794106, -1.2618936282455562, 0.7923838085915196]], [], [[1.2941852268589762, -2.6102248758531013, -0.6167284779209306]], [[1.0505928001082188, -2.3679930587290534, -1.0421582180288322]]]}