{"bodyId": "h0", "timestamp": 1630675666924178957, "continuousState": [[[1.444766697064974, -2.518081599144719, -0.27728964367340087]], [[0.3209068223911079, -1.321024542193059, 0.8783020959474452]], [[1.3005886395025503, -2.6582156694214474, -0.4780282723679641], [0.22481824154800734, -1.116769195412353, 0.7163260986569937]], [[1.4078575787331238, -2.4593041686210433, -0.4458602918762008], [0.1876625327734814, -1.405918681038691, 0.6697914845142885]], [[1.1057217227356266, -2.737708593869723, -0.6969732877614292], [0.09815280441227082, -0.9873114205580842, 0.4144534399676061]], [[1.55224414973081, -2.389105109026702, -0.8483162861290834], [0.02434272156123393, -1.4482184224438805, 0.3312391690288675]], [[1.030044977360199, -2.558711209837337, -0.8479705477042299], [0.13098356695907046, -0.9699109029978891, 0.21483799201926626]], [[1.4658213528241326, -2.2801679662997008, -1.0028298232659563]], [[1.0624598983459328, -2.4859915930399734, -0.8447555689932692], [0.14013986439875317, -1.0780568081405268, 0.14517033579943744]], [[1.1809315849112199, -2.360424598026377, -0.8979545318591741], [0.1315857429698649, -1.2792333100226343, 0.1189561568104848]], [[0.9523873232447482, -2.3836160276903158, -1.199357889979623]], [[1.0174623952764268, -2.3083121448420267, -1.264086342214799]], [[0.8210495388639995, -2.306197996439704, -1.5663774199423228]], [[0.8517836376830041, -2.2824784395096662, -1.5928559214861415]], [[1.449277464086167, -2.6002317876722754, -0.5755098097392386], [0.3782789058817832, -1.2860869041786291, 0.8000439637949858]], [], [[1.2567896507343752, -2.5985063812453832, -0.5714167898188149], [0.14290766859287612, -1.1966150507983877, 0.5421224622409473]], [[1.0666594540779841, -2.3720203128583464, -1.0486562109193984]]]}