{"bodyId": "h0", "timestamp": 1630675666924179225, "continuousState": [[[1.430951939298342, -2.50014165906203, -0.2579444727213299], [0.3682855065477008, -1.4589234601672088, 0.8092955967055154]], [], [[1.283139554331696, -2.6611582570528722, -0.46622662755203076], [0.1777194955055279, -1.2297287338666965, 0.6376088035635161]], [[1.3760117095549025, -2.4736185410208327, -0.42720887442188243], [0.20448494141814286, -1.5002410259714962, 0.5914038890574856]], [[1.095639564760052, -2.737503966270108, -0.6987070077292032], [0.12648611801749962, -1.073467766642593, 0.3869294139986823]], [[1.5375557911745423, -2.40092895405714, -0.8458857131560289], [0.02340334858864844, -1.4871995318153832, 0.1965468113014772]], [[1.0192339630172729, -2.5504018169407083, -0.838335611794329], [0.2240675093573318, -1.093416337525895, 0.2344068397874869]], [[1.4668539814419357, -2.290365706395901, -1.015362577018468]], [[1.054105363379091, -2.473185664164584, -0.8321435256614372], [0.3001270432396254, -1.1612251515183556, 0.18037691111437834]], [[1.1770563636630076, -2.3520184743993786, -0.8908520500454602], [0.19200089950826488, -1.3599590210963337, 0.05289904889381956]], [[0.9368948575198931, -2.3695218894110166, -1.1702392043336223]], [[1.0082196280761246, -2.2965941065850997, -1.246081616199403]], [[0.8154073906716068, -2.3104597875880835, -1.5670837770701251]], [[0.845644077884705, -2.2835070140255476, -1.5825370679374646]], [[1.4139204473727607, -2.6025086500998107, -0.5459007577131135], [0.2868415363520867, -1.3723280723594453, 0.6803126765787545]], [], [[1.2358256371574772, -2.6055612536454706, -0.5629579410755429], [0.16548552971782124, -1.2868543963070445, 0.489166651528084]], [[1.0569756105914503, -2.3607701819051976, -1.0305456271895412]]]}