{"bodyId": "h0", "timestamp": 1630675666924179493, "continuousState": [[[1.4130878607377686, -2.4908901910414003, -0.27819131429098937], [0.36634408805563157, -1.5948059212053798, 0.7532445127794395]], [], [[1.2831400613921362, -2.6628806012279576, -0.4712901068433723], [0.16792184912166272, -1.3490037961281252, 0.6081405427830195]], [[1.32481570600539, -2.468484866954906, -0.3861638478756161], [0.3390697123088912, -1.5772972055832593, 0.667083870442017]], [[1.0510470938981102, -2.7145725797048565, -0.6437748771933279], [0.17884277273208385, -1.1920984607882854, 0.4089758468938926]], [[1.5069934022251918, -2.4098132968723673, -0.8203761571024097], [0.06515273252267344, -1.598689852032159, 0.23860040096548527]], [[1.0162813740718486, -2.5486280172962488, -0.8362655373829662], [0.2937859554943409, -1.296163445053383, 0.2286776675928636]], [[1.4626606881855198, -2.3019402985068815, -1.01859189809191], [0.04014894425062857, -1.6281912144021695, 0.04647771083240764]], [[1.0438814223426656, -2.4744812057393575, -0.82171483197317], [0.2937775270650477, -1.2711086331395969, 0.21239040755867314]], [[1.1712150175347114, -2.359942389561848, -0.8860947765411465], [0.13356940410679113, -1.4583661307120266, 0.04750717855366111]], [[0.9399521924087225, -2.3709496982617035, -1.1707068399628802], [0.32932881273476844, -1.1933224808106615, -0.14930496592058126]], [[0.9923880833351334, -2.30000080825682, -1.215155959173052], [0.11985552242206678, -1.4474525605128643, -0.33979783819576415]], [[0.8154624492630016, -2.312629096310975, -1.5367495429402929]], [[0.8305412136628447, -2.284463838488462, -1.532456351191286]], [[1.3871194042590718, -2.6001166344374216, -0.5268455558091305], [0.25306128294533003, -1.4673765910813903, 0.6422454312355999]], [], [[1.1879313999517502, -2.5915287233298816, -0.514969362534472], [0.25895624252048755, -1.3846978331857724, 0.5380298586679548]], [[1.0555836049717169, -2.365446043911776, -1.0284008082520133], [0.2314491084207798, -1.325844305761344, -0.05089889368346008]]]}