{"bodyId": "h0", "timestamp": 1630675666924179694, "continuousState": [[[1.3904408421914143, -2.466930804288522, -0.28782666259255235], [0.3616684736493596, -1.6502921944335185, 0.7283879140407747]], [], [[1.2618240702085812, -2.6652067698067703, -0.469251166744488], [0.1886462679545623, -1.39789235047872, 0.583131574914084]], [[1.3114427048804194, -2.4825892440330652, -0.39103514159543057], [0.22169889567918244, -1.6137569883560445, 0.5431243575456113]], [[1.0643347658751947, -2.7302555194502465, -0.6936709189638027], [0.22574231756189078, -1.2541440319498884, 0.40839112276092804]], [[1.4985320535087756, -2.416537995742908, -0.8190062094273504], [0.20172782523338537, -1.5996913779361996, 0.318823039395792]], [[1.002754648938454, -2.5511857766479915, -0.8325146473605227], [0.345850214898252, -1.3635846401931149, 0.25648465849035235]], [[1.4549041047023163, -2.293561893775309, -1.0256341273116854], [0.22510348718987394, -1.6059003109718801, 0.17258470332329215]], [[1.023932356679139, -2.464505517351995, -0.7991279504677359], [0.3370270224371677, -1.334507752568084, 0.25070418677500267]], [[1.1520760251356694, -2.3563306592268223, -0.8578699373269706], [0.34893041307989303, -1.4928269134237846, 0.2462037433208211]], [[0.9217347591498224, -2.366359974557508, -1.1492462209941736], [0.33139965878338123, -1.3210892626967725, -0.1432151209010799]], [[0.9950156758869243, -2.292946508301436, -1.2276087536998197], [0.3459133720441873, -1.432851145443916, -0.195876621840629]], [[0.8049570659475018, -2.317023699861545, -1.5205443491634982]], [[0.8366131996707704, -2.280851114077875, -1.5385193254399383], [0.23779324049807724, -1.3553209446276353, -0.6699621441776046]], [[1.3358373865389108, -2.593768706732385, -0.49167530803392995], [0.2298226729932626, -1.5102359221369015, 0.5847078070939312]], [], [[1.1878887353778071, -2.606422381741656, -0.5423530302796167], [0.2237206066205366, -1.4339505101529664, 0.47575774015326966]], [[1.0369053921427458, -2.361345316892165, -1.003558079160572], [0.34016503593163716, -1.4069580880602786, 0.051494311209870594]]]}