{"bodyId": "h0", "timestamp": 1630675666924180297, "continuousState": [[[1.332841839868569, -2.434701673286803, -0.3493388792417741], [0.7170128449297152, -1.8146558558506136, 0.6765403557137215]], [], [[1.1682637508590064, -2.6964313316177213, -0.44294689640277624], [0.39675817238212857, -1.6213354962002309, 0.40014022619337514]], [[1.3221491438381405, -2.5362328060138806, -0.48652676994637545]], [[0.9980049261884706, -2.724999252867483, -0.6982653683706335], [0.5202414975338904, -1.4817231070341648, 0.3055233850088898]], [[1.407207816891616, -2.432506964494389, -0.7829657181365055], [0.5553554216282767, -1.8190027721758992, 0.23349611973291734]], [[0.9338968177601875, -2.5281556433879033, -0.7981435253354903], [0.6476288620665582, -1.5657239369052887, 0.1789253209171859]], [[1.26166644554672, -2.3073183764669127, -0.6997894462978397], [0.495928271274581, -1.8416076289434993, -0.04101107309105214]], [[0.9780200943854959, -2.482601895723653, -0.8055506370297608], [0.6011694956776314, -1.545220896419266, 0.1623719131208984]], [[1.0720863637742308, -2.3795367665872487, -0.8238732546402812], [0.5420042832141294, -1.6950227773361777, 0.07205856893770328]], [[0.8942351392757711, -2.38217221747296, -1.0762238322578541], [0.6300257886184693, -1.567345344633057, -0.21246725702686878]], [[0.9628481691607415, -2.3012532190178088, -1.1009819989194958], [0.6002385696124977, -1.655202504502463, -0.27884869580326493]], [[0.8044855065992008, -2.3495466556411477, -1.5403131211603318], [0.5588572130573622, -1.606153748751665, -0.8872010754446863]], [[0.8559888470268932, -2.2842155685841043, -1.5994605059917413], [0.558346877575671, -1.6350196912967134, -0.9022061653852154]], [[1.2480499290977725, -2.6075086929680364, -0.47197119081023403], [0.4293479851945381, -1.7323620375301654, 0.4048183379939749]], [], [[1.1600770350133056, -2.6306160294406817, -0.5923960691585044]], [[0.9831607515250009, -2.380854492030104, -0.9500485434490676], [0.5860150359162993, -1.6311840609846173, -0.07020434404458276]]]}