{"bodyId": "h0", "timestamp": 1630675666924018157, "continuousState": [[[0.44598793462743924, -0.9350467161094402, 0.7754105577064555]], [], [[0.49954877767502326, -0.8520565943118331, 0.5333689112464894], [0.3241581183543992, -0.7966154915608086, 0.6497117491636927]], [[0.4299889036641807, -1.2241059451242082, 0.4993223469060071], [0.18684413520460635, -1.1017530896868644, 0.605667895184974]], [[0.32321217319171297, -0.7116457388897824, 0.3380520601129304]], [[0.24722337252980894, -1.2588774757277348, 0.31599471523549894], [0.057473192415010546, -1.1886640508027895, 0.2440153744805823]], [[0.3805176238022866, -0.6942696569021686, 0.04784759634870989]], [[0.1955378653098603, -1.1880724225776593, -0.018472990542847356], [-0.2505313050008083, -1.1492132630378828, -0.4911877623916923]], [[0.14886053990151338, -0.9074886552265146, 0.18696353171799457], [0.2547042579765275, -0.8300245689468817, 0.04773595012317696]], [[0.1398494242931219, -1.1069160794288715, 0.13069669052976632], [0.3337079353209631, -1.071256761786684, 0.13559261644755452]], [[0.5563296190368058, -0.8594125172192405, -0.09006660306551612]], [[0.5114575229895345, -1.0597389609838286, -0.09730144705456654]], [], [], [[0.4554267983215703, -1.0609301666858963, 0.523391845440311], [0.3770085420644707, -0.9839295718490014, 0.7131135811406062]], [], [[0.37660053842794683, -0.9678758420069953, 0.41868720350946875]], [[0.3480895216649638, -0.983164298324056, 0.0203150437321251]]]}