{"bodyId": "h0", "timestamp": 1630675666924182039, "continuousState": [[[2.435312766077871, -1.4984520859359038, -0.33310855558257274]], [[2.632538914245604, -1.3878254273756148, -0.42430681437742057]], [[0.8664942562062186, -2.591374566092722, 0.4001218974173762]], [[2.5906195596265342, -1.280577193979101, -0.5726710421438113]], [[0.931940790961835, -2.408978904119004, 0.305046198405252]], [[2.3217459256198945, -1.2149168443181817, -0.6530037873858373]], [[2.2859977549513983, -1.3015435557559356, -0.9905577159105887], [0.8084186672624266, -2.2256275245435515, 0.30056187826800873]], [[2.249106298151414, -1.1466773252588032, -0.8955857352661064]], [[2.324990803254488, -1.3057386257615817, -0.9482626390371688]], [[2.164319535748976, -1.2321554117223308, -0.7497258758872554]], [[2.0521535890369917, -1.2381063120904658, -1.0507508657256122]], [[2.0191234844439045, -1.1701272931265452, -0.9735085616882139]], [[2.259844774580711, -0.9908600036099149, -1.8116794599717467]], [[2.0849215410102557, -1.0006143819813047, -1.5466354994381508]], [[2.5187247742249688, -1.4098591829741234, -0.562278248109588]], [], [[1.7612801752941847, -1.8447780490490526, -0.13381242186927964]], [[2.108236562392984, -1.2351308619063983, -0.9002383708064338]]]}