{"bodyId": "h0", "timestamp": 1630675666924182106, "continuousState": [[[2.476174907614354, -1.486434159599115, -0.3572628975776456]], [[2.584362180015929, -1.3892765918647794, -0.3896931518386498]], [], [[2.5708919051817345, -1.2745418031419244, -0.5537987086346113]], [], [[2.327838874861713, -1.2040057013653243, -0.6543832020883806], [0.9291290764425696, -2.377048568172554, 0.32329978910070145]], [[2.283321227423377, -1.3279170291783085, -0.9997418645577518]], [[2.208954722751827, -1.1532489596762088, -0.8662143635636703], [0.7628664199544712, -2.2326091541108934, 0.3101424637770704]], [[2.3189660193115285, -1.3269204179146905, -0.9520972396620955]], [[2.2123370165391965, -1.2250619312283315, -0.7979860386357964]], [[2.141927877052239, -1.2296017519034195, -1.1571669756010687]], [[2.0108423928159516, -1.183941704816289, -0.9712904933482732]], [[2.2567942389235505, -0.9997709250984552, -1.817825331416479]], [[2.069645394237187, -1.011012390336235, -1.543631959822509]], [[2.534255667411195, -1.406537190138713, -0.5709841289379206]], [], [], [[2.177132446795718, -1.2273318415658756, -0.9775765071184326]]]}