{"bodyId": "h0", "timestamp": 1630675666924182307, "continuousState": [[[2.499785135597282, -1.4817324759874326, -0.37230107116759975]], [[2.557073945790678, -1.380146041334756, -0.36528593760560557]], [], [[2.5536963345000103, -1.257710942459144, -0.5476806860591771]], [], [[2.3297373041399174, -1.1716114324510394, -0.66424272625482], [0.8677425876956155, -2.3480190579162024, 0.340797901854133]], [[2.3006119923592694, -1.3442133222771555, -1.0173468134599588]], [[2.2203625801048714, -1.1113914919693098, -0.8539581078087626], [0.6745504381979195, -2.1646308977965885, 0.338929813039663]], [[2.2809728350545377, -1.329545592614661, -0.9493230990486194]], [[2.30379751944725, -1.179207625591762, -0.9059306680037571]], [[2.1901059297188064, -1.2035837465293535, -1.2579237454783219]], [[2.166541322559436, -1.1027749035460095, -1.1740053981384295]], [[2.2782114100509667, -1.0095341905076263, -1.8777210770274586]], [[2.0747178920078753, -0.9748241265047843, -1.5571516553946745]], [[2.529929306800969, -1.3960094789328958, -0.5812707577688693]], [], [], [[2.2469517245830284, -1.1913956860605577, -1.0819272067410395]]]}