{"bodyId": "h0", "timestamp": 1630675666924183178, "continuousState": [[[2.5389358296835947, -1.47040769679111, -0.41505395542769746]], [[2.561619514990793, -1.3778629715666075, -0.39288884667925367]], [[2.4030854052315394, -1.3969268617767685, -0.52575118246733], [0.7847328463770437, -2.52563326274444, 0.5907648243433357]], [[2.547204825339057, -1.2287355883633313, -0.5777812721470998], [0.8317820574736738, -2.6448054979039197, 0.3798404727600937]], [[2.3474130690190678, -1.359701422488275, -0.7942248533970001], [0.6357330577541151, -2.5394068954352664, 0.22804309534549452]], [[2.247422080624152, -1.1838713928730245, -0.6457109426103734], [0.8583833504400228, -2.3325649798484527, 0.3871406697226341]], [[2.2532232766831934, -1.2443182206830066, -0.9979575531815577], [0.28412620908559416, -2.407898559980203, -0.1961340421352736]], [[2.1795254740080483, -1.1240712844561687, -0.8790697570226671], [0.5966867481413289, -2.2093328381742623, 0.1575663530514289]], [[2.2446835588832035, -1.2278149037532562, -0.9038586795758283]], [[2.2827746878826325, -1.107147198640615, -0.8944034200913125], [0.9026526316088225, -2.608073937526738, -0.0880871535625372]], [[2.088374740773624, -1.124935798707265, -1.1079157753498234]], [[2.1280800405317066, -1.0469722857565302, -1.1169383882268766], [0.6820949190413182, -2.5113143219452896, -0.07876085881167137]], [[2.2152850307785883, -0.8657337893339861, -1.7098036816108073]], [[2.266285882644592, -0.7786353744399376, -1.753988523468472]], [[2.4329547874897446, -1.328526316407389, -0.520169367789862]], [], [[2.4473089471790623, -1.2942185054258033, -0.6860030627720499], [0.7337575576138945, -2.592106196669593, 0.3039417840527941]], [[2.185574714328128, -1.11604149867394, -1.001159597720568]]]}