{"bodyId": "h0", "timestamp": 1630675666924183714, "continuousState": [[[0.776600415743198, -2.539868031336206, 0.5983601179980551]], [[2.854199637132738, -1.3212353450305827, -0.554660162010314]], [[2.568177889617015, -1.1184449904488298, -0.4845052738362315], [0.6954393449004838, -2.563911415916218, 0.5189743908890351]], [[2.5459042848889153, -1.328044319313906, -0.5655102485565021], [0.8413036605722485, -2.6293122427702866, 0.36742818397322435]], [[0.6147459163223834, -2.5536314728626097, 0.21605843212896683]], [[2.3608394088296913, -1.29752512092114, -0.7215809594066945], [0.8775097464964848, -2.3299181914605684, 0.34337005748907473]], [], [[2.316647272726765, -1.2966008453723028, -0.9934511774341086], [0.7627978592050259, -2.109799563989965, 0.30540413093569874]], [[2.4688839615896163, -0.9853265822048471, -0.9980653680273949], [0.7836276253308018, -2.5307266762530314, 0.026414588804746928]], [[2.3726418823051816, -1.146886854522193, -0.9907110739977006], [0.8746704600749188, -2.6049853505067704, -0.03012866506888349]], [[2.391456349739315, -0.8998870919222047, -1.4740482337152216], [0.6896735937907408, -2.483552628239793, -0.1797811731207537]], [[2.212412644376547, -1.0276352280548735, -1.314638277559728], [0.898886082966386, -2.5766380754349414, -0.16720717014912156]], [[2.1539392617934734, -0.8215791841189186, -1.7394388535648395], [0.6819857375192826, -2.546059330793946, -0.7849816380750305]], [[2.1433570052558313, -0.8152603491710734, -1.7692389950711027], [0.9292478603849081, -2.5393053830211176, -0.38590118091308456]], [[2.6448474969446187, -1.2046403713994185, -0.5851624749412858], [0.7969084008698591, -2.6178241953290664, 0.4580406674484716]], [], [[1.5803251006056493, -1.940837896088258, -0.17472590821376766]], [[2.382049116022248, -1.023386973222199, -1.232379653856461], [0.7821720269328298, -2.5442689893732817, -0.10495491909481859]]]}