{"bodyId": "h0", "timestamp": 1630675666924184183, "continuousState": [[[1.1435318876214162, -2.492381072783132, -0.17081979112836007]], [], [[0.8651016222121743, -2.6208061562646674, -0.3095972175674999], [0.593326429790636, -2.6214710118131417, 0.4138245532618269]], [[1.1042815933498022, -2.473889086102152, -0.337478516344853]], [[0.62710082432375, -2.594548603978471, -0.5095487471439563], [0.4758582230111833, -2.603989915566869, 0.12354561794253709]], [[1.1679697524260941, -2.314362900199618, -0.4217258557689106], [0.938299745012307, -2.407602278460992, 0.25445924967097083]], [[0.616175965653335, -2.397596808911923, -0.6314434637144468], [0.49347551350605273, -2.5438472218005153, -0.07908765694460408]], [[1.0994412446453772, -2.0444452509800484, -0.34270003206483624], [0.8324951920032345, -2.2138738644152656, 0.19972257463505638]], [[0.6367447600683963, -2.440084021019507, -0.6427907330248618], [0.7400093414737839, -2.520631862511038, 0.1403727061084635]], [[0.7502801039556064, -2.316897982027564, -0.7333775300089306], [0.9851583519319013, -2.4079845133666247, 0.23679062798378767]], [[0.6297925981173644, -2.2890069071692785, -0.779868376149916]], [[0.7591146900978638, -2.2386587380919365, -0.9726557548106926], [0.7894230201498535, -2.4051238889836903, -0.04768923143527286]], [[0.5053692621506406, -2.2274108036148035, -1.4263534751102116]], [[0.5470253041217238, -2.222176118423179, -1.3672407477626858], [0.6786485059791876, -2.5562789950222524, -0.8303557094188486]], [[0.9498652033416236, -2.554394311535754, -0.2841308661301007]], [], [[0.8656912088367761, -2.5342188450403116, -0.4235136317444046]], [[0.6900363510364854, -2.3029524445984215, -0.7566229530794233]]]}