{"bodyId": "h0", "timestamp": 1630675666924184518, "continuousState": [[[1.142023746286532, -2.490093585776204, -0.12269078025388762]], [], [[0.8699686097837971, -2.6205764759711014, -0.302676414747044]], [[1.107831417229862, -2.4776857234181087, -0.3682277644104438]], [[0.6210376192691915, -2.59410469392687, -0.47711601436708223]], [[1.1864448453369854, -2.316033455763889, -0.5811373267870173]], [[0.616931979211492, -2.3859132007724857, -0.619566988817507]], [[1.3268062552103277, -2.1035924700988167, -0.9463732684033934]], [[0.6325677580590894, -2.42582034280695, -0.6294725259730612]], [[0.7627363783524288, -2.3222960094180927, -0.6992641878504874]], [[0.6426639795529673, -2.279797799532928, -0.8114315934981701]], [[0.7390581508304777, -2.2398843645874376, -1.0061573443930347]], [[0.506654838349407, -2.230798310087822, -1.4185356283424944]], [[0.5570791263810656, -2.219018941463347, -1.3726148185805165]], [[0.9577281085144721, -2.552234762031102, -0.2940504299959623]], [], [[0.8644345182495268, -2.535895208672489, -0.422671889388763]], [[0.7027001789526981, -2.3010469044755104, -0.7553478906743287]]]}