{"bodyId": "h0", "timestamp": 1630675666924184585, "continuousState": [[[1.134960934291449, -2.4827567226270784, -0.15640785296184004]], [[0.7709259064669839, -2.5548454910184204, 0.6042858799812879]], [[0.8670096276524709, -2.617517902791029, -0.2918649710840407]], [[1.0913048255621935, -2.489593482009323, -0.36031086631836795], [0.5531560914709109, -2.633325242787504, 0.3629666688158418]], [[0.6230578847664526, -2.5944141654325694, -0.47614666840704944]], [[1.18950892547985, -2.3367998960416303, -0.6230290044682237], [0.45453138697545226, -2.597590357376009, 0.14898409036687144]], [[0.6218921578286886, -2.3827883405546073, -0.6345074217992965]], [[1.107569862290373, -2.1535753008708904, -0.6825074903099572], [0.5016042128847907, -2.5323584554156398, -0.0658888145113051]], [[0.6499528342260833, -2.4057415148044368, -0.6131769794289508], [0.8731071910840655, -2.4863258931787406, 0.036813506401279256]], [[0.775288967854716, -2.3240391703038212, -0.7234967595331991], [0.8232451087786503, -2.4697330784403997, -0.04510167915374586]], [[0.6365070576602838, -2.2744986394372244, -0.8049953535655378]], [[0.7285924125455822, -2.2365791292988333, -0.9744372242137256], [0.9139655818717336, -2.3155748152541555, -0.015844193596332844]], [[0.5066218412987197, -2.223957283475705, -1.4194578283506794]], [[0.5424694633906625, -2.2003110537577566, -1.4113374604100117], [0.6915341187784384, -2.578083832345092, -0.8841548345290104]], [[0.9689126517895368, -2.558420575687446, -0.3087125684556318], [0.8096051405991652, -2.5510478652877064, 0.514253235491952]], [], [[0.857181355164323, -2.542003823720946, -0.4182287673627087]], [[0.7058980127574999, -2.299268904870523, -0.7642460565493685]]]}