{"bodyId": "h0", "timestamp": 1630675666924185322, "continuousState": [[[1.8174471555863616, -2.3078259060838717, -0.27067453164340555], [0.8315784007493444, -2.537032411855808, 0.5413443655635788]], [], [[1.8590268741026117, -2.1977712249535917, -0.45614183354703663], [0.6397260690422469, -2.5771732803914613, 0.4270835046635932]], [[1.8578405775483724, -2.0964184827838537, -0.438171143968563]], [[1.7982807647573154, -2.13270953757025, -0.7678304859367908], [0.45679451736412946, -2.6201303742167186, 0.13168492879484847]], [[1.7225302752284342, -1.8613393619233063, -0.6524345964299673]], [[1.8082151160972872, -2.177469998254948, -0.9716416297985929], [0.540319079265832, -2.5369960687947257, -0.03125420281874631]], [[1.5755467987951859, -2.000529745999679, -0.8594721598906094], [0.9165848246490266, -2.5709424887912338, -0.06734092119155116]], [[1.6725818488533495, -2.003136087960507, -0.8195928766264765], [0.7375875165572977, -2.5488525175928034, 0.0031867692341566]], [[1.6546789910191264, -1.8814859171440697, -0.7626380868411875], [0.8795493027874534, -2.6454226459532824, 0.039181567009409266]], [[1.5056580355781315, -1.8099521911270122, -1.1647695825993805]], [[1.4731149760786277, -1.7773698107448732, -1.1191450875854698]], [[1.4982641415301647, -1.6910819599029496, -1.7954396767657532]], [[1.2914774855011666, -1.491185275105891, -1.6192888964906664]], [[1.85063124634556, -2.151503447541323, -0.43269949082362813], [0.8238379666979708, -2.581083598852346, 0.5210905797093266]], [], [[1.8280606711528438, -2.1145640101770518, -0.6030008149526769]], [[1.580168513298629, -1.8457190541355408, -0.963703834720284]]]}