{"bodyId": "h0", "timestamp": 1630675666924185456, "continuousState": [[[1.8426661326665477, -2.2411125232789284, -0.2569757900771667]], [], [[1.7486129131854269, -2.181887028955091, -0.36188765127072337], [0.727147648854286, -2.522899029221214, 0.5045022141736059]], [[1.7939548055734862, -2.0013213620690324, -0.32839038981696467]], [[1.80208349995871, -2.134523484962254, -0.7377440816229914], [0.46439981878531855, -2.6554612207798143, 0.10001375137906575]], [], [[1.6514812374932721, -2.1259912360722177, -0.843077854774639], [0.5484033060722293, -2.5585814249754075, -0.047640542736462975]], [[1.5196938989816882, -1.86255492624213, -0.7281687637982136]], [[1.7014297216762735, -1.99895262223274, -0.9098429504734786], [0.7920548490238885, -2.5486928067367582, -0.07341128814493095]], [[1.5598880552807974, -1.8404909043843205, -0.6921403342600593], [0.8807746274341842, -2.6876213696425792, -0.07595922724249067]], [[1.5710439046773192, -1.9134517847636285, -1.273779784424618], [0.6730053877936453, -2.5283696145173953, -0.08035247132572204]], [[1.462172118525198, -1.7032795593672998, -1.0806870084278877]], [[1.4988749998593118, -1.7727206751210574, -1.8288542217664239], [0.6797126243232913, -2.5845382689167256, -0.7027939058578101]], [[1.3159503947734716, -1.4724467733153046, -1.6723804858835392]], [[1.8592051984269637, -2.096777765871324, -0.413844366402192]], [], [[1.798019152766098, -2.0679224235156433, -0.533067235719978]], [[1.5654659799790585, -1.8769713445739744, -0.9829600593423387], [0.7768900076139147, -2.6079954920799873, -0.07815584928410635]]]}