{"bodyId": "h0", "timestamp": 1630675666924185523, "continuousState": [[[1.800878226435252, -2.1881481855751916, -0.21289095741896993], [0.7870306912517583, -2.600015413938425, 0.5383585169524279]], [[1.77811922083669, -2.116081691406991, -0.157467630328508]], [[1.8721372741298805, -2.1646156274006327, -0.4762010400496035], [0.7352063765405931, -2.5456240541649455, 0.510903104998044]], [[1.790493282715905, -1.9385617992587745, -0.33247515073740236]], [[1.754524357902958, -2.110837417227561, -0.715734135046971], [0.4893117877056654, -2.663088979050194, 0.12060917848723557]], [], [[1.6687598171018225, -2.110730034211878, -0.9131160744837448], [0.5273582075964391, -2.5855758612727495, -0.039137626271837464]], [[1.4910781955620545, -1.820043224300853, -0.7254171564012855]], [[1.641338190028532, -1.9582432363815132, -0.834001680383949], [0.8126996997379453, -2.5976129781977444, -0.0654901702200957]], [[1.5985562252792307, -1.796074327224564, -0.7351184966921773], [0.8999496040144995, -2.7453431652846625, -0.12209557163699697]], [[1.6021358947530016, -1.9930526314716286, -1.2895966461000457], [0.6784879294911293, -2.53622097916044, -0.07421017291482077]], [[1.4937963214749856, -1.7310930676656444, -1.0617287261264587], [0.7081288835180322, -2.5310716779850404, -0.021008016888373504]], [[1.4875429475938697, -1.7810257998039511, -1.79714333916623], [0.6736727096646046, -2.5896160742681986, -0.7354477239718554]], [[1.3386294611524872, -1.46708195914277, -1.703377749625975]], [[1.8498797950547528, -2.0528937661726308, -0.41227188935298387]], [], [[1.7725088203094315, -2.024699608243168, -0.5241046428921867]], [[1.6003460600161161, -1.8945634793480963, -1.0123575713961115], [0.7892187667528144, -2.6407820722225512, -0.09815287227590887]]]}