{"bodyId": "h0", "timestamp": 1630675666924185992, "continuousState": [[[1.1522163814662805, -2.5112864705690354, -0.2531679405889097]], [[1.3709801308744975, -2.1083314671002644, 0.6298809751270876]], [[0.9753853038817977, -2.660842062071529, -0.3652466514256348]], [[1.153923066520632, -2.5884546552152243, -0.4798355767910116]], [[0.7656853522672327, -2.6371384119093806, -0.558401688257908]], [], [[0.8698361836711562, -2.415713001463, -0.6100184074040317]], [], [[0.7907065138992723, -2.5709667080470866, -0.847548080789994]], [[0.8294507440524378, -2.436319367031225, -0.798397120245972]], [[0.6486830570742038, -2.394233614101237, -1.071344991236675]], [[0.7196533314417959, -2.3644067179449126, -1.0970726985433985]], [[0.5231382927260966, -2.280254482429543, -1.4485883088968634]], [[0.539492824006742, -2.277620646812924, -1.364826881487646]], [[1.0217911702800522, -2.6485348699431404, -0.38337144855480915]], [], [[0.9598042093939323, -2.6127965335623022, -0.5191186325244598]], [[0.7390669005633208, -2.4152764905662307, -0.9348710557413236]]]}