{"bodyId": "h0", "timestamp": 1630675666924186260, "continuousState": [[[1.4679350650790732, -2.0854665785771735, -0.026614494821233167]], [[1.4972993174957159, -1.9679817227473413, 0.004810646002177464], [1.186923356647277, -2.090552994356257, 0.6584394082938727]], [[1.5783679555990642, -2.151410895104717, -0.37077437465906815]], [[1.641161102729062, -1.8270991216217067, -0.29328623926766206], [1.326942908583885, -1.9798386026792634, 0.4989744012143515]], [[1.5071957123572226, -2.121329033831057, -0.6527771332779776]], [[1.5474700013661618, -1.643622964720094, -0.48087655073281005]], [[1.1978935770335561, -2.0574708586730464, -0.5806844034465511]], [[1.2721034884423643, -1.6672056338993544, -0.5388937475933787]], [[1.243851403744653, -1.9523830021925412, -0.6347553930526832]], [[1.335627921583696, -1.7432264901957877, -0.6538392088454257]], [[1.1169825907197812, -1.8138123603730256, -1.0604055373439565]], [[1.2168101256862283, -1.6020229046860543, -1.1088040328179094]], [[0.9503251669752356, -1.6507791033228871, -1.5105561616865157]], [[1.1381712984623606, -1.4577429870511605, -1.707600257610853]], [[1.449667988746364, -1.9896806705010854, -0.1858135756843708], [1.3420384865416717, -2.1479576505975855, 0.5294374265581637]], [], [[1.5741784075431422, -1.9742140777263817, -0.47303168627281983]], [[1.2263052561517385, -1.7785194252844065, -0.8571223730946911]]]}