{"bodyId": "h0", "timestamp": 1630675666924186327, "continuousState": [[[1.4372711307509647, -2.1085690877959538, -0.023468682710638632]], [[1.1244345100995166, -2.1045319643943134, 0.6276543857256381]], [[1.4882627691080381, -2.1621950056899664, -0.3082630814820882]], [[1.6424617934054238, -1.8411228449937513, -0.31867659772905016], [1.29283541710202, -1.9767495735855842, 0.4942188955876541]], [[1.4035941957439966, -2.133041998375117, -0.599979785640648]], [[1.4743324473691244, -1.6627204821961314, -0.4455723844163963]], [[1.1607408322596267, -2.0605005138162054, -0.6305016870344985]], [[1.238881490390854, -1.6509938230004115, -0.5609193246174489]], [[1.2076929989512963, -1.960808783128909, -0.6821701294863396]], [[1.2445934483862102, -1.755245714596945, -0.6335895563623745]], [[1.096760655299304, -1.8125599807153527, -1.1333507174006792]], [[1.171024186368122, -1.6040758707992344, -1.132614479980698]], [[0.9398944680119989, -1.6476201305615958, -1.5132412320033017]], [[1.0903820172491496, -1.48525568661613, -1.6788800824312267]], [[1.3593882356270341, -2.001969604467197, -0.12040497468551212], [1.317002103782118, -2.13286208340336, 0.5449812698264574]], [], [[1.52302799457471, -1.9870824216844343, -0.45932819168484906]], [[1.1706770518427572, -1.7839028476561487, -0.8834701368815268]]]}