{"bodyId": "h0", "timestamp": 1630675666924186461, "continuousState": [[[1.3095778054265061, -2.1120598520567233, 0.010106100638358158]], [[1.3234428616340423, -2.0143277010980896, 0.06614784521560023], [1.0721697552626501, -2.1100962248428767, 0.6494382799432089]], [[1.4072720491008412, -2.1877640652412356, -0.28295957975457053], [1.2128737562841903, -2.292364527570575, 0.518761304122661]], [[1.579410303701869, -1.86517951654657, -0.2965637412966712], [1.2257753010302999, -1.9923756965052883, 0.5346506623148518]], [[1.327717943960161, -2.168747521838606, -0.5848110922609544]], [[1.4190598065247446, -1.6829101713439623, -0.40988707114903355], [1.29859573776248, -1.9130555169777994, 0.3305365236371151]], [[1.1370788785269996, -2.081809646422077, -0.6987482189976868]], [[1.1722331182108612, -1.613376367624358, -0.5014096458436311], [1.083873465590112, -1.820056329236097, 0.1001190155570764]], [[1.1704599367524722, -1.970027427245847, -0.7029837999939282]], [[1.2172854058500817, -1.7481050174699033, -0.6487606045796469]], [[1.0160662710889898, -1.8487931596483675, -1.067165313421067]], [[1.0000256779329852, -1.6696562797473118, -0.9287642944036838]], [[0.952057106147405, -1.6158543647561396, -1.6126445147986124]], [[1.0430509526632872, -1.478566034920531, -1.5765057407312628]], [[1.2983038398749427, -2.0284399646997135, -0.10266169288928245], [1.2254911506358754, -2.137704723198994, 0.5484427024192339]], [], [[1.4535641238310149, -2.016963519192588, -0.4406874167788128]], [[1.1166758384695359, -1.7984490885591353, -0.857962959000357]]]}