{"bodyId": "h0", "timestamp": 1630675666924018693, "continuousState": [[[0.418698821808136, -0.9674107018088621, 0.792506087344701]], [[0.36408673014015813, -1.065973426364044, 0.7985868946441744]], [[0.34526833725865913, -0.8327252386480978, 0.6760303051322532]], [[0.18401956875564815, -1.1319316915442657, 0.5884503071311863]], [[0.33758316446576625, -0.7224896584674323, 0.35514221465573675]], [[0.1002633666494105, -1.192557027298598, 0.23251505023537902]], [[0.374917533565251, -0.6971937721191249, 0.05117910820718043]], [], [[0.2673020118153083, -0.8229444646226334, 0.005047372660928886]], [[0.342306220539939, -1.0806113205164825, 0.09638176697602102]], [[0.5861912310967409, -0.8652826812423439, -0.1296605125451913]], [[0.6315338481981373, -1.1052079554541805, -0.10659376882670017]], [], [], [[0.4192154014918408, -1.0249068598320503, 0.7342986610252358]], [], [[0.2608013666107072, -0.927210675005849, 0.4717962608934615]], [[0.4642487258183399, -0.9729470008794132, -0.016639372784585132]]]}