{"bodyId": "h0", "timestamp": 1630675666924186729, "continuousState": [[[1.135718037188341, -2.076171624535787, 0.10691052634553398]], [[0.879292262810321, -2.033023728610464, 0.6159116173171858]], [[1.3290802831951507, -2.1763588259610898, -0.34329099935256274], [0.9993939557306, -2.28274821190868, 0.5030809309368603]], [[1.5256807003035406, -1.8463866947890164, -0.3525559827492568], [1.0718406118876638, -2.00889309699316, 0.5306910738362526]], [[1.1114779889561315, -2.1688588840866676, -0.5078088565421462], [0.9123294907339848, -2.523222914838564, -0.10643643019769615]], [[1.3494456622966557, -1.664976240634025, -0.42146942924860376], [1.2097709136292, -1.8761599775369808, 0.25193510021647103]], [[0.8912822369184495, -2.049260235088252, -0.6033956138413639]], [[1.0977742124442504, -1.5466765481164368, -0.4132738096689693], [0.9283006357926173, -1.7108807683913292, 0.09073717783398207]], [[1.0316001514687767, -1.9430301688239269, -0.7065246775726268]], [[1.052731084188071, -1.7017321359303241, -0.5992885727027599]], [[0.7634918222635033, -1.703380915510059, -0.8242627469088684]], [[0.8177236696419855, -1.6100879813456919, -0.8863838341040623]], [[0.6088649351478378, -1.5234824196467152, -1.248743887181712]], [[0.5749414699885171, -1.5079744170646645, -1.2306911999140397]], [[1.070981909699133, -2.0096288107744367, 0.018341514325897378], [1.060401878067682, -2.122602180773473, 0.561914029081687]], [], [[1.318579344629836, -2.007622789437842, -0.43018241964570153], [0.9920850513108244, -2.266058005915862, 0.2121273218192782]], [[0.9081114532257872, -1.7025565257201916, -0.7117756598058141]]]}