{"bodyId": "h0", "timestamp": 1630675666924186863, "continuousState": [[[1.0788876392393385, -1.9775586521153536, 0.10021636941498878]], [[0.8043831118446335, -1.9744635475913983, 0.6354074252250791]], [[1.1011747052073007, -2.1288191453554295, -0.14481653882684442], [0.9309308472067522, -2.1755811374991114, 0.5339207746970996]], [[1.2909622240751, -1.818973628285226, -0.15769616106438958], [0.9747617375297225, -1.9673607757655114, 0.48169938436744086]], [[1.0325965249086417, -2.144878014485306, -0.45221234970507473]], [[1.252105174557331, -1.6565256293587374, -0.3798776884532376], [1.1038953329894412, -1.8473853531613071, 0.21989907791807467]], [[0.7768377768575074, -2.019380040455591, -0.534203083377208]], [[1.0362931822656225, -1.529957065407745, -0.3588723345633507], [0.8597802940217301, -1.6809814470546376, 0.10445330719830054]], [[0.9513322645331537, -1.9485669044101146, -0.621765623640285]], [[0.9970760037762134, -1.7169551954925446, -0.5461202995457408], [1.1024394650732219, -1.9420015371725035, -0.01069806715754703]], [[0.6212997602901933, -1.7612420715562267, -0.6093893488950848]], [[0.7356325996405164, -1.6508109026187003, -0.7552155912240374]], [[0.5892250775762189, -1.547421243600262, -1.2159948311550552]], [[0.508529695876518, -1.5051022655504835, -1.2394998883419743]], [[1.0175909996739716, -1.9765107734363234, 0.04037766850259482], [0.9728577368883929, -2.0609276659522293, 0.5441134199673779]], [], [[1.161779374491871, -1.981925821385266, -0.30495425538473214]], [[0.8091878820332034, -1.7390986335243857, -0.5777548242204128]]]}