{"bodyId": "h0", "timestamp": 1630675666924189007, "continuousState": [[[0.5715419207554598, -2.1568512066938523, 0.6700043797494398]], [], [[0.38136843997353503, -1.978633762656816, 0.4678493967377487]], [[0.4813144443456613, -2.1114042511855793, 0.5571696072689734]], [[0.4473754121644149, -1.7803966033040484, 0.24062220590099923]], [[0.3073032113357642, -2.197883384568964, 0.12661523389478022]], [[0.5674579500550763, -1.876690683722576, 0.07661969139494386]], [[0.48822034074064846, -2.1635696282030508, 0.03706428179029649]], [[2.896502073678765, -1.0327275872049348, -1.1853614444124454], [0.36690388274617974, -1.8174694767088235, -0.060620377438260674]], [[2.87690238240975, -1.0102824533150443, -1.1545914465699803], [0.49730601652734, -1.9490348318266564, 0.09811810863044707]], [[2.6676407328504124, -1.0114747975132774, -1.4215282101682587], [0.5429189297667201, -1.811899933173826, -0.36471576440802617]], [[2.7287689911954636, -0.9166390830101384, -1.456228943835287]], [[2.682404310422324, -0.875233909971741, -1.9398056541094557], [0.5301186605690202, -1.777699511597939, -0.9504375723800124]], [[2.533762063005399, -0.8083840517279416, -1.7122184991658487], [0.797221904038183, -2.5839826712407965, -0.6601174979646528]], [[2.969278225491145, -1.1818110196341376, -0.7329957595418696], [0.3847686588398776, -2.072562935155635, 0.4757580347255889]], [], [[0.4643449282550381, -1.9459004272448137, 0.3988959065849863]], [[2.772271557630081, -1.0108786254141608, -1.2880598283691196], [0.52011247314703, -1.8804673825002411, -0.13329882788878955]]]}