{"bodyId": "h0", "timestamp": 1630675666924189543, "continuousState": [[[1.0800781744137258, -2.1978952445959483, 0.6708407332803349]], [], [[2.998159384568479, -1.1713666159642946, -0.7426328354924608], [0.8695594476422405, -2.0021971348509338, 0.46554173771619844]], [[1.0743996188360603, -2.1303702953873183, 0.5817452393530507]], [[2.9036495604927444, -1.1511061498353639, -0.9598986194474596], [0.9169700036241832, -1.8635925456389146, 0.19605426060058312]], [[0.8535194418558173, -2.491579558735671, -0.13441059651061413]], [[1.0906851712044339, -1.9587810644946886, 0.09297933114706347]], [], [[1.0125933035114127, -1.9161472886954718, -0.031107171572785548]], [[1.0415404831055937, -2.119634020185603, 0.020385492059944683]], [], [], [], [], [[0.938292222613325, -2.110298342508706, 0.5014768550313637]], [], [[1.9890245896644023, -1.6407382226113412, -0.18907669004720445]], []]}