{"bodyId": "h0", "timestamp": 1630675666924190548, "continuousState": [[[0.7081655425154098, -2.4957917588331267, -0.009960128259659314]], [[0.7297222243124993, -2.4144655678415003, 0.06379362595926795], [0.532079212981823, -2.4621330576777956, 0.5722967055908416]], [[0.5400946136256018, -2.641918102286644, 0.44370641687481405]], [[0.9206634820254671, -2.4167361306840998, -0.301365912093165], [0.5792202516676661, -2.513630833513922, 0.3551780710571677]], [[0.5325948441883898, -2.4299958512877575, 0.2694627927577096]], [[0.8542285136542107, -2.194917918824461, -0.36943744138085005], [0.6667424962037669, -2.319802970625691, 0.18311424054905956]], [[0.37102418259621733, -2.426579970607386, -0.04243554005188207]], [[0.5333738315884079, -2.217182579062531, 0.12415019127275582]], [[0.5122684131421008, -2.435678278568406, -0.6432368267061893], [0.7011057865203048, -2.451050438527254, 0.13054730728423125]], [[0.6278200660734683, -2.2435688890950365, -0.6489295745893996], [0.694236241652649, -2.4041137714193836, 0.07823989130494464]], [[0.4366060549511398, -2.34938927053004, -1.313083170427969], [0.5663795098034057, -2.352348836453225, -0.1178971063959168]], [[0.41980014684819056, -2.11325923765823, -0.933974729622044], [0.5178269396390254, -2.360543305484964, -0.18350310108347162]], [[0.41736111705181755, -2.2919971678198805, -1.5066649435368904], [0.5026430908272241, -2.2925145173146473, -0.5475685139043688]], [[0.22591697419163353, -1.9835671335182694, -1.3063188529059517], [0.4648917120040494, -2.290231503425963, -0.6479430207414492]], [[0.7160780503486278, -2.490767975859192, -0.14346093204600152], [0.5750985773700913, -2.5569224701342947, 0.4239994347276206]], [], [[0.7266291631069284, -2.4233659909859284, -0.015951559667727683]], [[0.5322130605123041, -2.2964790798125385, -0.9810063725086844], [0.6303078757280274, -2.378231303936304, -0.019828607545486078]]]}