{"bodyId": "h0", "timestamp": 1630675666924190682, "continuousState": [[[0.6871987672112471, -2.4265132397314626, 0.04471437498176806]], [[0.47826376762480843, -2.3938298535144478, 0.6027378676476003]], [[0.7467929263554449, -2.6000498056456083, -0.35411387284464785], [0.4935120655504322, -2.5949494728393074, 0.45234000409821873]], [[0.8361169557058344, -2.343443926598645, -0.19635338603036734], [0.5509295412072802, -2.436335623260482, 0.3857884761103548]], [[0.563392772705141, -2.5872136023709054, -0.5139385630919008]], [[0.820582248957908, -2.1590753085776413, -0.4280000634672772], [0.6577964188063888, -2.3043430279144124, 0.16490023190293276]], [[0.4251204482851729, -2.572896874922262, -0.6757881377638809]], [[0.6343951649219485, -2.0229721994762673, -0.5131775603567723]], [[0.49045165085817766, -2.398673448949539, -0.5991470443377134], [0.6494173819114706, -2.4179524129146612, 0.10027197608213419]], [[0.5688172659510605, -2.1995895553554856, -0.5664048362031194], [0.6592230017683839, -2.373584995699417, 0.0818153896616518]], [[0.3961161524653482, -2.3444187433087054, -1.2118173180723388], [0.49899029004896783, -2.489594200553629, -0.45777650280984994]], [[0.3911640736499942, -2.0972073227091603, -0.9244026330115844], [0.5788668948957215, -2.2795529897697615, -0.0831872513723979]], [[0.3389926139834516, -2.2980222750572215, -1.5241163666047974], [0.5621655560841942, -2.618553219768448, -0.8243927983605152]], [[0.21157832171343977, -1.988153914650669, -1.291131296496983], [0.4594691521259058, -2.254633279942167, -0.6502181522686926]], [[0.6577224282156763, -2.4298115290450655, -0.04837534433806832], [0.5537998495863844, -2.488023843622397, 0.4636258379522167]], [], [[0.6997548642054877, -2.4653287644847754, -0.35514597456113406]], [[0.48246670920820434, -2.2720041493320955, -0.8891110771377291], [0.5791066459086759, -2.431589598126523, -0.18798055657409907]]]}