{"bodyId": "h0", "timestamp": 1630675666924190883, "continuousState": [[[0.6645123963317019, -2.3842614909643123, 0.08505773098892837]], [[0.43200453880088824, -2.32883331422999, 0.6326437108402638]], [[0.6902553155861431, -2.5633763233391837, -0.24975216920006482], [0.4537747363912556, -2.5465169891568795, 0.4491796220516478]], [[0.792745300538206, -2.2950577932161553, -0.14819134586714586], [0.5369532096052066, -2.3316118620269877, 0.44947543997375033]], [[0.5327396420164598, -2.5740460348871457, -0.4888918380005894]], [[0.7550769540210149, -2.1394304953655006, -0.35292437350437356], [0.6011751535247623, -2.2645383917533644, 0.19813837754474434]], [[0.3752415037961289, -2.536361880413425, -0.6178445865129056]], [[0.6691949540033402, -2.0254213851807066, -0.592349491268862], [0.5385932154295012, -2.1752581517315286, -0.11381235329579521]], [[0.44053677874237046, -2.373247159727481, -0.5602186144108263], [0.6136706961920495, -2.417888882803089, 0.04119796202059024]], [[0.5189107309820559, -2.160545375608149, -0.5583689239573987], [0.62500567277649, -2.3110254237665724, 0.057981454037650336]], [[0.2779950596959863, -2.293182329651167, -0.8907572927424067], [0.39418368062244624, -2.4850657319212512, -0.5600953405282292]], [[0.3631998479103415, -2.075960030812757, -0.882066934144364], [0.5280761287318871, -2.253914021126225, -0.26551406732870464]], [[0.25812931960628677, -2.254505365854357, -1.4294312380143457], [0.48186289103869606, -2.5278159816706722, -0.7964063029207221]], [[0.21329212010781629, -1.9924080753970141, -1.2875820750665612], [0.3855904534462152, -2.344164399387429, -0.8834919324859908]], [[0.6266191447518729, -2.400233759016859, -0.011764729897397274], [0.5106236542046044, -2.426070094893544, 0.47417793579045]], [], [[0.6627424712773329, -2.4345519140516503, -0.3185415919338676]], [[0.39845289533902106, -2.2268638526296582, -0.7245631083499027], [0.5095946766994681, -2.398045577843912, -0.25105694324528943]]]}