{"bodyId": "h0", "timestamp": 1630675666924190950, "continuousState": [[[0.6582528599675029, -2.367734637383627, 0.11314610377217832]], [[0.40251410572233703, -2.3316190487881117, 0.635541739061792]], [[0.6987600344680889, -2.568262474081752, -0.2624900912489304], [0.4430867273980605, -2.5377844312713678, 0.4466273060454114]], [[0.7585528328988005, -2.277577030654178, -0.10526322993793201], [0.5107899346968092, -2.339288508537714, 0.4454672698952947]], [[0.5177904227429296, -2.566217369157155, -0.4700718017033121]], [[0.7514436981732652, -2.1366121257257933, -0.3492585831072543], [0.570427776134404, -2.2576114856489737, 0.18326645582814763]], [[0.331577879435754, -2.4749472443483618, -0.5760372052622513]], [[0.6521021142786602, -2.0221279600819475, -0.5750300930237151], [0.5446787100271799, -2.1589940208812832, -0.11179922228991836]], [[0.409388942373695, -2.3650621130302754, -0.5452491582784987], [0.5965073867579911, -2.3795108227468544, 0.010259006371270515]], [[0.5010496102499361, -2.1550325017357124, -0.5387524421325638], [0.5907586517964971, -2.2880427946136264, 0.0032341681787688686]], [[0.2126555691772806, -2.2615804662061665, -0.9386575399680697], [0.3832918500932217, -2.432242502380845, -0.5321669250334837]], [[0.33754507100110137, -2.0656248292797526, -0.9219674936750885], [0.5108060096793409, -2.231238902692444, -0.3175357182713828]], [], [[0.20281527733603327, -1.9918304886783007, -1.3011892415819875], [0.3660367284965005, -2.3648882978563286, -0.8920620842608137]], [[0.627745292219322, -2.3933481261634677, -0.015949921827191474], [0.5030332780394922, -2.40903584588748, 0.4775208481150219]], [], [[0.6381716278208651, -2.4218971999056667, -0.28766751582062206]], [[0.35685258971360834, -2.208306483970939, -0.7387049910503167], [0.4870252509448594, -2.3601426484972357, -0.26446637842735743]]]}