{"bodyId": "h0", "timestamp": 1630675666924191285, "continuousState": [[[0.5971529802755463, -2.3048169634723132, 0.1577239309838187]], [[0.35959221696491683, -2.3144845978836117, 0.630176821458841]], [[0.5185203368766265, -2.4956799256282354, -0.1379629650001932], [0.37963227144012535, -2.341885104278055, 0.5151552867115852]], [[0.5814367978890177, -2.2478503577486335, 0.05437939566256273], [0.4482014550498934, -2.3575384312514487, 0.46648513537577335]], [[0.3361671635714259, -2.5083989237980724, -0.41653504443251316], [0.4600147092386251, -2.2277206860868946, 0.27713634661694914]], [[0.6892604051298324, -2.12275594727138, -0.35915697962336346], [0.5234051924290204, -2.2575893228626587, 0.20599863186200695]], [[0.19694866161278504, -2.4178820945990425, -0.5156335285131918], [0.3468048380307309, -2.190427522599563, -0.012989954298499015]], [[0.5168769397567853, -1.9749159973662147, -0.5027910874854136], [0.35967775050784256, -2.1357839004129278, -0.08585785737009996]], [[0.3182303124125272, -2.3406531097377767, -0.49119126233726773], [0.5064123396685707, -2.278217527570377, 0.08415936513068732]], [[0.45472720043062775, -2.1762244191621747, -0.5341889284824074], [0.509439360777481, -2.319795055842827, 0.029210829363839366]], [[0.1150009971252739, -2.220555379377137, -0.739070303067469], [0.4145511572256648, -2.1779257607363043, -0.10254285422008229]], [[0.3467734328360271, -2.056401420397936, -0.7509562346305925], [0.41921115766346473, -2.195312772028521, -0.20233133535546471]], [[-0.03852915424224847, -2.127919437671779, -1.1303007330276642], [0.38750539614511853, -2.2617906334775384, -0.7593773834542564]], [[0.20147449797413686, -2.002550744815548, -1.2573279269517894], [0.38066262590781297, -2.253098045027131, -0.8030015317114242]], [[0.5515027447288783, -2.4060439759870893, -0.06549254008208687], [0.39276110550401677, -2.370902352498004, 0.4760083359866544]], [], [[0.4588019807302218, -2.378124640773353, -0.18107782438497522], [0.45410808214425924, -2.2926295586691716, 0.37181074099636124]], [[0.2848640987779508, -2.198389899269656, -0.6366296157749383], [0.4619952590015729, -2.2488604082895653, -0.03666601242812146]]]}