{"bodyId": "h0", "timestamp": 1630675666924191419, "continuousState": [[[0.6020370948180958, -2.2962993366537177, 0.16071625393155636]], [[0.356430785331469, -2.305407803151221, 0.6508461858617175]], [[0.32371727974247394, -2.3082717514742463, 0.4953456355780754]], [[0.6264572369976333, -2.2923044179717795, -0.08670629744475855], [0.43185985824586715, -2.379125670003198, 0.45525099797012647]], [[0.3371697294916528, -2.2400498830070728, 0.29148773656467414]], [[0.6638216117433854, -2.1667260246492526, -0.3610665107920381], [0.5023498615783883, -2.3041067685719367, 0.15640805228420823]], [[0.25900026814187094, -2.2072558993724845, -0.07581054384773733]], [[0.5275460441006555, -2.0064363160424707, -0.4745462897565449], [0.3725142502569904, -2.147365902597166, -0.057092190084830234]], [[0.26379670335411204, -2.3399319255566944, -0.4482391100159625], [0.5000106641148955, -2.2312925211419654, 0.08706573276564358]], [[0.41599009753407273, -2.1867486307417474, -0.5210550907230381], [0.4388773252607584, -2.381033067522929, -0.05980496714235733]], [[0.056146424395631354, -2.2037481941298087, -0.7636427066931624], [0.37732239090043074, -2.203278313959826, -0.19930301080330537]], [[0.3273706289206401, -2.0714293724269823, -0.7110462234328052], [0.4242355909259759, -2.2325745908503682, -0.20480411030344772]], [[-0.056511322633752796, -2.1050479073858406, -1.133975391476824], [0.4039728184446972, -2.257266109570256, -0.7156226755800278]], [[0.1882276862402248, -1.9943643737909995, -1.2518201877551005], [0.3848980913852045, -2.2667095643436523, -0.7816393679953014]], [[0.5200850877022706, -2.4101803124793975, -0.057245005675588344], [0.35783270078420126, -2.36134833703299, 0.45390988072404437]], [], [[0.48181348324464307, -2.266177150489426, 0.1023907195599578]], [[0.23606826096485203, -2.1952484124357783, -0.6423488987081003], [0.40809985808059457, -2.2921556907413776, -0.12955398897283135]]]}