{"bodyId": "h0", "timestamp": 1630675666924192156, "continuousState": [[[0.6390600229741303, -2.3770917007859675, 0.6208994756330708]], [[0.823558075741235, -2.473810507974683, 0.03381705146842455], [0.669348086666819, -2.465917901622709, 0.6149490571390099]], [[0.6390007129686855, -2.3235347564083217, -0.09152459407396804], [0.40588575475249056, -2.373027992718792, 0.4307886822056887]], [[0.7248172285098419, -2.5313612360397095, -0.1960840706865697], [0.670216356544867, -2.5452909509137718, 0.4156234451868986]], [[0.43482372382103895, -2.281101058834398, -0.30779292090119975], [0.29312650238309723, -2.2897823530855343, 0.21171872632354166]], [[0.6833408393036612, -2.619484726534584, 0.1145645363634269]], [[0.3366055346386849, -2.1509308168946393, -0.5268365588838821], [0.2089671425949298, -2.264043199655119, -0.1082521830355647]], [[0.6928175046352224, -2.620765966673717, -0.16219809853266498]], [[0.3460276108683907, -2.2518862308572722, -0.5397938200264455], [0.4364117627715239, -2.330997387593218, -0.054768706494963]], [[0.5955098054513999, -2.4586636920851896, -0.052002355761932906]], [[0.27316394138107347, -2.12077329144525, -0.7515054813486413], [0.2351750268116873, -2.3365454452162533, -0.4093831757137884]], [[0.6192757329249304, -2.4249150408283238, -0.3253182074158442]], [[0.06939879622751323, -2.1146503620673505, -1.213933827405573], [0.1634816122370255, -2.2951526619851075, -0.8834247236369659]], [[0.4777179369614519, -2.4208281952930557, -0.7350597860274675]], [[0.6403730862330396, -2.3918611203979876, -0.07636471167705645], [0.6480898636190278, -2.386153142405785, 0.5188077216960569]], [], [[0.5798204761654404, -2.4062311474370537, -0.2519384957938847], [0.4816714294639821, -2.417536651999653, 0.3136710857552201]], [[0.43433687341623667, -2.28971849176522, -0.4017539185552871]]]}