{"bodyId": "h0", "timestamp": 1630675666924193563, "continuousState": [[[1.7009801820980035, -2.2311395625737114, -0.29417368379822845]], [[1.6139298966384248, -2.380520464746481, -0.31200545963421633]], [[1.4680352729013975, -2.1416412668887297, -0.345089210257446], [1.136432525384639, -2.312694898087403, 0.32405754312623436]], [[1.4995130362508835, -2.4136151807951167, -0.4851344367516763]], [[1.32624025162519, -2.004163128530382, -0.46051383146501984], [1.1496678682073893, -2.1267327808732994, 0.10806500644752555]], [[1.3966546592747542, -2.393347227542092, -0.7402310752819662]], [[1.337375693351048, -1.9026338724689107, -0.7244895131991143]], [], [[1.2371328315367203, -2.029259693004826, -0.7815959615556685]], [[1.2761047434455568, -2.2241011846887435, -0.9049137731607612]], [[1.1226596734230172, -1.9072722216229336, -1.1710838038688727]], [[1.2568479863461737, -2.065804766944541, -1.4577832284378118]], [[0.8693735023976863, -1.8178334577823128, -1.4661918204724402]], [[0.9712296981320756, -1.9022933067901, -1.629090718383266]], [[1.5120685135606464, -2.2841914925255273, -0.45181941998470004], [1.2246752474884148, -2.364851753971796, 0.39376850116831136]], [], [[1.412876643938037, -2.2088891546627494, -0.47282413410834806]], [[1.1993822084342871, -2.065686703155839, -1.037998788514817]]]}