{"bodyId": "h0", "timestamp": 1630675666924196310, "continuousState": [[[1.2987448590785542, -2.0744878912802567, -0.09358722330509045]], [[1.1234564800883804, -2.2119516912590846, 0.58594443816326]], [[1.1979851052928585, -2.2462687362213076, -0.29081260172968837]], [[1.324359481354864, -2.169360775245282, -0.3151306691309869], [1.073107619025381, -2.2255841167267034, 0.09142760143422016]], [[1.010040753238877, -2.1965962401600945, -0.48778566103329674]], [[1.2379758033995247, -2.072856489716361, -0.5356794145768122]], [[1.1030216591468034, -1.9687986739333956, -0.4638716098742277]], [[1.1756285622840341, -1.9611753973156396, -0.44608573703192905]], [[1.0966588509916042, -2.1253663614905416, -0.7790342992952283]], [[1.1751604595547478, -2.004043968533572, -0.7682561975691188]], [[1.0344359064862854, -1.986924679485886, -0.9970721850800632]], [[1.1730342846164883, -1.8455805092213975, -1.0945651234308884]], [[0.9037212775168479, -1.9107626424390094, -1.4648900885014013]], [[1.010063920690159, -1.6565123911693822, -1.5246007506210144]], [[1.2911727948449754, -2.2094472453681795, -0.3282748147668492], [1.1393477965631564, -2.3217287189603986, 0.2643125563713613]], [], [[1.1672001172968707, -2.182978507702688, -0.4014581650821418]], [[1.1047981830205167, -1.9954843240097289, -0.882664191324591]]]}