{"bodyId": "h0", "timestamp": 1630675666924196511, "continuousState": [[[1.2899158822654841, -2.0352542069334927, -0.09470437564441431]], [[1.078195283984776, -2.1566963962257186, 0.5945466011593703]], [[1.1895839158088584, -2.2436263258291085, -0.2913350808640239]], [[1.2657618163234394, -2.0932644645596215, -0.23822403294920036]], [[1.0066198956630843, -2.210555535291251, -0.4854927100220134]], [[1.2351616243302275, -2.007485657972951, -0.5020664508629209]], [[1.0660504737583922, -1.965079562106772, -0.4775734318403772]], [], [[1.1044049986512583, -2.053658007004866, -0.81977164920515]], [[1.184809415799942, -1.916470242737094, -0.8030209793850414]], [[1.001842288350745, -1.964400276374463, -1.0886396532557365]], [[1.0856834703130647, -1.751637295178472, -1.112641511323826]], [[0.8953100974841491, -1.8903824428103146, -1.54649686872353]], [[0.8829710221268874, -1.5545863163516616, -1.441691980051991]], [[1.2840774036918554, -2.1729032659198344, -0.32350950688802527], [1.1143156971939336, -2.2870758707418863, 0.32483080788379015]], [], [[1.1361908559932619, -2.1519099999254365, -0.36185837148560684]], [[1.0933258520753435, -1.9404352595557786, -0.9458303163203889]]]}