{"bodyId": "h0", "timestamp": 1630675666924197516, "continuousState": [[[0.9082544501695765, -2.136775827899839, 0.0740056016253991]], [[0.9976992537684273, -2.0543694981715346, 0.06355768782007726]], [[1.0362850731588713, -2.216144754055495, -0.22896423557313914]], [[1.164692592243355, -1.8922796218081224, -0.22740527109716208]], [[0.9613197214839961, -2.228177671289713, -0.45032405718218116]], [[1.098438609295943, -1.7270781631651553, -0.464976410926108]], [], [[0.9181652116080372, -1.622605899225782, -0.5947119084073915]], [[0.8230149220239791, -2.0238813375677664, -0.6213185415153089]], [[0.9157166668788064, -1.7915354046487821, -0.6818045731518805]], [[0.656481614338089, -1.9323754562348399, -0.9996589880214829]], [[0.8829982917372186, -1.610834388977006, -1.3231853227623733]], [[0.43471952566285293, -1.8107134311807325, -1.3853302001696892]], [[0.7842544138332296, -1.5185322119575553, -1.4452888433244124]], [[0.9995379547244096, -2.059327741429709, -0.10757158638553938]], [], [[1.0630061568636755, -2.0602286465489175, -0.33886466413967165]], [[0.7860991406084477, -1.861955430441811, -0.8407317805866816]]]}