{"bodyId": "h0", "timestamp": 1630675666924197985, "continuousState": [[[0.7248021595800215, -2.2839328279074165, 0.01905647662615661]], [[0.7762803869397306, -2.251619777693955, 0.09721552363563955], [0.5322742085164348, -2.2275388900672413, 0.5798737169953365]], [[0.7328137028689243, -2.3037562367996998, -0.045781762398780304], [0.6897775936338058, -2.4015273972383318, 0.4341790704231346]], [[0.9273840429645811, -2.0536415650683817, -0.14034499328641029], [0.6725433792160056, -2.109822199679684, 0.4510480160398838]], [[0.7771605806733415, -2.3486057353793512, -0.4265120766318623], [0.7605328119639709, -2.384896288603956, 0.25950178565882676]], [[0.834421914052829, -1.871208981734593, -0.35591156232632487], [0.7004692217344923, -1.9955210327656236, 0.20008996588980518]], [[0.5406630457967863, -2.25534490298958, -0.2948495151231209]], [[0.6638857127254648, -1.7842370807412302, -0.5519625847374809]], [[0.6274411422911685, -2.1156057758068423, -0.5659236633010908], [0.8020880185027509, -2.2418892028396087, -0.03604322285305352]], [[0.6772585686878124, -1.9113104857100334, -0.5701108253954685], [0.7495467697422226, -2.081292988369693, -0.07895434937593246]], [[0.5241299623553177, -2.019015049183145, -0.9718192474455232]], [[0.4888934620193598, -1.8113081817324674, -0.8183014298384005], [0.6019275372952161, -1.9837051728169217, -0.1797018970019153]], [[0.41608912125157776, -1.8323354320916407, -1.3993717334583389]], [[0.42034385969199745, -1.6678840822397465, -1.3550357395970796], [0.7442085530341874, -1.9320610011910895, -0.5378389507140735]], [[0.8350518371601561, -2.1886085616829436, -0.09918498037900918], [0.707546379476162, -2.23920820468249, 0.47355138032746436]], [], [[0.8522723118189612, -2.2011236502238667, -0.2834285349591363], [0.7165380955899883, -2.24735924414182, 0.3552749008493553]], [[0.600694265521565, -1.9651627674465892, -0.7709650364204959]]]}