{"bodyId": "h0", "timestamp": 1630675666924198990, "continuousState": [[[0.2799252376621593, -2.3594478200519515, 0.21541910157403685]], [[0.3561657356099008, -2.3232318295059895, 0.22191489631550668], [-0.057758437232148484, -2.2107858935155544, 0.6034605276626317]], [[0.29287311524148757, -2.3315158959418603, 0.11929749529704349], [0.18822496153335283, -2.3587801454527293, 0.4723117574513792]], [[0.2971858090146032, -2.1401686071498593, 0.13730706383431765], [0.05223178505412397, -2.059960096609966, 0.4627896720512774]], [[0.2034692282553644, -2.399739602026611, -0.1384486557745631], [0.17950721417645923, -2.4266929876440835, 0.1809133605363861]], [[0.11934000294188075, -1.996244902393756, -0.07537196891691383], [-0.11829515801983212, -1.9278641266935437, 0.14070871860441184]], [[0.11674743157549188, -2.4105963162882116, -0.22059918054901118]], [[-0.0929686214135323, -2.0085550692312606, -0.19405145203854932], [-0.1203215765643074, -1.9510150826676662, 0.10253709157516779]], [[0.005955576175611497, -2.2063027735708953, -0.4654877854728984], [0.2094703875283151, -2.2295815296503827, 0.017882799212237614]], [[-0.04466341460215116, -2.0202813813533633, -0.1710025545994058], [0.13884360405405916, -2.02436035271904, 0.005578022817667489]], [[-0.032233494560378856, -2.249300575345703, -0.6060209331762364]], [[0.06337810769336988, -2.038740894443982, -0.43708048748464967]], [[-0.02064057741296733, -2.117882093838476, -0.9080416753147317]], [[0.08863616260618529, -2.0237781112599236, -0.8113165997139075]], [[0.31841597905380487, -2.2539020052274044, 0.08206040157151938], [0.10785255622694286, -2.2209580972288854, 0.4573325700059604]], [], [[0.2503275186349838, -2.269954104588235, -0.0005707959701227311], [0.11586949961529161, -2.2433265421270248, 0.32185151629383174]], [[-0.03844845458126501, -2.134790978349533, -0.3885117438878211]]]}