{"bodyId": "h0", "timestamp": 1630675666924201201, "continuousState": [[[1.913170912536969, -1.956245029910939, -0.17122823543387086]], [[-1.5039260187881294, -2.3370184076553793, 0.6652659623077819]], [[1.9697395935502586, -2.0998466605219925, -0.5103899951349596], [-1.3240367025738944, -2.568132265063077, 0.5121090054658709]], [[1.994423055546764, -1.7690957740119453, -0.3966637795069755], [-1.3784522437434759, -2.2997767752415283, 0.5047950051895695]], [[1.7804846310797433, -2.140899224262688, -0.6830014885074416], [-1.4820700643410671, -2.7214478436170317, 0.2002246663413573]], [[1.941919974275941, -1.6156544785699458, -0.6364569985731701], [-1.319099448144879, -2.2156610063306927, 0.2779276319341295]], [[1.6350146831238752, -2.0196408035750926, -0.719819962159454], [-1.1230330972968205, -2.442454573693794, 0.23452600202605778]], [[1.5699597685198046, -1.69693947428637, -0.5627474780060955], [-1.4166801122344088, -2.1288305722372733, 0.041696283447860194]], [[1.4901038493414573, -1.9459904958606002, -0.6256920582110647], [-1.0022268262189917, -2.381484417513656, 0.21453077792521436]], [[1.4975664355763636, -1.7443833477148816, -0.5530794315840422], [-1.2303952093866213, -2.288620457631996, 0.11958504517242295]], [[1.538627148543394, -1.8043358692804368, -1.1989028596519347], [-1.3623592569022127, -2.3977423855914295, -0.3400639971003791]], [[1.515363191098724, -1.6170746521452608, -1.1017303849318623], [-1.6320908112821697, -2.244894858482523, -0.43842110001258583]], [[1.5664579822082405, -1.6834840771560193, -1.8554860976740029], [-1.4083315574100586, -2.3557890263413417, -0.7715603026124006]], [[1.4034740381551956, -1.5122612229078323, -1.6670947896319999], [-1.502027142868904, -2.2630058910148825, -0.8424951578077773]], [[1.8394013453465266, -1.935228781484033, -0.33377079318499114], [-1.300497905112926, -2.4203566498176996, 0.5263558570307147]], [], [[1.8874538433132537, -1.9549974991373167, -0.5398326340072086], [-1.4302611540422716, -2.51061230942928, 0.3525098357654634]], [[1.518096792059879, -1.7743596084976592, -0.8759911456179884], [-1.296377233144417, -2.343181421611713, -0.11023947596397807]]]}