{"bodyId": "h0", "timestamp": 1630675666924020033, "continuousState": [[[0.4251038940198946, -0.9786133652050294, 0.8197708822780602]], [[0.609197624569513, -1.1801700035900027, 0.5861058904334331], [0.392230438123001, -1.0797633015035808, 0.8351268139141513]], [[0.5031047265861254, -0.8795679700041117, 0.5481851963540727], [0.2834828391533715, -0.7909099487021688, 0.6375143471211561]], [[0.42819537194507123, -1.237887903360076, 0.49474644043452554], [0.20758325312240958, -1.1315817271633446, 0.6074610528223946]], [[0.3578325826983055, -0.7067406796490452, 0.37330784826022545]], [[0.2542190919686273, -1.2628824256092694, 0.30558973851805127], [0.09032476603751843, -1.1901740983178415, 0.22607872248467334]], [[0.3896188354755066, -0.6826807888858133, 0.0598156119931291]], [[0.19215140357891153, -1.2428750154588024, 0.09766575690388299]], [[0.2540503321160679, -0.7974931459601738, -0.008900111769680962]], [[0.15485980213265038, -1.1149562893965133, 0.15403114263383305], [0.31031645424525345, -1.0651680245713613, 0.060196931642369916]], [[0.6149528374877068, -0.8500895948082464, -0.10121417684755102]], [[0.6434198691039078, -1.0897811578130578, -0.10728553222221716]], [], [], [[0.4553895788310606, -1.0780542467101064, 0.5282553081497182], [0.40474719922268493, -1.0104642653731344, 0.7262665668029863]], [], [[0.39301397732168836, -0.9723142915045606, 0.4340271443473755]], [[0.3849063198101786, -0.9825229421023798, 0.026408482893141016]]]}