{"bodyId": "h0", "timestamp": 1630675666924202139, "continuousState": [[[6.621052035829677, -1.7190297713647091, -3.507685305719934], [-1.139793250066182, -1.8878922258760307, 0.9784445853242391]], [[2.272625623461612, -1.726905321638868, -0.340943051979468], [-1.9215203642142422, -2.107691571667234, 0.7807157873612022]], [[1.1377637233802276, -1.9031462838822295, 0.24921017372142681], [-1.8255480609602504, -2.089975081523482, 0.6378458163693236]], [[2.2238510400276663, -1.5149447072073294, -0.5318825094749277], [-1.8991141559323599, -2.1779515900143678, 0.603129200195008]], [], [[2.081771022861468, -1.3721159828930762, -0.8051425752808418], [-1.8430247165888898, -2.2489678541263958, 0.39683769496397553]], [[-0.8887877790566711, -1.8133635079218888, 0.6246032163869913]], [[2.0379916702969427, -1.3046559456073314, -1.0064576531936933], [-1.8353790333468354, -2.1098666593547017, 0.2754618489729517]], [[-1.8117498535728243, -2.0792838040631305, 0.2019725664389425]], [[-1.8259066672575626, -2.1317044624649535, 0.1866457561396901]], [[-1.7779172953454405, -1.9926623245417416, -0.1623000248200119]], [[-1.9182205584980299, -2.0754914006780574, -0.24639532249808643]], [[-1.8823526508456678, -1.9819515264603524, -0.6956201954897135]], [[-1.8662055344444026, -2.046967483867516, -0.6621700237632279]], [[-1.9045513016673474, -2.144592873308491, 0.6102722008421524]], [], [], [[-1.8019119813015014, -2.0621833935033473, 0.012172865659839091]]]}