{"bodyId": "h0", "timestamp": 1630675666924202541, "continuousState": [[[1.7899338933417726, -2.082468667905471, -0.3034259947489072]], [[0.4855545264530315, -1.6460405555992728, 0.7159962843008251]], [[1.815838458878974, -2.087618472155686, -0.55452350155879], [0.41598335485346866, -1.832450408937933, 0.6054312814168923]], [[1.7475130644886874, -1.79371148875943, -0.37023471151390097], [0.5565804415919435, -1.7321038453091382, 0.5399967002349643]], [[3.741397786713214, -2.2474637135474995, -3.002404833656665], [0.48153872826496535, -1.6446684393458404, 0.5080165466641515]], [[0.6585425368508016, -1.6742046392547743, 0.17752299590907297]], [[0.1674501961852029, -1.5633908533975813, 0.1535186562007466]], [[0.41484789934655464, -1.4941235819201821, 0.13816667018943782]], [[0.5934377726497789, -1.7621636034629244, 0.10565850224173505]], [[0.7736418577163802, -1.8526037084589515, 0.17018385824115262], [0.665155662242463, -1.690000706736521, 0.15434426564651654]], [[0.20898777544102268, -1.439452704505687, 0.1496642381069753]], [], [], [], [[1.755471725022291, -1.9400434580331456, -0.44213146428052075], [0.4885803702317885, -1.78765705360441, 0.5834496312562928]], [], [[2.744455425600951, -2.0205876011534647, -1.686319772585283], [0.5190595849284545, -1.6883861423274893, 0.524006623449558]], [[0.4913148165787014, -1.6460282064823193, 0.15992404817406397]]]}