{"bodyId": "h0", "timestamp": 1630675666924020100, "continuousState": [[[0.42732314351944317, -0.979070681911893, 0.8151824051888971]], [[0.6061301164508349, -1.181330241271923, 0.588872499192344], [0.39416746896043675, -1.0805605122977884, 0.8373997574103571]], [[0.5033081620195421, -0.8776979626433745, 0.5481792205814787], [0.28385487787836766, -0.785751607933775, 0.6364325576061383]], [[0.42852954401397764, -1.2382550412628248, 0.49470455323867635], [0.20092402670204274, -1.1286252418709473, 0.6018469258921193]], [[0.35000149970652367, -0.7042900419411335, 0.36417417204895125]], [[0.2531470017766897, -1.262390252943559, 0.3052852437115155], [0.11624084127972287, -1.1915840162373723, 0.24170919730614332]], [[0.3960837334428786, -0.6878796285467331, 0.06194486771846096]], [[0.18683431703744072, -1.25442626430246, 0.11624971289174504]], [[0.26735809253337744, -0.7963979482331187, -0.00445573641142073]], [[0.1548830434507052, -1.1132843016579046, 0.15511474987461973], [0.3442117782164353, -1.073294944240985, 0.08719499223745675]], [[0.6456707092262147, -0.8531159459313491, -0.11178631639407217]], [[0.6477557305041187, -1.0965909923087274, -0.10930876339143084]], [], [], [[0.45486301248387345, -1.0790108459030656, 0.5299796532398311], [0.40908027731813285, -1.008822800031651, 0.7275900460413725]], [], [[0.38926552186025065, -0.9712725416019792, 0.42943936264381377]], [[0.40027687633846, -0.9832001237946268, 0.02166421674027378]]]}