{"bodyId": "h0", "timestamp": 1630675666924203881, "continuousState": [[[0.38920008739482903, -1.0669769449711077, 0.5538768809776177]], [[0.01169096150720361, -2.427066668640422, 0.66430443713398]], [[0.33987692745172676, -1.2428438673492597, 0.43261604042314694], [-0.01572037910019617, -2.629986570422317, 0.45185779263130055]], [[0.5168689676409026, -1.2855542450704638, 0.38475275143770205], [-0.023993183714955194, -2.4105057061510298, 0.4574343987358764]], [[0.10197231285467091, -1.1592166889554416, 0.20473797306222014], [-0.0038023833796025884, -2.635877051511568, 0.1890855992519223]], [[0.02846913897543618, -2.2783899061878765, 0.2802863161158964]], [[0.053272337465389286, -0.8267794675682708, 0.0830314876268219]], [[-0.09078341643914019, -2.224061970675117, 0.04897185222527742]], [[0.1313520653011367, -1.3042925288255474, 0.06547584315754898], [0.0024078370778797763, -2.5425660297628787, -0.034881174198008014]], [[0.15231620579198046, -1.3945728265435458, 0.02772781850223987], [-0.03997756834174584, -2.407279529791177, -0.030283327381791424]], [[-0.09392157657524876, -2.4629289254439937, -0.44490754010349176]], [[-0.03892354857583507, -1.1658753398995132, -0.19785093857784272], [-0.2875965260897858, -2.4217653087961444, -0.5273219488052521]], [[-0.14165094349494006, -2.426061621578914, -0.8078576909987985]], [[-0.18228187034451526, -1.0031362579563303, -0.7311194644270177], [-0.2507520700194839, -2.380356571574825, -0.9177047780134828]], [[0.43148369104506923, -1.2638682723888468, 0.4179561878180607], [-0.0443336388258067, -2.5330470486818877, 0.44415359047511244]], [], [[0.30942064024778676, -1.2223854670129528, 0.29474536224996106], [-0.013897783547278891, -2.523191378831299, 0.32325999899389934]], [[0.029197314608365853, -1.9287508759937697, -0.20858986080062594]]]}