{"bodyId": "h0", "timestamp": 1630675666924204350, "continuousState": [[[0.3612429142161591, -1.0498034033562986, 0.5183432840493909]], [[-0.5197602520720359, -2.400320048394368, 0.6703656317281137]], [[0.31639354721358776, -1.2347216076978567, 0.43612882244680656], [-0.5667759302294327, -2.5704053077321904, 0.4339291262779229]], [[0.48011733579195637, -1.2974625871056251, 0.38098206921252903], [-0.5056952961881895, -2.3862735441791445, 0.45152978785358366]], [[0.08154990128073927, -1.1547477187739248, 0.193156225478303], [-0.6071090826020962, -2.60546385681312, 0.050268161321667774]], [[-0.47771204285542695, -2.2420306502712704, 0.21637601991298608]], [[0.02081974339110627, -0.8922658951654019, 0.07914261548106287], [-0.5410166581956808, -2.551914000137145, 0.0006572668861406328]], [[-0.5982638344900673, -2.1121620559576537, -0.035818471541809234]], [[0.09797624729369671, -1.3345920767715815, 0.0017071003208682213], [-0.5337256370422276, -2.4556641773480954, -0.09605515060641209]], [[0.12835413442232282, -1.4065990811732763, -0.03871187858058261], [-0.536198117255861, -2.3209268199668323, -0.07067434477225379]], [[0.019720507511090488, -1.0879143387172538, 0.12890060341469645], [-0.8221443934028468, -2.5006840442427585, -0.7092873966871514]], [[-0.01744060879922972, -1.2033987609212544, -0.13947009088685444], [-0.7581410877214227, -2.3196426346123755, -0.6057746581100466]], [[-0.4457496352842629, -2.4720135703724018, -0.8002438697019358]], [[-0.16963039910155117, -1.002529107877291, -0.7220996382505136], [-0.7270054208592653, -2.275878883776372, -0.9440139074421702]], [[0.41771474480297494, -1.2459381995730392, 0.4016692399483975], [-0.49589769527917654, -2.4585831445484394, 0.46705364259642895]], [], [[0.2808336185363478, -1.226105152939775, 0.287069147345416], [-0.5564021893951429, -2.495868700496132, 0.2508989745876257]], [[0.07403732096670665, -1.247256709945265, 0.045094362417056916], [-0.6791712553293539, -2.4108054321047954, -0.38998087072970256]]]}