{"bodyId": "h0", "timestamp": 1630675666924204484, "continuousState": [[[0.35504765097369334, -1.0507701132959282, 0.5181059088614319]], [[-0.6244633937887996, -2.430483825435751, 0.7037577506123168]], [[0.3285879357265839, -1.2219972756388144, 0.4169880005598695], [-0.6348655703550742, -2.4607227268688714, 0.5435968268967526]], [[0.47720588087524524, -1.2980831267904187, 0.3789024765592976], [-0.6474602202985659, -2.4612920656653934, 0.5104320324851731]], [[0.06331086608578494, -1.185778995216609, 0.24330241823969254], [-0.5565423946242006, -2.279324357126482, 0.35459650755626354]], [[-0.5949249385255941, -2.2861475854973246, 0.31230199244281426]], [[0.022035373697279, -0.8840911809801428, 0.07319331556668135]], [[-0.7433150464659017, -2.1157703908253813, 0.11556415226277295]], [[0.10877675740859706, -1.3097064830942435, -0.08175976674688717], [-0.6079187190121021, -2.393287621658152, 0.02343187097441364]], [[0.11692592857635219, -1.4179999351372963, -0.02224256665108578], [-0.6355203452374797, -2.3486497619480886, -0.015803522594326297]], [[0.019927674463310212, -1.0776041257897322, 0.12637631709222752], [-1.020489152000679, -2.501729103735443, -0.7465829070132088]], [[-0.020900149613398752, -1.2103071232390248, -0.12344327133664092], [-0.6768167162498774, -2.279402444098521, -0.39364353860109097]], [[-0.8057593947273146, -2.278051383066117, -0.8940399152451602]], [[-0.16637461161389375, -1.0046049811221414, -0.7070219423987674], [-0.7208237312136859, -2.2594181174121686, -0.8714916149503744]], [[0.42230700879524175, -1.2415606782648057, 0.3925998047699807], [-0.6544357567483269, -2.464125856342398, 0.5237595419638909]], [], [[0.27025837348051507, -1.241931061003514, 0.31110244739949505], [-0.6020013074613833, -2.3703082113959377, 0.4325142700207183]], [[0.0684268015198312, -1.2478020304635142, 0.052066875220570866], [-0.8280047486190794, -2.4251894328417656, -0.38119321480376755]]]}