{"bodyId": "h0", "timestamp": 1630675666924204685, "continuousState": [[[0.3476240668399776, -1.0602368421300183, 0.5156795568669139]], [[-0.8127985243094101, -2.453944838180359, 0.701608231309558]], [[0.333151304632399, -1.2128799007233515, 0.4003720345518318], [-0.8687254152945232, -2.559327781415455, 0.5192111884969636]], [[0.45224834053244417, -1.2787734533434656, 0.4058899602210888], [-0.8291223019295746, -2.482104393068981, 0.5100821840605734]], [[0.06628811076833267, -1.2024636713959547, 0.25811178798966555], [-0.7705982505368063, -2.475718150017661, 0.24729009582964886]], [[-0.7533322384652203, -2.289480659579401, 0.28227417136409894]], [[0.01873097874171589, -0.8514421669673482, 0.06577216782261576]], [[-1.1816144512711937, -2.192353420635958, 0.04666640858512051]], [[0.09329229881912465, -1.3391721903080633, 0.0026711551877374403], [-0.775088741384114, -2.429483169021691, -0.008506858562310754]], [[0.13112130328817365, -1.4031384195181913, -0.058665990380323135], [-0.7878809315228439, -2.335515146717375, -0.019101772026300978]], [[0.01724719881033144, -1.0843251629834383, 0.1390118617575381], [-1.1670348635483412, -2.5251922196618897, -0.7565204212477568]], [[-0.03264963423282583, -1.1900441339876446, -0.1674405008019776], [-1.095808530913607, -2.2400726135216984, -0.6085116967811466]], [[-0.846696869618065, -2.407094066442183, -0.9379528240156589]], [[-0.15287620533637455, -1.0069442760633485, -0.6954372535054376], [-0.7917868376869621, -2.2402678326462073, -0.884706257598725]], [[0.4024451070173777, -1.2446342246580007, 0.4134869989647309], [-0.8406302280197372, -2.5124816335402307, 0.5220530946465554]], [], [[0.25926822565038843, -1.2406185623697101, 0.33200087410537715], [-0.7998602762331904, -2.4789112715433212, 0.37868613994511113]], [[0.07418425104925254, -1.2437317912508148, 0.04017293568860748], [-0.9774578975355925, -2.430353683189632, -0.38781109663702884]]]}