{"bodyId": "h0", "timestamp": 1630675666924204886, "continuousState": [[[0.3471456026121685, -1.0476097481577353, 0.5182033860900142], [-0.9551441576124846, -2.3819997479174386, 0.7383097840931224]], [[-0.8896358846676123, -2.4347214507084702, 0.7255152703714588]], [[0.32882243873563066, -1.1997959905480415, 0.40228372298655585], [-0.8696232975927066, -2.4979091982742907, 0.5655651260194202]], [[0.4863547822212292, -1.2828070185361085, 0.3768010020994616], [-0.9080081881097528, -2.4433216139829543, 0.535636923129829]], [[0.0602153258376668, -1.1899947551970422, 0.24277664777056]], [[-0.8913350793836387, -2.3575576105210407, 0.23923229229463527]], [[0.012955828851408, -0.8861175020687448, 0.07193147142151929]], [[-1.081080497202228, -2.2521541477405798, -0.0224583510084542]], [[0.09163221826435654, -1.3453632761419094, -0.004891728775106912], [-0.8563370268009018, -2.459918786433559, 0.034060583391999674]], [[0.1264396730358049, -1.416574863588709, -0.04488283790675246], [-0.8469410142912127, -2.365694860950878, 0.0376599933903999]], [[0.02151161771695183, -1.0571078366875821, 0.09155370048547207], [-0.9278046650009372, -2.379754914660352, -0.39306503078899757]], [[-0.017084694888959574, -1.1948153836687316, -0.15489779762844272], [-0.9540389979366253, -2.291895986349981, -0.41550768159246465]], [[-1.0168944426280302, -2.521204671030072, -0.958699177669467]], [[-0.15564776192705396, -1.0235422131346203, -0.6706898111211722], [-0.8785848331133168, -2.3924679434938136, -0.8595137780624457]], [[0.4026207219275918, -1.2465072800274424, 0.4163509705117151], [-0.934559363286656, -2.492345188990783, 0.5336539436753946]], [], [[0.27328505402944797, -1.2364008868665755, 0.3097888249350108]], [[0.07397564537637837, -1.2368413501381457, 0.023335431289359804], [-0.8873728396460749, -2.372724887805615, -0.17770251869929884]]]}