{"bodyId": "h0", "timestamp": 1630675666924205087, "continuousState": [[[0.3483210397789773, -1.0464024769567126, 0.5222962608114028], [-1.0036246717324582, -2.3986430263572354, 0.7464286060622249]], [[-0.887973593947205, -2.44991820645383, 0.7515099695387482]], [[0.33377522468004517, -1.200353263921634, 0.406109496074029], [-0.9565242585429343, -2.545317076298677, 0.5413936299180762]], [[0.4888687038986799, -1.2856098735372312, 0.36985741621647206], [-0.9628664377905731, -2.5032053747649607, 0.5169871656602191]], [[0.06895489187706295, -1.2007627985114924, 0.25281874694744283]], [[-0.8229301078099686, -2.4329419434713935, 0.26247521373194443]], [[0.015230496062832572, -0.9033780781158564, 0.08068442029195808]], [[-0.7537260670248577, -2.37807935103981, 0.0236133486505737]], [[0.10885996771877667, -1.3077696183019927, -0.08179242265129141], [-0.7628126983251339, -2.446478225738466, 0.060932607539901255]], [[0.11849992537280593, -1.4202315435548116, -0.03200457156581842], [-0.8250480488713172, -2.4304363828305595, 0.019448277454792107]], [[0.016057602323410324, -1.0879568065008038, 0.13599996388152044], [-1.0405728328005805, -2.491615496807589, -0.5988679626089649]], [[-0.01742518796280979, -1.1961545146211647, -0.1480289542578996], [-0.9402035894120188, -2.3703356701308835, -0.506555930320251]], [], [[-0.1534230924337133, -1.0120925263846685, -0.680562114758443], [-0.9888124300504171, -2.582258326350952, -0.9923381785847752]], [[0.4190458781206234, -1.2341439290339742, 0.3915011542801058], [-0.9583876680532524, -2.5265556942965324, 0.5262255018673229]], [], [[0.27891179788787146, -1.2431863360243618, 0.3113380815819574]], [[0.06727876384810813, -1.2540941750278076, 0.051997696157851006], [-0.9328104408359489, -2.4610259398190744, -0.28970984257708643]]]}