{"bodyId": "h0", "timestamp": 1630675666924205623, "continuousState": [[[0.3420791354934211, -1.0505308544373986, 0.5252900867474404], [-0.5958077871001495, -2.4503230491711547, 0.6809616594319303]], [[-0.5620751798670401, -2.575449181408793, 0.6238715319413796]], [[0.31924338740353647, -1.204931002301464, 0.41855029766460633], [-0.7466192159513991, -2.4271435040308966, 0.472479804832391]], [[0.44904724601233076, -1.2791883721784778, 0.41169733510795914], [-0.5296835347853596, -2.632666911527009, 0.40487359316358446]], [[0.05791974240127701, -1.1915835434502404, 0.2523172936253561], [-0.808060386663881, -2.346797204482171, 0.1999474001827141]], [[-0.48352644798497907, -2.6557014793523113, 0.15042486380084688]], [[0.016965571732477827, -0.8852093633241311, 0.07086843633899025], [-0.969479610556358, -2.346376629163068, -0.035588617070468447]], [[-0.4915197285359397, -2.663991727329095, -0.13318556458904185]], [[0.08467435409739642, -1.3264770550940048, -0.010028568352004186], [-0.6147445742088828, -2.3811901645428177, -0.0720631229672681]], [[0.10061147752611402, -1.4024949704609835, -0.03098903965331465], [-0.5173277618180098, -2.5259188206524485, -0.052490262736041585]], [[0.01512656053626398, -1.0852474224317288, 0.14115749343753714], [-0.9666183673780299, -2.4528632445914673, -0.7978326811500835]], [[-0.03931109066049126, -1.1781544218071414, -0.1689615354096286], [-0.6848900734749689, -2.5426939970752254, -0.6037185319513749]], [[-0.6806928151868212, -2.443400265264156, -0.971644957865896]], [[-0.15570036982902746, -1.0051701524675576, -0.6695245767981906], [-0.5891640738390718, -2.56106298376172, -0.9702414986750084]], [[0.38381587229327707, -1.2541200324385804, 0.4375845237096748], [-0.616431657813748, -2.524230992930591, 0.4463559482692847]], [], [[0.2534834942068039, -1.2353859578143591, 0.33200731436665765], [-0.6688719607246203, -2.48973205800459, 0.3024104966731493]], [[0.057869019031189, -1.243871196446356, 0.055084226892111246], [-0.7419730645980198, -2.489391032621958, -0.4251614719430626]]]}