{"bodyId": "h0", "timestamp": 1630675666924205958, "continuousState": [[[0.34058398820224367, -1.0472670733843052, 0.5185924002143638], [-0.3189969961815725, -2.355767080399044, 0.632865654630656]], [[-0.24814664177627832, -2.4794384840024106, 0.6021991560025352]], [[0.3124066895953279, -1.2121468863437008, 0.4350696752073735], [-0.3509909410151611, -2.32013424407171, 0.5317991662656059]], [[0.4498249757314465, -1.2760495562084557, 0.4049126092187007], [-0.24236291690554276, -2.5599926906387047, 0.3930294064340064]], [[0.05828336647553141, -1.1942453844206415, 0.2587463995201135], [-0.5018746220028417, -2.285452190390298, 0.2124483069549076]], [[-0.22448552413626272, -2.5910884383017123, 0.104383422805201]], [[0.018220122743389824, -0.8941876433552082, 0.07905127307324825], [-0.7321551173596529, -2.2828958266981996, -0.05392333516996905]], [[-0.23869924602257447, -2.543678854678803, -0.13866969928247955]], [[0.08067505819786436, -1.3275003860095735, 0.012094047889782586], [-0.43594977623779074, -2.278743615187047, -0.08934950038617763]], [[0.09819260071466965, -1.4037985690512824, -0.023978009931475752], [-0.31287213061371333, -2.433945934261746, -0.08519325075167421]], [[0.016621092591552724, -1.0709963027641884, 0.11417000147815543], [-0.4413686154868176, -2.1801382665674134, -0.4942961115239211]], [[-0.6795773875318516, -2.569121015327638, -0.8407863394549133]], [[-0.3999759779640583, -2.112377703133996, -0.8573152748376703]], [[-0.4747536844458675, -2.5165287040218436, -1.0329277915223871]], [[0.3687014230345779, -1.2516566498093353, 0.44363178009725845], [-0.2875197326131647, -2.4296943308817607, 0.4658562041915311]], [], [[0.25405417110348893, -1.2351474703145486, 0.3318295043694071], [-0.37211876945419226, -2.4227224405145016, 0.302738856694457]], [[0.05740684665311119, -1.2373974359077353, 0.045095995773339836], [-0.37712037305026547, -2.30704210041458, -0.28974468113779767]]]}