{"bodyId": "h0", "timestamp": 1630675666924206494, "continuousState": [[[0.4166558251835351, -2.1871040045830714, 0.28986130293255996], [0.031185708639747418, -2.0448987247886836, 0.5848296873481973]], [[0.10521782081351921, -2.140617717858104, 0.5819650635566891]], [[0.15753772598821206, -2.2455819217592117, 0.17664368939857536], [-0.02260354685935363, -2.062997895105478, 0.43531374491600855]], [[0.12422359686385857, -2.234405434350138, 0.38431549875147336]], [[-0.06240658331606292, -2.229872889601419, -0.005100462265465922], [-0.41348485845687244, -2.053268246943291, 0.04699044307802501]], [[0.14045769245766404, -2.296695435718232, 0.1292625027436477]], [[-0.17492344892329004, -2.1652020362832363, -0.06965995517715987], [-1.3939191096563748, -2.1572476833472454, -0.6893859295482532]], [[0.11995869988672575, -2.306883879465156, -0.12550986219279775]], [[-0.14991950778065605, -2.123969272820099, -0.12917421915490923], [-0.034501032605332514, -2.046978992086983, -0.10597852202112198]], [[-0.09494366189588302, -2.013043413121087, -0.29445875712717384], [0.08061761395125472, -2.1761654144973614, -0.055154366714695244]], [[-0.2061625075067584, -2.0741350231274973, -0.6293981931207397]], [[0.055386273748142686, -2.147415533111611, -0.410919574807888]], [[-0.19862549529683407, -2.0851959639242335, -1.0139871674837284]], [[0.03911614652684989, -2.079557702553611, -0.7227292297559205]], [[0.2284368751602231, -2.190968778010253, 0.16541918069439793], [0.0646375127058036, -2.1400609373926995, 0.4224971991907835]], [], [[0.030908506773897827, -2.2321391619757787, 0.18960751824300373]], [[-0.15055308470132073, -2.043589218124292, -0.4619284751239568]]]}