{"bodyId": "h0", "timestamp": 1630675666924206561, "continuousState": [[[0.06758754874795658, -2.0103254956913656, 0.5761573388586451]], [[0.1424081278663441, -2.092620585071981, 0.581547815450484]], [[0.18950143378597317, -2.2014537991023935, 0.16657939938665572], [0.003934500565270583, -2.0496414894247916, 0.3874487272065896]], [[0.17530016553594488, -2.200621495472302, 0.386158280419872]], [[0.005009029702479438, -2.2313016781183075, -0.035721948687648136], [-0.31744576776929284, -2.0008098529290095, 0.07027422253125633]], [[0.17971488829982285, -2.284125829580972, 0.10427888320512829]], [[-0.15596543276221206, -2.1465412141567644, -0.06260626755802855], [-0.5225278387996247, -1.9388083332525778, -0.050731338272926224]], [[0.1805032520280738, -2.2943805555888486, -0.12042988348155655]], [[-0.19184621055907108, -2.0953664859001364, -0.08227614698072193], [0.045255604820977166, -2.0437499691676457, -0.11927036333948308]], [[-0.15499866740606041, -1.9962245841978319, -0.45836512700135496], [0.10890503151065127, -2.175441941996699, -0.1061712367215298]], [[0.10486032990576041, -1.9921801391121057, -0.4400243516246858]], [[0.1412174616037023, -2.1046287220839694, -0.42077811196752757]], [[0.08514364187930619, -2.037522242713559, -0.949135945007052]], [[0.21349173789695827, -2.032668134027614, -0.7635745629336759]], [[0.248342759740002, -2.1544320784916686, 0.1448486452943014], [0.12746542356612964, -2.108284318687044, 0.40881966881526954]], [], [[0.09015459761921216, -2.215961586795305, 0.17521816586611194]], [[-0.02506916875015, -1.9942023616549687, -0.44919473931302034]]]}