{"bodyId": "h0", "timestamp": 1630675666924209107, "continuousState": [[[0.6939890409702071, -1.4898078960836065, 0.39730199475639144]], [[0.18764137407127895, -1.0508244291535493, 0.6066868668494503]], [[0.6267969815274141, -1.6142781588095552, 0.17316935716082502], [0.11444118715231616, -1.2293869883864317, 0.5220702894361677]], [[0.6770466635793723, -1.5905987607321517, 0.2582969466182858], [0.25467928117927047, -1.1885158994883132, 0.5387010084684277]], [[0.45353071478677903, -1.6389743902773568, -0.09197250298187873]], [[0.3876265583853176, -1.1623883345811514, 0.1940000838111953]], [[0.3554404428016606, -1.582563437603297, -0.36475506900309507]], [[0.3570012288089131, -0.9314707661137319, 0.012285276947082138]], [[0.4258818018214848, -1.629536514630807, -0.21018610547015487], [0.27109387822150255, -1.2763773145348762, -0.01888083957586946]], [[0.271511489063726, -1.2517101590415767, -0.07683679785052731]], [[0.3384592895633231, -1.54195464147088, -0.43308468965354313]], [[0.39865537066565887, -0.944811838920876, -0.006222647113536141]], [[0.19888921364439693, -1.4832476097598422, -1.0426352772806642]], [], [[0.6925722876334042, -1.591838511871706, 0.18856821375385857], [0.22999809341987223, -1.2033956758251516, 0.5592452160148684]], [], [[0.5652886891830756, -1.6147865755047541, 0.08316222181820353]], [[0.3049853893135246, -1.3968324002562285, -0.2549607437520352]]]}