{"bodyId": "h0", "timestamp": 1630675666924209241, "continuousState": [[[0.31879162037510733, -1.0801770281901748, 0.5298305225616896]], [[0.18362177625066556, -1.064680755794965, 0.6205597912224421]], [[0.27354353863452396, -1.2760834984516416, 0.4628002099152242], [0.16354960385206277, -1.201308510146806, 0.5696221840515566]], [[0.431770301560805, -1.3045944207069264, 0.40789997388145255], [0.25127103949513047, -1.2306913487770794, 0.5329526449754133]], [[-0.004665375559387655, -1.1914181621527091, 0.22550100217956082], [0.21524418985369198, -0.9509340667453992, 0.6159159349180943]], [[0.3922029140130751, -1.1858985725346145, 0.24740673096937235]], [[0.020133939717312387, -0.8711850837391755, 0.06583026694256022]], [[0.38103600742551363, -0.9460089094876153, 0.03097615567854109]], [[-0.022582412449956395, -1.2655002401175275, -0.07523334044076842], [0.19838938116762075, -1.3307926169655753, -0.08242498658590716]], [[0.020050276059714975, -1.412222110105904, -0.10093388692907843], [0.2763426253350242, -1.2657332808538997, -0.007072583035287607]], [[0.021210881667016564, -0.7974244280923863, 0.016459186852081302]], [[0.2652560194118912, -0.9299613614293958, -0.15669388443314392]], [], [], [[0.34925250808490593, -1.282775910048604, 0.4454861510506665], [0.20944312780557242, -1.2246557451863418, 0.5502133504905123]], [], [[0.21355246300070865, -1.2480062914298178, 0.31670048803050665], [0.23325761467441122, -1.0908127077612393, 0.5744342899467538]], [[0.02063057886336577, -1.1048232690991453, -0.04223735003849856]]]}