{"bodyId": "h0", "timestamp": 1630675666924209442, "continuousState": [[[0.8875082368298317, -1.6690052514633458, 0.2729492852728333]], [[0.16916246937311735, -1.058858299901408, 0.6091391335818882]], [[0.6066794148697654, -1.6956630137704056, 0.1754755743262381], [0.14681144447410907, -1.2100196049375955, 0.561490399833667]], [[0.6725191441583583, -1.7570621679131677, 0.15705638551770107], [0.20884947818208388, -1.2158876819305846, 0.5215497862633829]], [[0.4330362030620882, -1.688553826790798, -0.0444380049037261]], [[0.3879499398519815, -1.2010583830150185, 0.2695259622069955]], [[0.33385320345104125, -1.6014089984189015, -0.2836554027271218]], [[0.38845357173803474, -0.9687072112989505, 0.04969911396793464]], [[0.3735178492719811, -1.5981647156381622, -0.24545376773693942], [0.3894936414388883, -1.288897357644551, 0.197321840347543]], [[0.35821535316881276, -1.6257246176296354, -0.19799104739457857], [0.3474541160494134, -1.303904735705753, 0.13674163201983378]], [[0.2666282992975976, -1.555560299220804, -0.4067149264508564], [0.021009889659538886, -0.8082567993635807, 0.032595700069606895]], [[0.27814113108323074, -1.5724727357124004, -0.37919624999372603], [0.33184453919117984, -0.9498567948553124, -0.07725897547949694]], [[0.18813087636650744, -1.5018420226361289, -1.047549115812345]], [[0.19856181649688215, -1.5058242947864313, -1.048031778710313]], [[0.6554601907301945, -1.7205715218176199, 0.1679141216798946], [0.20276052102523182, -1.2101031747256732, 0.5518889503997332]], [], [[0.5527776736102232, -1.7228079973519828, 0.056309190306987486]], [[0.3124218262332052, -1.5906424584252197, -0.3023529869227175], [0.18423200285447613, -1.0560807675346668, 0.08466866604472034]]]}