{"bodyId": "h0", "timestamp": 1630675666924020770, "continuousState": [[[0.4421738696971097, -0.9819978888616029, 0.8233990301877506]], [[0.5991365199092741, -1.1764141838324094, 0.6038232326122407], [0.3814177694972743, -1.0729111716444713, 0.824147757554665]], [[0.5053969791283511, -0.8734673344223418, 0.5494532190147876], [0.2793730979962761, -0.7889360576172401, 0.631706313813648]], [[0.4333739773127369, -1.225157700331114, 0.4940029771320984], [0.1928031678598479, -1.1283239980261517, 0.5975783958638797]], [[0.35087586717334873, -0.7092968184915999, 0.366966585147567]], [[0.24470209062273107, -1.2682009247045007, 0.32045427122721026], [0.09237527180279426, -1.1967308223987725, 0.23032959716327808]], [[0.376025399139437, -0.685616241817682, 0.0455180002853117]], [[0.1983102097374955, -1.2355365049831868, 0.08611496129647231], [-0.3181617604165892, -1.14416525297404, -0.5722714900362023]], [[0.2670587349510035, -0.8046802318098198, 0.005753874781008335]], [[0.1593699469254632, -1.1261550194162553, 0.2062490275375469], [0.3372226360904897, -1.0752678249395142, 0.09086309272351696]], [[0.5915802484555887, -0.8417235839930819, -0.13020796062234216]], [[0.6421789932230992, -1.0948839289679564, -0.10507493726233656]], [], [], [[0.46738299389952903, -1.0582432825184585, 0.5188160598978907], [0.425079216349204, -1.0166137018266297, 0.7382756318258933]], [], [[0.39212492224304285, -0.9672272594113569, 0.4304847811398327]], [[0.3754750976905259, -0.9839393017046686, 0.03802053345760237]]]}