{"bodyId": "h0", "timestamp": 1630675666924210179, "continuousState": [[[0.3123779249348116, -1.0906934520433715, 0.5273158724379543]], [[0.18571364239371518, -1.0671932710852747, 0.6190048272310564]], [[0.22300484242190852, -1.275921862840137, 0.4627494653584808], [0.15334014744532443, -1.2394256151208247, 0.5570224610728997]], [[0.43041433474667024, -1.303431319987655, 0.4184245119177084], [0.21484493797374057, -1.2056753425800295, 0.5273854939201242]], [[-0.009881043876071317, -1.2032808123178624, 0.2043306074556349], [0.3319484495063362, -1.1465501507195783, 0.37716203127212816]], [[0.39162634895150333, -1.1945678358184124, 0.2677452472935961]], [[0.015389592639143074, -0.8589145250114594, 0.06037899690008067], [-0.05614947799254901, -0.9265372230192329, 0.04729328254459847]], [[0.37295289577131097, -0.9518308680654277, 0.025426340034649456]], [[0.02297920380464876, -1.3849529126036313, -0.022366924990381676], [0.40656588954847983, -1.2901313333783815, 0.21123024571253698]], [[0.08726868000134703, -1.4402292007490776, -0.07077428840252173], [0.4211306363820759, -1.2917080812179615, 0.20531126792827376]], [[0.3690072315137106, -0.9569356795354629, -0.029627288215504224]], [[0.3734938209983791, -0.9514344858361576, -0.040857871445061845]], [], [], [[0.3637010616176895, -1.2527264724925575, 0.4189302517245612], [0.2013610074257931, -1.224083297933891, 0.5492329986369189]], [], [[0.21026664543529947, -1.2533560661527587, 0.31137755968667163], [0.2733966937400384, -1.176112746649804, 0.45227376259612617]], [[0.22813795575752882, -1.1985824401422702, -0.05020078830901298]]]}