{"bodyId": "h0", "timestamp": 1630675666924210983, "continuousState": [[[1.003692517321412, -2.1150015696504574, 0.07838989192539453]], [[0.11946019479635561, -1.1429392818198947, 0.7710651206475032]], [[0.8607376305580065, -2.234586582999769, -0.10584832240993455], [0.18363025362950497, -1.252649849463311, 0.6598668715207066]], [[0.15799073039073847, -1.3096875518904754, 0.586146177604765]], [[0.7084573145924842, -2.2763336468750377, -0.3143177841314466]], [[1.0042962675436224, -1.9693182518723271, -0.2954557108363447], [0.343389995983754, -1.3175778340968396, 0.29682045755084346]], [[0.5939211807753647, -2.284534627571851, -0.5336435007827709]], [[1.191621671020717, -1.8009899404092125, -0.606328903557388], [0.25704341701922295, -1.0895457597950957, 0.07292344790409742]], [[0.6300626680690075, -2.092382983286922, -0.5336992928509963], [0.22363873733788592, -1.1244807646686272, 0.06945907755116332]], [[0.6774038487179928, -1.9480447578336733, -0.5103504696372237], [0.34958400958631136, -1.2214896230512056, 0.09149239318296919]], [[0.4201658872456372, -1.8957938389218716, -0.8526718894715309]], [[0.43642162481300895, -1.871797343258447, -0.8767759364907078]], [[0.29236645515096377, -1.7996494988594778, -1.085499367030052]], [[0.2616069390047331, -1.7983659383731274, -1.099811539485299]], [[0.9632223300813307, -2.151386128233415, -0.14522546495006508], [0.1666498225750913, -1.2844493591116242, 0.6211312653489338]], [], [[0.4332240224916113, -1.7930105993827565, 0.13591419673665917]], [[0.548784867981815, -1.9219192983777724, -0.6815111795543773]]]}