{"bodyId": "h0", "timestamp": 1630675666924211854, "continuousState": [[[0.5054471428178243, -2.4220480091416534, 0.19211165219033388]], [[0.6177013542629977, -2.3453205177695597, 0.1159436152615001], [0.27109543187367624, -2.3027474567619133, 0.5969813662703047]], [[0.35104283961425314, -2.532257452228997, 0.424952911343893]], [[0.5687042743075228, -2.2396408885148777, -0.011105446612928062], [0.3593023822081789, -2.263309427581582, 0.4307140527306001]], [[0.3788122116392244, -2.5755202178900545, 0.15725053225752414]], [[0.5356955327175713, -2.0771915451183225, -0.23386798428151634], [0.4019910267693231, -2.1059132173532142, 0.18421733896103615]], [], [[0.3245622180508648, -2.044349871721239, -0.19884555671302792], [0.19047557344690016, -2.0974032330304926, 0.13623673418659724]], [[0.2810178059174718, -2.3389300560006197, -0.3676623971986928], [0.3912930689241694, -2.511177574692187, -0.08225605004325985]], [[0.3379291311652568, -2.1671006543306293, -0.38588958730566103], [0.46654917983311794, -2.2521262377670346, 0.02084512047775729]], [[0.17872450367571388, -2.294986968180918, -0.726119850190517]], [[0.2287689171761533, -2.007197813300924, -0.8180231822898054], [0.3009746011337752, -2.147037298357112, -0.35736936665109076]], [[0.10820749040186206, -2.12046927625622, -1.1542982780597941]], [[0.22416010931776617, -1.8516470202558188, -1.331174204512477], [0.48526479114530024, -2.1359927920311548, -0.7054829619883914]], [[0.4926380004176982, -2.3739485525869917, 0.026671437318914967], [0.34188950379835636, -2.4051831692426715, 0.4229090113133216]], [], [[0.4737582429733736, -2.4075805532024663, 0.07307254282229804]], [[0.25832681742048536, -2.2310438112557733, -0.556004718748089]]]}