{"bodyId": "h0", "timestamp": 1630675666924212658, "continuousState": [[[0.4609258121365229, -2.130199170549772, 0.4244907513999599]], [[0.501260868110025, -2.0176535192574594, 0.44985087848422006], [-0.6118351178865757, -2.3191141485571802, 0.5950152414969629]], [[0.49627577419441565, -1.9587321735676217, 0.2430403565475517], [-0.42102295942993145, -2.5567766599532766, 0.44290648677420247]], [[0.4724447283025947, -1.8406441564611815, 0.3061735838385123], [0.2589440481453414, -2.0018651484147076, 0.8357149072652549]], [[0.40070274751384116, -1.916193047304132, 0.02621538584711129], [-0.3461610260811001, -2.6043830262495256, 0.20240477431209933]], [[0.3432506674547553, -1.64287509835027, 0.2022886821294769]], [[0.4002459073136535, -2.0059587999729724, -0.2731475187370504], [-0.34089796671057754, -2.634477833977092, -0.030412485218699204]], [[0.2208110953350124, -1.5453135310197739, -0.09915944770689952]], [[0.2725521552216085, -1.7698569552466246, -0.1377164118673818], [-0.3586677798334274, -2.478408445911388, -0.06971162157152434]], [[0.2973026568514503, -1.641314758814306, -0.1665822515645532]], [[0.05555869240040221, -1.7532924470282132, -0.40039647746299556], [-0.7434665560533802, -2.6175799014968004, -0.9046205948504165]], [[0.21200990880256376, -1.5205445680813783, -0.6733530086632031]], [[-0.03773856130658242, -1.5676070946098173, -0.8174247419202584]], [[0.09906394043632037, -1.3061682443957172, -1.0054645991261677]], [[0.47911829955585356, -1.9010530405945367, 0.2872099422191975], [-0.3349656309961381, -2.3567150612466112, 0.5071041224419491]], [], [[0.43657373790821796, -1.8784186018826567, 0.1661944848428118], [-0.04360848896787936, -2.3031240873321166, 0.5190598407886771]], [[0.17643067462592626, -1.6973036029212596, -0.2834893645137744]]]}