{"bodyId": "h0", "timestamp": 1630675666924215204, "continuousState": [[[-2.0932775307449347, -2.12483927713997, 0.848806181450238]], [[0.37062857131626625, -2.2253504687872683, 0.40119985936925945], [-2.0833892428905183, -2.1675588029119037, 0.8324112747203674]], [[0.38276384703434, -2.1550923249679985, 0.289445571528157]], [[0.3451712209156249, -2.0743411730696537, 0.24282179481619437], [-1.8603432588809972, -2.136964605761544, 0.7141868366671452]], [], [[0.16883686383416927, -1.8767115695294578, 0.10236404046761936], [-1.706117441990443, -2.1163433941128127, 0.52980204822591]], [[0.30763834062054657, -2.3228077084722765, -0.014487432179565076]], [[0.051281992924839585, -1.7885293688664674, -0.13492161999651126], [-2.001078276772676, -2.095482982024793, 0.23375511234512214]], [[-2.029047956212748, -2.1450404444162676, 0.2285642108642496]], [[0.07457964975809733, -1.9683159927624576, -0.03318357814056594], [-2.082595282307175, -2.1430991685738783, 0.20918291367331518]], [[-2.1668372114707872, -2.172632505710716, -0.2761295710371821]], [[-2.176026396983646, -2.1790384380742873, -0.2820158732586001]], [[-2.0431627239181145, -2.1691200291343735, -0.7497169633955666]], [[-1.9971220395825138, -2.18876662766632, -0.7373776841031205]], [[0.3750308946429126, -2.1255871042046053, 0.2576463004483953], [-1.8105582688859916, -2.1221453301978026, 0.7319317922957685]], [], [], [[-1.0461287808563449, -2.070474249236587, -0.15465657458887402]]]}