{"bodyId": "h0", "timestamp": 1630675666924021239, "continuousState": [[[0.40778077242393146, -0.9885175953301182, 0.8269266985276463]], [[0.3532220418124978, -1.0843328330959892, 0.8154332378758543]], [[0.5122847162044362, -0.859623406346092, 0.5451284268968017], [0.2963909751578767, -0.7737919392568599, 0.6210729302805738]], [[0.42163483233062626, -1.2362567501841744, 0.5078448745615484], [0.20901598820056688, -1.1196391572290136, 0.5965304282281143]], [[0.6067034203951889, -0.32352258577160364, -0.01714331851000679], [0.3626477174622278, -0.7097791594044649, 0.3648605430943253]], [[0.2543989143155528, -1.2557227416097683, 0.302353569368112], [0.08060036398256602, -1.1919281847775691, 0.22017569941214332]], [[0.3820858008709131, -0.6855583400073897, 0.041017343036844525]], [[0.19159334199117614, -1.2483206088349197, 0.10706230154355308], [-0.27493717231049297, -1.149673839570963, -0.5288379045624431]], [[0.15407613909053106, -0.9015343626123435, 0.19246807506768504], [0.26478267944079037, -0.7918726599167569, -0.01008207883561954]], [[0.15431960481141488, -1.1126174007838674, 0.15521602059374845], [0.34428894648757274, -1.0696264249823555, 0.08619257320700535]], [[0.6666481643674331, -0.8460322553917147, -0.07824293504019533]], [[0.612683979557203, -1.0766726131806486, -0.16032865618979075]], [], [], [[0.4669437547604884, -1.056921377409165, 0.5207287987879397], [0.3979296805253416, -0.9937775655157702, 0.7039197797115315]], [], [[0.5141691263629076, -0.7798896679778891, 0.2453507780257708], [0.28583185283139734, -0.9147091583167393, 0.4806954856612198]], [[0.410483884589424, -0.9793248280877911, 0.03848654277677656]]]}