{"bodyId": "h0", "timestamp": 1630675666924001876, "continuousState": [[[0.4174086315920517, -1.0506204579175669, 0.7905474662108759]], [[0.6136597425572063, -1.2487245024972724, 0.5646120016997953], [0.298384259820022, -1.1471180294055452, 0.7584138173600491]], [[0.4675127691684425, -1.0048547108356025, 0.5081676287582781], [0.27539925022188866, -0.902241793577563, 0.6222157115944479]], [[0.4612317302323401, -1.3329280562116503, 0.4516846582459407], [0.2291164021008899, -1.243878889893759, 0.5949135722122967]], [[0.38601304197241443, -0.7529390614663466, 0.1403482079661951], [0.30299310328927165, -0.7981479151671508, 0.3466458996140841]], [[0.2900096624563088, -1.3843598566733395, 0.25644116651720944], [0.12331733899603614, -1.3020937614305017, 0.23334235434136735]], [[0.3707360598648413, -0.739023582099463, 0.053061786707721464]], [[0.23779838992990035, -1.3236952891361375, -0.014836807314268754], [0.23416702326632186, -1.2666601615290138, 0.022367314430249963]], [[0.14369244394453817, -1.0207278348015394, 0.11017647051136464], [0.28789276259262647, -0.8923974133484444, 0.031888269285714615]], [[0.1830898263667367, -1.2222996681149778, 0.04881941247716782], [0.33900968014995236, -1.1674687224893723, 0.10611987168032966]], [[0.5733214155813143, -0.8947479953995936, -0.08456176750417627]], [[-0.05664894138889042, -0.8603627209982831, -0.6542874226245401], [0.5783611756647599, -1.1761680020840986, -0.062331734265561864]], [], [], [[0.4573291577597297, -1.1783462161466354, 0.4849897770019677], [0.3793461341478505, -1.1000551218886234, 0.6965783518667628]], [], [[0.42362238610237724, -1.0429335588389985, 0.2960164331060679], [0.2660547526950808, -1.021013402530455, 0.4707797359131904]], [[0.37820562097402555, -1.0585238317572858, -0.017871177513504224]]]}