{"bodyId": "h0", "timestamp": 1630675666924021842, "continuousState": [[[0.44010850331322693, -0.9904673713227373, 0.8276341133571395]], [[0.36539993575404467, -1.0804681844504889, 0.8136800273220643]], [[0.2915499665639729, -0.7929994772745587, 0.6414919744358101]], [[0.20003063733873044, -1.1338036634766646, 0.598670190837397]], [[0.35290052745119577, -0.708805046281606, 0.36938630708303866]], [[0.07253146728057686, -1.186429252986018, 0.20867820800800815]], [[0.3779300168890145, -0.6840432593258298, 0.04666810295840514]], [], [[0.2714139524689001, -0.7975065306788817, 0.004879221206278544]], [[0.3421476239407284, -1.073307482618894, 0.08984766774395825]], [[0.6419297545519412, -0.8353127458036792, -0.10503172960651569]], [[0.6218990049207471, -1.0818916848976656, -0.1403989018541015]], [], [], [[0.43321844176326274, -1.019380805505861, 0.7420241065702329]], [], [[0.2764655823949631, -0.9213043548791353, 0.48402824896021784]], [[0.4920386892463348, -0.9543101142112866, -0.00759203093127872]]]}