{"bodyId": "h0", "timestamp": 1630675666924021909, "continuousState": [[[0.44389866426173874, -0.9864235348846171, 0.8268562055574016]], [[0.39250523805713694, -1.0839242934076123, 0.8405024527049136]], [[0.5077959702271265, -0.8708238443466735, 0.5498905860659303], [0.2875142644862653, -0.7874241078187159, 0.6412388704496884]], [[0.42573532477865017, -1.2296498644550033, 0.49595683425595743], [0.19883467332825877, -1.1318198438553457, 0.6006079893872911]], [[0.33807547490057915, -0.7020618650818321, 0.35533807344150276]], [[0.23725733771938867, -1.2595679360603644, 0.3018710936588395], [0.07702604318937802, -1.1803273290268883, 0.20740852107978616]], [[0.38023674276984387, -0.6854904129907416, 0.048334646504338025]], [[0.18408080541436697, -1.2524195899451402, 0.1093406976141639]], [[0.26975536096305086, -0.7952428914365675, 0.004185038657583164]], [[0.16450024049938997, -1.0480932804768799, 0.04790527562744319], [0.3425467189002368, -1.069849384885234, 0.09003048491121239]], [[0.6191306898661268, -0.8489052408219884, -0.09485793614116506]], [[0.5762158347211491, -1.0647868794772675, -0.1586348966727305]], [], [], [[0.4786414205260756, -1.044917342340434, 0.5021603609411877], [0.427017070311467, -1.015701530105725, 0.7408916513106703]], [], [[0.3819053998396147, -0.9658558647684177, 0.4256474538487301]], [[0.3918154651827584, -0.9484992606494341, -0.023476330256860932]]]}