{"bodyId": "h0", "timestamp": 1630675666924022780, "continuousState": [[[0.4461686826235352, -0.9813553883642506, 0.8216731100388256]], [[0.614945136816332, -1.1709490421492645, 0.5821245852384509], [0.3999941365100981, -1.0788854355059565, 0.8466589725665201]], [[0.5114848752380634, -0.8678278113609963, 0.547337626160067], [0.29625167662016133, -0.7989905319455833, 0.6539383207471321]], [[0.4318549926491768, -1.2277832338458743, 0.4927651677528365], [0.19103464395914785, -1.1333726222481153, 0.6021203303329768]], [[0.35241262527084427, -0.7093641057783887, 0.36825965865838023]], [[0.25430334651341563, -1.2570944701995304, 0.3027408070195897], [0.0824726704142197, -1.193411607508011, 0.22075204642864604]], [[0.38631203107517514, -0.6928247009932115, 0.05546027595008354]], [[0.18533513502830448, -1.2577113802493987, 0.11988299112689402]], [[0.26762226143121665, -0.8095466060902506, 0.005690990394156643]], [[0.15859452718958358, -1.1289614312063985, 0.2040046652056051], [0.34347603607725546, -1.0791560479909779, 0.09681167106000794]], [[0.6341760754442107, -0.8685003625971729, -0.07218855747460838]], [[0.6381359312421773, -1.0988357120373013, -0.11052000090887372]], [], [], [[0.46481156395492773, -1.0644109517636546, 0.5226256251393843], [0.4271945843153094, -1.0186412822757043, 0.7466382940276016]], [], [[0.39213380896001054, -0.9685736698121314, 0.4305124132056084]], [[0.39638530131689714, -0.9987308969017856, 0.06590805386549836]]]}