{"bodyId": "h0", "timestamp": 1630675666924022847, "continuousState": [[[0.45005409228754595, -0.9843280577820857, 0.8275686342597719]], [[0.6189411359442615, -1.1688429625396621, 0.5791794562138621], [0.4011854682866542, -1.0822073832019097, 0.8411743292391575]], [[0.5079415373010542, -0.8737679921829299, 0.5494107185305557], [0.2748329964796203, -0.7838307280690828, 0.632007408949532]], [[0.4318566947094119, -1.223355443916503, 0.49031839603032823], [0.20055818038829237, -1.1328779247531093, 0.6063864878860861]], [[0.3579058135878272, -0.7098869802821713, 0.37093852684863393]], [[0.24875950057653023, -1.260457038809216, 0.3000259041929212], [0.11673391391953965, -1.1993228173065316, 0.2493671850531591]], [[0.3841557899611912, -0.6890443095276818, 0.049144773279999984]], [[0.1972061957759691, -1.2388408162999667, 0.08336203113625197], [-0.32282299353200894, -1.1414065610614617, -0.5755704164127153]], [[0.17174697337088463, -0.8476724136213343, 0.1315179670558989], [0.28331488671243754, -0.8009961574593988, 0.018418753166130047]], [[0.14010540618596576, -1.1041012218864181, 0.13000538790332417], [0.3411146296477493, -1.0736299462829808, 0.08946982366697398]], [[0.6054419603139434, -0.8426401029873055, -0.11374751522777705]], [[0.6374256250958197, -1.0903414618284246, -0.11774646510878552]], [], [], [[0.46734963552531583, -1.0592920641502623, 0.5181254974406015], [0.4331004626680599, -1.0189546871733615, 0.7471867690906293]], [], [[0.3948812541486195, -0.9666212120993372, 0.4306284614394811]], [[0.3727736832499546, -0.9733706624368619, 0.008128936337773555]]]}