{"bodyId": "h0", "timestamp": 1630675666924023182, "continuousState": [[[0.44038417425149534, -0.9874082105084858, 0.8328204960104792]], [[0.6143703024338508, -1.1714514549158594, 0.5867526553658814], [0.3814628338220277, -1.079021440082139, 0.839276713265486]], [[0.504697018435361, -0.8759737166598249, 0.5593285909596853], [0.2853595892251501, -0.7882500672589147, 0.6405608177337975]], [[0.43375978223503064, -1.2241999700110022, 0.4908775612235218], [0.2034684039673382, -1.1329717165649698, 0.6091908948094804]], [[0.5986249675683382, -0.3335837941220061, -0.004483140111511375], [0.34799350522719147, -0.7069983350508857, 0.3612867797926781]], [[0.24813645619983477, -1.2605707119512632, 0.3048749335252794], [0.09669527589785025, -1.1865852054270745, 0.22681513942668402]], [[0.3808624975460409, -0.6878575957973534, 0.04541144558601059]], [[0.20765385598745115, -1.217200568664754, 0.043829954723101534], [-0.25043765275414515, -1.1514243910857322, -0.5016036074499054]], [[0.285313802056123, -0.8010364596759703, 0.024047883914601244]], [[0.14890451804054045, -1.1116170899858389, 0.16593167611427975], [0.3371186394909159, -1.06874835213421, 0.0873842601362851]], [[0.6305441345450654, -0.8416393852042207, -0.07524261217895355]], [[0.588245540077005, -1.0636933695753268, -0.14105491569925652]], [], [], [[0.4710192520259009, -1.0546980707153215, 0.5165841864525167], [0.43579232668736906, -1.0195573500435586, 0.7501696136856302]], [], [[0.5161923749016843, -0.7788918820665042, 0.2431972105560052], [0.2757309545972648, -0.9199850258079277, 0.48523883730107925]], [[0.38972432629280296, -0.9766282375950297, 0.0453445319676631]]]}