{"bodyId": "h0", "timestamp": 1630675666924023249, "continuousState": [[[0.44685224829550224, -0.9849646509618621, 0.8381259475836185]], [[0.613015807823758, -1.1719217049542254, 0.5817075959470838], [0.3855462117766633, -1.075305542683665, 0.8429807232065611]], [[0.5101246199324883, -0.8727329463818073, 0.550014270493957], [0.29622363144588437, -0.7951307284590288, 0.648184636382218]], [[0.4332799877248573, -1.2194057203382827, 0.49102801926229395], [0.19692578494800408, -1.132316123743165, 0.6062469630646954]], [[0.348283597523445, -0.7066209788749428, 0.36098959286428906]], [[0.2511993331974842, -1.2605379148476694, 0.3053453798982441], [0.11924088508007254, -1.203106430117769, 0.2503057669431701]], [[0.3905080290067622, -0.6924066309668182, 0.05507208629779302]], [[0.20765060833239726, -1.2174728656534244, 0.04365379088215741], [-0.3380900260422093, -1.146541414487805, -0.5980082336630237]], [[0.22214113454549148, -0.7226618784090656, -0.0023104208826407557], [0.2488604216027154, -0.7956343437253001, -0.01990867208074974]], [[0.15748621641132002, -1.1245020311414, 0.20357760515915674], [0.33807848937595647, -1.078548485357924, 0.08417659509865644]], [[0.6512514850091654, -0.8594192948689381, -0.09889191204534586]], [[0.6462237550320226, -1.0972821919553293, -0.11240239338960327]], [], [], [[0.47135203196904485, -1.0538393918273974, 0.516005639802407], [0.4244655604247398, -1.0173631786048125, 0.7438392300806]], [], [[0.39078179262415114, -0.9630133496066127, 0.4260088060632915]], [[0.4043688507102427, -0.991960663005169, 0.05234284655690544]]]}