{"bodyId": "h0", "timestamp": 1630675666924002010, "continuousState": [[[0.40856639535743283, -1.0516370896010172, 0.7935083749387885]], [[0.61308309826616, -1.2544009915695435, 0.5725295657823557], [0.3034002672436982, -1.1485762624043683, 0.7648016039176676]], [[0.4698695507858518, -1.0033340380622457, 0.505221021879867], [0.2658001836313781, -0.9001324205624656, 0.616929260766372]], [[0.45325827361663046, -1.3392292275039799, 0.4615303505697525], [0.21234533910570166, -1.2391446367327967, 0.5862475357417534]], [[0.3902300166053164, -0.7519061591860862, 0.14080523461353187], [0.3106413574336818, -0.8031472921242616, 0.3555016404451694]], [[0.2900006839421614, -1.3847786679470027, 0.25748836737355485], [0.1501881346915584, -1.3015236203000178, 0.26127700363009215]], [[0.37581425631933396, -0.7452771917234278, 0.06168757651168107]], [[0.23957854060686015, -1.342533190189336, 0.034875343120728756], [0.1945159509577775, -1.2616907626873235, -0.012637929708022966]], [[0.16139577254042387, -0.9889714702246364, 0.06942799974946638], [0.28125154441747124, -0.894814588406456, 0.03501937619060982]], [[0.1826233324102473, -1.2220909702947607, 0.06320842600117271], [0.33415966064041686, -1.1653677172801182, 0.11278161201215335]], [[0.5586815378158025, -0.8882716374278832, -0.09561850567944406]], [[0.547105559881695, -1.1707027541753072, -0.053860282721804195]], [], [], [[0.45740007864422655, -1.1788052632513522, 0.4847369402745926], [0.36985407223627204, -1.096354427687708, 0.6914746234373623]], [], [[0.42174414511097347, -1.045567693345033, 0.30116779259164217], [0.2614933482696917, -1.0211459644285292, 0.4708745880934614]], [[0.3706524351130249, -1.055181303861322, -0.016205039839135675]]]}