{"bodyId": "h0", "timestamp": 1630675666924023718, "continuousState": [[[0.4338725914501051, -0.9825509292285801, 0.8273991198868157]], [[0.6045651138102569, -1.1815773840147803, 0.5944122358830407], [0.3999022180938155, -1.0821379293715259, 0.8526892348911194]], [[0.2727419189725267, -0.7828053918962932, 0.6299785479702934]], [[0.4330791816681877, -1.2237313285523845, 0.4907842304884241], [0.204477397712825, -1.1358618460497514, 0.6089528488428532]], [[0.5986515688376478, -0.33033891659889036, -0.012954480400831699], [0.36063465541366124, -0.7112539701283952, 0.3704365203774826]], [[0.24978250888360543, -1.2607057477160908, 0.3017783233628472], [0.08993277383791405, -1.1863836041663478, 0.21913753854092896]], [[0.3915921741656207, -0.6931474525557119, 0.055170071300879496]], [[0.20147755201268064, -1.226928343654191, 0.052520905225615706]], [[0.2553858893095196, -0.7964044282101561, -0.01696572754371755]], [[0.14558741757635033, -1.115666874537435, 0.17066592855335055], [0.3437184826943751, -1.0771580821669708, 0.0886935106474939]], [[0.6598882263872594, -0.861778761755951, -0.08913452511317951]], [[0.6454019817288029, -1.0952071043312301, -0.11585267125371501]], [], [], [[0.45430254307453044, -1.0757298578730816, 0.5357171835089447], [0.43227987441354004, -1.018744732144402, 0.7466428862179537]], [], [[0.5158653752529178, -0.7770351225756374, 0.23891487504379622], [0.28255602656324313, -0.9235579080890732, 0.48969468461016785]], [[0.40273782198180486, -0.9887228181466929, 0.04076570172008552]]]}