{"bodyId": "h0", "timestamp": 1630675666924024589, "continuousState": [[[0.4430401139887713, -0.9842066290082477, 0.816914966409829]], [[0.38869633517587, -1.0931944893727648, 0.8238352426480502]], [[0.5051734308689069, -0.8865479453740911, 0.5515152653700611], [0.30359353845156944, -0.7973050471571534, 0.6448335297654227]], [[0.42690939573363695, -1.2292488702486972, 0.4955714876693688], [0.19933351519860026, -1.1363827206553232, 0.6006894117147737]], [[0.35010876933558255, -0.7241426170008213, 0.36496455931428934]], [[0.25309767780370357, -1.25623620029733, 0.2959911746795158], [0.07662534146131134, -1.1893727259264684, 0.2061029294249413]], [[0.39206812261486584, -0.6974113080561649, 0.06354966648154187]], [[0.19584577235452463, -1.2391430077630572, 0.07974156839318221]], [[0.27720877448566195, -0.804463788232614, 0.000949594417509843]], [[0.14390905117019565, -1.096271612282535, 0.1160875225142538], [0.34633179288426574, -1.077197905589297, 0.08860730352406358]], [[0.6368308336068758, -0.843194612663902, -0.07050889138861863]], [[0.6419884519551756, -1.0905727276050179, -0.11709554072762149]], [], [], [[0.47118833336121696, -1.058724387406131, 0.5127843415531896], [0.4258516749734747, -1.0171416866374596, 0.7371756945754652]], [], [[0.38850908253460975, -0.9766957436247592, 0.4302680234918291]], [[0.39036994238853573, -0.9697331124732185, 0.02278931556281759]]]}