{"bodyId": "h0", "timestamp": 1630675666924024790, "continuousState": [[[0.4376532239791584, -0.9883170326779082, 0.8197334058270149]], [[0.3716936953355937, -1.0927904254489451, 0.8162370386568284]], [[0.5014427271084118, -0.8930150872996416, 0.5531427986808604], [0.2858498487361221, -0.7811114887749397, 0.6364422100761588]], [[0.42637420977932133, -1.2270826069691083, 0.49004649716394], [0.19190957199479294, -1.1349588974500067, 0.5957504116674329]], [[0.36339285774957464, -0.7195914304794818, 0.37670196830719194]], [[0.23786056537482222, -1.2683813709110552, 0.2978989771519205], [0.08625501750848139, -1.193546938255903, 0.22406795018565254]], [[0.3836704069637719, -0.6884075006531183, 0.04661393292161915]], [[0.2170505726718634, -1.2046099229976703, 0.007141451458897563]], [[0.2778739792137212, -0.80737773336545, 0.006074097604657936]], [[0.1447413626794497, -1.092091053816357, 0.10736020840777019], [0.34243200921075256, -1.080159848213279, 0.09138573623410638]], [[0.6435236817961651, -0.8563505994707737, -0.11131742282687741]], [[0.6392009020424677, -1.0906838635952594, -0.11517388879903047]], [], [], [[0.4653970113818851, -1.0652968342058402, 0.5157946371563454], [0.41684292516434446, -1.0111298497699885, 0.7319155453352774]], [], [[0.39488353376444796, -0.9733370187242951, 0.43337423273556597]], [[0.3941325222378074, -0.9742208266435655, -0.001978607209553611]]]}