{"bodyId": "h0", "timestamp": 1630675666924024857, "continuousState": [[[0.44180045667300827, -0.9943988290774414, 0.823024499271667]], [[0.40530228324482276, -1.100419995633188, 0.8404206557035391]], [[0.5017400466435821, -0.8903713113421502, 0.551045425748895], [0.2840034144026752, -0.7853127103144252, 0.6346881438404999]], [[0.42216103771976093, -1.2311897246008503, 0.4995080690715201], [0.18011267438329082, -1.1329110090348582, 0.5899953259425635]], [[0.35289893372437653, -0.7166891870190891, 0.3694428180732466]], [[0.23575009243469475, -1.2715789874780912, 0.29991456629929714], [0.08797357284897613, -1.190956585989171, 0.22566220999980077]], [[0.3815006947968527, -0.6900024697770902, 0.04744210982976278]], [[0.22369502689408216, -1.1962126331144909, -0.014014660397251874], [-0.3211006487034845, -1.1403501493437767, -0.5759315507674012]], [[0.2737305980146698, -0.7963263566673318, 0.000495121365696832]], [[0.1441317173879142, -1.0889741243521989, 0.10636204092962248], [0.34315976594987957, -1.0740815694861932, 0.08838987114455812]], [[0.6346281458855862, -0.8343797834914384, -0.07410940440934109]], [[0.5808105209502028, -1.0582163565983214, -0.15829731545847858]], [], [], [[0.47923377521757293, -1.0474758617843085, 0.4995445903815163], [0.42020945904352086, -1.0139240381804075, 0.7352310411572974]], [], [[0.38752998572206876, -0.9739394558099697, 0.4344754435723833]], [[0.3893799316367502, -0.9616769539218186, 0.016126318260140694]]]}