{"bodyId": "h0", "timestamp": 1630675666924025192, "continuousState": [[[0.4518232504459936, -0.9878679323422209, 0.8360721824900811]], [[0.3972778757317321, -1.0924879864795358, 0.8392059958870424]], [[0.4936731610500736, -0.8885543456797641, 0.5409446078753294], [0.2925369912539793, -0.7869076017084153, 0.6430904554275418]], [[0.4303360084154226, -1.2281956432045709, 0.4916234422763265], [0.1925880797077318, -1.1373117580486563, 0.5944039409887173]], [[0.33949582903821307, -0.7040731201273857, 0.35803122497594997]], [[0.23779723399535857, -1.2683045810016322, 0.2939501669809515], [0.10138938957724145, -1.1929190607478737, 0.21786007955601644]], [[0.37753728127646263, -0.6813581831801161, 0.03950533130210601]], [[0.17653408096011788, -1.2680205271670244, 0.12140327492778716]], [[0.17489618609561342, -0.8411668160315965, 0.11505402715524587], [0.2783447643263617, -0.7946184874230795, -0.005096425196696145]], [[0.14579281258257532, -1.0930190571230327, 0.09813063450424965], [0.34445480507036813, -1.0765329432529733, 0.07638027015574902]], [[0.6909451606927871, -0.8716293758140988, -0.0998749769618189]], [[0.686967459379395, -1.0996286555716488, -0.10946698545242907]], [], [], [[0.4653612224569895, -1.0632224142903388, 0.5131403511553884], [0.44323413705374626, -1.0205044833185286, 0.7486147783763463]], [], [[0.38491591872681785, -0.9661343816659782, 0.4248273336261382]], [[0.4183689866376812, -0.9823242164685657, -0.0008721712287846281]]]}