{"bodyId": "h0", "timestamp": 1630675666924002211, "continuousState": [[[0.4168398258628115, -1.0552450912554932, 0.7919898111470857]], [[0.6094532905465266, -1.2518021754194588, 0.5654931834502412], [0.29640252993274135, -1.1521871928638416, 0.7517339369483261]], [[0.4629516936549889, -1.0103323423533512, 0.5099486736210456], [0.27544147139929626, -0.904391555210778, 0.6233703134484481]], [[0.4480155781775297, -1.340042289532022, 0.46194176887485733], [0.23427593738250402, -1.2435695128246242, 0.5998308857217758]], [[0.37790590535920754, -0.7710707233740768, 0.1636716704623093], [0.29274994661857706, -0.7941464952638717, 0.34092717025320374]], [[0.2913352229267887, -1.381878242400866, 0.25087281349938506], [0.12184325211307669, -1.3008845890188485, 0.24040707494605887]], [[0.3700072118495814, -0.7389600999391093, 0.05729552173749244]], [[0.23576315009908985, -1.3221321198573666, -0.013691906429144637], [0.22598564386708722, -1.2690173062153887, 0.03077508432532204]], [[0.15066920771847578, -1.0039457624380526, 0.09325871867038404], [0.2738805916715967, -0.8980963476507529, 0.02742317440049146]], [[0.18394910935733383, -1.2149543451863152, 0.04873560515847203], [0.333839675229749, -1.1660626265135812, 0.11305332144698081]], [[0.5540075083653967, -0.8880782516825215, -0.09613401201051147]], [[0.051167496010891454, -0.9106107848968877, -0.5700080743855072], [0.5272470232524418, -1.1686931240358074, -0.07223694899948123]], [], [[-0.10178232412361433, -0.83004735356216, -0.7322689357220374]], [[0.45563158691716965, -1.1803353530302187, 0.48273564923596074], [0.36983418010188823, -1.098478045196493, 0.691072682383772]], [], [[0.4129607417683686, -1.0555565064530494, 0.3128067196685833], [0.26351294200054054, -1.0188580040442479, 0.47037902798748976]], [[0.3689783088613653, -1.0515162984344184, -0.02369920342601972]]]}