{"bodyId": "h0", "timestamp": 1630675666924025795, "continuousState": [[[0.44212915360951865, -0.9853978443339141, 0.8211303623588876]], [[0.6130042976848431, -1.1817282679779715, 0.5859877663722141], [0.37172050406734436, -1.085694931789362, 0.8127059113870444]], [[0.5012318990874345, -0.8821897715930231, 0.5467453046303671], [0.27688954385045483, -0.789114893662982, 0.6315815900586176]], [[0.44397177557145556, -1.2162089541304686, 0.4820865777732433], [0.2042584872886896, -1.137777427250208, 0.5989985647974081]], [[0.3622053436821568, -0.720784252063615, 0.39112301220681434]], [[0.24118360254411794, -1.2639217525440862, 0.28550774670384704], [0.09307268384165945, -1.188199955217991, 0.21637458864175596]], [[0.3787270911572996, -0.6795071883297283, 0.04983941301897448]], [[0.2078723332076679, -1.2239044888562847, 0.03834481941213517], [-0.27916432708425304, -1.14663370225698, -0.5408470663062905]], [[0.17891105318191147, -0.8907831684991779, 0.19521420931131206], [0.2877753936022334, -0.805997975468157, 0.014957472719230282]], [[0.1556388193770536, -1.0745520903786059, 0.06942433538629712], [0.3436911340874185, -1.0753137166454927, 0.08581658998043917]], [[0.6414496959777611, -0.8573744785456966, -0.11542252477924331]], [[0.6454280213334278, -1.102476369397907, -0.10914109870282618]], [], [], [[0.4718742362874512, -1.0582646867996663, 0.5134749334661366], [0.4329988655508273, -1.0212059456412161, 0.7402974115261317]], [], [[0.4030885596268062, -0.9684966030970418, 0.4366047949900288]], [[0.39854425767740737, -0.9659632844621513, -0.022999094696473092]]]}