{"bodyId": "h0", "timestamp": 1630675666924026063, "continuousState": [[[0.4447577471234501, -0.9794201930994605, 0.8255193504149496]], [[0.6080085600930927, -1.1847807868617242, 0.5917107717045376], [0.3908800880049978, -1.0839595423640724, 0.8278105035719773]], [[0.5009103681509106, -0.8772888271359407, 0.537812325346949], [0.28679949049003406, -0.786308842414647, 0.6390994278177645]], [[0.43861478880388305, -1.22357214515036, 0.4888030956305638], [0.2101376483727772, -1.1335834871421553, 0.6021305360212007]], [[0.32947841691187774, -0.701650425654251, 0.36319621591820783]], [[0.24185926188736387, -1.2597416381040416, 0.2832918989235777], [0.10749084018552753, -1.178053977775373, 0.22449614277939942]], [[0.3906325511410546, -0.6859293447556675, 0.05621592328981092]], [[0.2055796178797761, -1.2261405741776168, 0.04747281189231558]], [[0.2745867651904341, -0.7921203027184117, 0.006807388531775586]], [[0.14475740113899435, -1.0944300775184925, 0.10719280910159751], [0.34419532791927326, -1.0704775106487148, 0.089425066743152]], [[0.6512509722729717, -0.8390628803030528, -0.09643478125647426]], [[0.6398787200178233, -1.0922464211145348, -0.11800207251505253]], [], [], [[0.46447391074960087, -1.0677946965611198, 0.5202647004742215], [0.4383549910600398, -1.0164900919316129, 0.7442072554317656]], [], [[0.3840466028578804, -0.9626112854023054, 0.4259996557743858]], [[0.39800418670598303, -0.9667464789107727, 0.005379013922561626]]]}