{"bodyId": "h0", "timestamp": 1630675666924026398, "continuousState": [[[0.4403199859869344, -0.9796117951722745, 0.8180555971318229]], [[0.6125732332747239, -1.1803964352767693, 0.581309310097135], [0.37832577837291526, -1.0834816710252773, 0.8145051031128483]], [[0.49644002184293723, -0.8857494544099618, 0.5390569490520346], [0.30475512407524297, -0.7975762247940206, 0.6514932693164532]], [[0.44325382719673606, -1.2219087526721855, 0.4819848406606777], [0.20837827566997702, -1.136024045446953, 0.6022606427882281]], [[0.36749899759938853, -0.7196719866456596, 0.39602944222351766]], [[0.2391657028350433, -1.263057497455551, 0.2928175920719793], [0.0849171609447576, -1.1929436183390416, 0.21113500196996052]], [[0.3836944137648877, -0.6793782540983319, 0.05332594503417908]], [[0.18444956971373536, -1.2642924577192234, 0.11912032137303459], [-0.28405068634384883, -1.1490727347891185, -0.5498279310459532]], [[0.2813082896007713, -0.8030915510106577, 0.014011248074298693]], [[0.14162317330270674, -1.100470209835577, 0.11207924321489918], [0.3430610087406717, -1.078243919414284, 0.08932064229866091]], [[0.6525663373980352, -0.8585745144124806, -0.09712977432417778]], [[0.6507040310602681, -1.105298655361941, -0.09843726069282138]], [], [], [[0.4593392206101815, -1.0770928969056226, 0.5245506922520901], [0.440330591567081, -1.0197536617147287, 0.7459340551446784]], [], [[0.4053764123980623, -0.9707903696589225, 0.4390071414420977]], [[0.397094755350371, -0.9795223621240288, 0.0074747344453606965]]]}