{"bodyId": "h0", "timestamp": 1630675666924026465, "continuousState": [[[0.43012036078128474, -0.9744635279115523, 0.809228346246246]], [[0.6054062482559298, -1.1892619967349682, 0.5926205674259124], [0.3827201035610269, -1.083813291458022, 0.8169942790326423]], [[0.49581640490586626, -0.8815264540922854, 0.5413995719963398], [0.3037423249930739, -0.7978115524377556, 0.6461818747714226]], [[0.4385483209849612, -1.2209672326646854, 0.48911153941726004], [0.20426310790487015, -1.1358093163062204, 0.6010305484018545]], [[0.36344298599303965, -0.7197335674709154, 0.3930259210243653]], [[0.23618059957949522, -1.2658932271491938, 0.2919184898430815], [0.08852397847436601, -1.1936145378581418, 0.226060805541802]], [[0.38882475722514437, -0.6833064597450524, 0.059069399157991254]], [[0.22587734360999354, -1.1938488098441666, -0.016522414045987262], [-0.24587884944995836, -1.1565317149256729, -0.4970040459701761]], [[0.17543179664658443, -0.8888786372597758, 0.1970636209193176], [0.25828164401593584, -0.8022721641099184, -0.005454895810617245]], [[0.14191412616299687, -1.1003790148839945, 0.11230574322406801], [0.34244812738201813, -1.0808105082302475, 0.0961591261417434]], [[0.609138333850648, -0.8435282358783267, -0.11375598535287486]], [[0.6381814776814081, -1.103528040472832, -0.1131649588157527]], [], [], [[0.47133333064757305, -1.0580252962516579, 0.5106746823223148], [0.43921994801167624, -1.020234501478992, 0.743982504822667]], [], [[0.40099565348900046, -0.9703504000678005, 0.44106873022081267]], [[0.3755262300068224, -0.9719536253811606, -0.0007251210644034223]]]}