{"bodyId": "h0", "timestamp": 1630675666924026532, "continuousState": [[[0.43305549152691514, -0.9783003764521732, 0.8161722726856053]], [[0.6104785448775424, -1.1845713776776579, 0.5893107439040534], [0.38610791001117445, -1.086365914063097, 0.8236144533909969]], [[0.504834951224594, -0.8778051195675712, 0.5437110825814947], [0.28194830936073256, -0.789128423679834, 0.6316384045954989]], [[0.4365394633827094, -1.2189837805563375, 0.48657932890194583], [0.19863849166250952, -1.138718003086257, 0.5945464852080006]], [[0.354383169445822, -0.7141563894498549, 0.3762520200287374]], [[0.23380213093640173, -1.265825388765213, 0.28398521959081857], [0.09336571549596988, -1.1847030820472169, 0.20685141551492553]], [[0.3863968248131728, -0.686020638893286, 0.04851247909391122]], [[0.22038831316184684, -1.2036913297874143, 0.004376331089952145]], [[0.29372936566039265, -0.8046222003275819, 0.015784150649133154]], [[0.1349522312820759, -1.0978262858384946, 0.11915984398263049], [0.349433616432887, -1.0783514803669214, 0.08602677653605748]], [[0.6889837443301906, -0.8687630135353458, -0.0951331686359074]], [[0.6486670107527116, -1.0998097447145179, -0.11769580040082883]], [], [], [[0.46192920197492554, -1.068522094495273, 0.523610457756228], [0.43378824165505625, -1.0204927210754609, 0.7394255943449535]], [], [[0.3954613164142657, -0.9665700850030963, 0.4314156744653416]], [[0.41196798780613325, -0.9832946496869202, 0.012013337673361546]]]}