{"bodyId": "h0", "timestamp": 1630675666924026599, "continuousState": [[[0.44053192796741747, -0.9797521079556036, 0.8177547202161073]], [[0.6113904181565161, -1.182262756724818, 0.5860335210529337], [0.3820148992700181, -1.0844841281507247, 0.8194080613749886]], [[0.4878943012740719, -0.8883958081906072, 0.550911266423496], [0.2668465030053485, -0.7861739384338629, 0.6336004750778277]], [[0.4380164825947192, -1.2245671055572547, 0.48517961303867346], [0.1972575694843497, -1.1371164689596251, 0.5982869452779428]], [[0.3438282348387486, -0.7108034456924666, 0.37737061038002523]], [[0.23504797631013008, -1.2697075759132705, 0.29410439021689694], [0.08539458410825386, -1.1949029895752301, 0.21340982162586988]], [[0.38357837793328553, -0.6819600625230295, 0.052955433747038566]], [[0.20764287253572775, -1.2217529042630622, 0.043550736762001864]], [[0.2594643323106811, -0.8012074750682517, -0.010045298072222977]], [[0.14127540341071113, -1.0998813494515924, 0.11225518909492394], [0.3388228816734156, -1.0789003554407819, 0.08478992121612396]], [[0.6250270449831393, -0.8456578050377915, -0.13462296291975986]], [[0.6200715259673816, -1.1024235641289557, -0.14546505743531543]], [], [], [[0.4713701920818807, -1.0570753245259412, 0.5086631152000421], [0.4366489292721408, -1.022367875030373, 0.7468602103515124]], [], [[0.39092235871673386, -0.9676852756248606, 0.43127511170934935]], [[0.3831512241969252, -0.972769577244692, -0.011183886912417965]]]}