{"bodyId": "h0", "timestamp": 1630675666924002345, "continuousState": [[[0.4216306657239206, -1.0589713289277558, 0.7932855270899167]], [[0.606867967469113, -1.2535067244343985, 0.5721513973922793], [0.26522052122297507, -1.147371996658478, 0.7337125561873874]], [[0.4629497054545454, -1.0078561410074958, 0.5115324489405221], [0.27324763876366476, -0.9042521009853339, 0.6278621034325765]], [[0.44508216200428835, -1.34200631573076, 0.47219411663200206], [0.21043483049028805, -1.2404207132585672, 0.5884481941047789]], [[0.3850628979376377, -0.754516479459977, 0.1387895128884095], [0.2977872484564566, -0.7963372802731139, 0.3504234967581428]], [[0.2889234731629702, -1.3815622675739518, 0.25232231696173224], [0.09890823321266043, -1.2973959649144808, 0.22628555694331318]], [[0.3678801423547143, -0.7378213915838102, 0.06026089775450464]], [[0.23753269653248657, -1.328232100368628, -0.019214638926611315], [0.21019266436748013, -1.268943963534204, 0.014987447395351182]], [[0.1548983219669322, -0.9864423300937932, 0.06597174785953644], [0.27821753585744524, -0.9105227005541544, 0.06202704104741338]], [[0.17696400623679143, -1.2249638581755544, 0.06338112766550216], [0.3282450254297546, -1.1676655163595733, 0.11664382563899972]], [[0.5567458341883799, -0.8930616254500143, -0.08752604272200437]], [[-0.059307305579133524, -0.8565329190174122, -0.6507313575146816], [0.5424024181642617, -1.1764708327804192, -0.04732998465566834]], [], [[-0.1002872632385097, -0.8325827778806582, -0.7488732889260484]], [[0.45650591110035305, -1.1760743453916065, 0.48464774226909524], [0.3674932845260628, -1.0995359763990993, 0.6955125860149729]], [], [[0.415072529970963, -1.0482613975953685, 0.30549181476020576], [0.2541110394733723, -1.0183789967658405, 0.4694358454314609]], [[0.36685492021258564, -1.0590127418127844, -0.012072457528251104]]]}