{"bodyId": "h0", "timestamp": 1630675666924026934, "continuousState": [[[0.44812919817459873, -0.9826558730148188, 0.8270979345524603]], [[0.3764112517784422, -1.0850333851613776, 0.8199388482319001]], [[0.4983908646311234, -0.8836905243319215, 0.5388611948188459], [0.2888273430986612, -0.7894193288665324, 0.6375064226328725]], [[0.42767507898444096, -1.2305248048288686, 0.49255635657786434], [0.21164556377359553, -1.1369836722453652, 0.6044314332327069]], [[0.5829224576237364, -0.3441100477745756, -0.007089881645480773], [0.3548160271125462, -0.7135865967564162, 0.37416822516279946]], [[0.23525235675564324, -1.268301517406792, 0.2845588215584066], [0.09644801172193411, -1.1798052157018069, 0.21700622500147962]], [[0.3925397590626542, -0.6884429516929541, 0.05818168233444453]], [[0.21022971571020105, -1.2143568422855042, 0.020729506755986678]], [[0.29860929402913394, -0.8059451401030434, 0.015807398326648354]], [[0.13788990856020955, -1.0982556367453202, 0.119262138939652], [0.3493048122418506, -1.0780970681019006, 0.08460197582792899]], [[0.6665661745409531, -0.8719910318427267, -0.13261466767051866]], [[0.6425081150448175, -1.1051299958033656, -0.1256198035091436]], [], [], [[0.4643645084119261, -1.0662211235663854, 0.5146063935884497], [0.4385266840294109, -1.0188048484405918, 0.7435203908922579]], [], [[0.5052987683040887, -0.7873174263017221, 0.24273323746619177], [0.28323079544307084, -0.9252851345008908, 0.48929982919775317]], [[0.40222804155058134, -0.9851233342940235, -0.006676264365433331]]]}