{"bodyId": "h0", "timestamp": 1630675666924027537, "continuousState": [[[0.4361767780678363, -0.973401242056059, 0.8164269528889362]], [[0.6072359768492579, -1.1922914968873095, 0.6023024583216838], [0.38596567225951434, -1.0824220878170068, 0.8229496897408941]], [[0.5110469046662821, -0.8666690722436355, 0.5399034790361738], [0.30111631636727476, -0.7976183363458881, 0.6479570025329127]], [[0.4377629325192764, -1.2238471337763757, 0.4881348334521111], [0.20911242366598184, -1.1392439877119118, 0.6072348579553486]], [[0.35506108357471683, -0.7145670580934901, 0.37365561218717924]], [[0.24036650903457774, -1.2665304228333536, 0.2873272337726057], [0.09680900980831485, -1.1980849534573643, 0.2210702870723287]], [[0.39069125623869966, -0.6889324120150859, 0.058819237782969595]], [[0.2153561835619348, -1.2102751951007134, 0.013099842353751228], [-0.3672177295649979, -1.1382941459957927, -0.6393233609507135]], [[0.21512757298037838, -0.7091439957703344, 0.0062503914800227], [0.28882315377743273, -0.8145239203897247, 0.0036847214912020263]], [[0.14867679407710618, -1.0733986643775952, 0.08858726560392392], [0.3234420623544247, -1.0788487060272598, 0.05369239496103819]], [[0.7180641433536823, -0.898355950300644, -0.06790475551011786]], [[0.6503419145214263, -1.114168846989668, -0.12274108306747734]], [], [], [[0.4688680710553669, -1.0607994518679238, 0.5167176606113942], [0.43697617878392314, -1.0202663897783721, 0.745220625315032]], [], [[0.3964120080469966, -0.9692070959349328, 0.4308952228196452]], [[0.43337046871539425, -0.9858773073391196, 0.01034125504690303]]]}