{"bodyId": "h0", "timestamp": 1630675666924027604, "continuousState": [[[0.4432807932248563, -0.9791425969776826, 0.8192665731852051]], [[0.6085990133960449, -1.1881069496007735, 0.6018071091042608], [0.38636822275792904, -1.087286944335815, 0.8247358853829933]], [[0.5137047008870459, -0.8612012474573049, 0.5409776955257677], [0.29336369784403976, -0.7918267594984063, 0.6459618160224293]], [[0.4380243087934537, -1.2272406770040847, 0.48875470063252113], [0.20665715517728062, -1.1387982345004968, 0.605557787323902]], [[0.35888236001984936, -0.7168731218527241, 0.3797678351930474]], [[0.23678780186888337, -1.2719847413999714, 0.28440905144254863], [0.09828431357838326, -1.1955144775686908, 0.2246151540259673]], [[0.3842159141642974, -0.6875348763447914, 0.054296428949562596]], [[0.21711934247162487, -1.2004869703094905, 0.007179229737671676], [-0.4117568010247503, -1.1296949815956439, -0.6853689930860721]], [[0.22132567950760193, -0.6870387889462974, -0.0011079005877502367], [0.2448900825916744, -0.7882648871638456, -0.041226832101932814]], [[0.14454879427434708, -1.1095443225382395, 0.16738229560652962], [0.35052058129090846, -1.0804211131376582, 0.08421191172070167]], [[0.6992352545839092, -0.8805884971376464, -0.08935862910908418]], [[0.6350347721252652, -1.1088330803847197, -0.14137764351010673]], [], [], [[0.47048579920231787, -1.059935292312453, 0.5168851398877804], [0.4402026499871565, -1.0207958374568273, 0.7491722292009934]], [], [[0.39845333440665154, -0.9720568994284045, 0.4342612679127843]], [[0.42189202442912815, -0.9950664098379429, 0.03901183324872272]]]}