{"bodyId": "h0", "timestamp": 1630675666924027671, "continuousState": [[[0.42764078547490975, -0.9713085727337857, 0.8064862569973767]], [[0.606543449703863, -1.1933412395015344, 0.605191738613765], [0.3888862966621714, -1.0849074041480569, 0.8252592532928076]], [[0.4961892059560634, -0.8802510015601013, 0.5463927317800594], [0.2880941481655111, -0.7939297323842343, 0.6424666344480365]], [[0.43778125868059287, -1.226063933850914, 0.4893674415595983], [0.19142523251934018, -1.1346873416840408, 0.5980698107473713]], [[0.34871078796825555, -0.7129509549152931, 0.3739410685320763]], [[0.24753595287477895, -1.2694627727078878, 0.3001569055949333], [0.09691652117233229, -1.1943215141242656, 0.22825647086525738]], [[0.3877162555362745, -0.6897580472008401, 0.054271351074781704]], [[0.2143866175917854, -1.2068644492710718, 0.013402207296496953]], [[0.22101557394433224, -0.703302514736354, 0.00018718936507343642], [0.25935064865643925, -0.7975241278552907, -0.023932871670941724]], [[0.1449982889051272, -1.1122423692656294, 0.16855602993187518], [0.3499023345310675, -1.0812643578026646, 0.08647912793411455]], [[0.6929513843496411, -0.8746868675829458, -0.09650437613303825]], [[0.6569480092664626, -1.1083014412500989, -0.10543194536226201]], [], [], [[0.47199008632455314, -1.0578413221188339, 0.5124924036702008], [0.43858101709849895, -1.020712157778692, 0.7496333384552933]], [], [[0.3932460233244242, -0.9695074443831035, 0.4316542550458373]], [[0.41897483662738416, -0.9934646184242876, 0.03602582689941847]]]}