{"bodyId": "h0", "timestamp": 1630675666924029346, "continuousState": [[[0.4449701218485586, -0.9856970235248904, 0.8403995559810334]], [[0.4139350751006291, -1.0796170801519966, 0.8679798396544925]], [[0.5133153367619239, -0.8640731041059234, 0.5375940751522496], [0.306168158803277, -0.8133468157065097, 0.6530674961304487]], [[0.4337985919504534, -1.2381937550167545, 0.4898658153066866], [0.1995680789201233, -1.1454639951878682, 0.598559431150102]], [[0.35107014505462075, -0.7145426691416852, 0.37222739752213235]], [[0.2533584736539718, -1.2620102258667785, 0.2950870484076252], [0.09877555216575433, -1.1774874565722686, 0.21447883552836744]], [[0.38726483897075265, -0.6878289485706774, 0.05031527865768112]], [[0.1841102267629646, -1.261860224914483, 0.1218014654890908]], [[0.22308900508406537, -0.682756680422375, -0.0026299488195031698], [0.318835659171265, -0.8154254579048742, 0.040415430527297305]], [[0.1446373896827178, -1.1098325209426925, 0.17649220873044805], [0.3473048212212564, -1.0697578203823885, 0.08228668675529298]], [[0.6593440652916195, -0.8489406910901315, -0.14166794447747952]], [[0.654521860564395, -1.0919626734784962, -0.10723028431064767]], [], [], [[0.47676037834174684, -1.056142543519406, 0.5018112800623322], [0.44157671705633494, -1.0295994193166593, 0.7489157777152654]], [], [[0.3924343685025371, -0.9763682120792199, 0.4310466064144095]], [[0.40199072748716863, -0.979386606016412, 0.017412132126484264]]]}