{"bodyId": "h0", "timestamp": 1630675666924029413, "continuousState": [[[0.4338843193252103, -0.976870770534536, 0.8186773399452565]], [[0.6307555059862896, -1.1799945163587813, 0.5656642470802733], [0.3831068891451837, -1.0748533841989933, 0.8429261353076182]], [[0.5096219894282968, -0.8745360574224347, 0.5485697171040032], [0.29839304002119454, -0.805583866230551, 0.6498564265277211]], [[0.43501532779594226, -1.2299130453770377, 0.4919077259162201], [0.18949478428587258, -1.13984358823891, 0.5945898430877152]], [[0.3485820665422284, -0.7104678787410752, 0.3680397235524499]], [[0.25232668482846105, -1.265573656483909, 0.30013272946866754], [0.09774231359878513, -1.1862615355032047, 0.21732493193102642]], [[0.38658802672886644, -0.6869777649710558, 0.04807383913970943]], [[0.18193319205560682, -1.2670111505302502, 0.12781016965230832], [-0.2524295135123555, -1.1513244946662338, -0.5220051599836208]], [[0.3093128072363133, -0.8101016713206018, 0.025827841397848942]], [[0.15908959873084502, -1.1254025288174703, 0.20788912186337097], [0.3412241013703097, -1.0746737616383357, 0.07106010924285897]], [[0.7044612157537424, -0.866611013629054, -0.08341678818969149]], [[0.661006062417425, -1.0994299980886035, -0.11050766876373927]], [], [], [[0.4716167302580729, -1.0603732101290948, 0.5146174535692227], [0.44502961564699806, -1.029049768293492, 0.7527933648463063]], [], [[0.39179869716908533, -0.9701904620590565, 0.42997372473433504]], [[0.43177540724229374, -0.9960067712232621, 0.06223616683683974]]]}