{"bodyId": "h0", "timestamp": 1630675666924030083, "continuousState": [[[0.4397551719040532, -0.9789206738445779, 0.8583221955832945]], [[0.6576743668667846, -1.1641647041771093, 0.5543788762319198], [0.4239235814888948, -1.0731977243561845, 0.882690877461386]], [[0.5149313727097644, -0.8740020407749932, 0.5414159550882096], [0.2862749710981236, -0.8035714673349634, 0.6510741507240835]], [[0.44301535593949876, -1.2261398500233167, 0.48574114358972836], [0.17621021251902744, -1.1354125696309958, 0.5879447734113141]], [[0.34774275138148847, -0.7131172590545145, 0.3685859901848646]], [[0.25455199302295983, -1.2619238149513412, 0.298472951173964], [0.12741095351950388, -1.1810731598548307, 0.24094865150783426]], [[0.3827613912977902, -0.6832764979689763, 0.05209962333313251]], [[0.2197679870178864, -1.2084578237694292, 0.01153065254653825]], [[0.26305303154837495, -0.7886932840409536, -0.013783911689952447]], [[0.15909751732788924, -1.1276333100747857, 0.20514540307059906], [0.3465839947672912, -1.0704127661441516, 0.08636546863218927]], [[0.6925298658347563, -0.8628403435420172, -0.08701038551048441]], [[0.645201613873699, -1.0919444592684473, -0.11493809113690895]], [], [], [[0.4682179515034842, -1.0701061768272124, 0.5209487330222691], [0.44330860217772966, -1.0288252698076277, 0.7566940708524487]], [], [[0.39537905366049364, -0.9696285545389156, 0.4271635668872965]], [[0.42581369158132276, -0.9952368268084015, 0.05906750878005732]]]}