{"bodyId": "h0", "timestamp": 1630675666924030150, "continuousState": [[[0.44418626813532297, -0.9844402764323537, 0.8515110962566836]], [[0.6218051376899753, -1.1935915412002143, 0.5900824387366974], [0.42019494987727396, -1.0784190007278398, 0.8749440693429487]], [[0.5159425664720504, -0.8695651321153175, 0.5408788177173657], [0.3056953643952793, -0.8124750076650206, 0.6538511828394364]], [[0.4348784851679423, -1.2317105918706406, 0.4919985623937708], [0.20474021576602444, -1.1407747960546257, 0.6043422854809732]], [[0.365912586745917, -0.721846009223161, 0.3828570810893189]], [[0.25429513843773766, -1.2626345913031265, 0.29258776554152155], [0.1178151980659361, -1.18959905857241, 0.23844195153090778]], [[0.38292578532312654, -0.6854642355778555, 0.04652260436334268]], [[0.19263167497951206, -1.2493214273894682, 0.08985581365731082]], [[0.2251295721664514, -0.6929076619743605, -0.003986691334857823], [0.2660129461654851, -0.8025617901497303, -0.013816565160931531]], [[0.1508453674116903, -1.1060017539908753, 0.16536556070449795], [0.3472386362530804, -1.0804235550561065, 0.08679140521774162]], [[0.6758812045964062, -0.8655891026447528, -0.11539911514124537]], [[0.6448605980364437, -1.104393319286699, -0.11372223807342288]], [], [], [[0.4669130871669954, -1.0683829265585616, 0.519977239996621], [0.44184078838760504, -1.0282260469081514, 0.7504942866189656]], [], [[0.40039553595692967, -0.9767783005469008, 0.4374278217415448]], [[0.41336328600404826, -0.9857954283178141, 0.02498322278162629]]]}