{"bodyId": "h0", "timestamp": 1630675666924030284, "continuousState": [[[0.43067485236506353, -0.9762383989052223, 0.8393501582512365]], [[0.6051893506197614, -1.208747675140336, 0.6051118130958214], [0.40496138459572467, -1.072073149011117, 0.8613413302670467]], [[0.5149888330436413, -0.8713572522295169, 0.5405010803075565], [0.29546098890102485, -0.8095575770874204, 0.6479029279722]], [[0.43739703561033005, -1.2314948862287762, 0.4896306287887452], [0.20850679743446154, -1.1472459757721936, 0.6047612237056929]], [[0.35917410741317096, -0.718744240790264, 0.379015853718945]], [[0.25239624567383, -1.2680472915599768, 0.29991009879136366], [0.11307740613380178, -1.1891585369427002, 0.23641651399091052]], [[0.37668568750010833, -0.6794961269441979, 0.04590075477410551]], [[0.21823972639695693, -1.2100304560947992, 0.013602315111111011]], [[0.21857187862114302, -0.7158388773201673, 0.011878295714840987], [0.29191950439267, -0.8067421991016692, 0.019327148122230027]], [[0.1578346598064329, -1.1284916182601856, 0.20386627931015233], [0.3436013521309135, -1.0753242963020893, 0.08757165497506321]], [[0.6521985369876779, -0.8569346385119233, -0.0996099270345901]], [[0.6419124666617779, -1.1022920125609363, -0.1127903176604948]], [], [], [[0.4737779848117923, -1.062909724547059, 0.5116019147219739], [0.4418943354942457, -1.0308289068590135, 0.7499013962649488]], [], [[0.3982855715117505, -0.9751195635095201, 0.4343232412538451]], [[0.4050165983970554, -0.9927131283860544, 0.05212817613778112]]]}