{"bodyId": "h0", "timestamp": 1630675666924031155, "continuousState": [[[0.43939771524740306, -0.9798680866351881, 0.8536661564747082]], [[0.6178197537661875, -1.1976829346774907, 0.5904425217551751], [0.41449172046599597, -1.0757814259018996, 0.8762445287507662]], [[0.5092428450117156, -0.8615527601551478, 0.5315721117142923], [0.30929969267307594, -0.8136969525258717, 0.6522522056382452]], [[0.42328669225709364, -1.2384248048165158, 0.5060912698487364], [0.21241734717916846, -1.1422534414050476, 0.6056611531485537]], [[0.3593206619128989, -0.7192576606162411, 0.37872397286550674]], [[0.2545845861844327, -1.2640020204595672, 0.297161603490779], [0.11464301448162383, -1.180157908913976, 0.2263643994133872]], [[0.3834398455891203, -0.6864163901110135, 0.052236480274806124]], [[0.21791188114781188, -1.2075724402387638, 0.005742968789150837]], [[0.21879771438452172, -0.6999405123006941, -0.005544799930963791], [0.2755934257078609, -0.8031236322140686, -0.009836359418042775]], [[0.14565501891275567, -1.1156145401901518, 0.17073848981084985], [0.34484744494173786, -1.0713826220541363, 0.0752703660979223]], [[0.6519869231655586, -0.8599325399474858, -0.10322467099815322]], [[0.6439887670324349, -1.0941650107102754, -0.11546670923620991]], [], [], [[0.46925038154467397, -1.055737699438772, 0.5109352384255698], [0.43591232713582895, -1.0268995178353888, 0.7436120041878814]], [], [[0.39130367708499625, -0.9788412327163785, 0.4424076213571216]], [[0.39882097103915715, -0.9877735400688188, 0.03375690940634832]]]}