{"bodyId": "h0", "timestamp": 1630675666924031222, "continuousState": [[[0.4356027370961103, -0.9762468704351621, 0.8543516928436677]], [[0.41017934636046427, -1.0759151338516308, 0.8768396655711721]], [[0.5095741450261838, -0.8622212543140999, 0.531335677967032], [0.3003940982915642, -0.8050215356227619, 0.6473955985886309]], [[0.4306046626286688, -1.233677943478333, 0.49355148882916533], [0.21102150731142091, -1.140288143826876, 0.6029272157723194]], [[0.36411307198455733, -0.7178009317774698, 0.3810611096182988]], [[0.24018209230499876, -1.268226779189741, 0.2861348925419213], [0.11604136225694742, -1.178568183355231, 0.20682694236565]], [[0.3838359033329764, -0.6865428078830136, 0.05005986067029153]], [[0.19784111552666026, -1.2405451665261127, 0.08791985231962826]], [[0.22255278253653643, -0.6684754159603468, -0.012285269387031804], [0.3076485789939177, -0.8124761164471267, 0.0209237552990553]], [[0.14338101155245805, -1.1033271556986863, 0.17068685953535714], [0.3484455340269731, -1.074158225894464, 0.07500833521306823]], [[0.6899200776893994, -0.8728348591063105, -0.0955156532062747]], [[0.6519363443653797, -1.0965878324314595, -0.1130441040589526]], [], [], [[0.4718247176530659, -1.0565184608952387, 0.5066412849120695], [0.44367939521494715, -1.0265691746856245, 0.7484627804632743]], [], [[0.3973588673066131, -0.9757394376279014, 0.4373062992237321]], [[0.41665054462092876, -0.9880810074024984, 0.03758560316454122]]]}