{"bodyId": "h0", "timestamp": 1630675666924031356, "continuousState": [[[0.4484598953316829, -0.9869324055258164, 0.8602873944441519]], [[0.4240103646926302, -1.083741262548754, 0.8771731980578503]], [[0.5062143247011084, -0.868547842318602, 0.5332674926686708], [0.3029987239043587, -0.8110061303552903, 0.6526905746383082]], [[0.42584384293630895, -1.237224281499396, 0.49777371352785177], [0.20224532275007914, -1.144339952556544, 0.6019087045360907]], [[0.3457377013120331, -0.7101843813304041, 0.3684722022373537]], [[0.24131691317179654, -1.2671720008858773, 0.2927476010892419], [0.10557564742017371, -1.1854202637452484, 0.21890991884488062]], [[0.3825571553796149, -0.6871282443600244, 0.05158690181885663]], [[0.21917495350859764, -1.2038291138318724, 0.008868809363310675], [-0.25508206480561035, -1.146080496922158, -0.5470880449359058]], [[0.2263584224412166, -0.6659125593387437, -0.016368487774993355], [0.31086088103935683, -0.8134063426544023, 0.03302142520187226]], [[0.1442222449511169, -1.1095484019942436, 0.17643416786358898], [0.3495069578596278, -1.0758362611482857, 0.0847970964627607]], [[0.6855972188390399, -0.8668360450468579, -0.09531412822797279]], [[0.6523610153946307, -1.091628955402299, -0.10766693286129839]], [], [], [[0.46272831073805, -1.0680634459724982, 0.5151226106052806], [0.432981586192082, -1.028170634515242, 0.7454843195441918]], [], [[0.385790772124171, -0.9737043314149, 0.43312295788260274]], [[0.4149097318950784, -0.9881922235205507, 0.040560019817808095]]]}