{"bodyId": "h0", "timestamp": 1630675666924031624, "continuousState": [[[0.4560833317574504, -0.9886155793215776, 0.8517839262584557]], [[0.6222592006961911, -1.1861797998760428, 0.5898069836361167], [0.42735665965491376, -1.0826619870893308, 0.8665191932784034]], [[0.5205922477798774, -0.873009434807944, 0.5360792861045065], [0.29349295974984535, -0.8024791490585694, 0.6469344004785291]], [[0.43159957227158774, -1.2319057886250866, 0.49922205986099016], [0.19550261364924587, -1.146037036784535, 0.5954651027011805]], [[0.35401757770933184, -0.7175035651753018, 0.3744067323659483]], [[0.25147874830647443, -1.2689058828622628, 0.3067530909799177], [0.10126953879054168, -1.1884319554704952, 0.21891759722494247]], [[0.38626550198808673, -0.6856699879157705, 0.06352734283759423]], [[0.194607661418447, -1.2525657207044587, 0.10080519441593287]], [[0.2522904301817807, -0.7883640093100187, -0.02285715001929134]], [[0.1613492796502393, -1.1360655378225393, 0.21821535830478866], [0.3463091078019772, -1.075408414065934, 0.08571333669392629]], [[0.641118131135089, -0.8545234260070119, -0.10949692835618635]], [[0.6311126894794565, -1.0828962998230387, -0.1311108984486]], [], [], [[0.4738752194607801, -1.0631408977074783, 0.5141510465549464], [0.42670319136554824, -1.0268620373973605, 0.7406902648047801]], [], [[0.3928085749904598, -0.9747046769001941, 0.4368143961134692]], [[0.4012337053926641, -0.9952944819147755, 0.05435921497430116]]]}