{"bodyId": "h0", "timestamp": 1630675666924032562, "continuousState": [[[0.4247974851209508, -0.990632830573523, 0.8686381096206454]], [[0.6590880444097961, -1.1544701566182802, 0.5389531710151374], [0.4098798098737609, -1.07529304895863, 0.8888421443424455]], [[0.5158414796438273, -0.8773458396166359, 0.5384811722092289], [0.3104069217632011, -0.8079783810545241, 0.648695794237238]], [[0.4274245672667344, -1.2344176730158651, 0.5018040083378851], [0.2036044379113339, -1.1354987669795844, 0.6019403406755646]], [[0.35523017271734125, -0.7130377778746971, 0.36061234303243805]], [[0.255811614897015, -1.2562001424574705, 0.2923007063473376], [0.10645191761353454, -1.1837851960317909, 0.22632043788144643]], [[0.3916322429634756, -0.6945094284023127, 0.04663580990908144]], [[0.19019441188806202, -1.2499919872758558, 0.10782504045276414]], [[0.26611304718448925, -0.7935198282157173, -0.010483285996030418]], [[0.159592365510931, -1.127005693747611, 0.20583306901502624], [0.3472241613682736, -1.0723863130756992, 0.0851446814294045]], [[0.6304694599862062, -0.863176632036194, -0.07784075318154374]], [[0.6329763539119745, -1.0873583974097838, -0.12127287521336734]], [], [], [[0.473018225197588, -1.062536440365232, 0.5140427159489331], [0.436107434421687, -1.0242591816496476, 0.7438925857460623]], [], [[0.3913273699920378, -0.9737277254452812, 0.43120817568516157]], [[0.3950309127485686, -0.9950911628919025, 0.06399615791674125]]]}