{"bodyId": "h0", "timestamp": 1630675666924033098, "continuousState": [[[0.443992339935111, -0.989599955543782, 0.8589303259285321]], [[0.6588956823768554, -1.1520634913214851, 0.5364210658367159], [0.428305905198951, -1.0726608788514953, 0.8853703318730994]], [[0.5133974435317639, -0.8774627995287976, 0.5449167319680419], [0.2899407071119497, -0.8038320262168136, 0.6397394998809205]], [[0.4370276933379834, -1.223695123555128, 0.48252544685885934], [0.20498451055816758, -1.1342523030847211, 0.6036994504715038]], [[0.35788599064375876, -0.7183847475142325, 0.3643281308958053]], [[0.24734558346817692, -1.2707814728414024, 0.30844603083145444], [0.10210462375566044, -1.1763969116521331, 0.22683312425775784]], [[0.3686896021913344, -0.6839820054075288, 0.02901604017004456]], [[0.18730944611055572, -1.2589777913603692, 0.11229055262443717]], [[0.28399008392612834, -0.8030892198838887, 0.012203728842070176]], [[0.15957214866705385, -1.1300413411887342, 0.21048065500799748], [0.3441053123718286, -1.0689189004495339, 0.08657122835080577]], [[0.6148662172680568, -0.8631742938684956, -0.09552845539611826]], [[0.6194677600388953, -1.083349054891099, -0.13592319395736627]], [], [], [[0.4715041443382011, -1.0639438560985064, 0.5135874120780384], [0.42538973542800657, -1.0229454744281141, 0.7398848897742037]], [], [[0.39745684199087106, -0.9710399355346804, 0.4234267888773323]], [[0.3872191829675553, -0.9966078175286149, 0.05747609980593961]]]}