{"bodyId": "h0", "timestamp": 1630675666924033366, "continuousState": [[[0.42881810723671243, -0.9913916192289113, 0.8682385860062152]], [[0.6651010132805247, -1.1483375979710095, 0.5344689452304615], [0.42185518316935416, -1.0772433723596413, 0.8828953571135143]], [[0.5136837514403557, -0.873999185433558, 0.5433377437210973], [0.3060838650701951, -0.8127951726527629, 0.651645278771859]], [[0.42694010787316033, -1.2335219302829372, 0.4902132991082139], [0.20595650468825738, -1.1370787907426427, 0.6051635159292896]], [[0.47066978863167896, -0.6688360314125614, 0.6907331540754399], [0.3534972247613123, -0.7178621521712748, 0.3635119560891055]], [[0.24601192483173231, -1.2694051554424564, 0.3059153853218372], [0.10616377319144521, -1.180922841488389, 0.22726734138126517]], [[0.44131328390868413, -0.5433500438796934, 0.7870995262163559], [0.3779662111229027, -0.6879251886782973, 0.039273210673865376]], [[0.1857736841795093, -1.2540798550261825, 0.10133353986664065]], [[0.2745635527328959, -0.8073171362170053, 0.0054195090047376195]], [[0.14799414133152447, -1.112107936552781, 0.16905279876807663], [0.3449205574238233, -1.0713230542291001, 0.08832195080878205]], [[0.6244814967336185, -0.8673052439780545, -0.08081961611952784]], [[0.6299386036806218, -1.088321219477887, -0.11920084354445043]], [], [], [[0.4741811301497595, -1.0589024277464183, 0.5064770690237059], [0.4278656355217074, -1.0255237163749398, 0.7427478111426885]], [], [[0.4488049482524197, -0.9511789808477493, 0.5904732265918269], [0.2797268647247848, -0.9274704714569588, 0.4843377360091976]], [[0.3862378190325715, -0.9897065902654179, 0.044116591324274396]]]}