{"bodyId": "h0", "timestamp": 1630675666924033567, "continuousState": [[[0.4602675389778501, -0.9865441256967069, 0.8353267147325754]], [[0.6548537926252338, -1.1571549522065703, 0.5413902092351675], [0.42879978376487066, -1.0748962933049242, 0.8678679512897465]], [[0.5164411382433173, -0.8665908256420376, 0.5430706642922909], [0.2905426601136994, -0.8038629072721115, 0.6356755579994238]], [[0.4297795233726279, -1.2292664406184108, 0.48797558594914836], [0.20161811711934752, -1.1328604642672593, 0.6001014514028138]], [[0.4727184574698485, -0.6716473812265126, 0.6874766447440291], [0.3567908690597117, -0.7154629786058548, 0.3613999260938613]], [[0.2375171453339929, -1.2694335910959593, 0.2904247688228249], [0.10545998366149388, -1.1784583544624312, 0.22702710080014482]], [[0.4413299072939182, -0.5442878480459774, 0.7878293333294194], [0.38955245778324843, -0.694432167138961, 0.047684965628796365]], [[0.2127480023867368, -1.2106222691607176, 0.0140114434119821]], [[0.2210841797727387, -0.7024414978065447, -0.02166979049142037], [0.28255187943791155, -0.810784509237614, 0.009221111458888572]], [[0.15233999875619417, -1.0738503559094665, 0.08513314920434095], [0.345696897794013, -1.073045658236442, 0.08697651824518039]], [[0.6266106683976582, -0.8637187619612545, -0.08283641561081481]], [[0.6318953999759733, -1.0905387760750245, -0.12380609061553241]], [], [], [[0.47612896647358277, -1.053597343194704, 0.505716410693587], [0.4357788858966874, -1.025451865361322, 0.7440750977226037]], [], [[0.4512489904212382, -0.9504569109224617, 0.5877261153465887], [0.2792044930895296, -0.9241617214365571, 0.48075068874833754]], [[0.3894753335769262, -0.9687845589353605, 0.00114836679676307]]]}