{"bodyId": "h0", "timestamp": 1630675666924033701, "continuousState": [[[0.45578813722099587, -0.9923817420245516, 0.8464803231349735]], [[0.42534693735677614, -1.0742736733140588, 0.8691514148752526]], [[0.5087121776118575, -0.8788064222063797, 0.5466311280881742], [0.29821334403494437, -0.8068312956110362, 0.6399862125408511]], [[0.42530662556350896, -1.2387768196571187, 0.49911046550815297], [0.20650165306828308, -1.1351316272010699, 0.6032125711140593]], [[0.3546579163712611, -0.7170428317520593, 0.36054215608437085]], [[0.24863234168707407, -1.2711808415555979, 0.3049726097167497], [0.10218136661750213, -1.1829843949283063, 0.22869161743956648]], [[0.395050704246579, -0.6973598523649382, 0.05151489311739465]], [[0.1846428000808025, -1.2580886049162492, 0.11395965356782904], [-0.27767750371849004, -1.1453918662628662, -0.5343010907678365]], [[0.30088267925990475, -0.8234548621882197, 0.03562525959976188]], [[0.15971609237968892, -1.129781087107473, 0.20544859438882054], [0.3304744482809535, -1.0707263691667341, 0.07747396335299846]], [[0.617883774839142, -0.8628728793472309, -0.08949914291526374]], [[0.6217834002908996, -1.0943253556352093, -0.12961971598142394]], [], [], [[0.46852882012958397, -1.066474407125253, 0.5155302035586251], [0.43012852877660884, -1.0243170922397447, 0.7400798848514489]], [], [[0.389982270967385, -0.9779098257045891, 0.4298263107962619]], [[0.38879993360941545, -0.9963269832273519, 0.0579747257367784]]]}