{"bodyId": "h0", "timestamp": 1630675666924033835, "continuousState": [[[0.4413911300475038, -0.9855620256713429, 0.8532390513492972]], [[0.6239110230557874, -1.1802634918145714, 0.5760619460176805], [0.4181800692645145, -1.0708510909873346, 0.8774177616146306]], [[0.5079191074476054, -0.8793697007236201, 0.5484532216509713], [0.29680063086040287, -0.8088142624495, 0.6463293407680626]], [[0.42952150171598275, -1.2343165173253674, 0.4951577573167483], [0.21162371596970364, -1.1342845337240268, 0.6099280454095749]], [[0.35300626909225663, -0.7135538217399339, 0.35844402895648614]], [[0.2486342948666972, -1.2664488067528914, 0.3027207189128353], [0.09614528344188465, -1.1724078885891895, 0.21395975910805487]], [[0.39095606600128396, -0.6968235027593054, 0.050323139825628686]], [[0.18142581189842388, -1.2620828540036872, 0.121428212211571]], [[0.26101494792506175, -0.7980598536452799, -0.017973050833624257]], [[0.1544347167316751, -1.1160157366643175, 0.15838920942076676], [0.3462301346753743, -1.0692070446599338, 0.08213827453346038]], [[0.6351233170697428, -0.8603335447713124, -0.12101402654996764]], [[0.6424488619869357, -1.0895042212664103, -0.11418926072721206]], [], [], [[0.4706529027590462, -1.0643023865963022, 0.5141864877292003], [0.43050521956691523, -1.0256181221648104, 0.7459002283319784]], [], [[0.3912638854041197, -0.9739351695326506, 0.42680089313661723]], [[0.39477901690070893, -0.9881746407178149, 0.01868759143539956]]]}