{"bodyId": "h0", "timestamp": 1630675666924033969, "continuousState": [[[0.4497518034111181, -0.989556047096263, 0.8580973697356675]], [[0.42075506214258074, -1.0748760548680802, 0.8765785505524103]], [[0.5095589099431507, -0.8754249719797663, 0.5453233957018019], [0.30525957868240855, -0.8124116904991433, 0.6511410876232956]], [[0.43892344089689933, -1.225523053086868, 0.47848956672429005], [0.21153004751107096, -1.134930550246642, 0.6099184779211696]], [[0.347688033344416, -0.7104230235422623, 0.35606514277991075]], [[0.2497848045172547, -1.2682234403048664, 0.3009292189678538], [0.11414154778513921, -1.1749638657923656, 0.23298024051167227]], [[0.38912375060188265, -0.6950066952460737, 0.04812076325438375]], [[0.20290293844462023, -1.2291476600261029, 0.05060362019993932]], [[0.2819478106158365, -0.8116097711808921, 0.009832005381006639]], [[0.15365822470820262, -1.1180074318218214, 0.16062706118750247], [0.3442789839628476, -1.0724849181644045, 0.08727161830122486]], [[0.6249292592769966, -0.8643818259564027, -0.08409045417656967]], [[0.6359366812643034, -1.0939154389903019, -0.11162558248592973]], [], [], [[0.46865973837326286, -1.0656267337858698, 0.5135075105567525], [0.43356099106102286, -1.0257862763997527, 0.7468607357634741]], [], [[0.39330573712065764, -0.967973038314565, 0.41727735475210037]], [[0.3892937419925996, -0.991194628889112, 0.0382683035054664]]]}