{"bodyId": "h0", "timestamp": 1630675666924034371, "continuousState": [[[0.4208778184592691, -0.9888187755181089, 0.8609116929538534]], [[0.4201624517759128, -1.0748494176370578, 0.8806296202774384]], [[0.5058055854088448, -0.8773118508219452, 0.551189967805374], [0.30941356154454636, -0.8100467110265135, 0.6511988975379377]], [[0.4305559167980343, -1.2332558731745737, 0.48719119884086026], [0.20940295553062152, -1.1307242385693321, 0.608576341278042]], [[0.4733868237135867, -0.6686278430463692, 0.6884751049342065], [0.3471076995090921, -0.7104613814213558, 0.35187881097369655]], [[0.24611270397677817, -1.2713620363618192, 0.3020801855097668], [0.11788754155029414, -1.174991863224094, 0.2314394004694161]], [[0.38273315158681726, -0.6896814447358883, 0.040996268223788095]], [[0.19314231052409964, -1.2457443220278015, 0.0911200058351983]], [[0.2675475579765432, -0.7949481717052217, -0.012616107219155537]], [[0.14968119411175934, -1.1115605603880025, 0.16377575798741442], [0.346753566518194, -1.0673238044480486, 0.08184410038050305]], [[0.6307063464036046, -0.8566443807479321, -0.13264835814425124]], [[0.649155124494525, -1.0914721630249369, -0.110078328377861]], [], [], [[0.4681081896376174, -1.0636500845501455, 0.5131335184235459], [0.4342767109511917, -1.0231731169250775, 0.7464661623842173]], [], [[0.45197137025581047, -0.9509418581104715, 0.5878331518875334], [0.2782553275198568, -0.920592809995344, 0.4802275761258693]], [[0.390193770257682, -0.9841024705679673, 0.015563699921581589]]]}