{"bodyId": "h0", "timestamp": 1630675666924034438, "continuousState": [[[0.4267592456369143, -0.9869115488772866, 0.8652220904709649]], [[0.4220791692754724, -1.0747718068152643, 0.8831048136576869]], [[0.5085491820740033, -0.8789316089442711, 0.549097721713667], [0.3040364567106617, -0.8108940339668965, 0.6513782670352225]], [[0.4285346197312228, -1.2339424552890637, 0.4895450839397098], [0.21168743987643143, -1.13819480889217, 0.6107005589298071]], [[0.47579484273123995, -0.6695198881369337, 0.6866547245180763], [0.3424553862109358, -0.7103696217875668, 0.3496732058763457]], [[0.23916142777396232, -1.2711894852157912, 0.28893059398356624], [0.11118663348416999, -1.1790560813620796, 0.23103229422898902]], [[0.4444204803831878, -0.5499482701543277, 0.7833513119751603], [0.3779300622518606, -0.6882141615976242, 0.03433641905663285]], [[0.1961152649407369, -1.2381884323584686, 0.07522646643826579]], [[0.2696528603741026, -0.805190310290603, -0.0058942613532003635]], [[0.15841833088874335, -1.12765190425123, 0.2034205734691079], [0.3466415097083793, -1.0750443265959564, 0.0853590540423561]], [[0.7079760211486844, -0.9020514995321748, -0.014629389947045638]], [[0.6402548984323994, -1.094179083454147, -0.11887505079316565]], [], [], [[0.466622956344063, -1.0679034405169892, 0.516155122679591], [0.4352701818226553, -1.028025241018833, 0.7491365030729413]], [], [[0.45216473123123135, -0.9517311717129987, 0.588099904228893], [0.2770714130436836, -0.9242822153398684, 0.4801868824030764]], [[0.4331971760187139, -1.0148517018917025, 0.09439559176103114]]]}