{"bodyId": "h0", "timestamp": 1630675666924034639, "continuousState": [[[0.43787496019486527, -0.9908751954751346, 0.8731094301208736]], [[0.4243931835270962, -1.078180227152119, 0.8827254325151485]], [[0.509718162776045, -0.8806695933987753, 0.5473403531404113], [0.3059261643647981, -0.8075652914468584, 0.6512593157311697]], [[0.4236671275215445, -1.238474754008322, 0.49439504499186726], [0.21682064200822515, -1.1371507343867462, 0.6125162459277842]], [[0.4715120423927213, -0.6713776511648748, 0.6895930612807795], [0.3470658363733717, -0.7114420794358207, 0.35501863583533916]], [[0.23719187695523822, -1.2761327686809099, 0.29387164377674024], [0.10909154756000748, -1.1811734549252653, 0.22509248562899348]], [[0.39469041209618333, -0.6983418647276146, 0.05506406066304271]], [[0.20372236426065138, -1.224509518264609, 0.04348219666293971]], [[0.22176862801243818, -0.7205111240581578, 0.0028123048251843556], [0.25468845355350095, -0.7899655227651954, -0.022980826751644146]], [[0.15869730701367826, -1.1232475341577344, 0.19979858203932419], [0.34739767866028887, -1.0719981606476423, 0.08499962285343167]], [[0.623215189878731, -0.8596751246122152, -0.09078825331143457]], [[0.6400964562775657, -1.09503625525665, -0.11227698754226845]], [], [], [[0.4658646016867265, -1.0700288317651185, 0.5169974267311034], [0.4300983020186684, -1.0233231675095684, 0.743602274665747]], [], [[0.4475895849571329, -0.9549262025865984, 0.5919940531363234], [0.28194323919079844, -0.9242964069112835, 0.48376744088156165]], [[0.39095624844620464, -0.9914613293849748, 0.05450516436394481]]]}