{"bodyId": "h0", "timestamp": 1630675666924035778, "continuousState": [[[0.4425672255883308, -0.9865571781127697, 0.840033915122822]], [[0.6188418082308217, -1.1852503893274138, 0.5778634589249542], [0.4169423471132534, -1.0751102134136639, 0.8600936844187422]], [[0.5072151190738643, -0.8764336158665994, 0.5486052400034744], [0.30468741459955595, -0.8128036383965102, 0.6501564715666909]], [[0.43112632926524586, -1.228647659989503, 0.48914990730668273], [0.20417676814180913, -1.135038399266228, 0.6012968123890907]], [[0.4699520688678411, -0.6664200987582433, 0.6905443075865774], [0.3518158942319667, -0.7144239240820306, 0.3630834931507959]], [[0.2485415993645251, -1.2682393081374226, 0.3107643034221674], [0.10790352117721819, -1.1836176157734901, 0.22448692273832238]], [[0.4421936089632148, -0.5393123823897104, 0.7862312220422383], [0.3841682049981316, -0.6906735485366091, 0.04715909814840529]], [[0.20386788954259719, -1.2279139611928032, 0.0479895058653517]], [[0.2547481718627264, -0.8010937502801406, -0.010522647140282743]], [[0.15818858667361083, -1.1285447839808376, 0.2040367694830727], [0.34358806630571465, -1.0748832669226556, 0.09096094351443958]], [[0.6437325820858648, -0.8741613978747724, -0.04950363007699434]], [[0.6190124092055385, -1.088388727538732, -0.13142693657549354]], [], [], [[0.471438176321371, -1.0586127752156362, 0.5103592448675333], [0.42747817428156304, -1.0252711750603771, 0.7400136491466607]], [], [[0.4505391990665435, -0.9475338793738732, 0.58984710744663], [0.27799633118688793, -0.9247311616741294, 0.4821901527699433]], [[0.4009605843797378, -1.001353090927805, 0.07726656970303918]]]}