{"bodyId": "h0", "timestamp": 1630675666924036582, "continuousState": [[[0.4613661693094475, -0.9838308160967518, 0.8278929315989748]], [[0.41137816988368375, -1.0709701330311727, 0.8418173021453309]], [[0.5129112955599299, -0.8660959440307147, 0.5387067614476526], [0.30273954403097675, -0.8120810570366861, 0.649524152120566]], [[0.43263703755292005, -1.230654577096284, 0.4874178750771307], [0.2010950770240288, -1.1338737850324976, 0.6038536647452349]], [[0.3616750657115913, -0.7191094320580297, 0.37080014078902923]], [[0.25242483082370715, -1.2641860719357367, 0.29711622114296915], [0.10112792941528914, -1.1835953604323095, 0.2249985783858399]], [[0.38476292081778685, -0.6907245239003715, 0.04310042031935427]], [[0.17975807256159573, -1.265833348594328, 0.13126848995159549]], [[0.300859536317158, -0.8239232725115376, 0.03556072835102463]], [[0.15343676782297114, -1.1129088612290223, 0.15583976761777693], [0.3435115780430376, -1.0765527502829193, 0.09072323099825189]], [[0.623040261222563, -0.8541229044612206, -0.13705490105481294]], [[0.6553270276158221, -1.106193567697189, -0.09307222601246826]], [], [], [[0.4670284587151595, -1.064268506020536, 0.5147546677447803], [0.4448812832008425, -1.0305837244696427, 0.7543170576816267]], [], [[0.39715605163225565, -0.9748820045771569, 0.42910900793307993]], [[0.38823851452276703, -0.9835158828451215, 0.009392433281481996]]]}