{"bodyId": "h0", "timestamp": 1630675666924003886, "continuousState": [[[0.41497555480743087, -1.0545478747404158, 0.7912448480049622]], [[0.6124601695324092, -1.2529997588757351, 0.5743869327507374], [0.2993119513110846, -1.1545149084037694, 0.7573730496927387]], [[0.47067964818351815, -1.001724365210029, 0.5186035268891892], [0.2796633922387018, -0.9019870308575212, 0.6249903983672639]], [[0.455999425510738, -1.3359548545593876, 0.4678510613114239], [0.22870039696075195, -1.2444799893932532, 0.5953276813391251]], [[0.39099211227025554, -0.7849516860024001, 0.19932168685050078], [0.3228755527298365, -0.805524914282295, 0.3655529461707717]], [[0.30229323941194725, -1.3751583141744523, 0.25622435107375324], [0.12288707202846126, -1.3002258547529673, 0.23591357706444616]], [[0.37160740935883224, -0.7412665337085729, 0.05641449827607835]], [[0.24018057254013395, -1.3510006378013333, 0.04696944507155422], [0.25396903867669424, -1.268858680140002, 0.04734547875224325]], [[0.17263287084357615, -1.008380124282933, 0.12952142654090926], [0.28831233602070827, -0.8924331520937537, 0.03462477109576866]], [[0.2151498752997877, -1.207666563678864, 0.059545771506340314], [0.3279538309409745, -1.1577473352863292, 0.081255925036206]], [[0.09169755314654299, -0.5477576055866407, -0.760652319156399], [0.5495575482038401, -0.8814109625992473, -0.11369316839208864]], [[0.09110982063887298, -0.972219382529119, -0.4754422481476629], [0.539061271703579, -1.1672858163365336, -0.06745028333424807]], [], [[-0.09758846508052853, -0.8330534523477454, -0.7344104806976006]], [[0.4569388757515537, -1.1776389750807625, 0.4984214745305062], [0.3763917671897807, -1.1007942001876536, 0.695304758872402]], [], [[0.4234957688904968, -1.0604532702808938, 0.33358637408096237], [0.2757879748452942, -1.025002451837774, 0.4804403137549484]], [[0.15342371422316536, -0.8777120846327523, -0.3505532738250293], [0.4387556895724073, -1.0195791489427883, -0.016218621677941317]]]}