{"bodyId": "h0", "timestamp": 1630675666924036783, "continuousState": [[[0.45580871036908527, -0.9862960843716477, 0.8263368658629016]], [[0.4126288892395155, -1.0809785221897878, 0.8431186693089217]], [[0.29805093689251155, -0.7973862146441102, 0.6453800272374435]], [[0.20278559325918377, -1.1290271910667327, 0.6059382214309487]], [[0.3626473834416279, -0.7167341649209714, 0.37166930812235954]], [[0.10845834055533146, -1.1838896482719414, 0.24013552144369965]], [[0.38390911527915794, -0.6899758990058057, 0.04270771171759361]], [], [[0.2493900612261498, -0.7956937888787403, -0.018960230158255625]], [[0.3309196142217602, -1.0696653916159642, 0.07711492674998545]], [[0.6272502724250233, -0.8475300172558904, -0.13457629041232985]], [[0.6479640401586162, -1.0933469859927645, -0.11056533796708072]], [], [], [[0.41260913466308147, -1.012073634186397, 0.7322465115892719]], [], [[0.28271648835040586, -0.9228806779938521, 0.4888037647766541]], [[0.47908494332339174, -0.9585977044359273, -0.0287306818311722]]]}