{"bodyId": "h0", "timestamp": 1630675666924036850, "continuousState": [[[0.4521277971087261, -0.9822363473696744, 0.8121886149696458]], [[0.6253976816843071, -1.1843197554906157, 0.5822474887079406], [0.3989533087776822, -1.079548579443446, 0.8248804541267386]], [[0.5110364602728507, -0.868712970177721, 0.5451914940271279], [0.3067668961904101, -0.8063369095560676, 0.6520668547680905]], [[0.43107228536904646, -1.2358897751576714, 0.48976508814318753], [0.18036120579275233, -1.132983813090752, 0.591302678567833]], [[0.4700075566377478, -0.6715016301856533, 0.6912852366951806], [0.3526370902835886, -0.7118600389949848, 0.36746843674474666]], [[0.25060846706276885, -1.2722031487176233, 0.3014988254300638], [0.09672776963087722, -1.1898792218564072, 0.23267700632710148]], [[0.3811655417433299, -0.6887372837193724, 0.04648623358475561]], [[0.1886771253478902, -1.250716998062251, 0.10516375681997056]], [[0.3434714588221377, -0.84332491373301, 0.09340249318166138]], [[0.15034489295317632, -1.1190431757678576, 0.163331302525075], [0.33379448945102946, -1.077812466708775, 0.1111776070745093]], [[0.6308008791711236, -0.8689670449793957, -0.06958257279614054]], [[0.6287583086580205, -1.0955079411689157, -0.12077112924438166]], [], [], [[0.47163127659164916, -1.05851030221018, 0.5105364186096744], [0.42647247081220824, -1.0212677269789865, 0.7421133022303681]], [], [[0.4505399210033971, -0.9536957026716624, 0.5905251624191841], [0.26649914803817043, -0.9224219260428683, 0.4793855576562899]], [[0.39057288606214996, -0.9940051103736267, 0.04687436486446723]]]}