{"bodyId": "h0", "timestamp": 1630675666924036917, "continuousState": [[[0.4540608912944756, -0.9825592339610294, 0.829337458587182]], [[0.5988954541692508, -1.204094815670709, 0.6110552281970218], [0.41526457388280164, -1.0762088168097603, 0.8603889905643396]], [[0.5183796186243972, -0.8602838153262911, 0.540304985590122], [0.3140773306060514, -0.8056356398252829, 0.6559379865827074]], [[0.433942222742937, -1.2303175099413792, 0.48442646730022637], [0.2024566505160212, -1.1347073906903407, 0.6052178087686527]], [[0.47055115576967255, -0.6636968788950764, 0.6847107985402183], [0.35612298462711445, -0.7137323020280552, 0.36589088281059845]], [[0.2492501495975768, -1.2691191012590517, 0.29608562102389124], [0.10171404828445633, -1.186599750956963, 0.22856489916275063]], [[0.3809090459068079, -0.687817356117898, 0.042076259815294864]], [[0.18040315882693442, -1.2661760339553858, 0.13142191825849842]], [[0.24889638618126378, -0.7956869383544443, -0.018323818113467723]], [[0.15030620395835245, -1.119417408451823, 0.1577875947469206], [0.3305837184073523, -1.0712550949043387, 0.07722696139641652]], [[0.6489081315904077, -0.8637965413800233, -0.09840050502902023]], [[0.6365853236575317, -1.0933348922325474, -0.11890989931558398]], [], [], [[0.47134660935006994, -1.0591729846749698, 0.5112682175901938], [0.4443663380814394, -1.0232444444163513, 0.7531735932144795]], [], [[0.45224668925630473, -0.9470071944182279, 0.5845686329202223], [0.27928981757156784, -0.924219846359198, 0.4855543457896256]], [[0.3996071677743801, -0.9916069749159231, 0.02969354485895019]]]}