{"bodyId": "h0", "timestamp": 1630675666924037319, "continuousState": [[[0.454156191396386, -0.9842769956520485, 0.8190188188987293]], [[0.6279034055135985, -1.1785634676279604, 0.5834184633743252], [0.4170127518813881, -1.0824053630980544, 0.8421174026328899]], [[0.5191668300579293, -0.8548649130319756, 0.5363055917438923], [0.27458597600500845, -0.787499202466974, 0.6266615044266728]], [[0.4447624716006449, -1.2285761077332014, 0.4851913710513543], [0.21208368448313694, -1.1382784051335844, 0.6052489098847061]], [[0.3625733320342183, -0.7151024579411067, 0.37045135535371904]], [[0.2565786148499863, -1.2784382518978987, 0.31548286874070774], [0.12129226016923485, -1.1843002064651438, 0.23011093090871076]], [[0.37924303681865806, -0.6843377276450986, 0.04327812807430496]], [[0.18573018699358243, -1.262480683461533, 0.11969953120702735]], [[0.16807036586252747, -0.9150197312173343, 0.22757554858651657], [0.26373148786661205, -0.80146765197586, -0.009019860927390938]], [[0.16393726221186272, -1.1451608065167338, 0.20332566559987073], [0.34821592379091293, -1.077995403960815, 0.0876648263570462]], [[0.6506992956328475, -0.8314761844752948, -0.09912289153268057]], [[0.6439909925146976, -1.0903764288856463, -0.11470685041605293]], [], [], [[0.47985651141116836, -1.0522217463130956, 0.5061099623857825], [0.435180982729886, -1.0211553493372023, 0.742425772663622]], [], [[0.4036679018174316, -0.971839282837154, 0.42782136320253666]], [[0.40731827892235506, -0.9883184954960142, 0.05210138703359508]]]}