{"bodyId": "h0", "timestamp": 1630675666924037386, "continuousState": [[[0.4566558291490621, -0.9878720480432914, 0.8495554847775746]], [[0.41726352179759374, -1.076594133451355, 0.8692320306747499]], [[0.5170703375660726, -0.8611109930815032, 0.5363780517204412], [0.28368916152331825, -0.7901402127575222, 0.6341205010033293]], [[0.4375191203355229, -1.2335566367210518, 0.48970198144530686], [0.19033327871889083, -1.1363167732096908, 0.5958629833047316]], [[0.3616726015153561, -0.7179877729665588, 0.36446230434343213]], [[0.26459569914920683, -1.2659086928847638, 0.2964443993804787], [0.10881577408237217, -1.189760719674344, 0.22536013069225305]], [[0.3934636045144296, -0.6961180352419504, 0.048881328644800534]], [[0.1860107254953317, -1.261730468477818, 0.12034182736021716]], [[0.25938985610017834, -0.7973249444763306, -0.0272266158184691]], [[0.16454463946815412, -1.135967659627305, 0.20559947039070675], [0.3106963725911994, -1.0735559571743303, 0.038319100597000215]], [[0.6560094726453062, -0.8653743833895473, -0.10785288164635813]], [[0.643506957763535, -1.1098788594293414, -0.12457728929280734]], [], [], [[0.4782799992965687, -1.053637285339522, 0.5056133826800335], [0.44479674132539865, -1.0253462942251166, 0.752196802475561]], [], [[0.3995958609254395, -0.9757722048438053, 0.4270821428943695]], [[0.41027705605673015, -1.0006710215084262, 0.04887329437217431]]]}