{"bodyId": "h0", "timestamp": 1630675666924037453, "continuousState": [[[0.4483652041824616, -0.9822577411686252, 0.8268745034445424]], [[0.6630392488393961, -1.147469288394377, 0.5377946741579117], [0.4229423320866406, -1.0780070691175996, 0.868209528236993]], [[0.5193515050473693, -0.8554526722718547, 0.5360361049257613], [0.2835072534333121, -0.7918009196216864, 0.6323784559186725]], [[0.43842625649894224, -1.231191812496395, 0.49173981345815526], [0.20699190382136204, -1.1375676845933222, 0.6053749231645388]], [[0.36162351784894303, -0.7157970501872016, 0.3682498912381791]], [[0.2608384723229671, -1.2721570741487023, 0.30743980926082215], [0.09807589971071616, -1.187553464866306, 0.22156084975045587]], [[0.377577785167937, -0.6923872008964085, 0.03230774047158684]], [[0.19350663237598337, -1.2514061442610773, 0.09827024803290055], [-0.2194143064944676, -1.1509096045984755, -0.4855885050326899]], [[0.2703301163139827, -0.7947823156686992, -0.011236912044121255]], [[0.1635802236073696, -1.1485471735067552, 0.2088745884914806], [0.32766216045061264, -1.0741368310803077, 0.062346162853661555]], [[0.6620510148943108, -0.8585117018037567, -0.08797546367951259]], [[0.6762652653980082, -1.1100009216468614, -0.0682378150785421]], [], [], [[0.4794900193455415, -1.0501304342421196, 0.5059162981895837], [0.44636403651842715, -1.025353739893129, 0.7518209373715606]], [], [[0.40002488717394263, -0.9734944313417984, 0.42999485234816714]], [[0.4128156192508402, -1.003529437655256, 0.06044956240598401]]]}