{"bodyId": "h0", "timestamp": 1630675666924037654, "continuousState": [[[0.45992215017747, -0.9808887130182468, 0.8237759156370016]], [[0.6250645245313565, -1.176825082913865, 0.5842111224397313], [0.4220442076919337, -1.0789555060017764, 0.8494734195488001]], [[0.5119286920491225, -0.8623338882546495, 0.5445082715716781], [0.28355114163357553, -0.7913303180899993, 0.6357001528446476]], [[0.4365143653554919, -1.232067147459465, 0.4940361060100049], [0.22370692800630446, -1.1403691236580433, 0.6145021607787514]], [[0.3408392789088541, -0.7043429516212814, 0.35460706682067555]], [[0.2518530787900635, -1.2754588464804242, 0.30805691172673505], [0.11524244851043522, -1.1903747805691107, 0.23174497755634912]], [[0.38863584323890243, -0.6920362540562384, 0.049346389508444416]], [[0.18608403181334465, -1.2575227054999103, 0.10987287375949267], [-0.30901362833322876, -1.1396440746598637, -0.6028293294886178]], [[0.23402572053723583, -0.6996057348388187, -0.038785440952199], [0.31250327296328645, -0.8242145747520934, 0.04186646871969856]], [[0.1551377977479732, -1.1232651160644822, 0.15547588762169356], [0.33289180953691855, -1.0789346681335936, 0.0743536211238843]], [[0.6508997981177813, -0.8582739049340276, -0.10313404762932236]], [[0.6398497249981056, -1.0980727565651904, -0.12406285443742376]], [], [], [[0.4812426762237355, -1.0454385652949314, 0.5033299026850633], [0.4356730105072227, -1.0208789198457788, 0.7451319197623006]], [], [[0.388676822132173, -0.9682050495403732, 0.42432158641534024]], [[0.40301879793287726, -0.9907695104992549, 0.0261709199961856]]]}