{"bodyId": "h0", "timestamp": 1630675666924037721, "continuousState": [[[0.45110259555045285, -0.9802211860338579, 0.8188381799908058]], [[0.42267068386693496, -1.0789017087038302, 0.8486783900731091]], [[0.2812454849824878, -0.7885328301491172, 0.6343040847190107]], [[0.2085784519529152, -1.1311987696305696, 0.6062579883511305]], [[0.3473665984261756, -0.7101489757729637, 0.35981719823214847]], [[0.12312189249456333, -1.1821826936276751, 0.24131734548137934]], [[0.3843895278152959, -0.692345790065646, 0.05146285961982676]], [], [[0.243325551857999, -0.7905673179884498, -0.02490250020084818]], [[0.3307387544278465, -1.0710104653957386, 0.07707678178416222]], [[0.6346358436881806, -0.8572219680498224, -0.11976054497909558]], [[0.6315054988575848, -1.0910377355389365, -0.12504670210826088]], [], [], [[0.4411085865156119, -1.019940131587292, 0.7498208654068875]], [], [[0.2779725251895454, -0.9206738727017667, 0.48303759329163953]], [[0.48268729905801355, -0.9641162167227806, -0.02134188159746668]]]}