{"bodyId": "h0", "timestamp": 1630675666924037788, "continuousState": [[[0.4614384341754048, -0.9819708223584092, 0.8232493156675574]], [[0.6215998727631777, -1.1752230206547438, 0.5805935557838575], [0.42089787326995454, -1.0764280356460618, 0.8481734161063752]], [[0.5105597279726432, -0.8660834951598261, 0.5439581299928032], [0.3054632349600142, -0.7994521427065574, 0.6469213276438138]], [[0.43721135656944266, -1.2307810392544662, 0.4939416034371286], [0.21213006099845666, -1.1391155555833479, 0.6083041279011966]], [[0.3647039704131539, -0.7185982134838286, 0.3735736850634605]], [[0.2516806547364128, -1.2761869393003196, 0.3061707953187381], [0.11051687406270276, -1.1897252716486313, 0.23467101268526472]], [[0.3659982694853122, -0.6780605483924806, 0.03038670767984513]], [[0.18889252730067635, -1.2534655543932274, 0.09956761615686309]], [[0.17153721442668587, -0.8459258484762395, 0.12987375807302784], [0.24403797583305573, -0.7903729860832862, -0.025779794999032674]], [[0.1525081000650635, -1.1255356648152839, 0.15514391070744638], [0.3437170294111875, -1.0765890647880925, 0.09045164025276972]], [[0.6427367319819084, -0.8608301626670884, -0.10792356024131528]], [[0.6421663916179784, -1.0907804706766304, -0.11079943441601904]], [], [], [[0.48050581432162126, -1.0465230427576995, 0.5035304219760512], [0.4410297351959591, -1.0223560194263004, 0.7477942206182737]], [], [[0.40095766349129824, -0.9746896263691474, 0.43375764425029456]], [[0.3976224160234859, -0.9931829137411862, 0.02361017523306555]]]}