{"bodyId": "h0", "timestamp": 1630675666924038324, "continuousState": [[[0.43977969021839547, -0.9823979053169369, 0.8411735668557868]], [[0.6159806056702064, -1.179756087245514, 0.5836881513548149], [0.412031250176598, -1.072499765562156, 0.8702199624706005]], [[0.5140904848322846, -0.8569118887687179, 0.5373438093640953], [0.32408464943633997, -0.809900873709249, 0.661906971754677]], [[0.4304926608019727, -1.2312511615635429, 0.49636051498397227], [0.20006874739220643, -1.132564882191255, 0.6005122662466221]], [[0.5822577583453381, -0.34060358346998054, -0.005229626475811074], [0.35731711095306967, -0.7133754491282169, 0.3644266749610822]], [[0.2503415404017109, -1.2638060268709979, 0.28955335393248127], [0.11681481413515098, -1.1797818927364645, 0.23678007114427554]], [[0.37872820368230325, -0.6856562600113991, 0.03710810910183477]], [], [[0.20836022298132786, -0.7280208391096742, 0.0034620047658629576], [0.27553533174727046, -0.8075506088854324, 0.004122469909612392]], [[0.14163862394928042, -1.0975443435836834, 0.11396090946819118], [0.34401653651588593, -1.0776780690896879, 0.08820542838884375]], [[0.6269068833506931, -0.8566212235538343, -0.1277563030256913]], [[0.628370025908606, -1.0883812446749288, -0.12704543679679456]], [], [], [[0.4773129729041444, -1.0449194667491895, 0.5027118013883849], [0.4340905796559082, -1.0208459996163368, 0.7455323830035254]], [], [[0.5063752095736553, -0.7859273725167617, 0.24556544425408058], [0.27869292917263805, -0.922970165659736, 0.48246947060385215]], [[0.38427275364998675, -0.9770827835687588, -0.006897696778750059]]]}