{"bodyId": "h0", "timestamp": 1630675666924038592, "continuousState": [[[0.4455054472537245, -0.9808111961834473, 0.8209941071950333]], [[0.6252493229711611, -1.17228413476749, 0.5793016735214609], [0.41540493703331755, -1.0798482706302257, 0.8529089173069369]], [[0.5129113463907984, -0.859005682057787, 0.5445654579808249], [0.2929675729115388, -0.7985776380488436, 0.6434705670946506]], [[0.44022136722241595, -1.2202437429357147, 0.48922094719557835], [0.20001517030563104, -1.132709134813006, 0.6054772583062891]], [[0.5685599733535421, -0.38250889291796786, 0.027376155384072946], [0.3517297371851084, -0.7107206811322013, 0.3639398612443242]], [[0.25341452271972703, -1.265556777051911, 0.29681078552498935], [0.10888395705842435, -1.1834414811855614, 0.2363948503816987]], [[0.37947817637505066, -0.6843868781512755, 0.03804064920524911]], [[0.22305937976354187, -1.2006555061027069, -0.005341599903335236], [-0.2566622176371618, -1.1471098439768708, -0.5107868593843903]], [[0.25685753273379874, -0.8019451618063522, -0.011765699989399081]], [[0.1500902714905258, -1.1238066471559283, 0.1601352468580267], [0.34494841574898194, -1.0785509163282312, 0.09339781418729717]], [], [[0.6459074521953284, -1.097888399567522, -0.11211756347913525]], [], [], [[0.48051398582188787, -1.0411865573528685, 0.5043099201012505], [0.4351448813141187, -1.0220601583436812, 0.7488568740174845]], [], [[0.504390670287979, -0.8013763179268413, 0.25829855128982565], [0.27587245374536973, -0.9217149079726037, 0.48470855977530664]], []]}