{"bodyId": "h0", "timestamp": 1630675666924038793, "continuousState": [[[0.4480736995556345, -0.9785469324152555, 0.8197880161800338]], [[0.6248592234314526, -1.1758752869530158, 0.5833799618483964], [0.4172035581983307, -1.074999791201229, 0.8581382040649502]], [[0.5133978918873506, -0.862232643035054, 0.5427811548391456], [0.2899206150579296, -0.7949500793539532, 0.6382700586042351]], [[0.4378668360350176, -1.2237572866628703, 0.4908932920609753], [0.19942942212110892, -1.1333669746292157, 0.6011731763839232]], [[0.35008536747705854, -0.7110896553854422, 0.36269738395734796]], [[0.2535931586662202, -1.2624508202037412, 0.297581564378703], [0.0992801857738491, -1.182061179434242, 0.2276842639846641]], [[0.377003322670369, -0.688869838543461, 0.03867992757785919]], [[0.1825779338998782, -1.261441897518011, 0.11854286384184252]], [[0.24560791402770768, -0.7921021115590499, -0.019938850505155415]], [[0.15245474170030304, -1.1208865108762025, 0.15808882734239887], [0.34395020587964065, -1.0770252788612227, 0.09498899235777662]], [[0.6251494169295488, -0.8593263620916088, -0.08499758461495663]], [[0.6261735755127045, -1.0868242134284045, -0.1288317111935446]], [], [], [[0.47869905631413534, -1.0456482933879339, 0.5056871756972555], [0.4311871065174798, -1.0195045586228864, 0.7429704708655442]], [], [[0.39397610175603803, -0.9674234710241563, 0.42679533800916164]], [[0.38880207931492594, -0.9901064364839056, 0.03654562136372112]]]}