{"bodyId": "h0", "timestamp": 1630675666924039664, "continuousState": [[[0.4403181654263246, -0.9725316151698714, 0.8030662790150207]], [[0.6315160989439653, -1.1760117864934259, 0.5818575055688742], [0.4146199005832784, -1.0763484217934678, 0.8349228731871026]], [[0.5143992864900404, -0.8620663177557487, 0.5434662776130649], [0.3048541844087631, -0.7889754156569617, 0.6498139588529921]], [[0.4317799749719881, -1.231009292929843, 0.4906569379513062], [0.19484577837551614, -1.1266305031036086, 0.6035003698439924]], [[0.4722834914695133, -0.6367884959946716, 0.6963326230628019], [0.37188879556103394, -0.7174843174171247, 0.37933116820385726]], [[0.25503610435676244, -1.2685859663681522, 0.29977032265221193], [0.09807399936804563, -1.1932933232947336, 0.2433916091493079]], [[0.44107051624262855, -0.5383558815324554, 0.7914762728020377], [0.38721753783631924, -0.6902502850778046, 0.04496354278967055]], [[0.20252448070004317, -1.2312765937936712, 0.06354727529913066], [-0.2856459946474572, -1.145922594130878, -0.5323662909856086]], [[0.25841477455297013, -0.8024276985735931, 0.0009093608704231429]], [[0.1550147203105084, -1.120444285564388, 0.15853072946024008], [0.337515144212088, -1.0762685995321712, 0.11819433597392685]], [[0.6079309623481759, -0.8505777149327769, -0.10213017190912592]], [[0.6336387806164783, -1.0977029287651021, -0.1159990275266432]], [], [], [[0.4788853288160744, -1.0474754698025845, 0.5046253072623881], [0.45597577498948205, -1.0178345144224787, 0.7623129380771826]], [], [[0.45203173322075074, -0.9338988944622573, 0.5934947805070541], [0.28336728696827507, -0.9220574102603667, 0.4914157690239248]], [[0.3814728413293421, -0.9855110002485824, 0.02820027877555708]]]}