{"bodyId": "h0", "timestamp": 1630675666924039798, "continuousState": [[[0.42874108705613345, -0.966953637602244, 0.8043059328910066]], [[0.6240384626959796, -1.1781999344031096, 0.5906609408421439], [0.4292530060839922, -1.0691853825010946, 0.8503759265131406]], [[0.5022849012831071, -0.8751668961961989, 0.5333625063439873], [0.3259544940085841, -0.807372388667866, 0.6616524623512577]], [[0.42854235902420856, -1.2347938394655513, 0.4916455261782836], [0.1985765749613197, -1.1297834092204821, 0.6046333783375717]], [[0.5940610644846729, -0.3265736295821521, -0.010556212101516393], [0.3445555886513855, -0.7121293491829508, 0.35975100551991884]], [[0.24548647044399133, -1.272988558898999, 0.3006772348079676], [0.09191728609994766, -1.1909619628706245, 0.2370052296979211]], [[0.4010367952339993, -0.705746223217818, 0.06675197882469161]], [[0.21973308700122424, -1.1985219510646912, 0.0033450659686036486]], [[0.21859326412824476, -0.6823371830664644, -0.011561618597847883], [0.25743727989576065, -0.7937632249496323, 0.003911090781747589]], [[0.1427605060148208, -1.10767921106108, 0.16754270679562752], [0.3112539217892802, -1.0648137642719393, 0.09189645125408129]], [[0.6121217996545092, -0.8622102301008204, -0.07538707102754688]], [], [], [], [[0.47224478578557016, -1.0548323579851935, 0.5040018724385777], [0.4401273036855987, -1.0190305695429005, 0.7512662406911367]], [], [[0.5113017117544407, -0.7806837345238518, 0.2405446570383836], [0.2715660818063526, -0.9209563792017165, 0.4821921919287453]], [[0.377441152834665, -0.9849447205809503, 0.04607781788404032]]]}