{"bodyId": "h0", "timestamp": 1630675666924039999, "continuousState": [[[0.44766595541068, -0.9637320658143831, 0.801952893784424]], [[0.41767491222139597, -1.0720179244825374, 0.8302232117242021]], [[0.49615556044239845, -0.889534476467799, 0.5338290097762539], [0.2877997191844299, -0.7786229496603956, 0.6393601283520022]], [[0.4270893784735204, -1.2413883016744474, 0.4931873130734632], [0.19707192525789968, -1.1255465776615499, 0.6024967149387835]], [[0.6040734901219161, -0.3173971305801156, -0.004178732604516427], [0.34955465749640824, -0.7157882122278455, 0.36243413755267395]], [[0.25041729728377954, -1.2743655122888882, 0.301324762695506], [0.09496543329376482, -1.1934779380520946, 0.24078628855949727]], [[0.39231931125820096, -0.7073611065659647, 0.05137321857847019]], [[0.2192469209341747, -1.198621771296223, -0.0022815789534954547]], [[0.21170669869270678, -0.7125927408984194, -0.007176984892078508], [0.2622630691740044, -0.7933543594099065, 0.004352628608286977]], [[0.14057399438443416, -1.09878167408089, 0.11255373531393911], [0.3271483430817741, -1.0662602433911486, 0.07936817382138156]], [[0.64967671721695, -0.8796185121527342, -0.027056033844291734]], [[0.6182453626361719, -1.0867026345728463, -0.13010080942335958]], [], [], [[0.4560002990121245, -1.0803322125100894, 0.5205479035488995], [0.4336776686628564, -1.0105903609587175, 0.7481282027145617]], [], [[0.5155814342977183, -0.7793927161272814, 0.2445042902344734], [0.273313291377154, -0.9206673949446977, 0.48246542624572875]], [[0.3951253558006921, -0.9892000931168121, 0.04274885073482369]]]}