{"bodyId": "h0", "timestamp": 1630675666924004221, "continuousState": [[[0.41279835415305705, -1.0537561068335242, 0.7892797482634751]], [[0.6100609207137191, -1.2557275271281696, 0.5752159281096032], [0.2964795335884953, -1.1565753973437858, 0.7573182658854185]], [[0.46513483603608696, -1.0096023319346408, 0.5196002009229084], [0.2785888071233378, -0.9014913764000019, 0.6281141685470362]], [[0.46300526958572985, -1.3310257732441535, 0.45656800240188444], [0.20846566128364452, -1.2430359187227469, 0.5855295999404175]], [[0.3853422695777744, -0.7911258281098512, 0.20134822276688327], [0.3237039564116608, -0.8071374363856552, 0.3674461143622568]], [[0.29823243746891986, -1.3815443248848593, 0.26695624607951846], [0.14547371393564276, -1.3007334925619265, 0.2560084760052807]], [[0.37620057578198407, -0.7445078792467502, 0.06298722299546353]], [[0.23484450066621906, -1.3562015436574273, 0.06960704815878353], [0.21257780394904308, -1.2658055216623898, 0.0027009568909204516]], [[0.1618146192470973, -1.0349767995027639, 0.1537828371288249], [0.2839304244381108, -0.8950905350237114, 0.02987617260086745]], [[0.21146431408046384, -1.213867099723274, 0.06401094461155367], [0.3389370886717293, -1.167119226088876, 0.10956701980317235]], [[0.0897023119908265, -0.5528709281253948, -0.7611167690376944], [0.5468337099280106, -0.8910138109529163, -0.11704776328197226]], [[0.09322422724824912, -0.9491670976634434, -0.49907915186817353], [0.5255167787987386, -1.1644089407847582, -0.08392411829052117]], [], [[-0.10585765026164791, -0.8330735666840021, -0.7233563163620361]], [[0.4504068100028614, -1.184387167829312, 0.5022116914380169], [0.38122292962342497, -1.1018014223333885, 0.7020211165455248]], [], [[0.4241737695817521, -1.0610758006770022, 0.32895811258438384], [0.2660848088476526, -1.0250866775542011, 0.4764878571513372]], [[0.15058331303564518, -0.8833690139243344, -0.3485529122130704], [0.4428853992998699, -1.0290665185208963, -0.003740371739399957]]]}