{"bodyId": "h0", "timestamp": 1630675666924040334, "continuousState": [[[0.4646719963493572, -0.9841097907338233, 0.8268677676576338]], [[2.5347328586248645, -0.4202804903897795, -0.858478655518954], [0.43245783199903415, -1.077477020548633, 0.8544343856563446]], [[2.4789156698057906, -0.5917890808073885, -0.9952275197362564], [0.3207964672159683, -0.8041413129877366, 0.6558042713585478]], [[2.2105220098865703, -0.430149819566825, -0.6731730815474193], [0.19554933042292738, -1.1340181295194975, 0.5961829640633309]], [[0.350433808589886, -0.7130579695691911, 0.36185290775072915]], [[1.7867962441949299, -0.519599804790475, -0.5038778128443846], [0.10111265617715776, -1.1896507448347198, 0.2369327879519451]], [[0.3626689822836704, -0.6854064115964519, 0.016773368607138763]], [], [[1.7135580413887317, -0.7474349848548681, -0.810868843175052], [0.26180589727553094, -0.8062890548152241, 0.000694973757712205]], [[1.8207133320153275, -0.5514086060593147, -0.9034154776019891], [0.33890542559967, -1.0800989702578667, 0.11727653486519625]], [[1.2954282792586207, -0.855445549376344, -0.8324425553023389], [0.6234946036546932, -0.8596278570119247, -0.07964622303100737]], [[1.2891303249695976, -0.7614485915094659, -0.7851611125333459], [0.6286366548791114, -1.0933978630086107, -0.11690642813323439]], [[0.6878446650671195, -1.1013351246316467, -0.4350926368635473]], [[0.0859755128247599, -0.8999013993774918, -0.5285142938989954]], [[2.2821194365246247, -0.5702582981541, -0.7875008654148243], [0.4564155936593731, -1.0248007385697042, 0.7570613246715472]], [], [[1.2804779092382281, -0.5716038945680081, -0.15566008689834507]], [[1.558070805636974, -0.7034270777178293, -0.867929016452164], [0.48120001462718165, -0.9698634136348957, 0.018815155917094442]]]}