{"bodyId": "h0", "timestamp": 1630675666924040401, "continuousState": [[[0.46118476157323496, -0.983410060735379, 0.8216441702745104]], [[0.4329840675727289, -1.0788560235404876, 0.8485547315719786]], [[0.5096380437465641, -0.8731139330852647, 0.5389256057736692], [0.31682751847552365, -0.8059600471285949, 0.6589018257252436]], [[0.42772709727941066, -1.2378366621861792, 0.48262454970226143], [0.1916378399327982, -1.1292117803487236, 0.5939735570107589]], [[0.3439937091958186, -0.7130495251113179, 0.3619302264488331]], [[0.2377338504909388, -1.2738021560132229, 0.2758697461550071], [0.10968616570488621, -1.1862876109140517, 0.23971506794281663]], [[0.3940760234628888, -0.7028638996087279, 0.05166058092427124]], [[0.23002381291433238, -1.1870609306799147, -0.034870312372238456]], [[0.2183597656765278, -0.6836772625597585, -0.009913373250206406], [0.2623668164013138, -0.8046422529181297, 0.0068717981683385]], [[0.15484293421902645, -1.0785066726002797, 0.12585370536286292], [0.3381349459602291, -1.0747261889072373, 0.11934928634586141]], [[0.6030392937929518, -0.8415206601757349, -0.1022229820130965]], [[0.6266185168286834, -1.0876061710402058, -0.12463636570150448]], [], [], [[0.46915726198593055, -1.0647350901623296, 0.5064429886171194], [0.45101762308179627, -1.0239843022868202, 0.7559607794621424]], [], [[0.3858604032376146, -0.9754430936487486, 0.42227738807554727]], [[0.3789411140059892, -0.9600136663880072, 0.011815361674883208]]]}