{"bodyId": "h0", "timestamp": 1630675666924040468, "continuousState": [[[0.4691130086241692, -0.9898730512178042, 0.8364119092200628]], [[0.4327060947907471, -1.0841816439633554, 0.8544069585032376]], [[0.5118885019157503, -0.87246378991745, 0.5366808201026093], [0.31194374493304555, -0.7985707895021279, 0.6518962772779303]], [[0.4501608643795028, -1.2152873642082875, 0.45588241224487935], [0.19742869706318403, -1.1333886184342605, 0.5988173124472014]], [[0.4597021680479607, -0.685867489431248, 0.6695328580893343], [0.35389113318464777, -0.7124326581716347, 0.36409832860146296]], [[0.23886129289605, -1.2693316875975234, 0.26749853643613414], [0.10331942216912716, -1.1884399113072124, 0.2359796126974984]], [[0.3732032069979575, -0.6879195839488268, 0.027342416722086454]], [[0.2282838351852217, -1.1896917146804604, -0.019073274531864626]], [[0.21184413831358853, -0.708215188674755, 0.002306617081650302], [0.25936933319054833, -0.7935888794479052, -0.0034641979686057312]], [[0.13498236543822412, -1.0935793131167555, 0.1218955862500377], [0.32196728852033996, -1.0707838991342937, 0.07363011806638997]], [[0.6060197657242709, -0.8279034042811024, -0.1082405495270873]], [[0.6443999789069437, -1.091954129482825, -0.10405863471470048]], [], [], [[0.47398388311908884, -1.0592672591536207, 0.5021682092353894], [0.46154215847567437, -1.0258803950075568, 0.7617414075545078]], [], [[0.45493151621373173, -0.9505774268197678, 0.5627076351671068], [0.2756599151239159, -0.9229106383029476, 0.48145782052433217]], [[0.3705010655812475, -0.960741358698929, 0.006827518361475202]]]}