{"bodyId": "h0", "timestamp": 1630675666924040602, "continuousState": [[[0.46127203148587226, -0.9779781191406212, 0.8193420663077388]], [[0.4292856248807409, -1.0749236141360465, 0.8442536255663442]], [[0.5047465460356456, -0.8759571670021146, 0.5329587105864163], [0.29707092494134235, -0.7942638115424173, 0.6423441444601231]], [[0.44265973962279637, -1.2284156485049589, 0.4695539927268891], [0.19093851165233333, -1.1289860674441512, 0.5916351602633027]], [[0.3485172694440314, -0.7121401763315832, 0.36450299573464146]], [[0.25036445772405846, -1.2766708990599422, 0.2984981820894138], [0.11395074939925075, -1.1882778217838121, 0.24696234089362928]], [[0.38842704091438623, -0.6954342397189445, 0.048930893554191925]], [[0.20232423073562028, -1.225847066148914, 0.040497704413128305]], [[0.2194769219441875, -0.687766677676469, -0.01584666146640825], [0.2626003183436101, -0.8053299819001961, 0.009716391365260962]], [[0.14363168883592134, -1.0889072679618257, 0.10611588757638174], [0.3373360578841416, -1.0745218969554515, 0.12041805459074385]], [[0.5988013095309732, -0.8431894465140514, -0.10695769429168968]], [[0.5869131965549802, -1.0698026129049412, -0.1257956467570682]], [], [], [[0.47094799335150384, -1.0634491984507555, 0.504339464962017], [0.4502335441960379, -1.020616944086366, 0.7527221752044351]], [], [[0.3955885045334139, -0.970277912418271, 0.41702849423076527]], [[0.3712164991834473, -0.9660483572379386, -0.0004209033576539692]]]}