{"bodyId": "h0", "timestamp": 1630675666924040669, "continuousState": [[[0.4693047503932726, -0.9836830732537333, 0.830844617933072]], [[0.42552220222829373, -1.0742111377755985, 0.8525215050122235]], [[0.5037772763194173, -0.880173691097481, 0.5310202247496869], [0.3009272027625127, -0.7934866847246725, 0.6457486453062943]], [[0.43875642810490895, -1.2355093680209286, 0.47464209821612724], [0.1945065428432581, -1.1279856633036667, 0.5987388040478643]], [[0.6073001291478022, -0.30576150062389457, -0.00939166056686645], [0.35151369180731123, -0.7151185023356804, 0.3649740992662823]], [[0.2512486970874817, -1.2759303008576777, 0.2968422671263934], [0.11757472627550897, -1.1902506253811485, 0.2517537451345952]], [[0.38486561642178296, -0.6978122623744453, 0.043183112594223076]], [[0.2289790554520441, -1.1869619621264824, -0.026167505441880165]], [[0.22257043634716997, -0.7017807369700356, -0.008503924529603864], [0.2758888206775348, -0.8010393447113509, 0.016470553556495817]], [[0.1499694253820101, -1.1184634450243907, 0.16084449021657746], [0.3379410678692475, -1.0741459742924784, 0.11643207857672042]], [[0.6042051721542796, -0.8391110015463259, -0.10652099023538676]], [[0.6148556080819138, -1.084904940175093, -0.13687046085510884]], [], [], [[0.4769648466241073, -1.060298894691405, 0.49530774426434115], [0.4533744526194496, -1.019621546163183, 0.7570908253583275]], [], [[0.5230282786263556, -0.7706354343224115, 0.2326252188246304], [0.2730101173252847, -0.9215520828196735, 0.4818564516570733]], [[0.37708729876814484, -0.9787872232853583, 0.027161749990595348]]]}