{"bodyId": "h0", "timestamp": 1630675666924040803, "continuousState": [[[0.46982683606356546, -0.9814163308885143, 0.8158540377196204]], [[0.6324934915288127, -1.1711924259725106, 0.5762638104687273], [0.439603378054582, -1.0767060484663944, 0.8421146024110531]], [[0.5091492362210334, -0.8708650196027029, 0.5255575888046635], [0.3208787937152181, -0.8064777890375282, 0.6552279896886233]], [[0.43933794333359305, -1.2311783331471924, 0.4830320842767951], [0.19217183190104514, -1.1284150448868742, 0.593447062614]], [[0.6093695720294356, -0.30852232569964055, -0.012603826442949639], [0.3459656110355043, -0.7151206209371953, 0.36554355906725916]], [[0.24777453922211787, -1.2767333942815036, 0.3101661219460761], [0.11880603610021695, -1.1885076904850345, 0.25380416427622643]], [[0.38108693070051664, -0.6950402832358312, 0.04203501706107363]], [[0.21388507181874036, -1.1839318281510314, -0.04219339556121918]], [[0.27417174630063845, -0.8126744209961881, 0.027828839515766958]], [[0.15683892372020336, -1.0739258749636715, 0.07051864276869901], [0.2947561846153369, -1.0616371670721283, 0.08092353141740637]], [[0.6214278635207761, -0.8527608332963627, -0.018145545948511425]], [[0.5926011113743999, -1.064748221582326, -0.10582739147120651]], [], [], [[0.4761111308293977, -1.0581196910288284, 0.5014910632179129], [0.4479614900616737, -1.021286062668225, 0.7505849817768148]], [], [[0.5243537576815144, -0.7698503294234165, 0.23521412891692273], [0.2690687214682747, -0.9217678329120347, 0.4794953108406296]], [[0.3891333936204897, -0.9633433541300171, 0.026186548410093796]]]}