{"bodyId": "h0", "timestamp": 1630675666924041875, "continuousState": [[[0.4299280968066214, -0.965009472886804, 0.798245323831229]], [[0.6414544880162382, -1.1521895867770526, 0.5566322754027511], [0.43496242409229513, -1.07597162172751, 0.8482322927085757]], [[0.507656837937205, -0.8806083075603665, 0.5316634250823541], [0.2951232061530282, -0.794720932527693, 0.6447575407244328]], [[0.43997934329967625, -1.221505993124199, 0.4882731723546601], [0.1943420882286571, -1.12841911815706, 0.5988630846238923]], [[0.3506077575986799, -0.7085403761232949, 0.3723888673896072]], [[0.2472384720022646, -1.270469451213206, 0.31914748625300854], [0.1000345793518361, -1.1824175619992474, 0.2299255215937999]], [[0.37755445481952077, -0.6907290882142753, 0.04252179413760973]], [[0.18841766186899622, -1.239114007991164, 0.08603137218874327]], [[0.16621398241268673, -0.8666776057733332, 0.15048798813896677], [0.2631249310999128, -0.8221103848272612, 0.048347641943967345]], [[0.14947987867108373, -1.1186578604689643, 0.16439852748441194], [0.355140753197614, -1.0807913581674249, 0.1487875855713305]], [[0.5625510948877088, -0.8473649857117433, -0.10221092020142555]], [[0.5785356119645798, -1.0662847598482559, -0.1225195494665138]], [], [], [[0.47815706994251883, -1.0540021196380067, 0.5039883754383265], [0.43023331081541666, -1.0150266845300258, 0.7434571600256809]], [], [[0.3952935504491781, -0.9650231846237469, 0.4303310198721336]], [[0.35601548677939626, -0.9830114230903538, 0.031093803641493195]]]}