{"bodyId": "h0", "timestamp": 1630675666924041942, "continuousState": [[[0.4350994023740218, -0.9659609290781186, 0.8045353693858044]], [[0.6235382376974326, -1.1608645313946468, 0.5803403527291808], [0.42022143056575284, -1.0684273679585214, 0.842445728467921]], [[0.505280837349628, -0.8815530552982522, 0.546851646182694], [0.29329359270091393, -0.796030002339577, 0.6435640883822896]], [[0.4389985614767226, -1.2175036749641894, 0.48762724487423714], [0.19372706276787743, -1.1287441231155333, 0.5995887847822134]], [[0.33426559963332125, -0.7030707375901444, 0.36003575280813493]], [[0.24763209351459278, -1.2697758459271808, 0.3171779852890486], [0.09894026484212168, -1.1848689955611864, 0.24068988425050544]], [[0.38307979057884384, -0.6949270820875444, 0.054269660554137546]], [[0.19419380466878142, -1.213478842278908, 0.019947725855014597]], [[0.2470123247420588, -0.822246121392543, 0.02964565111676734]], [[0.1406131387109408, -1.107377491459402, 0.1308426765791528], [0.34640210040563124, -1.0826549862968435, 0.13995279789677828]], [[0.6005218787892116, -0.8716031074991802, -0.08862391812522788]], [[0.5580438276906614, -1.0894338328769977, -0.10082058934787551]], [], [], [[0.47973744394497014, -1.0461941996266437, 0.5032968930293137], [0.42944224748884974, -1.0166392657598349, 0.744150088052469]], [], [[0.38663208055502196, -0.9602872062771669, 0.42383149884118604]], [[0.3705675087500762, -0.9894902994792911, 0.02110937922696246]]]}