{"bodyId": "h0", "timestamp": 1630675666924042009, "continuousState": [[[0.45159022217898587, -0.9750862652159362, 0.8258115153272386]], [[0.6307709034498237, -1.1547798344855789, 0.5672871217738246], [0.44354616186559975, -1.0745772100069577, 0.8620970051851088]], [[0.5049263102049343, -0.8772724682586093, 0.5454252600369373], [0.29910817037270204, -0.8005276232370133, 0.6466710458581256]], [[0.4330906689926802, -1.2275741131139275, 0.5002153372261355], [0.19374056959981908, -1.1253598572302503, 0.6002527346370339]], [[0.3385687592847537, -0.7048093325363768, 0.3574338297945021]], [[0.25419117411889053, -1.2655704854506806, 0.3117758069487277], [0.10100995819641957, -1.1813284754772821, 0.2338152259260562]], [[0.38988707710667836, -0.6961428346118415, 0.05347695853846426]], [[0.18961317820833865, -1.2404844822943601, 0.08188365769483993]], [[0.14169786259787356, -0.8916351479825093, 0.1454353910044331], [0.2646025251117169, -0.8117643198910687, 0.01897914870194313]], [[0.14950912181057446, -1.1220066204312866, 0.15831064542948114], [0.32687454653321857, -1.0716976527372035, 0.11145980283735958]], [[0.6080035847117585, -0.8634857598910808, -0.08183838123907662]], [[0.5844778993913902, -1.0715449134445634, -0.11973038381894253]], [], [], [[0.4782612046808376, -1.0473408694871478, 0.505671259267791], [0.42919199629903526, -1.0169293342670354, 0.7444135987095394]], [], [[0.3858297141387169, -0.9661917228251522, 0.4288245835103188]], [[0.3787563532611665, -0.9927461901611837, 0.03823613209520226]]]}