{"bodyId": "h0", "timestamp": 1630675666924042277, "continuousState": [[[0.43351114947233327, -0.9675643791968717, 0.8062555908120681]], [[0.6196955800244509, -1.17076794546311, 0.5995105826274435], [0.414970137498711, -1.0667990525407303, 0.8363948399192809]], [[0.5244869713268724, -0.8560830076470681, 0.5386002224357136], [0.29133312322205485, -0.788606279434445, 0.6360885318470527]], [[0.44089737439618554, -1.2173247645335865, 0.48883900353708154], [0.19467702076725824, -1.120695971334109, 0.5967036708568153]], [[0.3404006975290174, -0.7002233340811675, 0.3494337767672116]], [[0.24665739912024612, -1.2723700240928104, 0.31099294931248916], [0.12083458571982146, -1.1770229910709953, 0.2436566468617948]], [[0.38411363349733985, -0.6818738955554231, 0.040792326666553205]], [[0.18173434213760264, -1.2561019725580855, 0.1069482731397436]], [[0.25381563782244326, -0.7892450457384268, -0.006937698831910438]], [[0.1500080873913966, -1.1171988648422555, 0.1563944234094463], [0.3419873688102389, -1.06668777765073, 0.09466990636115702]], [[0.6442343792284905, -0.8317667310246348, -0.0448975787985712]], [[0.5831494970528222, -1.0562465460309425, -0.13464218484379922]], [], [], [[0.48227854399592374, -1.0437780533129168, 0.5076322286125597], [0.41769124045951844, -1.0066455353281882, 0.7317271124861783]], [], [[0.3906490359626015, -0.9587740493073771, 0.41913639015214654]], [[0.39712123330994353, -0.9744827979334452, 0.05574842230543754]]]}