{"bodyId": "h0", "timestamp": 1630675666924042344, "continuousState": [[[0.437928547824808, -0.9703793553828843, 0.8197070697083396]], [[0.6210864735678658, -1.1694905546842256, 0.5984910229032956], [0.424072671730755, -1.068399869378124, 0.8588394319595665]], [[0.5219469765864316, -0.8585614953944201, 0.5342256231364915], [0.30856734118751183, -0.8006344084265475, 0.6492572031925004]], [[0.4331563584725129, -1.2296390635069574, 0.5002520532861242], [0.1944942532500204, -1.1260935917574715, 0.5991355265824732]], [[0.35637643515592254, -0.7137726443462464, 0.36719844301997]], [[0.25382953807210235, -1.2659874054724827, 0.30601815896907375], [0.10965017994673985, -1.1833809249721734, 0.24034653505907316]], [[0.3768977452170616, -0.6818468124066857, 0.04351302930007296]], [[0.18994154615427983, -1.2400382371194723, 0.0770772141143575]], [[0.1505399211920564, -0.9191744280477845, 0.1857361669547754], [0.2526289584602764, -0.7990429517901075, -0.009025458678476752]], [[0.1521290740234535, -1.12491255343273, 0.15664417240699913], [0.2781851767439377, -1.056079835030645, 0.026198120329398535]], [[0.6212905298285589, -0.829488844821812, -0.07566853465996246]], [[0.5988223073488839, -1.06503869290653, -0.1138884292590401]], [], [], [[0.4781938919778949, -1.0495845860344775, 0.5094780613300229], [0.4206992196740325, -1.011798765771642, 0.7350289057520975]], [], [[0.3947663968142177, -0.9717058539266019, 0.43372524815304714]], [[0.38670980192600624, -0.977200699127271, 0.040487818873518336]]]}