{"bodyId": "h0", "timestamp": 1630675666924004422, "continuousState": [[[0.4262904485608549, -1.0568788248252365, 0.7926378523117698]], [[0.6122210650684587, -1.2511075781345349, 0.5675371507085081], [0.2892508996270942, -1.1486782362319392, 0.745222726941426]], [[0.46243479669115384, -1.0107987709387747, 0.5185946194679365], [0.2959672475524981, -0.913596884012484, 0.6377983331793964]], [[0.4555147583905983, -1.337004542613608, 0.46425821687985913], [0.22803297331916086, -1.2440691173961753, 0.5946272258588778]], [[0.3821193909322381, -0.7948711686605139, 0.1918067841056279], [0.3242536058662563, -0.809611434332126, 0.3728078313309604]], [[0.30180143257562797, -1.3742576280431387, 0.24859392411753448], [0.12092616866403615, -1.301184463677257, 0.24152638298392456]], [[0.37020511680841034, -0.745130369547511, 0.06072385842824406]], [[0.2397461879257326, -1.3520429419734277, 0.05793538416942101], [0.22093180389502617, -1.2694128965835305, 0.020779339456291835]], [[0.16980879602660462, -1.0079103372147484, 0.10970383954188379], [0.2807619921745866, -0.9073177973190221, 0.03313194572210932]], [[0.19956408983746762, -1.200608260889467, 0.02864805986440251], [0.33904912899317535, -1.169686662486091, 0.11383113384887769]], [[0.07021465200198099, -0.5356619213024285, -0.7164675722966231], [0.5457450736885664, -0.888875725015945, -0.11357526246204952]], [[0.08060212914635838, -0.9563594227351708, -0.47796510861523006], [0.5409311188324396, -1.1729706758973177, -0.06114979089771668]], [], [[-0.10747034769003005, -0.8307491298017133, -0.7175186228552555]], [[0.4538385506045662, -1.1804042032502169, 0.49486000646401623], [0.37979659105797825, -1.1056217746709571, 0.6981616372679221]], [], [[0.4188170746614182, -1.065937855637061, 0.3280325004927435], [0.27614328959270856, -1.0268402758641506, 0.4837175285949191]], [[0.1348893709197243, -0.8681350910959478, -0.34390975621611025], [0.44239710134087085, -1.029281193751018, 0.00012793569341408573]]]}