{"bodyId": "h0", "timestamp": 1630675666924042746, "continuousState": [[[0.4334207881257053, -0.9661690676715868, 0.805011026737311]], [[0.6223041964060025, -1.1737385048307767, 0.5991166488282906], [0.41460855302538197, -1.0664803605601036, 0.8385658241108768]], [[0.5251560027281801, -0.8594999723106382, 0.5328383920356193], [0.31741738424366733, -0.8022346403503291, 0.6539679472141784]], [[0.4388247041541218, -1.2217081545730384, 0.4874765585563489], [0.19483339629761576, -1.1258599614618636, 0.5971046037860553]], [[0.3582764879656388, -0.7146018825709567, 0.3662290950037493]], [[0.2469947019654117, -1.2733854818880255, 0.31449926982396553], [0.10893739140687239, -1.178919679630543, 0.2339530399677783]], [[0.3819252350888953, -0.6856128007662503, 0.04285462575176757]], [[0.1919959003260904, -1.2370590129412253, 0.0722485021288644]], [[0.1559884091966638, -0.893937221357357, 0.1773084687216226], [0.2645583507610406, -0.7959466346035694, -0.0007634636689842864]], [[0.15129582795474988, -1.1206049602248425, 0.15891980417950755], [0.3430707612563565, -1.065935718259641, 0.09178599813002551]], [], [[0.5908784023869064, -1.0589886854261246, -0.12543575909193305]], [], [], [[0.48098459545683664, -1.0502292935918056, 0.5053962205239563], [0.42020677237706444, -1.0107312557941799, 0.7342355666738286]], [], [[0.3985505960598803, -0.9681550185719976, 0.4268528267800491]], []]}