{"bodyId": "h0", "timestamp": 1630675666924042880, "continuousState": [[[0.43926958514776354, -0.9701478847647632, 0.8114618226822893]], [[0.6334416071851722, -1.171455783077537, 0.5832453951599517], [0.4198073048448575, -1.0684784265462404, 0.8413264499047494]], [[0.516722782991385, -0.8687058266747038, 0.539238772373069], [0.3091117175561028, -0.7994872643399475, 0.6504296005812132]], [[0.43069619317432634, -1.233354952391279, 0.49513156972899913], [0.19597144314724188, -1.1244377029189898, 0.5975687267230474]], [[0.35696075393128923, -0.7162786552669222, 0.36758400371610195]], [[0.24619757740122106, -1.2715663630070264, 0.3046393577608983], [0.1181474488605038, -1.1833462205372298, 0.24748191800479868]], [[0.3668446220225733, -0.6780013085056442, 0.03095164360315721]], [[0.20493908255300483, -1.192291992418885, -0.02366393671360788]], [[0.15354076080196233, -0.858054802042188, 0.09850652057211914], [0.2691120938637985, -0.7987381380927497, 0.014159060340937458]], [[0.14201556433382473, -1.1073991947775164, 0.11447327781621744], [0.29631542639438885, -1.0556899837673255, 0.07190658845682969]], [[0.5992588134905179, -0.848915108591746, -0.09392355088012733]], [[0.5776348817101404, -1.060123856353923, -0.13325422585911748]], [], [], [[0.477109596474805, -1.0553340246350729, 0.5064919454322642], [0.41983935153311247, -1.0105655799920652, 0.7347415480459093]], [], [[0.3938284735528078, -0.9748168038291006, 0.43135778672255054]], [[0.37063718891217134, -0.9781571516846312, 0.010274863468045056]]]}