{"bodyId": "h0", "timestamp": 1630675666924043148, "continuousState": [[[0.4411903704286583, -0.966619524493784, 0.808059672370156]], [[0.6238255184234527, -1.172344332301983, 0.595606296611621], [0.4253214690805707, -1.0677776595000459, 0.8409412709159447]], [[0.5178693755291531, -0.8670004887210063, 0.538351954331839], [0.32281738178279373, -0.804924204530651, 0.6596138997826384]], [[0.4348212055690231, -1.2271371811418514, 0.4869700047665217], [0.1935935285459391, -1.12525287774853, 0.5955383014119215]], [[0.35744722045342653, -0.7158868689594649, 0.3686788232561546]], [[0.24941673649929016, -1.2684525608795616, 0.3084926042122031], [0.12200096963666351, -1.1811940359295667, 0.2445999736180156]], [[0.3825471361969596, -0.6852169748945571, 0.04870115883466838]], [[0.19759673096466754, -1.2261186027312838, 0.05211708031039029]], [[0.2585515611785188, -0.801695905083719, 0.002522437519705818]], [[0.14992061855091451, -1.1221090895823058, 0.16640557347930007], [0.34482068131549226, -1.068318853363243, 0.10054716914018172]], [[0.5922994665364185, -0.841737571712598, -0.1065103594483528]], [[0.5751178926387186, -1.0596826582596637, -0.13649452498616643]], [], [], [[0.4683403796053919, -1.0647965627334657, 0.5164952373202044], [0.4276631438063371, -1.0126191951338392, 0.7390394166870405]], [], [[0.3961342130112248, -0.9715120250506581, 0.42782441401133814]], [[0.37111004254366653, -0.981923330647452, 0.029947607015473637]]]}