{"bodyId": "h0", "timestamp": 1630675666924043282, "continuousState": [[[0.43378455748868217, -0.966720722840895, 0.8060737415794536]], [[0.6237331177763045, -1.176469575161999, 0.5995147611673713], [0.41691724636762684, -1.067861663547376, 0.843526503919427]], [[0.5307742636315249, -0.8491267647372952, 0.5281994530421317], [0.3102050116922915, -0.797888615626312, 0.6493450967186375]], [[0.4379446424095373, -1.2223639297967435, 0.490509634275359], [0.19409891030423002, -1.1279256632592913, 0.5992752364827484]], [[0.35412224238838846, -0.7155531745191459, 0.3631728182371064]], [[0.2536189102215737, -1.2639237195048303, 0.30325597044768526], [0.11569747545486689, -1.1884153785620422, 0.2479711779424665]], [[0.38165462604100436, -0.6885108962073253, 0.0442609775596834]], [[0.1981118767373228, -1.226468862908025, 0.050870118414451326]], [[0.16262799329971783, -0.8721221654647797, 0.16077639073093247], [0.25964311529871476, -0.8024137188898768, -0.003951295852682733]], [[0.15035085869506015, -1.1220758797868746, 0.1666754476604508], [0.304850300821967, -1.0628120284392333, 0.05456892359727158]], [[0.6145457162367499, -0.8507905582049097, -0.09262307523930645]], [[0.5795272250287241, -1.0620100050265238, -0.14756007506358082]], [], [], [[0.4736024248021461, -1.0571971375191875, 0.5164773346775847], [0.4204788164794761, -1.0112912220495054, 0.7354145979921108]], [], [[0.3960334423989629, -0.9689585521579447, 0.42684122625623266]], [[0.38244828746590503, -0.9864332189958922, 0.03702618621057218]]]}