{"bodyId": "h0", "timestamp": 1630675666924043885, "continuousState": [[[0.4356559705661496, -0.9729876224613307, 0.8352389123722095]], [[0.6272991376626612, -1.1735241625874921, 0.5876152082418524], [0.4118161523196586, -1.0696693637992587, 0.8612162407889784]], [[0.5046805004340931, -0.876041846143448, 0.5513527108140942], [0.32149665605063593, -0.8025889301642621, 0.6617829393192486]], [[0.4320938235304031, -1.228439233620442, 0.48984238782881223], [0.19448397379043036, -1.128688908173132, 0.6019096673789884]], [[0.4721656785888521, -0.6627188998345992, 0.6809879132466851], [0.3560353405205431, -0.7126817537338925, 0.36293171035156935]], [[0.24659919433461056, -1.2745863559457817, 0.3068998144447328], [0.11247454563556812, -1.1842015098750727, 0.23818995050942726]], [[0.3829571500197076, -0.6889154069471373, 0.044145760101287804]], [[0.2113125366772867, -1.181409056129287, -0.0420652239142712]], [[0.25622709923738923, -0.7928721454133727, -0.009128159692579402]], [[0.146945226205633, -1.0917509273563744, 0.09432643024267645], [0.3080593855377408, -1.0640471114379106, 0.056759128110603796]], [[0.5954020872850919, -0.8440251583717319, -0.11424532737443814]], [[0.5795174934935605, -1.064764804880933, -0.14153533651735348]], [], [], [[0.47213325885993596, -1.0545295685147988, 0.5107335032210218], [0.397104775832875, -1.0046698238481098, 0.7241302088429914]], [], [[0.4521297510596276, -0.9455790667275206, 0.5854151505377486], [0.2752596571554867, -0.9206853309535122, 0.4824206888652789]], [[0.37117365674536246, -0.967888042864053, -0.009959448565880845]]]}