{"bodyId": "h0", "timestamp": 1630675666924044153, "continuousState": [[[0.448531698910414, -0.9658748577565207, 0.8201083255885979]], [[0.6335889791675893, -1.1642862506579417, 0.5826376872176587], [0.4205509766014186, -1.0662298699272164, 0.8605229784286859]], [[0.5048842249621388, -0.877140025555891, 0.5520879856517729], [0.3184913308411069, -0.8016020082061485, 0.6576389662091074]], [[0.434258347545253, -1.2249884432967029, 0.48669962497438746], [0.19953219337412542, -1.124011724586495, 0.607849502189607]], [[0.5902216194122957, -0.33985134385141214, -0.0014666175444981492], [0.3581034854873626, -0.7152455657567609, 0.3646803426413787]], [[0.24957263031546295, -1.2736064148541395, 0.302642989536467], [0.09300490523232247, -1.1944605819217946, 0.22997672321838672]], [[0.3834418723387241, -0.6901192233212678, 0.046563299729529266]], [[0.1805860118057797, -1.2314099854987894, 0.052105025054411724]], [[0.2819093259698984, -0.8138418553102339, 0.024207488733607077]], [[0.1403313211814538, -1.107651662068407, 0.1278634302832795], [0.3347077981060647, -1.0751232001296833, 0.11054418975840781]], [[0.640317211758839, -0.8741377003698703, -0.04182212923838574]], [[0.5851344224246641, -1.0720217861323604, -0.12559601370764722]], [], [], [[0.45835293838064567, -1.0714881074235616, 0.5288886324698772], [0.4022419830529245, -1.00436106716353, 0.7290761188863797]], [], [[0.5122399834787743, -0.7824198935740575, 0.24261650371494464], [0.278817839430744, -0.9196286451716279, 0.48626492241549285]], [[0.3903242664701464, -0.9908946812191386, 0.043020650522446885]]]}