{"bodyId": "h0", "timestamp": 1630675666924044287, "continuousState": [[[0.46343956484952126, -0.9731227515668041, 0.8339484239262537]], [[0.6348848912723606, -1.1628958398109717, 0.5869174002426896], [0.4310841023718626, -1.0589455494546973, 0.8714241774258307]], [[0.507876616637507, -0.8690675985446655, 0.5497408411050625], [0.31542522357136793, -0.803390168403348, 0.6546562016860089]], [[0.42305891637128723, -1.2370987706851597, 0.5002061194252849], [0.2060543817312489, -1.1179879301651072, 0.6072393014740181]], [[0.3584073467365513, -0.7160365559615713, 0.36741364133446086]], [[0.2459279551487236, -1.2746048114705013, 0.30914102994406656], [0.11962178322922, -1.1818949685986924, 0.24423588861431814]], [[0.38441474877862175, -0.6864359531341684, 0.0559036018903098]], [[0.2074898058202033, -1.187641637241723, -0.029777098335770007]], [[0.14851903068726977, -0.8658077027475256, 0.10780823992497335], [0.2744022915909411, -0.8064511684896254, 0.0156515127586556]], [[0.14623146983472832, -1.0927941747521919, 0.09852805505468132], [0.343784731705189, -1.0667360065322014, 0.09727329589516398]], [[0.6697609066622074, -0.8857081167104196, 0.01155114632970799]], [[0.5882656727365347, -1.0600458658056053, -0.11243750897263317]], [], [], [[0.4687058005948146, -1.0576378598258451, 0.5146861445780367], [0.39630695017098627, -1.0012332216730164, 0.7225649328333988]], [], [[0.39073313155391926, -0.9765676633233655, 0.4338098803798729]], [[0.4079961882484679, -0.9892511457313058, 0.05503960069219466]]]}