{"bodyId": "h0", "timestamp": 1630675666924044555, "continuousState": [[[0.4590982881409932, -0.9820561810076525, 0.8508679241853473]], [[0.6370845362156708, -1.1572920138458849, 0.5798911915735644], [0.4321833930840426, -1.0563290098174698, 0.877103702783862]], [[0.5123074007200501, -0.8639476527498698, 0.5450146556440612], [0.3318359037666801, -0.8148050400296932, 0.6640825675607186]], [[0.426668632453902, -1.2225265526258058, 0.4931327923688052], [0.19955138632395028, -1.1190084373776488, 0.6088320809645971]], [[0.3549104258695354, -0.7183303587946481, 0.36324154712456835]], [[0.23263075945362896, -1.2753596478408342, 0.3049353566811085], [0.09380455511061404, -1.1853217164285335, 0.23407135992500094]], [[0.382716970035872, -0.6865822110754966, 0.053132959188032826]], [[0.20627751669511013, -1.2178506055140466, 0.038657197335083084]], [[0.15698533137964882, -0.870977988480016, 0.15560716757766022], [0.32368029942180193, -0.8349905165394558, 0.07621246622222133]], [[0.13835932246680926, -1.0982890528274638, 0.11951200526194998], [0.26076498303045104, -1.0495620844616451, 0.040068305639282015]], [[0.5567891086956545, -0.8463030202396952, -0.10607719809122272]], [[0.5856709376194099, -1.0653807568639464, -0.110173829265246]], [], [], [[0.4800418991509542, -1.0396138077006603, 0.5010824153932325], [0.3812468249684955, -0.9999930111044559, 0.7159197426948801]], [], [[0.3907895291617187, -0.970428455710227, 0.4281871697466868]], [[0.34757421558123186, -0.9722960365335795, 0.006717403585363629]]]}