{"bodyId": "h0", "timestamp": 1630675666924044756, "continuousState": [[[0.45699268885080824, -0.9728465660228715, 0.8324466565878653]], [[0.6367340839458463, -1.1523670740093976, 0.5802000410007978], [0.43485291471246135, -1.0525106374898237, 0.8777219250558921]], [[0.5187487443352816, -0.854871914462989, 0.5400208800622879], [0.32220531211075626, -0.8091065612645807, 0.6562758214618323]], [[0.4307261171540786, -1.2290023526153493, 0.4952938891733012], [0.1973253554063408, -1.1214101503614815, 0.6079285832587925]], [[0.609064990320282, -0.31126111170898846, -0.025096463631890855], [0.3572326235368039, -0.7161944296854265, 0.3623261290186601]], [[0.24283316204982186, -1.2711817356620254, 0.31482548004103045], [0.10215939595472968, -1.1811112098644643, 0.24223063065400835]], [[0.3853016182528536, -0.6892092016073018, 0.052562769660606364]], [[0.1969733387206372, -1.2346144871022926, 0.07404849669785427]], [[0.283658719837822, -0.8161192947991956, 0.03134891038791693]], [[0.15306213293925197, -1.0744370802838448, 0.08913626397772031], [0.3115471762447355, -1.0640209034734243, 0.09003714160210893]], [[0.5980702315614007, -0.8541956970240734, -0.09017431700749921]], [[0.5755188263642744, -1.0617949141551628, -0.12594356810717316]], [], [], [[0.45632902229099553, -1.0729028575476018, 0.5334158402461524], [0.40148127617456314, -1.0060906837613173, 0.7280647315984884]], [], [[0.5198955537371803, -0.7701317321621689, 0.23509871277070518], [0.27727898947157237, -0.918802290023454, 0.4851273561387263]], [[0.37556618225032634, -0.9643163886539591, -0.0005190265148894493]]]}