{"bodyId": "h0", "timestamp": 1630675666924044823, "continuousState": [[[0.4628074931671665, -0.9681426461547173, 0.8259138522031713]], [[0.4319475731118309, -1.0554392718832324, 0.8693776450997528]], [[0.5272186178500704, -0.8442282947693273, 0.5358823950861143], [0.32658805785758865, -0.805375044755806, 0.6612395927165481]], [[0.4304708897756961, -1.2284958956557734, 0.49679102280553966], [0.19591411323038552, -1.1220329105847933, 0.604693427755034]], [[0.47159733585322877, -0.6435846494218663, 0.6757407019024091], [0.3556638617429137, -0.7144584558571752, 0.36305186989477306]], [[0.25068602915750665, -1.2697986149506417, 0.3162872443623353], [0.10274046210770939, -1.1797308675255183, 0.23683596041774013]], [[0.4395521438997421, -0.5356546711776714, 0.7883664489070831], [0.3763660878211208, -0.6834147884625429, 0.04223954865153405]], [[0.19986767360884902, -1.2238118221450538, 0.05490584761648256]], [[0.2594120303362752, -0.803384307268722, 0.012567607289083753]], [[0.15461666615699643, -1.1132003368465648, 0.15633501895408017], [0.2507238101225271, -1.0440921946446498, 0.03274368595669739]], [[0.5918148803280622, -0.84687922845358, -0.10199702704948914]], [[0.5743834113085102, -1.0598087867587227, -0.1322917162408478]], [], [], [[0.45842546115749166, -1.0700889315582394, 0.5351079193197539], [0.386502460517941, -0.9979140937668226, 0.7177862746748429]], [], [[0.45103411281446243, -0.9360402725388199, 0.5862658623539744], [0.2757889874866496, -0.9182456832209842, 0.48387264882490355]], [[0.3732157732425293, -0.9800397826500724, 0.027168995952295515]]]}