{"bodyId": "h0", "timestamp": 1630675666924004690, "continuousState": [[[0.4139069669249534, -1.0564976918100153, 0.7905851686960809]], [[0.611282025215231, -1.2572802694262009, 0.5762481556201295], [0.35089604631811083, -1.1631975190132662, 0.789414487064721]], [[0.4627701411820081, -1.0138371495343346, 0.523445921411062], [0.28331686857966176, -0.9049590017886543, 0.6295427028423012]], [[0.4536238578613126, -1.3381892515564573, 0.4663686202747485], [0.22764723672294396, -1.2450862049860807, 0.5949186522234493]], [[0.38467456457733434, -0.7649329530436457, 0.15830700774780415], [0.34755857754436464, -0.8182169362293358, 0.385423329501426]], [[0.2943827363107261, -1.3824776667328382, 0.264134267059982], [0.12735602061514806, -1.2970106343117767, 0.24066252104117483]], [[0.3792152077456055, -0.7474825891535951, 0.06343563082593823]], [[0.23354824877225877, -1.3538881179578626, 0.054493279988106], [0.2323171511468447, -1.2671938337206485, 0.024639435447459845]], [[0.1533111591184412, -1.0303345799534196, 0.1558017180403358], [0.2737143348472523, -0.8957310787262651, 0.019904690561110102]], [[0.18836002547479727, -1.2134674214158572, 0.056197578018454125], [0.3325828961724085, -1.1603889357565496, 0.08461980315953951]], [[0.07480829840965635, -0.5376861237047946, -0.7071859842947188], [0.5291649362759097, -0.8777489647479263, -0.14090040673528756]], [[0.08144501598049612, -0.9674184105963609, -0.4647496657057202], [0.53638271834436, -1.1707213446162945, -0.06962151813129662]], [], [[-0.10343396696125888, -0.8321420503064553, -0.729282269918639]], [[0.44994857927398324, -1.1846867671161057, 0.5030755913344312], [0.3913390931791955, -1.104502403573928, 0.7065233027501567]], [], [[0.41914921121932347, -1.0515611023000515, 0.31233781401127636], [0.28760290713365433, -1.0316515706077083, 0.49017099086243765]], [[0.1315841619422268, -0.8755767725603258, -0.3254942031381323], [0.43087391622415905, -1.0190689502522379, -0.028140301787874022]]]}