{"bodyId": "h0", "timestamp": 1630675666924045359, "continuousState": [[[0.47030008886126395, -0.9731940192916927, 0.8169005997321419]], [[0.6402136765371494, -1.1548171603349173, 0.5753607247897934], [0.43177780677352917, -1.0617593183301657, 0.8420563835217703]], [[0.5121818036511999, -0.8743500558965036, 0.5475270702745884], [0.32343773578886453, -0.8063706594549026, 0.6503161881484398]], [[0.42969553946732736, -1.2232906422273941, 0.4957133050135077], [0.19620396301121173, -1.1170663750125873, 0.5938285167002861]], [[0.3601884982931188, -0.7213672868320679, 0.3673326999259521]], [[0.2475479765627851, -1.2641426075731057, 0.3022486383982578], [0.09834373654329602, -1.1750548932026754, 0.2286576624897789]], [[0.3893654421633694, -0.6922787451564197, 0.05656758510160216]], [[0.2232775877695551, -1.167103907631603, -0.059006293971011925]], [[0.14685614564328733, -0.884167033321027, 0.126787116363206], [0.2714760885952494, -0.8120520615959956, 0.023213135235024766]], [[0.14393498410818206, -1.094172263926782, 0.10688258548684007], [0.2518486564658574, -1.0434502704119486, 0.03142598645066414]], [[0.5638296074193363, -0.8501049951403226, -0.08470668131523804]], [[0.5153529390960507, -1.0583893461486296, -0.09875715226154534]], [], [], [[0.4583031821513477, -1.0727961886453785, 0.5319839903392478], [0.44021981690078316, -1.014879467755922, 0.7437744170336192]], [], [[0.39494201888022307, -0.972328964529731, 0.43152300246972985]], [[0.3538822957637592, -0.9721386295335522, 0.011087952085801017]]]}