{"bodyId": "h0", "timestamp": 1630675666924045828, "continuousState": [[[0.4934016757493555, -0.9890269486601254, 0.8480231453511546]], [[0.6521561331051924, -1.149837694036109, 0.5709239417905253], [0.4360893879159344, -1.0520466809217328, 0.8647328722197581]], [[0.5174204823912559, -0.8697056507360258, 0.5442838122436382], [0.3278374577318923, -0.8179633578500669, 0.6587398540483947]], [[0.4203589960797, -1.229651299900884, 0.49945143272219084], [0.19537414183320492, -1.1245809884214075, 0.5983082116054889]], [[0.35944137919703917, -0.7234786899121786, 0.3695103824271539]], [[0.23255440631664048, -1.2668658493644336, 0.3090073446561378], [0.08863764959039326, -1.1755044293993946, 0.22135200855541848]], [[0.3861489803269867, -0.6920558541520667, 0.05582479940526923]], [[0.1984568568421327, -1.1955964503470673, -0.0031157117641989773]], [[0.1484150922058746, -0.897000569139454, 0.18681688591385365], [0.32308805101513827, -0.8327882321565382, 0.07413425416842233]], [[0.14763077215028642, -1.0778570157702967, 0.0917314618497926], [0.27021829962346827, -1.0488997397545892, 0.04774195049968989]], [[0.5675684288460632, -0.8471498939065462, -0.09220455443881542]], [[0.5874792743039061, -1.0637733960053894, -0.10725125054858313]], [], [], [[0.4631312258807383, -1.0657859934387108, 0.5234154242454774], [0.4138028943830111, -1.0136422936944318, 0.7303951290013554]], [], [[0.3899001876383696, -0.9765649949065313, 0.4344809075746724]], [[0.3575996004981748, -0.9625034548384215, -0.00023654629451141246]]]}