{"bodyId": "h0", "timestamp": 1630675666924045895, "continuousState": [[[0.4588004027462416, -0.9772791019731578, 0.8341540776217761]], [[0.655589990965577, -1.1462247086768602, 0.5633366703788787], [0.43403208023460227, -1.0528241999615047, 0.8688644389032119]], [[0.5116157892335723, -0.8765844636599043, 0.5484107423162248], [0.32006193068981814, -0.8111307945863938, 0.6537002982349666]], [[0.42948838333032374, -1.2182693964198754, 0.494846146504546], [0.19571767770241194, -1.1223083160163392, 0.6016072553264787]], [[0.3615420739325698, -0.7202004848790496, 0.36910985619358144]], [[0.23425489072099487, -1.266077425650339, 0.30653326031810185], [0.09490627167773118, -1.1746273787195256, 0.2233152414546928]], [[0.3826580217231508, -0.6856493982483465, 0.048471466632133114]], [[0.20208708448845142, -1.1990697263500716, -0.007202433193740489]], [[0.14322740480932816, -0.8949309699204862, 0.14156880749980474], [0.28288884745004794, -0.814701362329775, 0.02769957119967512]], [[0.14497062235392214, -1.0923864043617173, 0.10730364512905931], [0.34448791453341276, -1.0677021459267662, 0.1010993758757661]], [[0.6069892344272249, -0.8475623381086543, -0.08225297788052739]], [[0.5862498021656432, -1.0577220636870552, -0.11922681778457536]], [], [], [[0.4604998454321213, -1.069009744802475, 0.5290746387367393], [0.43309065835401633, -1.0175207319221966, 0.7442046562798383]], [], [[0.3955152286314468, -0.9692349406494625, 0.4319780013490637]], [[0.3759799283905735, -0.9699743712351858, 0.012525333624265958]]]}