{"bodyId": "h0", "timestamp": 1630675666924045962, "continuousState": [[[0.4440092647088345, -0.9728239309850979, 0.8573608081062049]], [[0.6516879694728721, -1.1474460602795056, 0.5616205679646497], [0.4227714065459043, -1.0491683918720716, 0.8775186410262505]], [[0.5144791352733942, -0.8676327021838797, 0.5452314022512366], [0.3230593019803725, -0.8104252503144556, 0.664762051872537]], [[0.4264379878698775, -1.2230277225071422, 0.49664009628844835], [0.19632569041986653, -1.1202320779094426, 0.6061682510724574]], [[0.35895191498035345, -0.7195536163368625, 0.3725719039588009]], [[0.23460816547732458, -1.264652161813266, 0.3050087520239608], [0.08737346957565706, -1.176712298072454, 0.21945159171509318]], [[0.3766291450915996, -0.6860164494214873, 0.047944218729675185]], [[0.20025451534879504, -1.1995928837101086, -0.003314433347645263]], [[0.16152415999324823, -0.8712775497174345, 0.15671777461840453], [0.2699396567119834, -0.8089323194175486, 0.012683935893722265]], [[0.15297919099770296, -1.0756049696092131, 0.08834081284896433], [0.34642681822290344, -1.0703687144058192, 0.1029935690657303]], [[0.6461004036581003, -0.8773179513500006, -0.021992534914491216]], [[0.5717411874293079, -1.0641238742402834, -0.13140334691726865]], [], [], [[0.46817396642835474, -1.0566304349599946, 0.5189849988914795], [0.40651532120810974, -1.0080543563740108, 0.732685855050873]], [], [[0.39269495142511546, -0.9712906694220024, 0.4346060001236246]], [[0.3995397973279016, -0.9764614604796069, 0.03317413896723656]]]}