{"bodyId": "h0", "timestamp": 1630675666924046297, "continuousState": [[[0.4426448541883005, -0.993203240250539, 0.8681467553872353]], [[0.4213650232097693, -1.0522040302708449, 0.8754331770476236]], [[0.3175012735150772, -0.8209884914304743, 0.6566513108372963]], [[0.19623951606331616, -1.119348884604875, 0.6015317909489549]], [[0.3505100185093454, -0.7189561765661948, 0.3654925573253017]], [[0.08503688737801259, -1.16065965233819, 0.21583873259844585]], [[0.3836883627893244, -0.6900334940924474, 0.05939712864249168]], [], [[0.27577214873808636, -0.8118064557994468, 0.02594492103253356]], [[0.3399208499886804, -1.05442188737073, 0.11949799020371188]], [[0.5583273070397498, -0.8503678140777878, -0.09081541494981184]], [[0.6066526539990864, -1.0433728749505846, -0.07034796440694072]], [], [], [[0.4437831054898336, -1.0238540792628417, 0.7538010949939309]], [], [[0.27337476728633076, -0.9191525305855348, 0.4835121741371283]], [[0.4491240785142151, -0.952394850724259, 0.01434128762695002]]]}