{"bodyId": "h0", "timestamp": 1630675666924046632, "continuousState": [[[0.4333845149417705, -0.9897373264081207, 0.8840398517585207]], [[0.6488056754278355, -1.1653669385666017, 0.5616890706015348], [0.43168504100293464, -1.0494256964089854, 0.8988349944226007]], [[0.5189241299260018, -0.8727924647682775, 0.5458178620837613], [0.30689306321850224, -0.8216425871814674, 0.6521066151100858]], [[0.4227003687501711, -1.2165341020639548, 0.49863660663456333], [0.19734245487860722, -1.1180573753652077, 0.6036564570577341]], [[0.47352056387172187, -0.6797223239786706, 0.6827716785864532], [0.34420509726096815, -0.7175296324358169, 0.36403977970123813]], [[0.231571047689458, -1.2637377210062972, 0.301198118546853], [0.09447717187798685, -1.161553957861033, 0.22978257446381348]], [[0.44408215124219047, -0.5471207940619477, 0.7796837491495581], [0.3628238892793199, -0.6820713342193804, 0.041871102023534376]], [[0.20618309328247023, -1.1841435868927652, -0.03621594923950056]], [[0.2825017606956517, -0.8242514788587709, 0.03448338024315558]], [[0.13570491708768942, -1.0904981654069947, 0.12032388257711069], [0.33852935973290665, -1.0438877378421558, 0.10042479391528104]], [[0.5595975663729332, -0.8824239604483086, -0.08248592718263899]], [], [], [], [[0.4679466202983368, -1.0564211183199232, 0.5203080554868782], [0.4488210293170421, -1.0284756067013003, 0.7595238516678988]], [], [[0.4481104663109465, -0.9481282130213127, 0.5907041426105082], [0.2707737760697877, -0.9177935039005123, 0.4838481183794861]], [[0.3476512417303113, -0.9864610629276517, 0.01891897769723585]]]}