{"bodyId": "h0", "timestamp": 1630675666924046766, "continuousState": [[[0.44109843448564245, -0.9939730965290967, 0.8732643951839956]], [[0.6356915984380068, -1.1790649826492419, 0.5796752061041052], [0.4187165161492403, -1.0558335278492859, 0.8748259474181344]], [[0.5203927348773859, -0.8807593141189006, 0.5415672241885305], [0.31251484393002604, -0.831995771918689, 0.6559244309062099]], [[0.42057294813358403, -1.2212227843412282, 0.5023289361358307], [0.19553117583193308, -1.1201493208697566, 0.5989984011132319]], [[0.33029010609286413, -0.7164012220430883, 0.354257347613549]], [[0.2295575152639545, -1.2669919472804574, 0.3058744011213992], [0.0858942953233934, -1.174009677235327, 0.2251818141322776]], [[0.3852977012519923, -0.6973222999797646, 0.06570981495984415]], [[0.18707746953567414, -1.211801113275421, 0.010307071235571584]], [[0.2552152420378916, -0.8163165175775803, 0.012079157837797084]], [[0.13705359637571718, -1.09435956326754, 0.12127260048586617], [0.2863906653986896, -1.0490425920209099, 0.0712360996367529]], [[0.4710735862469005, -0.8317329151783459, -0.16362212585199337]], [[0.08511229926527107, -0.9269255001267591, -0.4763261321790876], [0.5065613134006153, -1.0297304797182496, -0.10958750092330638]], [], [[-0.07617957441533713, -0.8365623722035153, -0.6305328242779414]], [[0.46336600748978907, -1.0670189177334892, 0.5267233098085597], [0.4461981536343164, -1.032354704292976, 0.7555499917223057]], [], [[0.3754315271132241, -0.9688120031921583, 0.42829314187468986]], [[0.30406359131130883, -0.963046239222943, -0.0211747626830636]]]}