{"bodyId": "h0", "timestamp": 1630675666924047034, "continuousState": [[[0.4318001570477015, -0.9882307290185852, 0.8765309512905001]], [[0.6494423706242571, -1.1659464754312114, 0.5603655955812205], [0.4116370241792306, -1.061270062430939, 0.87791296164263]], [[0.515719751128637, -0.8787528280202385, 0.5493943614336014], [0.2971786388151479, -0.8251772093682018, 0.6474740029323726]], [[0.4202861692076296, -1.2225489003553047, 0.5026348757668674], [0.22754806788239898, -1.1317222599340675, 0.6211521833722897]], [[0.4740068408058533, -0.6763367777122983, 0.6786173664750508], [0.3495280164474434, -0.7230924393984907, 0.37413155153718164]], [[0.23134141879000839, -1.264806266700269, 0.301701943958511], [0.07182176165785359, -1.1790573236787971, 0.2143586642307057]], [[0.38008385176051795, -0.6888317536597692, 0.06591738827067889]], [[0.20531035302422673, -1.183944342316583, -0.03923364970494003]], [[0.25776291516178845, -0.8143089830778107, 0.010847853573870225]], [[0.15562152608957705, -1.0792671326243393, 0.12449642433708982], [0.2510724425632693, -1.0442948446171623, 0.03225442913711277]], [[0.4987933856720617, -0.835334846372101, -0.1310526885635902]], [[0.5269954422253363, -1.044187879864241, -0.0846070098333928]], [], [], [[0.46382250822153137, -1.064425113999418, 0.5260063903466987], [0.4619367028616398, -1.039809427473118, 0.7666382066196225]], [], [[0.44714650500674147, -0.9494428390338014, 0.5906261211209591], [0.2885380421649212, -0.9274073496662791, 0.4976418674547357]], [[0.3272074558808194, -0.9573009894982201, -0.00327813211325019]]]}