{"bodyId": "h0", "timestamp": 1630675666924047369, "continuousState": [[[0.42783947407074086, -0.9825582837594938, 0.867992365930162]], [[0.6452772566625405, -1.1697973870507803, 0.5634166528989407], [0.416929856567099, -1.0387177656677868, 0.8772865497299382]], [[0.51679726252799, -0.8795240390419256, 0.5495233868750979], [0.2905872791980876, -0.8233239972756045, 0.6431921691422972]], [[0.42399507129234526, -1.2174804327685549, 0.5000995048479736], [0.24589725475736213, -1.1300133259057272, 0.6356521889567887]], [[0.4711616026242598, -0.6845500458662264, 0.6822798523748151], [0.34677089111755843, -0.7206317616551862, 0.3683233027230842]], [[0.2308254411580321, -1.2651383376126377, 0.30383214510767015], [0.08141036391267813, -1.168443198675813, 0.22550349457175684]], [[0.4451609414606939, -0.5492509754775747, 0.7789436872537241], [0.37634256224038065, -0.6928309971609927, 0.056791178551811754]], [[0.21112810837247492, -1.1814109339439665, -0.04481390856860503]], [[0.1695370576555389, -0.8538479215818404, 0.1394927829864605], [0.279879259001674, -0.8386238922752541, 0.06123061261454882]], [[0.14343349859642626, -1.1079242792152817, 0.16909519679155302], [0.2964378754412412, -1.0450127363646697, 0.0804654529381985]], [[0.5017405162517639, -0.8574999322797019, -0.11960553439246382]], [[0.5933503451429163, -1.0413674717961845, -0.036415921437899214]], [], [], [[0.46684445696186966, -1.0622920138084355, 0.523836147766842], [0.4430133464124374, -1.0319260642113985, 0.7564496141078064]], [], [[0.4475783369583025, -0.9510152393173906, 0.5911896786113944], [0.2963340729374603, -0.9253225437804566, 0.5019877458399364]], [[0.3225870074240951, -0.9827121057474918, 0.024744831199544598]]]}