{"bodyId": "h0", "timestamp": 1630675666924049513, "continuousState": [[[0.4838953588575596, -0.9713928273253016, 0.8670850114980634]], [[0.6696548412843063, -1.118385339374995, 0.5496694638522208], [0.3930339365495533, -1.0297186557290907, 0.8359597628271545]], [[0.5142590983371895, -0.8653686431939264, 0.538630663948486], [0.5029082394829015, -0.8971227074831414, 0.7656446889708053]], [[0.4481317505416352, -1.2094730819598536, 0.4861609252263121], [0.20884142997278762, -1.1198383214308159, 0.5917897581952264]], [[0.3524672743431659, -0.7199513816570774, 0.37098303415992157]], [[0.24848250419371784, -1.260916119714976, 0.30881518155224946], [0.06326980130633615, -1.1711892014845848, 0.1908258841443144]], [[0.3971747358781188, -0.6625082111644339, 0.0820663219613707]], [[0.19666883003359426, -1.1984549848251613, -0.009939943234078555]], [[0.139954363416975, -0.8987457161967672, 0.14515850442435], [0.2633458531878416, -0.8141996342585682, 0.008613438300355937]], [[0.15579470463640802, -1.0747469154491045, 0.06938971470532465], [0.2861389013855369, -1.0461766666681118, 0.04586964491618278]], [[0.8200722821169933, -0.9687465575738072, 0.21683390338521258]], [[0.08056039845118437, -0.9639082330449995, -0.46169366075044627], [0.5982704331804716, -1.0521079407679903, -0.10729188916077237]], [], [[-0.07222028672072406, -0.8401676614761894, -0.675447986755697]], [[0.48011851434058844, -1.0467564057220227, 0.5110799784758251], [0.3997597797869107, -1.0076721713660794, 0.7086186060026741]], [], [[0.40029951244240053, -0.9647122318084655, 0.42857197969311683]], [[0.48793349337670067, -1.0217467365114559, 0.1431118090452686]]]}