{"bodyId": "h0", "timestamp": 1630675666924049714, "continuousState": [[[0.4756418390323295, -0.9670494220401706, 0.8670843107370761]], [[0.6492783122316335, -1.1314934876647902, 0.5744001388849729], [0.39868510663743406, -1.026654823559113, 0.8440826078239041]], [[0.5191849366602515, -0.8629328001575861, 0.5390748287943303], [0.5075665680854943, -0.8997227345833235, 0.7722627040604548]], [[0.4516158437778145, -1.2063733889614432, 0.4888377806781376], [0.20202436994478556, -1.1171943630717023, 0.5895991502841061]], [[0.360938842790647, -0.7186459659512782, 0.38169070755653595]], [[0.2404976507286421, -1.2554126441578106, 0.2945190909648302], [0.07340970040064394, -1.1704625831618807, 0.19762929159129614]], [[0.39671601315992777, -0.6565379727902897, 0.07729150953548401]], [[0.19288566227173937, -1.1977665721150297, 0.0028395505052785665]], [[0.17300906461528637, -0.9058051114607087, 0.21784098611827038], [0.3117136840122298, -0.8270690009940055, 0.06200795027318782]], [[0.14425712616428837, -1.0940224410669823, 0.10716463397053008], [0.33602039233937786, -1.0554511762409349, 0.09639909429249247]], [[0.6316546642907788, -0.8673576615747369, -0.055581481251550484]], [[0.5990700698288456, -1.0475665144949526, -0.10740620700670434]], [], [], [[0.4838185672432723, -1.0451338388272027, 0.5182179932529578], [0.4010660385840786, -1.009441056107492, 0.7131490219272899]], [], [[0.4062773432842307, -0.9625096774563606, 0.4352642441173368]], [[0.3879558952275336, -0.9806900513208596, 0.0257915763594898]]]}