{"bodyId": "h0", "timestamp": 1630675666924050183, "continuousState": [[[0.4737155280354698, -0.9476918452102923, 0.863609056686288]], [[0.6535275202574655, -1.129667243254191, 0.5727426712900784], [0.4027905934895405, -1.0258763767003234, 0.8340331676147407]], [[0.5140516450135713, -0.8633546847692732, 0.535838481106337], [0.4810878597935125, -0.8812710574277361, 0.7410863718004138]], [[0.4502774493415922, -1.2062394436104829, 0.4855092024906178], [0.21059316957566465, -1.1225187072298486, 0.5857134010372269]], [[0.3636368653732029, -0.7187922300147862, 0.37983239795266877]], [[0.23359132024842102, -1.2678243883020486, 0.3023907356142895], [0.08370032384631236, -1.1754761016407376, 0.18009933617031992]], [[0.39000874344090836, -0.6529107351566433, 0.06530739923094916]], [[0.20298427141178085, -1.1851689378041175, -0.038720703848443006], [-0.23397918871518256, -1.1484453933750811, -0.5287418372270302]], [[0.15778313156280183, -0.8836775589344702, 0.16378511703435583], [0.25811189995159883, -0.8017925313212543, -0.008423397337438701]], [[0.14622688187044675, -1.0916452847193874, 0.09397894693833428], [0.30960790438455865, -1.0593600055935113, 0.055710823131855707]], [[0.6138012863201259, -0.8544834944917477, -0.09240895294561029]], [[0.6468119349851971, -1.0942938467970733, -0.10270714466831896]], [], [], [[0.4863917340791149, -1.0388233911014564, 0.50393718162336], [0.38776342063707786, -1.0001083409346923, 0.6878135210830204]], [], [[0.40695715735739757, -0.9625158368126345, 0.4326708002216433]], [[0.3800140840952863, -0.9730643896055675, 0.000784996996361996]]]}