{"bodyId": "h0", "timestamp": 1630675666924051858, "continuousState": [[[0.45487142635390093, -0.9248193912489132, 0.8579778412946601]], [[0.6573391805029519, -1.1223862606613528, 0.5518760085967127], [0.4170118723950534, -1.0235066529184145, 0.8539760883434415]], [[0.49581051178478497, -0.8762131171744966, 0.5408356716233247], [0.4861185190772956, -0.8871397601041143, 0.7613427351905291]], [[0.44206237524407044, -1.2046877749165337, 0.48967794717841967], [0.19924027927092355, -1.112909641271296, 0.5891179215332786]], [[0.36939977650296485, -0.731840281491416, 0.4059100084100821]], [[0.23867460543097235, -1.2650047166591714, 0.329580649946907], [0.10913550567280504, -1.1543103728485489, 0.2041767668553018]], [[0.3943966831912473, -0.6610026880184615, 0.07773440497876481]], [[0.19951064810937089, -1.1833532051538531, -0.02107941782263538]], [[0.28037559924125505, -0.8007012354504675, 0.01733392895895031]], [[0.13745886885623526, -1.097732635468657, 0.12198872202154121], [0.34170494265000706, -1.0555964289419986, 0.09234100965376887]], [[0.6320967768723431, -0.8628708245858783, -0.06838053214012393]], [[0.5826933958804061, -1.0482083023840987, -0.1472125611982367]], [], [], [[0.4794202088130787, -1.0393762588525401, 0.5035161219647817], [0.4148264279547332, -1.0088225825953365, 0.7234820087837799]], [], [[0.40573107587351764, -0.9682640282039748, 0.4477939777942509]], [[0.3847778228642892, -0.9803017300272676, 0.026804094940708637]]]}