{"bodyId": "h0", "timestamp": 1630675666924052126, "continuousState": [[[0.46470240303321864, -0.9488991177414666, 0.8651097010974849]], [[0.6540385969149138, -1.1291159899040728, 0.569429473927514], [0.4062357042932515, -1.0292648243571663, 0.848619884853982]], [[0.49769268674090456, -0.874180246006174, 0.5432244670904772], [0.49603096739259356, -0.896860207023775, 0.7811108510654691]], [[0.45926542379826996, -1.1840451015075895, 0.4652951096496471], [0.20181611102872876, -1.1124563196588382, 0.5908209098218336]], [[0.36366372722303913, -0.7259126942129974, 0.38821457455136443]], [[0.25965369199152694, -1.2388857324320726, 0.2871168259275544], [0.06995509102501206, -1.1608224454807212, 0.1908802098728886]], [[0.39242855705030455, -0.6611107999708213, 0.08681113478367115]], [[0.18938902689899106, -1.2004926110660554, 0.005676428134564048]], [[0.267541960563776, -0.7888233471786836, 0.00832460919034088]], [[0.1418030841682059, -1.091881863054094, 0.11239846834317087], [0.3352630942143171, -1.0440237349287134, 0.08489847605002092]], [], [], [], [], [[0.478370307698563, -1.038994558209737, 0.5044741949309677]], [], [[0.4114645755106545, -0.9549788978602934, 0.42675484210050574]], []]}