{"bodyId": "h0", "timestamp": 1630675666924052997, "continuousState": [[[0.4705562421638151, -0.948122463525843, 0.8675862730794839]], [[0.668725490686835, -1.1191310681042714, 0.5512960270560742], [0.4093406005998854, -1.0292600050912293, 0.8479103194243804]], [[0.49523256619850936, -0.8799688509595289, 0.5354568864137069], [0.4765846618631319, -0.8591221010257187, 0.7529797634072439]], [[0.4459397369826503, -1.209128849923056, 0.4811532181790343], [0.20303492068878223, -1.1101984030341763, 0.5897076751470265]], [[0.3473510172606709, -0.7048011571105154, 0.3625555747013086]], [[0.23718452086461952, -1.261655731414042, 0.3031336051351404], [0.08967950113950769, -1.1651063388708345, 0.1827042713298674]], [[0.3905771304852342, -0.6613559744656561, 0.07600969622136608]], [[0.20495314171413337, -1.1866514622389341, -0.02796824724834141]], [[0.16908597144647824, -0.8386279938981457, 0.1265260985412119], [0.2706863870673512, -0.7784810529834894, -0.005129998156853617]], [[0.14394889411467432, -1.093761438273433, 0.10715357769246316], [0.32213892943083555, -1.0437711507879273, 0.059147106960920154]], [], [], [], [], [[0.4743388459826672, -1.0491095579593284, 0.5035930748947759], [0.4302051464137096, -0.9985612070431575, 0.7320328925797578]], [], [[0.3966453771216606, -0.9569650035167856, 0.4218543964401714]], []]}