{"bodyId": "h0", "timestamp": 1630675666924053064, "continuousState": [[[0.476907545226117, -0.9683785576253272, 0.8651886019023813]], [[0.6647545758405936, -1.1226060778916853, 0.556020359352982], [0.3869465657650619, -1.033357662995475, 0.8348490442963734]], [[0.4956206344096362, -0.8803613123915216, 0.5367503895585594], [0.4303122594606398, -0.8540823398861517, 0.7248642471434003]], [[0.44195225149320033, -1.2133845661638707, 0.48536827388111314], [0.19690114273759377, -1.1193000333678778, 0.589198615483112]], [[0.34882312392880477, -0.71288967580866, 0.3721671983388142]], [[0.25606641146118914, -1.247391538910593, 0.3046882748519754], [0.08202458159356775, -1.1692357819761552, 0.19992826474153208]], [[0.39042683662156696, -0.6564590563188445, 0.0804722879089959]], [[0.18046143787983188, -1.2518189553845118, 0.11159502389731324]], [[0.18403812916329787, -0.8043074436948261, 0.10167453646771901], [0.24654865180053367, -0.7763434305029857, -0.02618492662818653]], [[0.14566145192110416, -1.1134755816826907, 0.16947036550780287], [0.34504683897854194, -1.053887420970159, 0.08838626135984896]], [[0.6437378444579879, -0.8309817922516091, -0.10320222168876261]], [], [], [], [[0.46734297930132634, -1.0592853143812269, 0.5128441527368751], [0.3962963466659305, -1.0002470945256254, 0.7129268708953136]], [], [[0.3953876877110025, -0.9631371209862654, 0.42876773610996366]], [[0.394699648189546, -0.9722286869671499, 0.03313407190952013]]]}