{"bodyId": "h0", "timestamp": 1630675666924053131, "continuousState": [[[0.47134535173518977, -0.9461811726640511, 0.8653203294585159]], [[0.664857125081821, -1.121118671595616, 0.5583521062861251], [0.39796978246013825, -1.029342511358008, 0.8313280282553014]], [[0.48737276518952505, -0.8870597681897074, 0.5422218593093181], [0.4216438782185676, -0.8435599617798614, 0.7085824013316021]], [[0.44444887539756334, -1.2139728938158, 0.4837934927480512], [0.20549097698722743, -1.1188177966651092, 0.5864547959818013]], [[0.3479206121093264, -0.7062650428827202, 0.36152817217001826]], [[0.24027242127747553, -1.2592146061191825, 0.29987817401072564], [0.08726113213113786, -1.1738120659785727, 0.17749564424336767]], [[0.39120235047332813, -0.6593924565194909, 0.07888415967966012]], [[0.20491329920895635, -1.1929340596325468, -0.013526161881730331]], [[0.27468086083260845, -0.7930936512892954, -0.005001540705467278]], [[0.14000900753638734, -1.1000961336819963, 0.1140268256863335], [0.23202836250894687, -1.0317986908076089, -0.03759330394918152]], [], [], [], [], [[0.4692172298521728, -1.05581079324103, 0.509548842170007], [0.4091903682480465, -0.9972617440247069, 0.7084337519972591]], [], [[0.39618474375344487, -0.9601189683492601, 0.42266083245903474]], []]}