{"bodyId": "h0", "timestamp": 1630675666924005494, "continuousState": [[[0.4184359108686708, -1.0583787484756673, 0.7958726551270795]], [[0.6085800641184135, -1.256605631368694, 0.5777595250315657], [0.29262511655144796, -1.1508242886320463, 0.7503005282154722]], [[0.4647808039329054, -1.0078218502432188, 0.5152534219058679], [0.2746355991479304, -0.9048282279453966, 0.6259607309478811]], [[0.4507872728660714, -1.3385691613461113, 0.46712721936793083], [0.21536891626427793, -1.2417596912855722, 0.5900402531991646]], [[0.3912000848467996, -0.7875135635505712, 0.17931573797454348], [0.3103865399495355, -0.8032736214606444, 0.3590873990033324]], [[0.29771646144415176, -1.3751448038995309, 0.2483064508402358], [0.14574005603251203, -1.303919009432548, 0.2517411483087601]], [[0.3784412833033289, -0.7452358253794339, 0.06816689007260401]], [[0.23267876379676322, -1.3523698653286103, 0.047039889897665034], [0.2265468918540248, -1.2645930109594847, 0.012885079159635097]], [[0.15567687077973438, -1.0331205075447594, 0.14878332237701988], [0.28232722370940155, -0.9045783917124909, 0.02346150450800792]], [[0.1851364501205875, -1.2162500044441238, 0.06707878182053491], [0.31243574689476533, -1.1641827812207979, 0.07693796286048792]], [[0.0794218321448136, -0.5657701833518991, -0.7409819409874442], [0.56685533167233, -0.9003740039214593, -0.09051047326041839]], [[0.08320087337675477, -0.960417383140647, -0.48434257063135167], [0.5364855072505914, -1.1676831190452799, -0.07242549036140986]], [], [[-0.1023408709321153, -0.8321767203895353, -0.7260318970460992]], [[0.45618424780691746, -1.1762668260102647, 0.49094094008194655], [0.37654618307024745, -1.1026936859863856, 0.6980071312216221]], [], [[0.42099367885643546, -1.0630413624483412, 0.3232214786712372], [0.26287772810690674, -1.0225166563731083, 0.47456382610124853]], [[0.13227914113270056, -0.8910100938980114, -0.3369515795834546], [0.43964553928354766, -1.0322783925711285, -0.006786255199965237]]]}