{"bodyId": "h0", "timestamp": 1630675666924054739, "continuousState": [[[0.45253416498872023, -0.934295432509927, 0.8541515068437141]], [[0.6633553187971564, -1.1247714963351845, 0.5604280567083881], [0.4062292212776645, -1.0263798378624365, 0.8475673279439442]], [[0.5022410119394047, -0.8748226443186743, 0.5335574873233323], [0.44938709368692004, -0.8473798476559053, 0.7312276089453569]], [[0.4556685477441882, -1.1969317731923261, 0.47213425719706437], [0.19929775865018678, -1.110691353812337, 0.5911322767273316]], [[0.35046407668986124, -0.7050132634287094, 0.36835865693719005]], [[0.25103877602749314, -1.2552067741673039, 0.31394668374363144], [0.13191419162653598, -1.1555455868269449, 0.21238622099576265]], [[0.40008810332598044, -0.6564115107992703, 0.08118784671007188]], [[0.2003715608603121, -1.193655478025601, -0.010010122731186583]], [[0.27764211595691496, -0.7853473629045815, -0.0006844038510480459]], [[0.14039952002214431, -1.1044022373034996, 0.12998267526545557], [0.286663693462491, -1.0340136053662266, 0.01645087162546065]], [], [], [], [], [[0.4788621949880797, -1.0451972868692443, 0.503429209885694], [0.4330830778579314, -1.0011648608178934, 0.7343735498726021]], [], [[0.4030663122170247, -0.9509725183105178, 0.4202464570671272]], []]}