{"bodyId": "h0", "timestamp": 1630675666924055141, "continuousState": [[[0.4716455158721578, -0.9478378216805522, 0.8613172885832481]], [[0.6541360388367002, -1.1286137949100192, 0.5698072178523439], [0.3915971171394374, -1.0309958987867558, 0.8391925669699889]], [[0.49315694163794266, -0.8859569045542474, 0.5462701954671905], [0.4532962687511781, -0.8502552352262993, 0.7371121477233851]], [[0.4628751314025289, -1.18798529523035, 0.459577219252699], [0.19222873374633787, -1.1144908671077967, 0.5879685738291971]], [[0.3564501831279606, -0.7056759440341255, 0.37201702495158795]], [[0.24162345367777488, -1.2572381644717112, 0.30060347126556347], [0.08898298272392595, -1.169840965404341, 0.18100534402291668]], [[0.4014895637559896, -0.6513257644528234, 0.08369237324053892]], [[0.1886065409366513, -1.2049813651108756, 0.007632996557735851]], [[0.2755878583272577, -0.7884499551525296, -0.003591666811333198]], [[0.14498043150989157, -1.0841436999067788, 0.10334197883306297], [0.26983985977009367, -1.0372161891646472, -0.001953661695158871]], [[0.6509354119723434, -0.8325142966327014, -0.10127731579324427]], [], [], [], [[0.47498870361705614, -1.0485929222410795, 0.50694018909374], [0.41968193557832434, -1.0004822297821767, 0.7271237996672602]], [], [[0.40966265726524476, -0.9468306196322378, 0.4157971221021435]], [[0.3979579217411175, -0.95832899826974, 0.0010323315199093491]]]}