{"bodyId": "h0", "timestamp": 1630675666924055476, "continuousState": [[[0.4912686647414703, -0.9684641901765552, 0.8532649307437598]], [[0.6511981224367988, -1.1280872763262022, 0.5737283420953235], [0.37746609539656445, -1.0361425124177048, 0.8333498432357337]], [[0.4982674116280619, -0.874476880970627, 0.5420462569793006], [0.4810787892279077, -0.8678954081991851, 0.7618495950441352]], [[0.45228460394077225, -1.1974070676135093, 0.4777973269489911], [0.1821830909218445, -1.1123094738622554, 0.5849127750768891]], [[0.34770537737954393, -0.7086091835557007, 0.36461652166776437]], [[0.2654418346482922, -1.2379663178063636, 0.29105003511596694], [0.07355841114857072, -1.1675814147345176, 0.1930929244631384]], [[0.3985794895041347, -0.6546919389173691, 0.0851163248660721]], [[0.2105880243946931, -1.18827560725052, -0.019149365074297292]], [[0.17964301606426192, -0.883702496283802, 0.1988487999225315], [0.2618481734154507, -0.8036638835071037, 0.0011690947914555637]], [[0.1485464778218079, -1.1288613527092206, 0.17977600803687416], [0.3414337893415, -1.0667261654701126, 0.09537426829887818]], [[0.6598123088216157, -0.8789654644355244, -0.013695076926416505]], [[0.5972557515372228, -1.070079164628402, -0.17034773679671183]], [], [], [[0.46900975724546184, -1.053950662018495, 0.5172218263750507], [0.41859964326083376, -1.0024752108569703, 0.7313981739913344]], [], [[0.3999949906601581, -0.953008125584605, 0.4212069243083777]], [[0.4041793933217118, -1.0039134085723724, 0.08304046555522883]]]}