{"bodyId": "h0", "timestamp": 1630675666924055744, "continuousState": [[[0.4754913462098921, -0.9773795023051332, 0.8651982320036822]], [[0.3520515984795677, -1.0385152703311524, 0.8179543416700595]], [[0.4991154820759694, -0.8673906382610473, 0.5378287788362204], [0.4478713337837187, -0.8621724512101875, 0.7203490948709725]], [[0.4444595148392843, -1.2013830755401664, 0.4773329131962954], [0.1962332260848375, -1.1215732717543883, 0.583033311143267]], [[0.3599820077815291, -0.7204370933278176, 0.3612187641828277]], [[0.24183364859753767, -1.2541789081507386, 0.29476032218424236], [0.09960671701432988, -1.1748229322703052, 0.18603711717723992]], [[0.39205744156347444, -0.6585585038433158, 0.05989336121702513]], [[0.17564727179593678, -1.231439234973336, 0.05979604901223206]], [[0.17124219139385974, -0.8546960233807458, 0.14653754355156706], [0.2986178331108988, -0.8161656815873412, 0.028514148084522503]], [[0.14597338249501188, -1.1192291785944506, 0.17521113676340724], [0.30895244029910734, -1.0575077135201554, 0.052001761978079]], [], [], [], [], [[0.47174967599815587, -1.0472028433184168, 0.5085991372102239], [0.3905563322133198, -0.9982075963703391, 0.6944537831251123]], [], [[0.40222076131040674, -0.960910084433992, 0.41927583868956153]], []]}