{"bodyId": "h0", "timestamp": 1630675666924056079, "continuousState": [[[0.4709499942631701, -0.9693311523665659, 0.8660934277809547]], [[0.40745695878091076, -1.0337307032214613, 0.8560000931068886]], [[0.5073290630339199, -0.8608050433724357, 0.538867530547944], [0.44930811026319045, -0.8600176998290282, 0.7337100566633412]], [[0.4407983842585698, -1.2117601256148478, 0.48310033670444286], [0.1968699569078383, -1.1101758101556245, 0.5910756298467086]], [[0.3593234537797271, -0.7115681249211206, 0.3671348077306782]], [[0.2446344964295367, -1.261830208751545, 0.31789059598851466], [0.07828970397612488, -1.1662512507814446, 0.17085762382679603]], [[0.3954715027603525, -0.6599490424889403, 0.06507201017215948]], [[0.21194826902400177, -1.1819630972441708, -0.03148884453900132]], [[0.16702495630926728, -0.866626684251434, 0.15495057305550516], [0.26596894819268824, -0.8064138642781238, -0.0014018329861683015]], [[0.14770584653354452, -1.1255425555512695, 0.17085084343985], [0.3320478814518615, -1.0598163628955473, 0.08092982138039179]], [[0.03976214576796002, -0.8501148676531687, -0.25662072609954134], [0.62305796660245, -0.8610620753994993, -0.0645979539471598]], [[0.09073672083667339, -1.0568821490319094, -0.19577230119006275]], [], [[-0.07761351768549707, -0.8436791022626741, -0.6517620498811023]], [[0.4766993621359312, -1.0454837684616274, 0.5085983061084378], [0.4203762801739613, -1.0044878997175726, 0.727065916952845]], [], [[0.4000609190191484, -0.9616641252679843, 0.4251175722175605]], [[0.09373399615075227, -0.9878287116022191, -0.042884941329845674], [0.47755292402715577, -0.9604392191475233, 0.008165933716615996]]]}