{"bodyId": "h0", "timestamp": 1630675666924056615, "continuousState": [[[0.44689560804216283, -0.9755648780011481, 0.8842885794664708]], [[0.6506891266068651, -1.1341586727108666, 0.5682276853816192], [0.36093214821339964, -1.034219225389164, 0.845155053547411]], [[0.5026058495944214, -0.8654561757695874, 0.5384429846469765], [0.45912630800795773, -0.8759494644591082, 0.7457821212644825]], [[0.4406905003734199, -1.213364596916695, 0.4820110328111429], [0.18850331243030313, -1.1150490239643094, 0.5877232405378074]], [[0.3550179786889339, -0.7160166247452583, 0.3668524113477711]], [[0.23902899781811726, -1.2696855102239828, 0.3215076183427343], [0.08375838043523823, -1.171582113097734, 0.19722564767624112]], [[0.3940782563036596, -0.6642926223575146, 0.06927315138555627]], [[0.19617808530309264, -1.191584743562536, -0.017710230600268006]], [[0.2063787407478854, -0.7365499308659148, 0.0034601083006789396], [0.25110934830144355, -0.8071833239845799, -0.011992965444079573]], [[0.1406451157261422, -1.0970396608032211, 0.11635074047372108], [0.3428069055769981, -1.0626701539475494, 0.09606624269432018]], [[0.621132410889345, -0.8704720617025115, -0.06565717274755821]], [], [], [], [[0.4724734299245546, -1.0479030312761126, 0.5085692001847566], [0.3866041586232489, -1.002280068163539, 0.7085679688155974]], [], [[0.39785423953117693, -0.9646906108309767, 0.424431722079457]], [[0.38088876330774357, -0.9837558612528663, 0.025346783863081437]]]}