{"bodyId": "h0", "timestamp": 1630675666924057285, "continuousState": [[[0.46946212268118187, -0.9824297249713916, 0.8883541836185299]], [[0.37498567264434407, -1.032189227378595, 0.8439032045532063]], [[0.5056395598773001, -0.8593242686862034, 0.5401594805233596], [0.4555470433216226, -0.859339091380997, 0.7455217589223594]], [[0.4433192867424285, -1.207664543050979, 0.48057621758594554], [0.19348065954970206, -1.1123219462667424, 0.5933616437760493]], [[0.3492030335551267, -0.7077302903696894, 0.3579418546982645]], [[0.23472478638716957, -1.2656670457685393, 0.30310609832077673], [0.07693700186323281, -1.1724080339933507, 0.1894169199627063]], [[0.4028830872769729, -0.6634372460091386, 0.07453641923165105]], [[0.1883479327842956, -1.203968747852059, 0.004170332304366411]], [[0.1612106158305388, -0.8528018368320898, 0.13270993021611047], [0.2532798619701859, -0.8080257871117091, -0.011671174973754432]], [[0.13789510522628778, -1.100150537025344, 0.12069319612403615], [0.34407830363164726, -1.0655098004384815, 0.09714252440429709]], [], [], [], [], [[0.4762216526429547, -1.04202185672268, 0.5065767344671993], [0.41648776901462, -1.0024513333982248, 0.7308361548281728]], [], [[0.3962611601487776, -0.9576974167103341, 0.419259036142105]], []]}