{"bodyId": "h0", "timestamp": 1630675666924005762, "continuousState": [[[0.41997200728690925, -1.060564322185342, 0.7901733040816395]], [[0.6052568633989421, -1.2612764100572658, 0.583413231835273], [0.2835956003793185, -1.155061566239979, 0.7380786133865864]], [[0.46576091246016604, -1.0062482084235993, 0.5168270152253758], [0.2780262926893752, -0.9029192914164685, 0.6269085777195926]], [[0.45931750179867975, -1.3336679587022364, 0.4580276494236284], [0.24702936431717057, -1.2477594961063274, 0.605566007619897]], [[0.38229069256605075, -0.7959400537197824, 0.19650343729839848], [0.307216166459576, -0.8001838140959131, 0.3555790889899363]], [[0.2961867642688023, -1.3783541969231574, 0.25989329099365294], [0.1195873630558383, -1.3007313236927034, 0.23184783111803425]], [[0.37079248715628543, -0.7417016026076729, 0.05901687995610632]], [[0.2372321521448716, -1.3581509526775901, 0.06181630031272039], [0.22004280581321178, -1.2678892883395663, 0.010737691020344073]], [[0.16343026685859546, -1.024594291186184, 0.1402346346916247], [0.27824267906055866, -0.896848479527663, 0.02206327855273594]], [[0.19742283785189868, -1.2301776184789235, 0.09431402831047808], [0.33859685146084506, -1.1688460266702718, 0.10637362842095968]], [[0.12518319117844476, -0.5372499647926643, -0.7557040911968963], [0.5491803922636743, -0.8857087845362297, -0.11078985081808242]], [[0.12050328942338331, -1.0624016667600495, -0.3220724743553055], [0.5411318446369924, -1.174203363008705, -0.06165615804687263]], [], [[-0.09782509803553682, -0.83173381384904, -0.7337025695763839]], [[0.44771921397506936, -1.1852309624479636, 0.5040799243010052], [0.3713311285357008, -1.1013176691643858, 0.6918588346411844]], [], [[0.4208040971823652, -1.0648040062110093, 0.32726554336101343], [0.27712276538837327, -1.0239716551011202, 0.48057254830491664]], [[0.1613030145151717, -0.8837137916357939, -0.3306950314432091], [0.4438886218622597, -1.0272774056032508, -0.0022081111985613674]]]}