{"bodyId": "h0", "timestamp": 1630675666924057553, "continuousState": [[[0.46962288601127805, -0.9825890182745907, 0.8700565638305249]], [], [[0.5140366686349552, -0.8579537443175066, 0.54588904090626], [0.46027442008836644, -0.8714157784340355, 0.7468596929847627]], [[0.4429541287046706, -1.2084120034030048, 0.479886786470562], [0.18827831386128674, -1.1150392433829026, 0.5880146337480835]], [[0.46770372936078064, -0.6584838431305463, 0.6758384223242248], [0.3573385881243635, -0.7158793661977146, 0.36553666164539117]], [[0.24598000658652205, -1.2621204146107976, 0.3118800869309207], [0.07346400403257189, -1.1725430294901065, 0.1905737810858268]], [[0.4005292148288825, -0.6643500592263066, 0.07573882086984896]], [[0.18070212491862986, -1.2234502052651355, 0.04538278881496126]], [[0.28202761568700635, -0.8173444305008511, 0.024991890804076548]], [[0.1404453248052278, -1.1074865306236266, 0.12803500270587642], [0.34412826577361216, -1.065443260244161, 0.10037506210760784]], [[0.6309948991924748, -0.874562809252594, -0.04633311900247554]], [], [], [], [[0.4694017002466896, -1.0525007646504718, 0.5183763391642301], [0.4009578402686541, -1.0034793238412745, 0.7177718340912466]], [], [[0.4553289290327256, -0.9334479232667756, 0.5778626043973933], [0.27280845099282514, -0.9154593047903086, 0.4767756476967373]], [[0.38572011199885126, -0.9910246699381102, 0.04085094185170044]]]}