{"bodyId": "h0", "timestamp": 1630675666924057620, "continuousState": [[[0.45059492806352364, -0.9719090896249827, 0.8819076965422341]], [[0.368804195410298, -1.0327141178586068, 0.8451821811686356]], [[0.5124344080899534, -0.8606845906693352, 0.5432152483902734], [0.4694585493150905, -0.8685361350675026, 0.7536842878175917]], [[0.4463129019237353, -1.202600664655761, 0.48026548415143155], [0.18840406693025283, -1.114384997353985, 0.587984586361662]], [[0.35533574091000286, -0.7077326337060352, 0.36154458424607583]], [[0.24872709851984762, -1.2572023219429234, 0.31265404064128327], [0.07781169492100798, -1.1716901340697208, 0.16873583790191857]], [[0.40027632254948503, -0.660993942453619, 0.0685312580944833]], [[0.22806531485667103, -1.1578369038438627, -0.08067865950624309], [-0.19216616353229643, -1.15946868399304, -0.44684351692466295]], [[0.26632887856049886, -0.809466584993671, -0.00904622209624108]], [[0.13916633206282542, -1.1087839058458453, 0.13834961653077357], [0.33483559653969225, -1.0644089861918244, 0.07477758093510534]], [], [], [], [], [[0.47000687587132806, -1.0501330995099756, 0.5176005898320859], [0.4155979384106258, -1.0050994611891095, 0.7281642435954585]], [], [[0.4008243214168691, -0.9551666491808981, 0.4209050341987537]], []]}