{"bodyId": "h0", "timestamp": 1630675666924058357, "continuousState": [[[0.45955665148778646, -0.972539985731935, 0.8604026500513932]], [[0.663218707671514, -1.1258428812961139, 0.5504201786510639], [0.3805332266406931, -1.0338629325144213, 0.8397136336986333]], [[0.5137328525650484, -0.8629732854185403, 0.5425006570461705], [0.4799475910008798, -0.8780420079232714, 0.7596202683129623]], [[0.4422312048113359, -1.2094099221507086, 0.47750985365097326], [0.19722518981318535, -1.112354462641331, 0.591821776532723]], [[0.4684822776245334, -0.6715564386352364, 0.6692414862448329], [0.3394146954434079, -0.7037680449250737, 0.3499884833947253]], [[0.2399364304464214, -1.2599938510188606, 0.29786479864619375], [0.08825921091639338, -1.1729286519655546, 0.1813147425628506]], [[0.39714650584745415, -0.6598553024334327, 0.06950308207758712]], [[0.20373965211205353, -1.1834801012354033, -0.03324187552823537]], [[0.16034090393215814, -0.8724331130179535, 0.160576205922589], [0.2551202742613902, -0.8076125715469014, -0.018880492844737775]], [[0.1400572658853671, -1.1068835492715043, 0.1308376148558507], [0.26300253732065515, -1.0444998357783315, 0.0020916830211872364]], [[0.7288666197056989, -0.9120798251858931, 0.025430937875867584]], [], [], [], [[0.48210596083376234, -1.0385888469579596, 0.5002902803898651], [0.42181583497867814, -1.0075986204282261, 0.7311547292570661]], [], [[0.4553567412179347, -0.9404831803929725, 0.5733756699479031], [0.2683199426282966, -0.9080612537832025, 0.4709051299637242]], [[0.43446194279553296, -1.0094816872286987, 0.07813427636585914]]]}