{"bodyId": "h0", "timestamp": 1630675666924058893, "continuousState": [[[0.462424938826083, -0.9866296307101168, 0.8620850452660601]], [[0.36931055954429165, -1.0381589695662152, 0.8368678422701383]], [[0.5118820975836456, -0.8520629100293563, 0.5325690518483391], [0.48748567429705825, -0.8839781497219721, 0.7651457255757116]], [[0.44259859618469766, -1.2096054373610423, 0.4775970117958758], [0.192985011234377, -1.1120408755367264, 0.5940558004326463]], [[0.4697599464942785, -0.6525711496324761, 0.6715679366200173], [0.34858091955957365, -0.7072224511612595, 0.3604860472040716]], [[0.2491458560772881, -1.256026622798453, 0.3070462710959487], [0.07668842152440652, -1.171434841190182, 0.20142453735120033]], [[0.3983727945253975, -0.6576470617076482, 0.07329534097700252]], [[0.20359019081174273, -1.1792924694019689, -0.02668653190450118]], [[0.16092995685652398, -0.8639953636613971, 0.15443319209417813], [0.25270163302596577, -0.8092051459362344, -0.004597987144720491]], [[0.14059816825509086, -1.1048671802349068, 0.12847941848831373], [0.2834557637087264, -1.0464243253338887, 0.039420977660905916]], [[0.6621452008702576, -0.8907092015955873, -0.0010014718484662808]], [], [], [], [[0.4716494895906787, -1.0487074490040817, 0.5102191109406401], [0.40424519739225023, -1.003415900084165, 0.7234061806316581]], [], [[0.4561792713394881, -0.9310882934967593, 0.5745824742079466], [0.27078296539697533, -0.9096316633489929, 0.47727092381835895]], [[0.40137168456267425, -0.9977881909152471, 0.06373897331992373]]]}