{"bodyId": "h0", "timestamp": 1630675666924058960, "continuousState": [[[0.47326533281000227, -0.9708744469021336, 0.8677295373408165]], [[0.3973910376217118, -1.0363838488962218, 0.8519970843459483]], [[0.5101726019660414, -0.8579403752398396, 0.5463056243588817], [0.468713187978002, -0.8629896332624178, 0.7541179972970689]], [[0.44092003980481953, -1.2092377549126585, 0.47950329324582264], [0.19336492473795147, -1.1098218165178906, 0.5940138467686711]], [[0.4676363111026779, -0.6596189253257607, 0.6711115763371054], [0.350982077701585, -0.7072108872658447, 0.36232478961472586]], [[0.23488305991843408, -1.2623658914227358, 0.3039900492294303], [0.07672979128370049, -1.1741641140343455, 0.19261333671837247]], [[0.3964491714975475, -0.6594914883693714, 0.0671899231421312]], [[0.19660349697041768, -1.1961424990272187, -0.0058566511773576625]], [[0.2670820375047383, -0.8072259784901177, 0.008494797197852677]], [[0.14198997811050879, -1.091947163342744, 0.11246467027304038], [0.34526423859010763, -1.0679185931770174, 0.10005718546446905]], [[0.6149594613549109, -0.8460133426701583, -0.028167042817435914]], [], [], [], [[0.4681335684867643, -1.051123422382754, 0.5158842148829064], [0.43425244082021347, -1.0043671114629427, 0.7420749032084155]], [], [[0.4542781754537487, -0.9344283401192096, 0.575307434791464], [0.27217350121976824, -0.9085163518918676, 0.4781693181916985]], [[0.37847471973270985, -0.9689802530064511, 0.042148813727802235]]]}