{"bodyId": "h0", "timestamp": 1630675666924059228, "continuousState": [[[0.47143881222409206, -0.9787521961739958, 0.8684931025619522]], [[0.3729916826067406, -1.0330698663440376, 0.8462908581614708]], [[0.5102742636550347, -0.8617864100480278, 0.5439026668309074], [0.46458753755762766, -0.8626183690546452, 0.7496494910116677]], [[0.4427158616821618, -1.210188353734073, 0.47597121692714917], [0.1940857871326025, -1.1084227439257848, 0.596651647008804]], [[0.35349608994501774, -0.7081546228511588, 0.36054263161131006]], [[0.23566301508377904, -1.2626046920462182, 0.31089017867787017], [0.08404234400360223, -1.1752450833125694, 0.1961229413218198]], [[0.39714844243346126, -0.6598628941073434, 0.06621565265902564]], [[0.17941793584430746, -1.2247189060841874, 0.05439229865718312]], [[0.25618904915983604, -0.806605402416786, -0.01348571411642297]], [[0.15062342025009157, -1.0769106309475958, 0.0940665339876291], [0.3204800097588111, -1.0624983529484766, 0.06571938163669257]], [], [], [], [], [[0.46924624805931325, -1.0523994482132966, 0.5130695400821359], [0.42549521500841636, -1.003563066905311, 0.7370844755198127]], [], [[0.39810597581358975, -0.9591714882926159, 0.4182569242692296]], []]}