{"bodyId": "h0", "timestamp": 1630675666924000469, "continuousState": [[[0.41305292497104756, -1.0565013975434232, 0.7982498290343981]], [[0.6110704024448339, -1.2524496679217736, 0.5607313904956727], [0.2651769241908921, -1.1520870443292415, 0.745953037815481]], [[0.4607509392766562, -1.016733747547716, 0.5204251044162593], [0.26629553156070346, -0.9056936193105349, 0.6315895389648747]], [[0.45877669835048146, -1.3382632057913462, 0.4587352592020585], [0.22966198837495266, -1.248165072916356, 0.6015573896469907]], [[0.38531522171477794, -0.7763316968663598, 0.16458585214002347], [0.29801563318019, -0.8065999668526498, 0.34313850634815773]], [[0.3119453855608212, -1.3646239761316599, 0.22761046654231018], [0.16031295461199488, -1.3069135244305925, 0.27179353775400816]], [[0.37162568501683313, -0.746513195489434, 0.052051315820926904]], [[0.23500196265197196, -1.3317974184140422, -0.015036343745268141], [0.2306848725779548, -1.2705360106058368, 0.02442454135728599]], [[0.18185907873644072, -1.0006400466758003, 0.09227063479108051], [0.27736017811849956, -0.8931005719021142, 0.02887812079835021]], [[0.19197823593399102, -1.2396609469515707, 0.10490471466660278], [0.3280146786488021, -1.1698910282803932, 0.10171674208620948]], [[0.5682424829702399, -0.8856044076898181, -0.08767968180684534]], [[0.08509222579452035, -0.9609539358187442, -0.4981180655781645], [0.539223346442401, -1.1653664909596237, -0.06563066049047142]], [], [[-0.09984559920808943, -0.8318757220584907, -0.7323200537478435]], [[0.4575847874978445, -1.1814334421330548, 0.48976374972058145], [0.3649211802075854, -1.1028723359239725, 0.696507796504438]], [], [[0.42204596003262973, -1.057297451328853, 0.311660555671041], [0.2638388107775713, -1.0273825198845028, 0.4723479479975742]], [[0.38011035945211546, -1.0626326773206944, 0.008612516429878724]]]}