{"bodyId": "h0", "timestamp": 1630675666924005963, "continuousState": [[[0.4188540697600856, -1.058823907323057, 0.7886783217438184]], [[0.6135470663706728, -1.2554708952283729, 0.5760742320937539], [0.2885402646232401, -1.1553010405677373, 0.7448035332383697]], [[0.4663238081924373, -1.0060598766020474, 0.5172728333651804], [0.28433231211633053, -0.9058486239905191, 0.6280573996599955]], [[0.45522763645631203, -1.3375596713391342, 0.4637369838805861], [0.23343359906476008, -1.2446482596348007, 0.599055537878729]], [[0.38421799647685717, -0.7890738361976671, 0.19408922787695837], [0.3148098987767846, -0.8038445627537455, 0.35820763756012297]], [[0.3062929717790601, -1.3694850855451786, 0.24103957728742922], [0.1381309496064323, -1.2996315019280433, 0.24269173592971402]], [[0.37458919573088906, -0.7442457940792732, 0.056904240529282786]], [[0.24362878412059633, -1.3492281512835052, 0.03557152403231817], [0.22123164121396985, -1.2650005492514442, 0.006506601304886317]], [[0.16270558906129015, -1.0245746063725296, 0.1385080184875544], [0.2793198276653354, -0.8996046001225099, 0.016839426306237783]], [[0.1906554403416345, -1.2370800913157922, 0.10447178115722364], [0.31343506703450863, -1.1656017049260268, 0.07536684024139231]], [[0.08194925034046151, -0.5200577578366095, -0.7604399080878136], [0.5431450673382316, -0.8847426135927843, -0.1274574480162671]], [[0.08462415070352063, -0.961223890086447, -0.4879976970615421], [0.5715624984616318, -1.1758509501496157, -0.06993955903673031]], [], [[-0.10664863503764718, -0.8341551774795146, -0.7271466015437591]], [[0.4485351286637859, -1.1844100149696228, 0.5037564105932609], [0.3745394381377787, -1.1019874485540955, 0.6941638437691924]], [], [[0.4197228164665846, -1.0633167537684007, 0.3289131058787722], [0.27412174892077235, -1.024246411194273, 0.478631587719426]], [[0.13630234534104801, -0.8785689245762008, -0.32798406346529496], [0.42829006718637014, -1.0251721592594056, -0.026045303887437393]]]}