{"bodyId": "h0", "timestamp": 1630675666924059764, "continuousState": [[[0.46777759643999683, -0.9648483870534649, 0.8645098585756699]], [[0.3937059813554547, -1.0277751288412158, 0.853545313905098]], [[0.5073570268694702, -0.8724207630423011, 0.5472943562016936], [0.4617689760804071, -0.8611328268335051, 0.748649069387031]], [[0.44398159940650517, -1.2095234420031038, 0.479769128484827], [0.20111731346994133, -1.1057285632608147, 0.5996410589269758]], [[0.35809569093880533, -0.7144393835286881, 0.3664943755496793]], [[0.2533925546755242, -1.2486853731718834, 0.30231502947414857], [0.08077298052712695, -1.1668740940683764, 0.19380517933292254]], [[0.40252956331986023, -0.6610387390721467, 0.07383233560558096]], [[0.20761192024611227, -1.18255317081633, -0.02644959574270865]], [[0.16162233074253532, -0.8754579766693732, 0.16994422374613236], [0.25063300230036045, -0.7996841100493158, -0.014795588324306209]], [[0.14646701898952874, -1.123654815774478, 0.17398415789551905], [0.3313687274948063, -1.0593706469932176, 0.08189317483805439]], [[0.6330095679743215, -0.8686150520437161, -0.05265236945945094]], [], [], [], [[0.48156167082283124, -1.0411814848127292, 0.5009572163259925], [0.4214469628934737, -1.0008377924233571, 0.7346320258294438]], [], [[0.40103864517265525, -0.9619814127658959, 0.42313175201725317]], [[0.3897382934819251, -0.996134933909097, 0.060665894218034054]]]}