{"bodyId": "h0", "timestamp": 1630675666924059965, "continuousState": [[[0.4850565927564132, -0.9719820195448913, 0.8474139008303688]], [[0.656548991375555, -1.1178474833962748, 0.5516835841675463], [0.3732731069337526, -1.034403605049135, 0.8407352267036803]], [[0.5087520618312649, -0.865063873355233, 0.5501684503578136], [0.4596184934489636, -0.8586658572994041, 0.7453451497370036]], [[0.44223906636589455, -1.2077200254170468, 0.48123694576119114], [0.19662270670528437, -1.1072906557245195, 0.5968996345891763]], [[0.4721941471954862, -0.6468943509995975, 0.6726467029606337], [0.3523065801860389, -0.7088713944591754, 0.36028673678283235]], [[0.24463243414588107, -1.2611942526791609, 0.3143350920979292], [0.0943671840667812, -1.1693780448703646, 0.20536503232201994]], [[0.3979816944241998, -0.6606911296292792, 0.07154388769193269]], [[0.19240579369340718, -1.204660069228796, 0.015315894358411014], [-0.27333727853801, -1.1386913865728487, -0.5286849087021308]], [[0.3093782602940107, -0.8248226249870215, 0.04248046745245483]], [[0.14399047980717977, -1.0929445150022579, 0.1103413997888233], [0.32075062833074525, -1.0555482830958491, 0.06512876561085681]], [[0.6538393040522154, -0.8801638745763882, -0.027595204840625685]], [], [], [], [[0.4664928189846125, -1.0536089061938256, 0.521267956562403], [0.42051853622460633, -1.0002424607385516, 0.7326627390748474]], [], [[0.45721660678069037, -0.9273071882083221, 0.5769418243609123], [0.2744646434456616, -0.9080810250918474, 0.4785931856860043]], [[0.39891489192969753, -0.986554194789323, 0.04137309747409881]]]}