{"bodyId": "h0", "timestamp": 1630675666924061171, "continuousState": [[[0.4603117457632611, -0.9681688863844244, 0.8685198632133954]], [[0.6535083570389386, -1.118277349583925, 0.549651387118248], [0.36677589355806367, -1.0357641666378274, 0.8471772233454109]], [[0.515782016520975, -0.8513427313624975, 0.5418858850990717], [0.45130148662487385, -0.8515279757394163, 0.7459887018027554]], [[0.4506565162032359, -1.2061218476796647, 0.4725989716247608], [0.1962590367342309, -1.1115975902049144, 0.6014254750785804]], [[0.35489002984450346, -0.7111899944757026, 0.3614218795062015]], [[0.25032266423075433, -1.2533872240290207, 0.3054543162668338], [0.08252870513832386, -1.1664617918691336, 0.17685438469810696]], [[0.3989561273915797, -0.6635505116043475, 0.06643137375941342]], [], [[0.2167624021070597, -0.7151524626592243, -0.02173934322571722], [0.3015976105292989, -0.819096523627289, 0.03394133708908066]], [[0.14158518510850132, -1.0994632079101847, 0.11270183583372295], [0.3090329149714455, -1.0580438695759184, 0.05179030482361122]], [[0.6015112822310812, -0.8501459454354475, -0.16437868408543682]], [[0.6049334365835705, -1.075212904938205, -0.163198609204439]], [], [], [[0.4700487522531727, -1.0505810190720346, 0.5173380918238846], [0.42126658073195833, -1.0020667244177501, 0.7379000582118904]], [], [[0.40277327302386967, -0.9586559210776837, 0.4170104255654812]], [[0.3715482336697913, -0.9748045766728162, -0.025838424125856935]]]}