{"bodyId": "h0", "timestamp": 1630675666924061372, "continuousState": [[[0.4692148013879437, -0.9854412896520691, 0.8913494407271068]], [], [[0.5165598401271732, -0.8524045430607061, 0.5442966401161496], [0.46370267414310434, -0.8619809573388394, 0.7541994586945295]], [[0.45539117707856125, -1.196352409389655, 0.4670629868196445], [0.18786665527237323, -1.1116115968080886, 0.5958010433207189]], [[0.3552503865319775, -0.7113685104376899, 0.3625641050056995]], [[0.25245195957173705, -1.2522737343642287, 0.3021156318245869], [0.07816406349461477, -1.175797647735425, 0.1953646281932579]], [[0.3976675726138421, -0.6637946897763652, 0.06968143727715187]], [[0.21059213925272338, -1.1758792354272765, -0.04026253399651887]], [[0.1613631468990007, -0.856431726687297, 0.14235880621774116], [0.2975892042874559, -0.8072024163488472, 0.034925216822010954]], [[0.1429269122278381, -1.1008703056675626, 0.11653789707873148], [0.2669526288320508, -1.0450325260923867, 0.011678633814703744]], [[0.6124455383002535, -0.8532045540332065, -0.08548241031667612]], [], [], [], [[0.46943371217034546, -1.0497358091115256, 0.5201645825367842], [0.4271911509814222, -1.0066112317547526, 0.7408560888426421]], [], [[0.40532078180526937, -0.9538604599136724, 0.414813545912672]], [[0.3776862252640458, -0.9770374298503846, 0.015527743381027678]]]}