{"bodyId": "h0", "timestamp": 1630675666924061573, "continuousState": [[[0.4739749742298468, -0.9787892032579106, 0.8619398811544626]], [[0.36962532133012904, -1.0346483352290454, 0.837169717117566]], [[0.5147766536554192, -0.8526524319436587, 0.5417870919596748], [0.46693679449102227, -0.8720480751539128, 0.7512959738213325]], [[0.447124452297612, -1.2074575297415455, 0.48026665619169145], [0.18630078799311856, -1.1116723461082503, 0.5895945226569258]], [[0.34806924875186135, -0.7108574823545862, 0.357129010216978]], [[0.24907951485298138, -1.2557477445399632, 0.307186434852541], [0.07852171720468164, -1.1695098909557928, 0.19452871796536603]], [[0.3960744960078623, -0.6619882092557845, 0.06716923975204281]], [[0.2106086364937783, -1.1748254059251138, -0.0422193932434875]], [[0.1587906817323554, -0.8643710261494393, 0.15559745600767588], [0.25015771696720435, -0.8016743887672803, -0.01130148601016117]], [[0.1441982544073859, -1.0935180001957694, 0.10877394290088455], [0.34104954999121606, -1.061201655616021, 0.09369732048341871]], [[0.6324684110157721, -0.8685482806426552, -0.04537599639361656]], [[0.591849165916191, -1.0541053661715118, -0.10764261891404363]], [], [], [[0.47280718990602344, -1.0460285241012304, 0.513923232319614], [0.4107367088990661, -1.0043441888213127, 0.7263609544560323]], [], [[0.3975968505247367, -0.9591575060480659, 0.41869783320433474]], [[0.388333332711579, -0.9810331404192123, 0.031698973253633994]]]}