{"bodyId": "h0", "timestamp": 1630675666924006164, "continuousState": [[[0.4275734808784148, -1.058513718770102, 0.7955834155381771]], [[0.6181829228687286, -1.253666404646583, 0.5719853593910234]], [[0.46587991777917925, -1.006381422315979, 0.5168105181850775], [0.28035310014017956, -0.906268715841691, 0.6298080272743869]], [[0.454712817246273, -1.3389964717177356, 0.4625198489519988], [0.2191531320084, -1.242544931076807, 0.5932229128236091]], [[0.38338237143253634, -0.7924610999178694, 0.19143829373146629], [0.3062542091056855, -0.800596386732284, 0.3534500215957928]], [[0.2893897194217654, -1.382021515380973, 0.2589000670936121], [0.14332997501779438, -1.3006884271558536, 0.2554917111562349]], [[0.36837668630944925, -0.7398539381389401, 0.054287864999885416]], [[0.22982479635806852, -1.3374547402405736, 0.011362313359121344], [0.19001202730196018, -1.2655171824019456, -0.01746493125321467]], [[0.15155319003119178, -1.031586761999437, 0.15530484063741073], [0.2756771498279459, -0.8969585214246281, 0.018774442218351395]], [[0.18372794454892347, -1.2179432482570782, 0.06121971897449112], [0.3405376232425856, -1.1693189007221971, 0.11199046558608962]], [[0.562143736441659, -0.8937586446467818, -0.09789330326915115]], [[0.08762023390990464, -0.968782205407917, -0.4897837269375088], [0.555760624696701, -1.16864661933004, -0.0875635463569613]], [], [[-0.10619493432596028, -0.8340503951069198, -0.7254969048833219]], [[0.4519984156468159, -1.181924788122595, 0.49810521815326764], [0.3743995401238444, -1.103002885298943, 0.6974227809638899]], [], [[0.41904759433940464, -1.0657287858178024, 0.32697907134173254], [0.26270367055704275, -1.0215706589045455, 0.4733364672097009]], [[0.37293584049529127, -1.0558509464519301, -0.018336792147330014]]]}