{"bodyId": "h0", "timestamp": 1630675666924063114, "continuousState": [[[0.4804086545689263, -0.966288799516851, 0.8643891148789692]], [[0.39970146976180715, -1.0375119287620866, 0.8537230966854491]], [[0.497115768750879, -0.8549512225479226, 0.5314306878780578], [0.454141053801226, -0.856189454212074, 0.7446810149783244]], [[0.433186723593435, -1.22205825874796, 0.48399451618497447], [0.19556180530435427, -1.1097180287962987, 0.5961339257582606]], [[0.5734945730252566, -0.3405116442903552, 0.0531471646982061], [0.34636690389208297, -0.7102481862333355, 0.3545163500751103]], [[0.24975519402942842, -1.2549333770181252, 0.3001754000267049], [0.08459792457172671, -1.1768528438475023, 0.2065765356876327]], [[0.4118271674459661, -0.6793436128224839, 0.07788777761048754]], [[0.20476387002465565, -1.1731925170200148, -0.047192597892630826], [-0.3025689412640047, -1.144634346294196, -0.5612311671664441]], [[0.19145088969212787, -0.7015709702998267, -0.013147801755778118], [0.2500962511926282, -0.8031843915915846, -0.011526415720830754]], [[0.1361550308574291, -1.0905921998821495, 0.12052379658086351], [0.3003681842219532, -1.0630830475695916, 0.05371305799483116]], [], [[0.5875181704288548, -1.0519332950975833, -0.12625978638883498]], [], [], [[0.4659507040667475, -1.046780967891158, 0.5041977253655867], [0.42510319686899084, -1.0006708530527908, 0.7365293020469416]], [], [[0.5033406483093459, -0.7812849515191576, 0.2685708404415903], [0.2709643545982186, -0.909983107514817, 0.47532513791668546]], []]}