{"bodyId": "h0", "timestamp": 1630675666924064588, "continuousState": [[[0.4702388547596761, -0.9817490975814868, 0.871075018674072]], [[0.6571718140220194, -1.1200638057818413, 0.5545862659797736], [0.3565293608395323, -1.0323133138024374, 0.836426881017383]], [[0.4940847400881152, -0.8580252965017462, 0.532993401304923], [0.4482761305845888, -0.8466603791671016, 0.7410100518988136]], [[0.434763855399988, -1.2219739741894273, 0.4836393676028459], [0.19956285576323013, -1.111046880857872, 0.6022116320031037]], [[0.3565361300923239, -0.7166209059224813, 0.3631361962153271]], [[0.24831460647053546, -1.2578707339077677, 0.3014242158522777], [0.06902445280341067, -1.1685068766605509, 0.20038051657738037]], [[0.38518169404605057, -0.6670961250857979, 0.057168862072698855]], [[0.1950594189404784, -1.1933751777758936, -0.010259468851097154]], [[0.14586930628639572, -0.8624513139967109, 0.10578446481431615], [0.2547612406531828, -0.7796358024684028, -0.002936109948899002]], [[0.149132280696242, -1.0797894160967094, 0.07947817163741729], [0.3388955452846271, -1.0555570968328616, 0.12058833679710255]], [], [], [], [], [[0.4597184387012212, -1.058137247514138, 0.5131344476341471], [0.420004113071971, -0.9986747397405888, 0.7352817813653112]], [], [[0.395649992746156, -0.9692974400559543, 0.42338778190908655]], []]}