{"bodyId": "h0", "timestamp": 1630675666924064722, "continuousState": [[[0.4542331522335269, -0.9685026450343199, 0.8828386153031375]], [[0.369638552973654, -1.0344594371985407, 0.8437575458180172]], [[0.48721970554667265, -0.8861210886690454, 0.5374524076882488], [0.4260336437293252, -0.835314891437272, 0.7275794563201814]], [[0.43870136552057404, -1.2157846619938268, 0.48063305594456746], [0.19932001625695353, -1.114028312063754, 0.5953569606732801]], [[0.3559185754212069, -0.7108556087401603, 0.36016614132485664]], [[0.25736170425212473, -1.247719082074712, 0.2959839397434707], [0.08786490712577347, -1.173902338508972, 0.17834251683070032]], [[0.3824305238011523, -0.6636561526170652, 0.05155010571995649]], [[0.21245146008366642, -1.1749897698510772, -0.03729834163437477]], [[0.1577077112803777, -0.8880071091541847, 0.16757262430601644], [0.260835661864749, -0.7857009227756823, -0.007045789690140282]], [[0.1414947693386888, -1.107716763668769, 0.12849406932240323], [0.26744942675757605, -1.0458468156201999, 0.010875650164579156]], [], [], [], [], [[0.45881013694782374, -1.0655253635265458, 0.5144829934529096], [0.4152654000425782, -0.9980314040327409, 0.7283732444996571]], [], [[0.39730997047089045, -0.9633201353669936, 0.42039959863471205]], []]}