{"bodyId": "h0", "timestamp": 1630675666924065325, "continuousState": [[[0.449015947881795, -0.9910815770688943, 0.8833623817686713]], [[2.7285348806408067, -0.4707670854772325, -1.0164849794569528]], [[2.3003751280466718, -0.37301229204493846, -0.7510563977701067], [0.38863645735360297, -0.8386347145779381, 0.7060649126861642]], [[2.4551326876046327, -0.63588788474532, -1.0002239837495972], [0.185471411478032, -1.1159688570247441, 0.5881546976777617]], [[1.9023645745536328, -0.4368233577280789, -0.6706522374865777], [0.3597720623923774, -0.7143828700645466, 0.3676327828240146]], [[1.845763931134962, -0.9429771345212982, -0.7143818073378239], [0.08104832097718054, -1.1719023468393244, 0.19572211495676448]], [[0.38746501982142606, -0.6564007157107636, 0.06951858534593884]], [], [[1.8312505505644867, -0.5301172847894424, -0.8797373132506564], [0.3078080663252981, -0.8280765459199858, 0.05369541420564678]], [[1.7185668365419466, -0.7860819533183544, -0.810263224796473], [0.33308567621485236, -1.068705766766624, 0.11063934145576741]], [[1.2977905761634743, -0.7326526593084388, -0.7788914219722105], [0.6134974116972628, -0.8378622396331586, -0.0312121837179684]], [[1.286469940516829, -0.8854888667805556, -0.8159147191973648], [0.5828724710774825, -1.0512409980863844, -0.11357765362101191]], [[0.6667504965362491, -1.0923848494484358, -0.4085419726878615]], [[0.6752494928982969, -1.0978558128036462, -0.41901660899266474]], [[2.180903554654453, -0.6230241514785585, -0.7015013785836036], [0.38720990104022324, -0.9992138556665986, 0.7133311876895416]], [], [[2.1787486310791326, -0.5363556212366994, -0.8354381106180875], [0.2726217369352047, -0.9151758635446454, 0.47789374025088815]], [[1.5081787063527106, -0.7593673063133966, -0.7945773233843417], [0.47329154395605755, -0.9532840031998913, 0.03971357886889951]]]}