{"bodyId": "h0", "timestamp": 1630675666924065459, "continuousState": [[[0.47324495508737663, -0.975649441645969, 0.8635110327286181]], [[2.6840372467019766, -0.4883035067248318, -0.9702340720276657], [0.370950729047132, -1.0348458425356093, 0.8387084425792928]], [[2.2998213884914747, -0.3745293345287241, -0.7444246551860929], [0.4010677583490974, -0.8329181121768332, 0.7043585724578748]], [[2.4149366391528746, -0.6509522920272284, -0.9538664894787021], [0.1938503698585305, -1.1094985029279085, 0.5934544901967151]], [[1.8796854867752455, -0.44997918746706544, -0.6393599062534531], [0.34744512456575605, -0.7068270811196534, 0.3587432496698245]], [[1.8624026738195276, -0.9357232401775682, -0.7265331177933904], [0.08844033463485652, -1.1754006696600694, 0.2002845465980895]], [[0.38780510195590706, -0.6551467654192918, 0.0660501615572839]], [], [[1.771147075775127, -0.5709758472757162, -0.8112160907769785], [0.2556576511862495, -0.8070317860970053, -0.012887996837082027]], [[1.8009275976576256, -0.7324660828898811, -0.898691507009968], [0.26749518891187085, -1.0465315238858572, 0.012320643313184974]], [[1.2052340804139787, -0.8093733250001881, -0.6636069803393825], [0.6206882628063634, -0.8685963115647459, -0.06634992511669588]], [[1.2737641582987966, -0.8852508058695, -0.8032976668573433]], [[0.6721821933782289, -1.089305750986653, -0.42323922535556585]], [[0.6778965184648523, -1.092069000057631, -0.42830808135785947]], [[2.182920556787889, -0.6199318847685952, -0.6957156831905659], [0.4034188656254112, -0.9953611116543309, 0.7195239015896073]], [], [[2.14731106296406, -0.5504657397471469, -0.7966131978660775], [0.27064774721214324, -0.9081627920237809, 0.47609886993326983]], [[1.5030808390358021, -0.7709197039450346, -0.7811492436746752], [0.4440917258591171, -0.9575639177253016, -0.027014640901755455]]]}