{"bodyId": "h0", "timestamp": 1630675666924065526, "continuousState": [[[0.4467822051015564, -0.9918950391721735, 0.8893553724730116]], [[2.744289045140509, -0.46874992199533905, -1.025897013759617]], [[2.2808612571924667, -0.42686764807326905, -0.7453057246969633], [0.4663877352528518, -0.8730795751032997, 0.7665699315443507]], [[2.4800621046211133, -0.6261483373385915, -1.0205184867283974], [0.19084752750277334, -1.118507658633107, 0.5938617216318682]], [[1.8940881522048572, -0.4496000947100022, -0.6519218381727951], [0.3521715792878342, -0.7081958941562374, 0.3589546810496861]], [[1.8556639221690743, -0.953163654373292, -0.696694662190439], [0.08771023667586314, -1.170709171448172, 0.18410944218245368]], [[0.3905651083858274, -0.6547223310806952, 0.06258530845245833]], [], [[1.7550621572844185, -0.5832979142953175, -0.7980273329462638], [0.2596456796937355, -0.7931650497245036, -0.00865946198216966]], [[1.7965469127671923, -0.7442587947534899, -0.9008482695603566], [0.3220897935304624, -1.0544173410878852, 0.06855894418320804]], [[1.2361739731729176, -0.7721848381424861, -0.7103956043997574]], [[1.30828099828416, -0.8663868673542717, -0.861068637628407]], [[0.6813146700442025, -1.077171479238688, -0.43924525534157804]], [[0.6767683050492697, -1.093309894248796, -0.42843382429796245]], [[2.2035098748181907, -0.6177987194733677, -0.7207458007537403], [0.3861361326746562, -0.9998928175719295, 0.7145757271943314]], [], [[2.1870751284129852, -0.5378742160242969, -0.8362201624505963], [0.2715095533953038, -0.9133517763946722, 0.47640820134077716]], [[1.516360442970055, -0.7582218164479879, -0.805621936980057]]]}