{"bodyId": "h0", "timestamp": 1630675666924066330, "continuousState": [[[0.4581315264829989, -0.9964607093547201, 0.8804039650115246]], [[0.6609727752768856, -1.1122902207495187, 0.5525150824415467], [0.3457142091008234, -1.0428698859293515, 0.8235879843458994]], [[0.5049811126690562, -0.8681135991732922, 0.5473578149651055], [0.38211665538157374, -0.8382812972712997, 0.6931805663452667]], [[0.4462662272793578, -1.2093219507318722, 0.4825387413230086], [0.18389632687531526, -1.1137802261780057, 0.5840545863151685]], [[0.3361982930969311, -0.7052736955825789, 0.3472559242529828]], [[0.2514891200482016, -1.260881180020107, 0.30793403369447514], [0.07104142861655055, -1.1715284081201258, 0.19881941114489565]], [[0.3846002935764077, -0.6553656919176514, 0.06684514335843891]], [[0.1919891121411952, -1.2063566809916464, 0.017950537470238486], [-0.2939621929585207, -1.1376585143983584, -0.5249302315607217]], [[0.1622307502742604, -0.8750435762681721, 0.1547155903889402], [0.2533282889529353, -0.8080975949995044, -0.005181104977722498]], [[0.1424885430556808, -1.1070737884317512, 0.12551851021332414], [0.31575272166373863, -1.0571427813680134, 0.07287846085843558]], [[0.557957783508881, -0.8488326910838202, -0.10644807991935272]], [[0.5896321264165213, -1.0560266264890033, -0.10517754740089368]], [], [], [[0.4808399730710827, -1.0400303343984576, 0.5039178951071042], [0.38625631457039844, -0.9987404907167383, 0.7080863005086193]], [], [[0.39123226018814444, -0.9572978231572256, 0.4148973327879957]], [[0.3502231632822809, -0.9779532397577857, 0.009535215146985708]]]}