{"bodyId": "h0", "timestamp": 1630675666924067469, "continuousState": [[[0.46428697419597803, -0.9864378073008511, 0.8630118667697292]], [[0.3582630901723428, -1.0407749123090224, 0.8324932208751511]], [[0.5035466451397996, -0.8632978331126722, 0.5416885605106592], [0.42212785052081087, -0.8457573033385044, 0.7222928229567122]], [[0.44672070939802594, -1.2099739181785736, 0.47710224888173147], [0.1961615559764416, -1.1101138739023906, 0.5969244567702883]], [[0.3545729305012685, -0.7106807169247595, 0.3602905997421392]], [[0.2442954448934708, -1.263049505640683, 0.31691424574457366], [0.08669308221917185, -1.1702813382661292, 0.20684614298010207]], [[0.3930659697538763, -0.6573306377826775, 0.07033518344465256]], [[0.1917071205525064, -1.203198689953456, 0.006604352129405924]], [[0.1312267340655448, -0.9318534536762155, 0.2364446068174102], [0.25294523169231936, -0.7985225902414307, -0.01425264805875213]], [[0.14431073637007852, -1.0941249321949449, 0.10845046697584416], [0.33169400427193524, -1.060002524911469, 0.08134754864083311]], [[0.6291458508423823, -0.8592098082088289, -0.06384760440958553]], [[0.585902798965675, -1.0561052585729251, -0.12830518727101797]], [], [], [[0.45840705499368795, -1.0662688331703507, 0.5282992032116449], [0.3839726293399763, -0.9902912844320426, 0.7094414849643702]], [], [[0.40064681994964724, -0.9603273175516666, 0.4186964243119353]], [[0.3867282936062304, -0.9766673702018869, 0.022301431283129315]]]}