{"bodyId": "h0", "timestamp": 1630675666924068005, "continuousState": [[[0.449672819558607, -0.9848723725968949, 0.8870508768354862]], [[0.6518180767963185, -1.1199610372272946, 0.5581606162138241]], [[0.5028069405200828, -0.875124887091642, 0.5508569700327769], [0.43747554935157107, -0.854384530371775, 0.7385728686426495]], [[0.4458545175082971, -1.2122226554187032, 0.47780328912233516], [0.18978635385702342, -1.1115339899172205, 0.6015558111774396]], [[0.3336202315326379, -0.6994669738879047, 0.34845778816392226]], [[0.25041699453044436, -1.2623002964719694, 0.3103675374945508], [0.08224214578255669, -1.179412673777443, 0.21237492519818557]], [[0.3907691005721754, -0.653016557893424, 0.06759142868150184]], [[0.1748329761284138, -1.2344727336007013, 0.06662705467242017]], [[0.1649366342516426, -0.8655913221137082, 0.1478042423138511], [0.2532652456610904, -0.7944010395306325, -0.0056260140474219044]], [[0.14336024111899262, -1.1352022774304409, 0.17668187254979967], [0.342729971980222, -1.0632589266494783, 0.0993300828604913]], [[0.5910446342696086, -0.8286706364889032, -0.10883239106985115]], [[0.5963187271971155, -1.0574965042763178, -0.10914957750684812]], [], [], [[0.4630334146194513, -1.0646583807035475, 0.5240806460951611], [0.4008158052234776, -0.9986314761142214, 0.7287807431370152]], [], [[0.3897373745204675, -0.955844814653304, 0.4131305386431287]], [[0.3672024376943006, -0.981936456959672, 0.03392474073997426]]]}