{"bodyId": "h0", "timestamp": 1630675666924006700, "continuousState": [[[0.4200432949318608, -1.0570169602704165, 0.7907957629660329]], [[0.614522675359096, -1.2564691639486973, 0.5733581318983251]], [[0.46684412003351117, -1.006939131904479, 0.5143698119988679], [0.30495878203857024, -0.9156915036342764, 0.6471526556608542]], [[0.4517313171932624, -1.3404600433421652, 0.4664624600855848], [0.21835457261043098, -1.2439040402910249, 0.5923348076259456]], [[0.3821064882066643, -0.7750028374962931, 0.16622312160461775], [0.30047303316687496, -0.8013907008578018, 0.35251812986315484]], [[0.291244143523723, -1.3845472476973468, 0.2583550342642138], [0.1461561298419972, -1.2988540134183841, 0.26535926730457526]], [[0.3766839564412171, -0.7482382812944105, 0.06818124334024128]], [[0.2386495579717643, -1.328330592415783, -0.010709564451033885], [0.19622177930804036, -1.2652788016943086, -0.002420909494480611]], [[0.15340270329966563, -1.0265322979804605, 0.14904513402583552], [0.25808946825483303, -0.9040676557854354, 0.012057939014214753]], [[0.18436368829526356, -1.2173157234254344, 0.06066828936720299], [0.33337279824729965, -1.1674876653601618, 0.11172528758074327]], [[0.08531796493067827, -0.5431751484506581, -0.7851739407569039], [0.5542808558461167, -0.900920092294474, -0.09414584804745868]], [[0.08414409376696984, -0.9516449758481137, -0.5032712703458642], [0.5360584715925558, -1.166039759032597, -0.06333681027967646]], [], [[-0.10450928852395713, -0.8327759945362365, -0.7276685081522741]], [[0.45509433639137764, -1.1789107749141015, 0.4925801965388454], [0.37906783558434265, -1.1041063568176006, 0.7010458536049033]], [], [[0.41691890269996335, -1.057731440419229, 0.31634279084510125], [0.25941380288865296, -1.0226473705744135, 0.4724264687445502]], [[0.13484082661297092, -0.8802454359380463, -0.36225282569485046], [0.44382682704670817, -1.0342038788273178, 0.008789719766642293]]]}