{"bodyId": "h0", "timestamp": 1630675666924006767, "continuousState": [[[0.42573575570373395, -1.0605181871247331, 0.7991855141227122]], [[0.6062438720494822, -1.262246462290439, 0.5846831433199733]], [[0.46617635531310286, -1.007873767952583, 0.517347076887265], [0.28806656833345434, -0.9077560097859543, 0.6343618223725871]], [[0.4590596399243964, -1.3345426165382333, 0.45863926057066384], [0.21281215994562558, -1.2457543307114662, 0.5875997853773308]], [[0.3867670273999043, -0.7857081315696837, 0.18319146740066822], [0.29352956117981355, -0.7962126290190893, 0.34115007115482743]], [[0.29558761555152563, -1.378189084834019, 0.24908911279368545], [0.12486792962937603, -1.2991526603188661, 0.24014840159010806]], [[0.3745939146320627, -0.745955354347217, 0.05983740978797118]], [[0.25448784742888036, -1.3038468832405765, -0.055870264601901226], [0.2251518872293416, -1.270805917472129, 0.016712147034426153]], [[0.15027105087313475, -0.9969833280483509, 0.09616458061602952], [0.27691898079573046, -0.9022066353499165, 0.02104558680088462]], [[0.17393560897943264, -1.2269164093307368, 0.07358593456482368], [0.3015872943090774, -1.1577580065198763, 0.04786014641570682]], [[0.05805382226582333, -0.5249432258831089, -0.7377614453625058], [0.5643928749883259, -0.898429883002957, -0.09680175930250744]], [[0.054746000684544355, -0.8908591007263583, -0.6015138017261422], [0.556697548451974, -1.168431863095648, -0.09200892181842756]], [], [[-0.10864920941580511, -0.8290433192283911, -0.7210693760411495]], [[0.45567439306493557, -1.1784841335911747, 0.4945089189592876], [0.3777625958404135, -1.1039626961757503, 0.6994703448453761]], [], [[0.42291333366215034, -1.0601253740539585, 0.320915363985666], [0.25317086056271954, -1.0209834798652777, 0.4643749282660791]], [[0.11599471562262798, -0.8759298176069228, -0.33208775539884106], [0.43299008464870165, -1.0280939447614166, -0.024470806443400307]]]}