{"bodyId": "h0", "timestamp": 1630675666924006834, "continuousState": [[[0.4292654840387897, -1.0627899407394081, 0.8007545589251431]], [[0.6119628036885428, -1.2570831043723871, 0.5741268377878018], [0.3788121882788225, -1.1713183689175848, 0.806046262960567]], [[0.46695413895373855, -1.0089627869229458, 0.5170994851361259], [0.28814891836011247, -0.9089562271231498, 0.6340142633169119]], [[0.45742058401108815, -1.3345207042565304, 0.46166750774828474], [0.2100903303193538, -1.2416246669531048, 0.5886489564014619]], [[0.3846161543659845, -0.7888258494619049, 0.19183712446572349], [0.31474002391541805, -0.8062688422334583, 0.3610928715246507]], [[0.2959909827248386, -1.3797419112811313, 0.2536101141287479], [0.16247167258681453, -1.2991988718094036, 0.2771366395622313]], [[0.37128483931717937, -0.7477516760166849, 0.05880724615303757]], [[0.24018026346458218, -1.347546406304771, 0.05050064600136602], [0.24014702155634404, -1.2707008156285378, 0.03192030207487324]], [[0.15718951296492883, -1.0279363767735354, 0.13845058290935527], [0.283085240257112, -0.9079023245527049, 0.03002578612990169]], [[0.18837430776143532, -1.2141191892099457, 0.05314774956342171], [0.33167578554042393, -1.1689301634085858, 0.0988424691341204]], [[0.5551624903425139, -0.8980297659119139, -0.10947338888649255]], [[0.09389073610147977, -0.9650406830471824, -0.48244500163427617], [0.5598313656380469, -1.1676150176354725, -0.08766709631975005]], [], [[-0.10035428852143798, -0.8386555890073065, -0.7237489977292473]], [[0.4542934456278373, -1.1802122704887323, 0.4965661749839699], [0.3750535365503974, -1.1031447025438588, 0.6981946747833662]], [], [[0.4210183691885363, -1.0616732768592176, 0.3267523161070041], [0.26241517711738593, -1.0239467545932817, 0.47487091396305625]], [[0.37176839905197456, -1.0560744775609296, -0.02816281966153542]]]}