{"bodyId": "h0", "timestamp": 1630675666924069881, "continuousState": [[[0.44083437567824674, -0.9735311570352765, 0.8005593243713602]], [[0.6258401477502842, -1.1702335350618165, 0.5901987815703984], [0.40093847619161443, -1.073658017121509, 0.8317212776583701]], [[0.514289476448697, -0.8702814340692341, 0.5394650877732271], [0.34643886591860085, -0.8223807686002936, 0.6700403502389168]], [[0.4173816324502618, -1.2358965894463307, 0.5082585625871088], [0.19567330356696153, -1.123706347729967, 0.6194416368704828]], [[0.3524353954816902, -0.7037299009271465, 0.39070681759216064]], [[0.2122839031899162, -1.2742172702465757, 0.3520089555837087]], [[0.3828647648637209, -0.6196018051430697, 0.05986059565538176]], [[0.15022805679344753, -1.2157519946365425, 0.008932250279575327]], [[0.3163147982738328, -0.8668188147465049, 0.16793134900650444]], [[0.12942301675634077, -1.1224063795814954, 0.1966251293691846], [0.2963373416363497, -1.0763289041232693, 0.1596588260684348]], [[-0.09710682156606484, -0.896498359193805, -0.08018173068235637]], [[-0.014205220193153309, -1.0434464114883875, -0.177830058677956], [0.24009485286345966, -1.0608481285375735, 0.3237743432041357]], [], [[-0.15621466870869302, -0.9154978962454624, -0.5635690763835483]], [[0.4597954812504453, -1.0721473690321972, 0.5253388850471131], [0.42442543493412793, -1.0141645752526494, 0.7428930864566161]], [], [[0.384908513965976, -0.9698132451867386, 0.4494826900896347]], [[0.016158097595137963, -1.0094523693876503, 0.05822169934341412]]]}