{"bodyId": "h0", "timestamp": 1630675666924069948, "continuousState": [[[0.454647588759203, -0.9746166828161024, 0.7924225563145262]], [[0.6232966062835265, -1.1705863573667366, 0.591144055981801], [0.35775295407457636, -1.0635792206728978, 0.792440929848411]], [[0.5143659828690093, -0.8734982594553703, 0.5414116915405189], [0.32475192849118323, -0.809487840625047, 0.651281547890986]], [[0.41747969677023006, -1.2356353248810172, 0.5111233648922057], [0.19305207595037588, -1.1166416033087108, 0.6045352437020872]], [[0.35873869271478703, -0.7071090940414149, 0.3950519847154037]], [[0.2220150438636084, -1.2541625418602418, 0.328213911162592]], [[0.3813092030713406, -0.6224052268239388, 0.05965548067483019]], [[0.15071822823452338, -1.2203696299797726, 0.0181440154820325]], [[0.2762362264415272, -0.8368114129171138, 0.09419065819471689]], [[0.13477348415158513, -1.1107092922759125, 0.17947426320579074], [0.2765658289518253, -1.062208737344492, 0.12883297964047438]], [[-0.08942888235819854, -0.8408125889779351, -0.16818668497288422]], [[-0.007495660520271599, -1.0503588457372297, -0.19950455018884328], [0.29167582067635817, -0.9358340162188303, -0.21976994848014464]], [], [[-0.15346182690419197, -0.9133450738693727, -0.583048111730008]], [[0.4673669191824414, -1.063659318133028, 0.5179810777082426], [0.42604564796467365, -1.011311215401952, 0.7380999767860511]], [], [[0.38810919474250855, -0.971372209461216, 0.4530876748038047]], [[0.022672300896693295, -0.9757609406269239, 0.00564378911645326]]]}