{"bodyId": "h0", "timestamp": 1630675666924070015, "continuousState": [[[0.43016102063685185, -0.9629324373730158, 0.7835885114376402]], [[0.6219782720600642, -1.1742425437861226, 0.5920034209109657], [0.3874845459429541, -1.0638791859558892, 0.8017451131994083]], [[0.520993550626855, -0.8584816229886683, 0.5363667107174873], [0.3328972713229848, -0.8154368956213401, 0.6609483794621953]], [[0.41332528183206324, -1.2326765133116315, 0.5172188001540753], [0.1894034829312868, -1.1121725806709333, 0.6002780457540267]], [[0.479564433785256, -0.6643918542202891, 0.6921152773486294], [0.36406392505832447, -0.7120977111093107, 0.4068980825787203]], [[0.21229588385862336, -1.2617654073002544, 0.35338357894291833], [0.041191528432261745, -1.1932425123555221, 0.23941177927233592]], [[0.37924393988062477, -0.623274157588999, 0.06049546776955776]], [[0.14943417797857655, -1.2194255761430461, 0.018006270098416054]], [[0.19787307817117142, -0.7629307124073758, 0.029196053094817445], [0.2508415209178734, -0.83747110151801, 0.10866526479990012]], [[0.1267058976498754, -1.0977617082582294, 0.1606518785102553], [0.24541079735381208, -1.0550452868503293, 0.10796624043676548]], [[-0.11811364034220256, -0.9797307111535496, 0.05247357642657153]], [[-0.015744868007955746, -1.0403610283102889, -0.1952312832901041], [0.28582810960925986, -0.9203070130770491, -0.21076360776076217]], [], [[-0.15099888198572567, -0.9231695695916464, -0.5535813512067589]], [[0.4834986707929441, -1.0386385308732486, 0.4997428138883347], [0.43497508791852146, -1.0163163485038258, 0.745306521000363]], [], [[0.4464448578086596, -0.9485341837659603, 0.6046670387513524], [0.2767337039948056, -0.912135145890122, 0.5035880641663735]], [[0.004296128653836412, -1.0387462097058895, 0.10656272746841342]]]}