{"bodyId": "h0", "timestamp": 1630675666924070551, "continuousState": [[[0.44120596891554853, -0.9673706391752187, 0.7849045225433579]], [[0.6188821779594825, -1.1722098340496923, 0.6033994709776094], [0.3986513137473487, -1.0637839336585952, 0.8136673331551204]], [[0.32062109676735734, -0.8018532863890345, 0.6466402552320335]], [[0.429029753498982, -1.2133699964584839, 0.5069602294168533], [0.18515656983120402, -1.0998045321620347, 0.5934556153872493]], [[0.3687945623336796, -0.7063169612873181, 0.40526008184526563]], [[0.21989119500253348, -1.224358885174045, 0.33946056438964844], [0.043587778653931084, -1.1846465927336571, 0.24298504704966786]], [[0.38262004602624755, -0.6227405986291087, 0.056260071380045476]], [[0.16244131113551816, -1.181022279904408, -0.013278754841350974]], [[0.25116116590353704, -0.8231929721788124, 0.0700859579932403]], [[0.1278232957502289, -1.1138765356542726, 0.22492853643173544], [0.2914292198455232, -1.0580043416068396, 0.14339417071330285]], [[-0.11506326016801842, -0.9564204215980717, 0.04538812784217498]], [[0.014002777775214326, -1.0591245327735184, -0.1557193589550618], [0.2946717183070275, -0.9295773490930889, -0.21579726581504996]], [], [[-0.16071598753218017, -0.9041429090872457, -0.5985159362235813]], [[0.47636840211426196, -1.0464128573481286, 0.5183760201928475], [0.42577996163650894, -1.003765483872688, 0.7350357393719604]], [], [[0.3989121579163308, -0.959843478872901, 0.45611015563105944]], [[0.0063800177911052455, -1.0351484786261722, 0.13515833213695522]]]}