{"bodyId": "h0", "timestamp": 1630675666924006968, "continuousState": [[[0.42257451314862854, -1.0595007061714041, 0.8001733704904629]], [[0.6047274711493345, -1.2608172679560334, 0.5834011978931655], [0.36671079334725437, -1.1726398516993868, 0.8049296529969968]], [[0.46670355415827036, -1.0114334018417368, 0.5166937887404789], [0.2811563035781462, -0.9038432030627174, 0.6292631432542164]], [[0.45829248791525873, -1.3357367244646017, 0.46139301541032923], [0.21303666259375495, -1.2467315037226328, 0.5854725685846724]], [[0.38338964140147797, -0.7883388919944566, 0.18879914781514412], [0.28089240497837203, -0.7859013480449003, 0.3282892074542767]], [[0.29663521349055594, -1.3787051783988278, 0.25596641695451217], [0.11714075265528232, -1.2962380060568501, 0.20470720386668223]], [[0.3540650212381238, -0.7335135592892345, 0.031289624121661065]], [[0.2355841531585451, -1.3483443356201947, 0.046013566137798306], [0.24728402535250096, -1.2658616063925534, 0.013863709226970286]], [[0.1537585630055076, -1.0324666052465792, 0.14941380550417124], [0.2808596972448149, -0.8910971341060038, 0.016571366402085688]], [[0.1898658268783771, -1.213229751827727, 0.049297113333250535], [0.2937183307934886, -1.1534248566820018, 0.02930395695772904]], [[0.08424512248126098, -0.5489785057330755, -0.7604584019693907], [0.644580460733077, -0.9148106483508365, -0.03907738145785584]], [[0.08529939958950956, -0.9646538609967203, -0.48584153151265785], [0.5613569940129667, -1.1592052080970523, -0.1519629915681062]], [], [[-0.10422781412417612, -0.8348945537978208, -0.730182321342098]], [[0.4557066255702712, -1.1808859577100357, 0.4956311359660471], [0.3758269905988359, -1.102932980184982, 0.6972423757582261]], [], [[0.42084106465836835, -1.0620378082295292, 0.3250960816127367], [0.24696453378606348, -1.0163164258837665, 0.4568808880194746]], [[0.13705547467981904, -0.8811041287804013, -0.3555806443180701], [0.46914939576328274, -1.0341177525164191, -0.0048867122500633985]]]}