{"bodyId": "h0", "timestamp": 1630675666924071288, "continuousState": [[[0.4584833161760291, -0.9440853691490833, 0.7788597685392971]], [[0.6160706778053984, -1.1528429406113665, 0.5930435747152912], [0.42823666575148056, -1.0311943604251887, 0.8035137095565639]], [[0.5034613886558169, -0.8770243679228507, 0.5539807253690945], [0.34688885581398904, -0.8156188450525268, 0.6544057794908872]], [[0.42876488686212183, -1.1808694651353335, 0.5144050065967081], [0.22825507365358635, -1.0861264833648334, 0.6162884881750674]], [[0.3575908253679431, -0.7004701305082064, 0.37488122384777306]], [[0.2174630444141049, -1.2069225983012248, 0.34393593639504205], [0.03747216444638479, -1.1387207098190721, 0.2502474134104989]], [[0.37630678621357516, -0.6245923200500575, 0.05908315079465501]], [[0.15805830016856748, -1.1711665835805498, -0.01610552329843972]], [[0.3214404621786048, -0.8713106626921254, 0.17192564454460443]], [[0.10884989035316454, -1.1127892758110534, 0.22258323952731643], [0.2932318060943578, -1.049194517015433, 0.14613244953470053]], [[-0.12407047676626212, -0.9622792127259164, 0.0483173311818955]], [[0.011033279711377929, -1.0605620664262634, -0.13986905453035867]], [], [[-0.15808858675857937, -0.9136031746017739, -0.5647596493695921]], [[0.4747257357183508, -1.030643628861361, 0.5222382687826661], [0.3899212798925187, -0.9870518027579688, 0.7106502116379515]], [], [[0.3931778561150325, -0.94066979782177, 0.44464311522224054]], [[-0.007610293206548789, -1.037534244268485, 0.13545028535460596]]]}