{"bodyId": "h0", "timestamp": 1630675666924071556, "continuousState": [[[0.46333532720061293, -0.9258690260109234, 0.786136007654695]], [[0.6317893072935308, -1.126653168174852, 0.5687125354308084], [0.4406552935871514, -1.0163990926650757, 0.8102182182867538]], [[0.4717009108589818, -0.881965029298792, 0.5667971581925093], [0.3679767294571861, -0.825551727698396, 0.6794562148226867]], [[0.40337491318921953, -1.1857775167761413, 0.5282826509221906], [0.23075316379431593, -1.0796868850174006, 0.6127298224928772]], [[0.350237697738648, -0.7019971391121713, 0.3955243458811708]], [[0.2122364795074005, -1.206753223688584, 0.3423445876370281], [0.04935522115802678, -1.133938789237322, 0.24741642438118788]], [[0.3841224495939696, -0.627443100962222, 0.06651439958161381]], [[0.15151648887111327, -1.1822142773223296, 0.011336204804141516]], [[0.1829243175177185, -0.7166047900013716, -0.003929356076507701], [0.3222032321436004, -0.873173221656289, 0.17877801709378788]], [[0.10206486271649982, -1.1022255638986704, 0.21221934697132427], [0.20893962575017053, -1.0212660055198073, 0.06317867273235629]], [[-0.12378542940342128, -0.9579882252909923, 0.0512285493336808]], [[-0.007935421568823244, -1.0211138066782028, -0.18632182855229418]], [], [[-0.15381443612969634, -0.9258363171354221, -0.5476720456187458]], [[0.4465550258582617, -1.0342540078629927, 0.5393009975591804], [0.3887860296987797, -0.984366344252039, 0.7126511664353434]], [], [[0.3768063054639338, -0.9438873279441563, 0.4619034984016807]], [[-0.01086028334346073, -1.0301068945948313, 0.13172394815250255]]]}