{"bodyId": "h0", "timestamp": 1630675666924071891, "continuousState": [[[0.4476870122066084, -0.9637310545111675, 0.8167013560045824]], [[0.6064684714061798, -1.1521319216666983, 0.5971931395955472], [0.3868186922000532, -1.0474967544196228, 0.8370921500831522]], [[0.47822899501912997, -0.8712161932722631, 0.5510403019688345], [0.33751270705292424, -0.8090227882069753, 0.6760031248483838]], [[0.4041450608111241, -1.1887056597309147, 0.5242125825856216], [0.17758879558436866, -1.0952686536020415, 0.6073869078543999]], [[0.3675516458595409, -0.7045948845099926, 0.4203392225644002]], [[0.20541594306660124, -1.2026777840342702, 0.3502550038643731], [0.01790013796957919, -1.1436822001445288, 0.2284570595169714]], [[0.38042530267555935, -0.6118628008374429, 0.06619829817265895]], [[0.13836788849622944, -1.1838195369266542, 0.02647889419657304]], [[0.18191515991157364, -0.714443891459226, -0.02029530604319575], [0.2702758352004928, -0.8188271047743804, 0.1235371107866356]], [[0.10058613755944236, -1.0939715991619336, 0.1994819981504986], [0.20740341113594535, -1.0202938684405665, 0.06042536051834259]], [[-0.15666479221854052, -0.9715579558175477, 0.10145028320449455]], [[-0.01435082963327875, -1.0097892726654718, -0.192023795532107]], [], [[-0.1542925544835713, -0.9113616669910443, -0.5611313751963042]], [[0.4345969451032153, -1.0515776440293485, 0.5477118007143433], [0.40460087549199486, -0.9947786468300378, 0.7378211597483048]], [], [[0.3858483533353325, -0.9466502721204537, 0.47227590257501095]], [[-0.02803932732954908, -1.0327647774897406, 0.15046614067749658]]]}