{"bodyId": "h0", "timestamp": 1630675666924007102, "continuousState": [[[0.4214012365649728, -1.0592612806036255, 0.8017308019774467]], [[0.6105601312196813, -1.2580321304475683, 0.5766702196305824]], [[0.467845203274302, -1.0096734951925819, 0.5171594961471138], [0.2808399512265214, -0.9081011192054473, 0.6304545757756986]], [[0.45655423498080067, -1.335032857595241, 0.4648004344899498], [0.2047746352363638, -1.245465129211941, 0.583221635122307]], [[0.3945440246984113, -0.7705883027671164, 0.17887674352103955], [0.2955878106487289, -0.7969223927652925, 0.3449263964517625]], [[0.29598478089001123, -1.3802771754336518, 0.25854574633247557], [0.11082688885477933, -1.2985991443314644, 0.23041237349414315]], [[0.3720374688249656, -0.7491017719789833, 0.05920901248153154]], [[0.2308242865099326, -1.3638475226712272, 0.07691502907619542], [0.2187548639632448, -1.2703262883402646, 0.013545504755886667]], [[0.15570362148444816, -1.0319889088206753, 0.15612534795435248], [0.27090779582529534, -0.903632176606368, 0.01371566513375933]], [[0.19087781134845114, -1.2364868633552673, 0.10497998319783369], [0.28321319058476613, -1.1533722022755213, 0.028052371961413428]], [[0.5608876886695682, -0.8989193037490966, -0.10224166609874942]], [[0.09061046175434034, -0.9524587760102484, -0.49477369061671195], [0.5635050858248465, -1.1707125381958159, -0.0864495180121553]], [], [[-0.09994814052672962, -0.8288701859943431, -0.7291351217936797]], [[0.4544622788875211, -1.1802528306636024, 0.49795823028021746], [0.3765842229957052, -1.1046179152171463, 0.6992125160144314]], [], [[0.425549129839606, -1.0528105801811787, 0.32183858900549467], [0.25018122294254636, -1.0211937609886168, 0.4640740157870347]], [[0.37588275000900967, -1.067703083552182, 0.0013691585495421363]]]}