{"bodyId": "h0", "timestamp": 1630675666924072494, "continuousState": [[[0.4333330992513943, -0.9702626009550777, 0.7960911846663191]], [[0.6090975088306877, -1.174075958104273, 0.5886281545184098]], [[0.48061143802664463, -0.8966421431821154, 0.5638723610038048], [0.3676609345938707, -0.8392959578389629, 0.7000792995295863]], [[0.4123466431052696, -1.1979854435217618, 0.5124486537130386], [0.1401294959221325, -1.110327180252083, 0.5622468492568237]], [[0.35627006843829645, -0.7095982937909503, 0.4010097509932002]], [[0.2068516789972506, -1.2018375987957066, 0.33841788045837506], [0.023691913866286995, -1.133037079093341, 0.1295727831592419]], [[0.38026763339074093, -0.6245321114339186, 0.05728369441955124]], [[0.12988134673252763, -1.193064831487265, 0.04602776432230962], [0.16094438983430154, -1.1333507177349644, -0.09957797122694638]], [[0.17673221839793848, -0.7012585623229775, -0.010889509837188144], [0.19233548356083408, -0.766547782551082, 0.040598478863694484]], [[0.09519417143784102, -1.0939244277152684, 0.20960094514500657], [0.2897231813955284, -1.0227564204789168, 0.10671712423323311]], [[-0.16282243399106006, -0.9690087380340142, 0.10348506222553829]], [[-0.012597150109273685, -1.0181897464969314, -0.1831827010359832], [0.4744787039865632, -0.9612817123427019, -0.12677326280441933]], [], [[-0.15587662744459202, -0.9001615386337576, -0.5733643252152834]], [[0.42808158197148455, -1.085729378308301, 0.5630216859359045], [0.4084729445524224, -1.0147645159766163, 0.7304584981898655]], [], [[0.384308355771783, -0.953791868656356, 0.4567292023531194]], [[-0.03381413127660952, -1.0314665828746414, 0.15654300368527244]]]}