{"bodyId": "h0", "timestamp": 1630675666924007169, "continuousState": [[[0.419577408549427, -1.0573323701311488, 0.7946149615311002]], [[0.6133422349103332, -1.257275556105992, 0.5734803176970213], [0.373478499632655, -1.1670010365481798, 0.8006427188716732]], [[0.4670479424893458, -1.0087161933676396, 0.5146706163195919], [0.27931210877524065, -0.9078945536391698, 0.6291780733912564]], [[0.45567427532915183, -1.337141406489011, 0.4629423389397882], [0.2038323896309721, -1.2450241215373399, 0.5795973505306092]], [[0.3861838916679206, -0.7859052082731519, 0.18140790148010502], [0.29152686098904496, -0.795087882377587, 0.3390275405167031]], [[0.29834309251129715, -1.3751920173607475, 0.2459974258992006], [0.09186671548782692, -1.2970397835408127, 0.20750604987982457]], [[0.3809847927161409, -0.7482010857556578, 0.06429810813068115]], [[0.23387023179255398, -1.3505320924867397, 0.06078877136812525], [0.22244908692501666, -1.2711957518724508, 0.008618444607358925]], [[0.16309091529109976, -1.0044068074118642, 0.11994842734448388], [0.2596061685154709, -0.8961893282645315, 0.005126203913180234]], [[0.19392090292480055, -1.2030745917816104, 0.033051673683125955], [0.3311789803158138, -1.1696104735044375, 0.09934456770075917]], [[0.5739955770221866, -0.8962334459213668, -0.08408631446392019]], [[0.0886415005425381, -0.9596772769375893, -0.49392949134928676], [0.564801813752259, -1.1725202869270637, -0.08191466631117464]], [], [[-0.10697717200153273, -0.8338238735421982, -0.7258039393856056]], [[0.45708769432032853, -1.177703953173423, 0.491863607234695], [0.37328411112528054, -1.1043797265024164, 0.6952970023237875]], [], [[0.4209290834985362, -1.0615233073810815, 0.3221751202099466], [0.24767962531000853, -1.0200560019574634, 0.45931244552365613]], [[0.3839582399734936, -1.0496540188514887, -0.025517320390397117]]]}