{"bodyId": "h0", "timestamp": 1630675666924072829, "continuousState": [[[0.4238257968191579, -0.9693335438617873, 0.7937324815545318]], [[0.6023970379859038, -1.1826236731147988, 0.600412432592207], [0.3658738036208274, -1.0703806070142214, 0.8036093807324284]], [[0.4946089401875317, -0.8928218388915246, 0.5585607120434036], [0.2879046418817493, -0.8024828139288654, 0.6377050776311621]], [[0.41661791231075035, -1.2113223128974746, 0.5261872286704424], [0.13559074783987127, -1.1165128709551, 0.5619147875330907]], [[0.3618346030007226, -0.7092714413118236, 0.4021262068224444]], [[0.2070848861616437, -1.2080410633315806, 0.34910703586143066], [-0.016577726498424226, -1.1618057450779848, 0.13453878077076592]], [[0.3926545537804293, -0.6235654204384827, 0.06617011997846999]], [[0.11304352677677161, -1.2307316814695481, 0.12178647996735685]], [[0.27205840009888016, -0.8102874007748191, 0.11311312304655416]], [[0.1025912751046975, -1.102611672352248, 0.21755822371772207], [0.31328960024491154, -1.0422579120221935, 0.12665295000957805]], [[-0.15214855869505722, -0.9722049274028192, 0.09968455975370102]], [[0.005897220460035954, -1.0575551358329471, -0.12110552480273395]], [], [[-0.1584435628616636, -0.9236526907196438, -0.5357448203478764]], [[0.44361328989290666, -1.0807702298859372, 0.5553641581994035], [0.43490980805931007, -1.0230314015046553, 0.7456803159267653]], [], [[0.3892262576557365, -0.9602968771046492, 0.4641567177464434]], [[-0.024778641795179863, -1.0374082998775336, 0.15862139173571155]]]}