{"bodyId": "h0", "timestamp": 1630675666924074236, "continuousState": [[[0.41023620681239525, -0.952819655922274, 0.7899123051871455]], [[0.6125116588278207, -1.1726841009136724, 0.5914919252807682], [0.40148035966570456, -1.0677688074913763, 0.8354932646807156]], [[0.48002304525602635, -0.8927339237115439, 0.559431585751265], [0.3054907693806474, -0.8038397388059396, 0.6542111181848793]], [[0.4097336838413178, -1.2089190037181041, 0.5277087528936024], [0.13525111271391643, -1.1104003129784066, 0.5701490799749672]], [[0.36048547390886077, -0.7111719319735715, 0.4001956237586612]], [[0.20507126676529566, -1.2128500460587635, 0.3541085811605294], [0.10906443210465955, -1.1610256219730202, 0.19963286003929398]], [[0.3842501000630716, -0.6193350182824607, 0.05977400137635914]], [[0.13201723367260285, -1.2039822534107694, 0.06272189844008176]], [[0.18513386084571762, -0.7091554395073463, -0.015050412021132161], [0.2532515772036229, -0.7840808456730658, 0.047362095440285884]], [[0.0977881404714924, -1.1029441979205754, 0.2198516740121313], [0.2658037461620495, -1.0221934928773773, 0.05879708922674172]], [[-0.096395564492301, -0.9160295600912118, 0.02392809090402534], [0.6019709851398543, -0.7628264172212862, -0.035754813659907084]], [[-0.007728672901195864, -1.0090579968442788, -0.18640861038928028], [0.6032332038121424, -1.0015626787364884, -0.03454825099999425]], [], [[-0.15622293970798784, -0.9131901835258323, -0.5488922283599572]], [[0.44380211260824626, -1.0681050184532719, 0.5450934357088778], [0.4098794037329649, -1.0100679768979117, 0.7361616489451059]], [], [[0.3851095788750893, -0.9600454678458379, 0.46395218832613183]], [[0.0006962879895957008, -1.0094868790058937, 0.12188988245807832], [0.4338873656509519, -0.8925099550493317, 0.011521137783417318]]]}