{"bodyId": "h0", "timestamp": 1630675666924074638, "continuousState": [[[0.43626040663764254, -0.9636895086153462, 0.8018575056122618]], [[0.5936844667276282, -1.1825615075324472, 0.6086221376105674], [0.3836681089509723, -1.0643265204600894, 0.8180562174480344]], [[0.49510857809841496, -0.8805445751930917, 0.5508621951093026], [0.30148006487943735, -0.8032147413268006, 0.6496458344811956]], [[0.4237410795444919, -1.1957650597745446, 0.5085701161217391], [0.13301876598174817, -1.1055739036382655, 0.5756339951593066]], [[0.3649104127617627, -0.7074267612018812, 0.40839127926649166]], [[0.20888428725903083, -1.2115288007162819, 0.3584781011842517], [0.017860816212457623, -1.1553174328263112, 0.16706384338026237]], [[0.38728101824629496, -0.6129935132690022, 0.06371871543833071]], [[0.13365119376930312, -1.2009142929141465, 0.05638660041331673]], [[0.19012868945716052, -0.7114198609602583, -0.005690752825722939], [0.2548076154249459, -0.7884856610529817, 0.060890771979239845]], [[0.10112152093046142, -1.1052318666783234, 0.22559546259415242], [0.28016639055915354, -1.0235914056266944, 0.08436648126328487]], [[-0.09888323608847986, -0.9500503060660801, 0.04561061571935556]], [[-0.010759073056755483, -0.9955841703286719, -0.20726520567090437]], [], [[-0.15742766537056854, -0.919075061543792, -0.5309073510457128]], [[0.4518288791144305, -1.0626777209566973, 0.538680578859589], [0.40613252495437746, -1.008590769446533, 0.734711974049814]], [], [[0.3943257461531273, -0.9515959104882129, 0.45848069769411537]], [[0.0011191424209907805, -1.0276410863722019, 0.13560303915675398]]]}