{"bodyId": "h0", "timestamp": 1630675666924074772, "continuousState": [[[0.4232026901947625, -0.9642823090064722, 0.8103262722254639]], [[0.595268581954211, -1.1805116188821494, 0.6082086797393976], [0.4050916820916648, -1.070281157803106, 0.8500425545214104]], [[0.48602745498892075, -0.8861934081799118, 0.5552035319990427], [0.31097054535106033, -0.8107683964181795, 0.6572593247191083]], [[0.40871049762757655, -1.20858304154117, 0.5286529877985514], [0.13727736295478485, -1.1081329159653424, 0.5794910473585323]], [[0.36254279401795725, -0.7112474724252834, 0.40902594199688497]], [[0.2085333837818095, -1.2137287814061923, 0.3515853844124179], [0.04567531666747322, -1.1614797078357397, 0.22854670141567932]], [[0.3856152806951843, -0.6173142644595176, 0.07484178805266538]], [[0.1232358184950325, -1.2188389396492794, 0.09567464132389614]], [[0.18525068421059193, -0.708894373495442, -0.01613626070224723], [0.2586906886602223, -0.807165661231445, 0.0718356090668383]], [[0.09483555546762568, -1.1126043184408272, 0.22912832565410507], [0.3108689781122505, -1.037310671298164, 0.12583755697432958]], [[-0.15591993321108577, -0.9706983240913283, 0.09846956041623867]], [[-0.011006348399897092, -1.0323431932620402, -0.16887480785654066]], [], [[-0.1549045600342762, -0.9033853796841793, -0.5841092511455883]], [[0.4501987309803029, -1.0606068282769192, 0.539064085509448], [0.3908574174896453, -1.0066207005102845, 0.726848554659549]], [], [[0.3856266458227669, -0.9599152569832268, 0.4688394648977182]], [[-0.030542188871730047, -1.0416513212660776, 0.16379894303517187]]]}