{"bodyId": "h0", "timestamp": 1630675666924077318, "continuousState": [[[0.3154794808218075, -1.5022430798351356, 0.6340973989909129]], [[0.0782285823660302, -1.381774275765593, 0.8269132291816382]], [[0.3407852386009609, -1.6388820829292539, 0.5124061836272396], [0.05908699988009403, -1.425134404812811, 0.6458018641622052]], [[0.2990078052510353, -1.6203222975310168, 0.6150237301538878], [0.10145773470223253, -1.4753697668238779, 0.6255113796740079]], [[0.2657361123508217, -1.6062804262531416, 0.5612100819559945]], [[0.2708657684062837, -1.473014352865042, 0.3768772160341434]], [[0.2891774528155625, -1.5550215981949134, 0.6049238111832781]], [[0.24491372836140293, -1.2984697068082307, 0.10720860612011211]], [[0.1430861131985051, -1.6719194142146006, 0.4536045128981345], [0.2560358976328321, -1.3111010380689383, 0.1757274438874449]], [[0.16593630618377336, -1.574775485000837, 0.4457982521846586], [0.268906406968465, -1.3824977536251595, 0.16449841359232734]], [[0.020646037808841923, -1.5857811096019063, 0.22407176679012492]], [[0.07053601516181868, -1.4298858007673836, 0.17970432166240174], [0.2456767073510198, -1.3392769287882882, -0.1466022396262881]], [[-0.15988236310204001, -1.3180473374083506, -0.6160340010945322]], [], [[0.3141310655494107, -1.6220829386848818, 0.5592540869925948], [0.07717846512598499, -1.4537306555195428, 0.6331901483709903]], [], [[0.28237195880092847, -1.6133013618920793, 0.5881169060549412]], [[0.09329117199630764, -1.5802782973013718, 0.33493500948739174]]]}