{"bodyId": "h0", "timestamp": 1630675666924007571, "continuousState": [[[0.4889177896240205, -1.5401426262486821, 0.5740552442124023]], [[0.22350826596498882, -1.483678954365731, 0.819806917964167]], [[0.38764903273499346, -1.6746825611238763, 0.41093589030883143], [0.17394957649519574, -1.4549713060178642, 0.6233793853761991]], [[0.4310149406306795, -1.6211330586333335, 0.45178391522396716], [0.28497609216679987, -1.5885891860745411, 0.6079819435178022]], [[0.1203812000901259, -1.6273432188662957, 0.2392567424468532], [0.25255674380610277, -1.3814307607326777, 0.307230580315309]], [[0.3754098088634739, -1.5318044872448238, 0.3323482738031055]], [[0.010704926485656869, -1.451197422675551, -0.01904217409277385]], [[0.37061389834507646, -1.397588772667714, 0.030630078221048962]], [[0.09331672612099397, -1.602490247839738, 0.16161794814748373], [0.2896065341326789, -1.3642160930808265, 0.11364255661174752]], [[0.09284810052509669, -1.4970194131727312, 0.09152781611011415], [0.39189200236450006, -1.4713457986112974, 0.12467191366839711]], [[-0.04277091816096814, -1.4230016936890404, -0.22072161386407402]], [[-0.047768681452984706, -1.4185160662772422, -0.24714762290579848], [0.31756143083321126, -1.4184943264257608, -0.29441933411033394]], [[-0.23008196816378126, -1.283046741899494, -0.8626355024281375]], [[-0.2163052059474425, -1.292230381687027, -0.8341434988645156], [0.2045268535448572, -1.422069458670864, -0.8556715693936665]], [[0.4182572834744065, -1.6469303154366504, 0.4199772066328394], [0.23349245698336632, -1.522734745209015, 0.6250803922941108]], [], [[0.2756980703604027, -1.6242381387498146, 0.3455203288354102], [0.2687664179864513, -1.4850099734036095, 0.4576062619165556]], [[0.025038591182064276, -1.4600105534308858, -0.06459689887697993]]]}