{"bodyId": "h0", "timestamp": 1630675666924077921, "continuousState": [[[0.5788274540439456, -1.2281477375456935, 0.6329202114264738]], [[0.34248586418801596, -1.2035740921988471, 0.826579970036207]], [[0.4013303558369119, -1.4541403289465773, 0.47681397811348974], [0.3151773225895663, -1.3229617956698183, 0.6603685766857177]], [[0.5022316877410188, -1.325474576598127, 0.4629816071092165], [0.3068738375927312, -1.2603113787042064, 0.5917270372192429]], [[0.19551784753458032, -1.405807258806914, 0.24885152035278657]], [[0.48018944958523596, -1.2391698706452245, 0.3385650353591202]], [[0.055048608630745434, -1.22560185480392, 0.00044567610230706125]], [[0.43035455379947324, -1.1256173009264554, 0.19569138159289265]], [[0.1437076218099707, -1.3040287938239357, 0.15333214473915655], [0.4906882811822909, -1.2167734496349736, 0.28195941934546476]], [[0.20066153637206968, -1.1568118500278313, 0.10088968281324605], [0.4140136044145447, -1.1950034580507474, 0.1469244949512731]], [[-0.04295951665162113, -1.1237826234111585, -0.17852299532407007]], [], [[-0.11845405830538766, -1.1616188558840208, -0.6306180087115472]], [], [[0.4557850142188013, -1.388583404147732, 0.4789370466486496], [0.2912837922337906, -1.2814816278132755, 0.6108024941044753]], [], [[0.34887476763779957, -1.3656409177025206, 0.35591656373100156]], [[0.07885100986022428, -1.140297236719495, -0.03881665625541201]]]}