{"bodyId": "h0", "timestamp": 78323, "continuousState": [[[0.5969690142923553, -1.1660976017879956, 0.6778376234469281]], [[0.39619489725703966, -1.140388309965981, 0.8375225451276198]], [[0.4408221000874885, -1.3618104990069182, 0.4702610313490036], [0.35792723109609076, -1.2584114271415143, 0.6265816293015664]], [[0.5209484174169127, -1.2476672756896519, 0.4654987735883982], [0.39911405254453464, -1.1961588826469396, 0.5795673946546729]], [[0.23352649107473764, -1.3290334137718527, 0.26185520234474574]], [[0.5327222298744564, -1.1136906187332143, 0.29132664118260776]], [[0.0901742738670095, -1.1602810665544012, 0.03746409672162417]], [], [[0.13258935459493904, -1.1785630514363348, 0.10573148043453556], [0.49252822150792347, -1.1580645294318683, 0.17320922193498178]], [[0.48719498049495746, -1.1339517712208405, 0.14716476474350476]], [], [], [[-0.16206774528707343, -0.8880105168639529, -0.7025304179092918]], [], [[0.48546727636694237, -1.2990976943074957, 0.4648951941527428], [0.3740951892578587, -1.224072054656096, 0.6044888890743961]], [], [[0.37723745424582517, -1.2883503447307523, 0.363676987966572]], []]}