{"bodyId": "h0", "timestamp": 7638, "continuousState": [[[0.49979158358256714, -1.531942340226514, 0.5644601790933915]], [[0.2187692983083482, -1.4872205606545406, 0.8153396013689884]], [[0.3877504163213982, -1.6692805836080937, 0.409170261556882], [0.17080478624040552, -1.4537716247175165, 0.6178159394049635]], [[0.4224953401931163, -1.6203040185352862, 0.44078915798716606], [0.27667302043503744, -1.5911199017165123, 0.6017359625884583]], [[0.12002157879170779, -1.6305140485102756, 0.2409807663626782], [0.2531190953078308, -1.3819572537856843, 0.3014760972032475]], [[0.38410624684833805, -1.5324441519058443, 0.33744998831869133]], [[0.010864173137421574, -1.4511121464949583, -0.017575115334827616], [-0.3577665842138133, -1.2370218971864424, -0.6615064785727724]], [[0.3686122180827574, -1.4012919605428522, 0.03410109031927823]], [[0.09284193709323631, -1.5991408352354628, 0.1595260576168896], [0.26414149469746895, -1.346683432721945, 0.039934661874512355]], [[0.0909405534013988, -1.5007979193937877, 0.09196840714043242], [0.37529834293839215, -1.4680704446929278, 0.0892166894394718]], [[-0.0508369755327461, -1.4191505767376966, -0.24404496991528118]], [[-0.04957607016527328, -1.4182740355947527, -0.26256212383113964], [0.2651619254276704, -1.4112214023835326, -0.4734491256825761]], [[-0.2278312171192171, -1.2847078821631577, -0.854475393357352]], [[-0.21648954499605993, -1.2921196930210128, -0.8328587183624382], [0.24286985466241298, -1.4135628312130113, -0.8129872851088833]], [[0.4124768259758666, -1.6492082832142494, 0.4244220617184526], [0.2364925351579227, -1.5239545459383848, 0.624259116522847]], [], [[0.27125845949241206, -1.6254090335227809, 0.34088496217492215], [0.2648960578714341, -1.4865385777510984, 0.45160602989585286]], [[0.02005178893432635, -1.459974248065742, -0.07603828138742438]]]}