{"bodyId": "h0", "timestamp": 7772, "continuousState": [[[0.48444613112174767, -1.5322335950219614, 0.5712517169041677], [0.19349413380701685, -1.375814489073376, 0.8128207229617769]], [[0.22760203152274902, -1.4885768645522264, 0.818480014583676]], [[0.3105644180331547, -1.679546430818414, 0.4081741842068695], [0.17101959240788756, -1.4547525218377027, 0.618983855770844]], [[0.42625299415009354, -1.6227026222073817, 0.4572707484671415], [0.27978725407162913, -1.5811094695186478, 0.6046704323909566]], [[0.11188710202210195, -1.632445987189344, 0.25749135882367796], [0.2467115606092682, -1.3794734062748122, 0.3020098776203997]], [[0.364712397233151, -1.5293725297418153, 0.3236144939034364]], [[0.007819180187173345, -1.439501941731089, -0.02774888612105883]], [[0.3539953057185221, -1.3917163216676913, 0.013788531735831383]], [[0.08075395652294583, -1.5784046036277888, 0.11431567560734243], [0.2768809300068974, -1.3601513300408277, 0.10127961580151373]], [[0.08822995852630539, -1.496764618171881, 0.09298363328584469], [0.37168010014292124, -1.466228598672444, 0.10080859445916804]], [[-0.052727910778795434, -1.4126861590390882, -0.248922757533898]], [[-0.05225642613362925, -1.420947039438084, -0.26978324384566305], [0.3178289635806361, -1.4161877364709965, -0.29429910632929707]], [[-0.23165109126797723, -1.2859297361334756, -0.8535034384831265]], [[-0.22012836674633166, -1.2909571982774046, -0.8408196453413357], [0.22615076628516204, -1.4160533863600226, -0.8215329800337448]], [[0.4121729968391199, -1.6446666963965364, 0.42187157341293446], [0.2430681442661919, -1.5178921470096078, 0.6301547904772883]], [], [[0.26907004808609775, -1.6275743046983628, 0.35738105364540973], [0.26324940734044866, -1.48029143789673, 0.45334015500567815]], [[0.017751023873754976, -1.4547253886054845, -0.07796956212402666]]]}