{"bodyId": "h0", "timestamp": 80869, "continuousState": [[[0.15452620727981048, -1.223320985868716, 0.7592304969495183]], [[-0.011715935310666965, -0.9668089430594614, 0.7798978054487027]], [[0.20658545136152554, -1.2869665411812043, 0.7340512123250256], [-0.6635334907467803, -1.0932853946404384, 0.46832510090369467]], [[0.017548900134476072, -1.0173432642184865, 0.7878976832560102]], [[0.19359359983648186, -1.4014903314251996, 0.5423231613057615]], [[0.2466928993417559, -1.296542618204444, 0.6428210612066495], [0.1454611570528698, -1.0250288030912236, 0.6694214903060772]], [[0.041353297936787325, -1.3687855929686443, 0.2600488182409949]], [[0.2120174745353147, -0.9542447003995368, 0.36821921923625905]], [[-0.0327374713321679, -1.1251680238311101, 0.28865628469608784]], [[0.06300107181581058, -0.9422277990366019, 0.23659552422208252], [0.2070638755091843, -0.9322961944316593, 0.30349149007390086]], [[-0.019927169653443513, -1.236356000354452, 0.0703983478874436], [0.09308308438778432, -1.2205043675362148, -0.023264456973021652]], [[0.18832989619499266, -1.028068349937148, 0.06697812738990751]], [[-0.3513375775904226, -0.7844098951379989, -0.6439156508237409], [0.462452670911448, -1.1534783634818633, -0.04492784838945863]], [[0.22803024290712257, -0.9212823891606519, -0.1415375036410228]], [], [], [[0.2229428594766653, -1.3308686374726806, 0.5926010969290966], [0.02266151936849428, -1.1498546638393603, 0.615098861199676]], [], [[0.1440230986392716, -1.3326641055865442, 0.4514349397238222]], [[-0.08150384069771498, -0.9062391225375734, -0.2884687617169167]]]}