{"bodyId": "h0", "timestamp": 81405, "continuousState": [[[0.13922466126786026, -1.274586214760105, 0.7611504127328729]], [], [[0.2217009345350048, -1.4170532786343193, 0.5248357708701463]], [[0.182167370327414, -1.3363502172917288, 0.7398301026517244]], [[0.05313314683238735, -1.4073334194493818, 0.27255333109732466]], [[0.20907355640626696, -0.9361018437041944, 0.3328484422129627]], [[-0.04625648455783954, -1.167295147643913, 0.2499188447496947]], [[0.01062955500018063, -0.8484711274055614, 0.2953923642892689]], [[0.003814498769388649, -1.3490546210460874, 0.21797440596246656]], [[0.0370173985806731, -1.1595670660305277, 0.21583579717379803]], [[-0.24122054191133638, -0.8252652884742395, -0.6803790860353838]], [], [], [], [[0.2256169718391461, -1.3345531050210702, 0.6010312470927847]], [], [[0.11765025857990068, -1.3718418183705552, 0.5061917168745246]], [[-0.10210157166533164, -0.9924161772523836, -0.23227164443079287]]]}