{"bodyId": "h0", "timestamp": 1630675666924081673, "continuousState": [[[0.12498352330957567, -1.2963462659673302, 0.7495568925442695]], [[-0.07079382115934936, -1.0035948625872517, 0.7778928288499017]], [[0.21496379422500472, -1.4410600401619371, 0.5002950063962494], [-0.09957734079600823, -1.3002822398485034, 0.5729594714472037]], [[0.15618510636405677, -1.3610809139893632, 0.778970935659636], [0.0871283416795302, -0.9854376821366378, 0.6670590680408124]], [[0.05743317028819683, -1.4066994743249406, 0.25695753470842353], [-0.020215631266641367, -1.3226526287538272, 0.33831688179857383]], [[0.17141965387050073, -0.9401248577406008, 0.3917034849235313], [0.08635135328847855, -0.8305531899005484, 0.40209145679124686]], [[-0.050347467153512696, -1.1648336860288668, 0.24648941714713352]], [[-0.04440276104501348, -0.8287522588471316, 0.2986605271374794]], [[0.028810284662207836, -1.3547125336078611, 0.21295155284582393], [0.11957267838503753, -1.2140487195646747, 0.06708850740460798]], [[0.05804725894043685, -1.1858857684827773, 0.2547174589127394], [0.16576672796861158, -0.9903978730019851, 0.11507778190228782]], [[-0.1774371880438152, -0.9213434848563582, -0.5412810432740075], [0.04934939233240857, -1.1064459373882132, -0.32984645220550307]], [[0.2544213508078562, -0.9571234982009317, -0.10554082273812923]], [], [], [[0.21437471942890404, -1.3514130613326714, 0.6022297538423876], [0.024829692110742145, -1.1377159449478065, 0.63445409876798]], [], [[0.1068091383261268, -1.3838901941571518, 0.5179642351840298], [0.03345635520644441, -1.1540451554452325, 0.5026879749196931]], [[-0.05969496455168917, -1.0536146266695678, -0.14328179218063405], [0.10755806015051007, -1.0484219051950991, -0.10738433515160763]]]}