{"bodyId": "h0", "timestamp": 82142, "continuousState": [[[0.13982585567436018, -1.3011595758363155, 0.7510914728841208]], [[-0.010036147227459423, -1.0253149207185497, 0.8053594608409871]], [[0.18465096689817717, -1.440054308574939, 0.5243563138792919], [-0.06046274781592774, -1.295518973915509, 0.5876303305803713]], [[0.1908164902142044, -1.358011845341965, 0.7322837218286536], [0.11989222326235358, -1.020773067968768, 0.6604842173123674]], [[0.040710503708128155, -1.3832273572945024, 0.2557155576596631]], [[0.2489033035989656, -0.9604367636504839, 0.2914316934934702], [0.24491705003246397, -0.9542179857793489, 0.43261545204940605]], [[-0.03960036157335327, -1.1494743739805826, 0.2651715537258094]], [[0.06635648390363559, -0.901496004858491, 0.28573265514756124], [-0.020374016969736203, -0.7822400032287373, 0.26508784297028454]], [[0.00912741672062856, -1.3258879511342785, 0.2107840033212169], [0.11718972966501678, -1.2201275686307322, 0.03937929424185586]], [[0.07670500537236012, -1.1756925170140458, 0.2693824032725424], [0.23070412981802996, -1.0430703854247936, 0.14407012871099914]], [[-0.16671073840547906, -0.894351923483593, -0.5389336573440722], [0.1384814085146329, -1.0895466567346295, -0.3196119868327662]], [[0.26280346119436965, -0.9518428215307758, -0.1661527909656322]], [], [], [[0.22732571500885457, -1.3495300926556957, 0.5963938107076746], [0.06242245329068032, -1.156288733941923, 0.6431010970256502]], [], [[0.11576349696116628, -1.3706196013182337, 0.4939996397441584]], [[-0.04500286651655947, -1.0350222202488193, -0.13477562703576487], [0.18459276916633144, -1.0663085210797116, -0.08777092906088353]]]}