{"bodyId": "h0", "timestamp": 82276, "continuousState": [[[0.16014986987219276, -1.2517718730199225, 0.7403084601802127]], [[-0.006373378526215674, -1.0022440738097493, 0.7872337969200939]], [[0.20269089596367512, -1.321756499874975, 0.7385829574143479], [-0.798596899237519, -1.150174068185244, 0.41062091543508406]], [[0.025818307624604585, -1.0498859110705423, 0.7936927789984412]], [[0.19083521219635388, -1.4187077944161692, 0.5389521302369915], [-0.07327672672126755, -1.307351109099927, 0.572180688212486]], [[0.23746008480991482, -1.3302243593934882, 0.6581819243647227], [0.09875800809166457, -1.0382195221929298, 0.6349064689591496]], [[0.031157753952435654, -1.3803659668554962, 0.25598825551559595]], [[0.2310636066710995, -0.9675548169845117, 0.3705905407704595]], [[-0.02763070164886497, -1.105841000082533, 0.2617232325969287]], [[0.08511136581114646, -0.931361156762488, 0.27613429329017275]], [[-0.09006466769269782, -1.1457752458718664, -0.058724286870068684]], [[0.11090132338678495, -1.0189898071685113, -0.018749234481136908]], [[0.46471425203044214, -1.14700749617283, -0.05145939841611289]], [], [], [], [[0.2308719920663773, -1.3514218360412427, 0.590629948522994], [0.07530024239083287, -1.1783744949163872, 0.64014833420222]], [], [[0.13430891938117523, -1.355295163124492, 0.4570850899401593]], [[0.28780778770861354, -1.0829986516706707, -0.0351043164486249]]]}