{"bodyId": "h0", "timestamp": 82477, "continuousState": [[[0.19847162040760724, -1.2124048762647726, 0.7321912531588496]], [[0.04381729746604879, -1.0422670910939693, 0.8016245162692686]], [[0.1944951440776341, -1.4057103344586859, 0.5480657873424155], [-0.08168913504670468, -1.2985374112811665, 0.5634341061967639]], [[0.25330275908463074, -1.3191162390058653, 0.6361534537636353], [0.1540461931053228, -1.0603106588894968, 0.6611254806673292]], [[0.02831130790446582, -1.3783235534390406, 0.2701756870524944]], [[0.26211602313952587, -0.9963733292758482, 0.3724543115919705]], [[-0.013754199896517548, -1.1003947540984946, 0.2785096417448981]], [[0.10228493605343039, -0.940947024530143, 0.2667180796554178], [-0.02295681940781583, -0.7874289247285413, 0.25915703510036225]], [[-0.050390508817808294, -1.1712433858229907, 0.011282370298917386]], [[0.23033382038373248, -1.0441417838679872, 0.04747018307480562]], [[-0.36781172118168104, -0.783703079456421, -0.5803579585796297], [0.4990273495647184, -1.144004947348481, -0.03260836853385331]], [[-0.357029312427705, -0.98674772187663, 0.007636495205764959], [0.011217249649893802, -0.8157570844915256, -0.6359834821060463]], [], [], [[0.2351997467156508, -1.3471615259662735, 0.5918962791387478], [0.04068859861975352, -1.1729440863085465, 0.6118871332627698]], [], [[0.1408070334945483, -1.348719896222453, 0.45316457040806485]], [[-0.06873895039897428, -0.9139224316622041, -0.266443887752412]]]}