{"bodyId": "h0", "timestamp": 82678, "continuousState": [[[0.20290545794644674, -1.2357502263666575, 0.7541427151986083]], [[0.07751220527097075, -1.0511132974763528, 0.8205270472784563]], [[0.2133921031993408, -1.3927420590610264, 0.5620042428411787], [-0.06443719226207373, -1.286873717262564, 0.579707936842651]], [[0.2599836710232839, -1.3124994080845171, 0.6257628957664403], [0.14449367864365673, -1.0703749671131582, 0.6549700338887594]], [[0.030690012734502885, -1.3741611333557995, 0.286098543236908]], [[0.2708363856992121, -1.0074653242186684, 0.385271206017281]], [[-0.004272554779321183, -1.0978592265059062, 0.2803297669701626]], [[0.10784687888091883, -0.9390457555907827, 0.2737899350748146], [-0.05721854182282505, -0.7597706488050965, 0.2464125910856203]], [[-0.04885658709603467, -1.1827537993247015, 0.01668546476796928]], [[0.12426995076848289, -1.041537785988829, -0.02406814034844865]], [[-0.3622852719828486, -0.7833219333419899, -0.5848432246779176]], [[-0.35346805299616996, -0.9913466450881029, -0.010415111476933135]], [], [], [[0.24401500898075562, -1.3388457037635222, 0.5891083527838681], [0.06691823993603407, -1.1741182631108642, 0.6320868307703938]], [], [[0.1453368418788934, -1.3433302707201582, 0.45593071950167413]], [[-0.11900766060718285, -0.9124298596654095, -0.3044556825131831]]]}