{"bodyId": "h0", "timestamp": 84085, "continuousState": [[[0.49057265842641895, -0.9046765433852172, 0.6872882974945441]], [], [[0.48868949437464193, -1.0047019479658628, 0.7093275683777773]], [[0.3538162246348304, -0.8295551494828385, 0.762533633614639]], [[0.3673756738949033, -1.2119452131013637, 0.5805221417481695], [0.18249033833127487, -1.0314899680028986, 0.6877985883608546]], [[0.4770863424921394, -1.0326177496910691, 0.6081683564198919], [0.3440283261659665, -0.8846353814673987, 0.5850895213847864]], [[0.2046846120825454, -1.2457723471486792, 0.33809462994298795], [0.23778142414605485, -0.5739376169681156, 0.7366995096917542]], [[0.5063173222592914, -0.644898229466003, 0.2446881219878935], [0.42119976341748294, -0.6420924540722115, 0.34257051377199194]], [[0.14793620675591376, -1.017814368238481, 0.17259357024695124], [0.2577090056954512, -0.5303008717618726, 0.7543267105064415]], [[0.45657623421041005, -0.33781468016273153, 0.13124071863825976], [0.4522682713607046, -0.3695572231557387, 0.11942579341606666]], [[0.15245848588754649, -1.2062071216207073, 0.1813872718057339], [0.2693329324292697, -1.1563811543665674, 0.06336006233530088]], [[0.1693285445599913, -1.0917645492179504, 0.21949074296686422], [0.3000138725019078, -1.0200923297947344, 0.06774887701282115]], [[-0.04317862379909514, -1.0576692496588158, -0.1746260860990451]], [], [[-0.15491578012130658, -0.9338338705582021, -0.6471796829137197]], [], [[0.4321535014370988, -1.1156941055880745, 0.5805271939295551], [0.25878039189168456, -0.972426786134841, 0.647522211183087]], [], [[0.3408854772873424, -1.1391950484198743, 0.4731314931814399], [0.2909048751560107, -0.7292864992177572, 0.6608945155382704]], [[0.06307496038044808, -1.074716899438383, 0.022432328433909562]]]}