{"bodyId": "h0", "timestamp": 84219, "continuousState": [[[0.524972784105614, -0.8517486587817849, 0.6354074891791494]], [[0.253185615913834, -0.6363787185859321, 0.605811503844852]], [[0.5077022930069799, -0.983363893506789, 0.6771924148173143]], [[0.3869653768936335, -0.8080684297110183, 0.7701860946201994]], [[0.37146222910263094, -1.2130455533117812, 0.5742565767927953], [0.20550091661747932, -1.0379655501030363, 0.6897296389064317]], [[0.47667214680467607, -1.0186158040952489, 0.5997252231410498], [0.3432487981271959, -0.8756360071598166, 0.5879040219255471]], [[0.2130011718001145, -1.231453581732712, 0.34150169378527245]], [[0.5020392061351295, -0.6323119509770586, 0.24895153041086382], [0.42143152273407375, -0.636258275951953, 0.3434469362766904]], [[0.14938176760051602, -1.0104819333013177, 0.17680166328475866]], [[0.44839708579007637, -0.3340978795227602, 0.12889331562335518], [0.4232159152916354, -0.34615742216567513, 0.0859893836108613]], [[0.163531215534235, -1.2048377880128227, 0.19658492764241486], [0.2622032139307025, -1.148120681501113, 0.05449383696889867]], [[0.17332178339612664, -1.0827636383145087, 0.21303441555485778], [0.3303923315606437, -1.0345855268001432, 0.09798914791971629]], [[-0.034811982540232864, -1.06372756948702, -0.1683872393569691]], [], [[-0.15882074074574806, -0.9279354318119879, -0.6575449177756837]], [], [[0.41604751283696834, -1.1246492330320599, 0.5866156461982175], [0.2735156082702299, -0.9583270936589849, 0.6494650654456089]], [], [[0.34483665930239527, -1.1250346929139803, 0.47061345846316116]], [[0.06925490042794688, -1.0732456039007645, 0.022323588098944344]]]}