{"bodyId": "h0", "timestamp": 1630675666924084889, "continuousState": [[[0.49373611748015317, -0.8849655663829065, 0.6885280438732624]], [[0.3759610152536625, -0.7929921159118255, 0.7660344370987147]], [[0.3644221144359903, -1.207469545141611, 0.584321020576565], [0.19669586860660387, -1.0348192175836386, 0.6885556887119307]], [[0.4951551501432759, -0.9702921437769912, 0.6030427689928544], [0.3557143577263089, -0.8692808101014431, 0.6109077507798102]], [[0.20990598675849162, -1.2326660758086814, 0.3495006804596876]], [[0.47396395846317185, -0.6791682903400804, 0.6886643327350925], [0.41905582327797536, -0.6306105923003792, 0.35749011623541105]], [[0.1485532736120387, -1.0074697495064784, 0.17693044313185305]], [[0.3883107372599116, -0.4618241633431137, 0.8588305213152829], [0.6863349768721319, -0.5860928235000693, 0.44784278357619567]], [[0.1527636636237171, -1.1935625249295503, 0.18041377389337207], [0.27149821217908265, -1.13596059206554, 0.06796928152133137]], [[0.16760537263710057, -1.069822458005442, 0.2232961262308429], [0.3232581442850894, -1.0311502977935079, 0.09800747725579685]], [[-0.03846854433543288, -1.0602836825257809, -0.15377090891340253]], [], [[-0.15944283427546968, -0.9183997704857614, -0.6676464340332063]], [], [[0.4301624873740952, -1.0859803919457562, 0.5838703097152089], [0.28114475540193895, -0.9538466879916436, 0.6618955697957417]], [], [[0.35253056845088376, -1.1014791097928363, 0.476271724726271]], [[0.06456841415083384, -1.0650530702656114, 0.03476260865872019]]]}