{"bodyId": "h0", "timestamp": 85425, "continuousState": [[[0.5162011253033267, -0.9040546894727508, 0.6998550354189559]], [[0.37733123899236354, -0.8225156462233189, 0.7829537308502663]], [[0.3903218157712999, -1.1932305214342642, 0.5727489701762875], [0.17369267082877513, -1.0403654058300398, 0.6759863831734237]], [[0.45801282634886464, -1.0826849408637096, 0.582266334219575], [0.3648792740161875, -0.8673850514048088, 0.5765163587950157]], [[0.21464999879239774, -1.2504012983328165, 0.33164720936808295]], [[0.4591664162192417, -0.6998442864003863, 0.26897226825837767]], [[0.15793403910861667, -1.011736627158605, 0.17565876275194386]], [[0.441557775814086, -0.4863523896717368, 0.12652282406396012]], [[0.14226206311768885, -1.2079159565403002, 0.18232415088730886], [0.2685660616566474, -1.0972913824167294, 0.0007241075311198984]], [[0.1579796492112572, -1.0764850535801436, 0.17913752203320452], [0.3519248367540786, -0.9633960117457635, 0.025521645667718532]], [[-0.043710603342518625, -1.0488128618212853, -0.19171258017546733]], [[-0.014688083726504373, -0.7885033198369729, -0.2552522590983524]], [[-0.1814302980081252, -0.8956680593663061, -0.7014546263694756]], [], [[0.4212184542692483, -1.1416520412499584, 0.5866435814328314], [0.273662292060194, -0.970529154391203, 0.6484615529592542]], [], [[0.3363314125706312, -1.1665431195982632, 0.456956771793829]], [[0.05713452293436929, -1.0626489577007145, -0.006287529071131406]]]}