{"bodyId": "h0", "timestamp": 1630675666924086631, "continuousState": [[[0.3864318143138565, -1.3939512142683608, 0.6044431867857787]], [[0.16974486957329737, -1.324504887617339, 0.8241493171131938]], [[0.38439428996205954, -1.5461736551610248, 0.5626134241288897], [0.16422545931555033, -1.3654415113326661, 0.6358533691936374]], [[0.37867765659375546, -1.5568747926903055, 0.6079197163789769], [0.17504963391553816, -1.4188483392135671, 0.5996859665321171]], [], [[0.3415353247454898, -1.4302098026025563, 0.3126485065674203]], [], [[0.3242307005446803, -1.2769652581297963, 0.052193812745501875]], [[0.25792858389721035, -1.5767022369980705, 0.409253047169439], [0.2933994617687852, -1.2096216178512005, 0.023325650186215626]], [[0.26222297141755263, -1.5132723218336355, 0.4232837173860656], [0.3294856544048073, -1.313808184519479, 0.03637520252321224]], [[0.07284282077520197, -1.5267900394854255, 0.26822391201807455]], [[0.08091298382811613, -1.467323467419085, 0.2594519279800197]], [[-0.05301341478994675, -1.371740109470673, -0.035375136525172365]], [[-0.04082756220015699, -1.3765425490946273, -0.020843666153373762]], [[0.3678446326920384, -1.5375793239674844, 0.5968441638927651], [0.17001909828693737, -1.3939718978798097, 0.6160902028491837]], [], [], [[0.1675328960963773, -1.5200311806595304, 0.3457538147020701]]]}