{"bodyId": "h0", "timestamp": 1630675666924008308, "continuousState": [[[0.4274728581634343, -1.5415339674998603, 0.6182059703147728]], [[0.19552372711897714, -1.4621924963252735, 0.825654362493025]], [[0.4263068027324745, -1.6741112664651054, 0.43364026710649023], [0.16496843881731935, -1.4310968750426556, 0.6380968848392138]], [[0.39621164239623063, -1.5890812684802997, 0.5274536132921684], [0.23595075448913214, -1.5679649111953198, 0.5980370586739853]], [[0.08830012364594239, -1.5974748912859353, 0.20418375474223854]], [[0.3601562456909521, -1.5233676883460234, 0.3520263101069122]], [[-0.010455387225814548, -1.4621463172971154, 0.027744916807016125]], [[0.34641714837102405, -1.3754563704572729, 0.036660303734702894]], [[0.1960799931101713, -1.6642165538626192, 0.3425873120985168], [0.31501002866463546, -1.3208405073784992, 0.11596478156312605]], [[0.2279399912149958, -1.5636381463192641, 0.3408652688026871], [0.35654580950668946, -1.436716869110834, 0.1015921650124285]], [[0.07311974694590628, -1.5672823705492378, 0.16984129764178238]], [[0.12591380574763594, -1.4337932449683193, 0.0679151786620555], [0.2500975567336147, -1.43313936061502, -0.3731151474607368]], [], [[0.2342139932589712, -1.4339379964155243, -0.817446809009165]], [[0.41039646139599706, -1.631756131964704, 0.4832471998529543], [0.23587899058265452, -1.501325806500804, 0.6443793301055691]], [], [[0.24225588302108653, -1.5932780798831176, 0.3658186840172035]], [[0.15052986908045105, -1.565460258434251, 0.2553532832222347]]]}