{"bodyId": "h0", "timestamp": 1630675666924087033, "continuousState": [[[0.4370221442743552, -1.5156783924636692, 0.6138642014045638]], [[0.20851739894966476, -1.4236822770167292, 0.8462437208698832]], [[0.2863221272894613, -1.6266407374361487, 0.4174649016442845], [0.18131982935823363, -1.4087887364526095, 0.6346882117777436]], [[0.4229146139265252, -1.6147108267379864, 0.507993255953209], [0.1978878617351843, -1.4933128960812663, 0.5963596262236376]], [[0.09533206677370583, -1.571671364148254, 0.2551335546535599], [0.2497872102864053, -1.3290470675511163, 0.3016386202356139]], [[0.362244411403434, -1.4716831086412874, 0.3334781414927097]], [[0.024682551800237092, -1.4376429975876859, 0.09410378475984203], [-0.06791637060736662, -1.1692283556756449, -0.2589523951690901]], [[0.34115561578028, -1.2879133515372454, 0.10045359034999206]], [[0.09514347958143855, -1.5686079730819298, 0.2543444311496805], [0.35272884830676005, -1.3055670203826828, 0.0869375619649793]], [[0.11586705026416183, -1.5025429575113745, 0.30992592752584847], [0.31932166384862287, -1.3943219537950966, 0.0315987008434945]], [[-0.0009860426542856544, -1.3767427219282602, -0.061330860980911214], [0.5128439623344124, -1.2848701721443394, -0.15097536428116337]], [[-0.0035715239925118566, -1.371232882450001, -0.03420962135095556]], [[-0.12363388435927644, -1.2134911007303413, -0.7632058951349691]], [[-0.12241577377263878, -1.2203327006659133, -0.6942560469514628]], [[0.38835873977193414, -1.600417071494092, 0.4773669383430378], [0.19699640088103615, -1.455953808663822, 0.6181611592331021]], [], [[0.2591233403501155, -1.59319109544312, 0.38156340530338445], [0.2238375360107948, -1.4111799818161912, 0.44899912322962576]], [[0.057440503804938085, -1.4396428397198173, 0.12429753327246862], [0.4160828130915176, -1.3395960629697181, -0.059688331718834434]]]}