{"bodyId": "h0", "timestamp": 87167, "continuousState": [[[0.5125663533413352, -1.4928687436328558, 0.5783653736370508]], [[0.23020067851063847, -1.455652103336496, 0.8266908414193189]], [[0.30734255439183067, -1.6356151234941503, 0.41330392205854355], [0.21524644165054907, -1.4158037626946074, 0.6323191830998482]], [[0.4230456897746995, -1.6009132077950898, 0.4693639733720672], [0.2500632568046324, -1.5216691695182891, 0.6006958584329887]], [[0.10909719886539483, -1.5671913713126095, 0.22766214162544793], [0.2823523025561242, -1.3381709776984132, 0.3350722078850406]], [[0.4072616514680319, -1.4818409489135587, 0.36381954810748357]], [[0.06830582431443401, -1.4010051434289397, 0.06485555445122122]], [[0.36709296098231087, -1.3092746485368103, 0.11039836582833436]], [[0.07931315370797626, -1.5138371492299667, 0.1653739547848186], [0.36970838587334265, -1.3183256233965888, 0.13804599292413014]], [[0.11716567027148898, -1.4665277895545692, 0.20168284728896652], [0.34357149266639, -1.4079038213581734, 0.06826422561026198]], [[-0.0028676372205551958, -1.306314013061697, -0.236534836570758], [0.5440009361475384, -1.2850449395302508, -0.0909449394708131]], [[-0.0032624374348379772, -1.312010816899205, -0.23380701373282567]], [[-0.14531880576390183, -1.1844787120150995, -0.8271510542376186]], [[-0.12816852298407047, -1.1894723101247597, -0.7781822884611839], [0.35710116680474696, -1.349673838185718, -0.7549856582862947]], [[0.39189616750313, -1.6106807935630771, 0.45963709760720556], [0.23491802946356255, -1.4703495884132833, 0.620659223192637]], [], [[0.26607144432004715, -1.5840522895538496, 0.34851305749875755], [0.2662077796803783, -1.429920073608351, 0.4678840331590146]], [[0.057149016525466896, -1.3864209013081332, -0.01742599464089574], [0.4437862144069642, -1.346474380444212, -0.01134035693027556]]]}