{"bodyId": "h0", "timestamp": 1630675666924087837, "continuousState": [[[0.3227703204927279, -1.3634399340084944, 0.8279649741715889]], [[0.34792545253138085, -1.481020855378549, 0.8310368321672494]], [[0.42814723312265024, -1.6467480747352647, 0.41788611344341736], [0.27526585248585683, -1.4221448940288048, 0.6244306542328963]], [[0.5275873436702336, -1.5287431504438243, 0.391103946144123], [0.36709703216893286, -1.5438343681707942, 0.6279178145372766]], [[0.2018158587446174, -1.590076981632175, 0.2613103416255535], [0.34233858040930887, -1.3448665502868502, 0.3632724521701994]], [[0.4655915882136678, -1.498976506119556, 0.3477225828876572]], [[0.1430968688455693, -1.3919092509697464, 0.02938702244148885]], [[0.4155935704579201, -1.3439592614982512, 0.09027860080160098]], [[0.1492727315581647, -1.493181465297746, 0.10414205446795517], [0.3717689097411799, -1.292491838705655, 0.047019166031047235]], [[0.16993516698723993, -1.444389154528524, 0.12750533407298373], [0.41262021669867616, -1.413108539071986, 0.06704848832532093]], [[0.013815254499485377, -1.3392924950448026, -0.2678096068769021]], [[0.014107895349843034, -1.3338882756987578, -0.2496564612790455], [0.39563980149374356, -1.348619928022509, -0.3972043540579091]], [[-0.14494051387388288, -1.19238143007292, -0.8491566010412782]], [[-0.1260726256013421, -1.1968005734061862, -0.7935457969905348]], [[0.4782925958120037, -1.5910231378071966, 0.4059441120746619], [0.3376116881725468, -1.4861811885662544, 0.6413352214920119]], [], [[0.3647016012074255, -1.5594100660379997, 0.3262071438848383], [0.35471780628912086, -1.444350459228822, 0.49559513335373795]], [[0.09187521074336265, -1.3918408247866632, -0.07015213640195918]]]}