{"bodyId": "h0", "timestamp": 87971, "continuousState": [[[0.30641277817780316, -1.3688750180946172, 0.834778462750238]], [[0.33831316233172903, -1.473824010056059, 0.8399252468005727]], [[0.419432102626205, -1.6346406131585849, 0.42324044748932543], [0.24143560961310778, -1.4185058708813267, 0.6161458286993463]], [[0.5089019267262309, -1.5487824010306444, 0.4150164132936568], [0.3571158238867131, -1.5371885382016914, 0.6256779166037029]], [[0.19400812213233729, -1.5738883883078396, 0.2645193824805115], [0.30507995398133064, -1.3372894539875493, 0.3421317487010797]], [[0.449099159354505, -1.4915974159371521, 0.33430547541518946]], [[0.14299579179445163, -1.3759393738483834, 0.0171026083770073]], [[0.393879926415304, -1.3238426768759486, 0.06479990196552717]], [[0.14464068885833115, -1.4900729625757865, 0.11401866427247569], [0.3812836158093537, -1.299262038295707, 0.09251843453732227]], [[0.16316419047966974, -1.4638920686544645, 0.14544140166896113], [0.39841531224068605, -1.4037491825763586, 0.057654340997982674]], [[0.021451732920182168, -1.3520490277945632, -0.2266663275990379]], [[0.027460747073835366, -1.3468272637916543, -0.24097898695932055]], [[-0.14321633686433938, -1.1860034829092452, -0.8467188940620393]], [[-0.12488315355018255, -1.1935420872029832, -0.8079387256457023]], [[0.46326595076925026, -1.593008087573874, 0.42636080556672507], [0.3235404489081502, -1.48224235970745, 0.6421698036915304]], [], [[0.3514550244292841, -1.5613353946692419, 0.33976789788708417], [0.33109788893402187, -1.4372389960946204, 0.48390483265239126]], [[0.09230796169992594, -1.407970548224514, -0.040612462965038384]]]}