{"bodyId": "h0", "timestamp": 88172, "continuousState": [[[0.5755193205900532, -1.4716156695494225, 0.5557215615676], [0.28022151728433004, -1.3616843281714768, 0.8239491710981329]], [[0.2908393472397399, -1.481487647160997, 0.8190062156307213]], [[0.40029123726492716, -1.628288561630909, 0.4070022689160596], [0.22587624607595239, -1.4187408531767638, 0.624621185015365]], [[0.4753819426803669, -1.5622766931844243, 0.41870033120423217], [0.34907657937453107, -1.5386226411873472, 0.622596745979637]], [[0.1829975619595557, -1.5802630976397598, 0.26464026247801054], [0.30078491036459626, -1.33425631936226, 0.3334919151059355]], [[0.44321205051658874, -1.4923679667142034, 0.3384397481684475]], [[0.13091696493686567, -1.407369377770261, 0.06395104463143025], [-0.03982328639931165, -1.202935568595332, -0.13113824884170344]], [[0.40701667485034726, -1.3396168548299654, 0.07920173467603876]], [[0.13784042614891315, -1.5009196671519818, 0.1493624177012573], [0.38103448536903145, -1.2955304122341784, 0.062397761064423775]], [[0.17099855888142967, -1.4520082403758747, 0.13116585885717655], [0.4038917704120224, -1.4057815171440429, 0.06661766351533174]], [[0.012481812364581459, -1.3274683419812112, -0.28345967680424244], [0.5373801558075189, -1.262907783233529, -0.13707308117973865]], [[0.013986559919730666, -1.3307619666096058, -0.26753236184553064]], [[-0.1500445340974939, -1.1853126385886652, -0.8409792580491653]], [[-0.1262091953730086, -1.1943907423333393, -0.7907618172284192]], [[0.4434413706725374, -1.596379835637287, 0.4153877868742544], [0.3311368773633101, -1.48185568655763, 0.6554599454665463]], [], [[0.3291897523199613, -1.571269895412092, 0.3416702968411214], [0.32493074486956364, -1.4364394802748035, 0.4780443305427863]], [[0.09174018562300557, -1.389738291178543, -0.07614690897353295], [0.4706359631097706, -1.334344650188786, -0.035227708832203455]]]}