{"bodyId": "h0", "timestamp": 1630675666924089244, "continuousState": [[[0.5839971846298179, -1.449289296516849, 0.5709494809989911]], [[0.30071377730299104, -1.4481494547210234, 0.8261496847145203]], [[0.3971158182876832, -1.621245662003314, 0.42552068028340034], [0.24553399574290644, -1.426559615839611, 0.6174610554567787]], [[0.48799826472323415, -1.559818934289989, 0.4302048065293935], [0.36619791290918785, -1.5107865122245623, 0.6406527320123864]], [[0.19780773095969284, -1.5650493292839347, 0.2868975714466919], [0.34435839023565906, -1.3436374933622188, 0.36748854938584624]], [[0.4394597864169377, -1.482786686619094, 0.3304199967335503]], [[0.1327485598668383, -1.399069444060361, 0.0861673811080334]], [[0.4134668757152067, -1.3219047800480792, 0.08924575678327619]], [[0.15187236848984884, -1.497230024858281, 0.16775522222193057], [0.4003595087735225, -1.3105449820156865, 0.10839322610835211]], [[0.15747805146339555, -1.4785431852422786, 0.17899389832047838], [0.4496551854516438, -1.3950803604456412, 0.11825734841923372]], [[0.01618775575228523, -1.3212811485268503, -0.24302615368477745], [0.5591250961277329, -1.2886023429175975, -0.10454907924938447]], [[0.026164438315857977, -1.3386441784424266, -0.22460628977005875], [0.48361542838887883, -1.347094275408116, -0.22276521493530163]], [[-0.14988534695199962, -1.1787891389109255, -0.8274686387689203]], [[-0.12475498329851598, -1.1879410436634175, -0.7805114583179079]], [[0.4484710286347766, -1.5917740888586895, 0.43312627516794633], [0.33414021359286605, -1.4737274777513412, 0.6515913155746836]], [], [[0.3429029978414635, -1.5624341317869619, 0.3585511889880427], [0.3552781515724235, -1.4272120027933906, 0.5040706406991163]], [[0.08683290360784039, -1.3999121668845644, -0.03201612768214954], [0.5043901407896884, -1.3418413516816194, 0.0068541345849246205]]]}