{"bodyId": "h0", "timestamp": 89914, "continuousState": [[[0.560310226131772, -1.4724207249338503, 0.575467576929304]], [[0.2848987304736033, -1.3682537561087325, 0.8412357048272014]], [[0.5123593489584896, -1.5714513402771162, 0.5939706951532687]], [[0.30443632828835937, -1.4557696598208023, 0.8329607580949793]], [[0.39254424627965073, -1.6318074642660856, 0.41479828880935665], [0.2640234212361702, -1.4192812856958825, 0.6476772486496757]], [[0.4624919532494777, -1.564866209916471, 0.42808065613220697], [0.341121506465608, -1.5331351154643766, 0.6257258872179745]], [[0.18586569449162313, -1.56546096949137, 0.27313101798583467], [0.3464618529122733, -1.3369453249830756, 0.37598029045083536]], [[0.30314261257160713, -1.4935463463815928, 0.32618941233306326], [0.4571169971412853, -1.4915647867057886, 0.3551907907792024]], [[0.135343768716483, -1.3764097450991457, 0.04010930417483769], [-0.0902102973146409, -1.188893464837997, -0.16364056160351356]], [[0.4109571273595898, -1.3321346487627166, 0.07563930763491408]], [[0.13941148353612556, -1.4915557435974693, 0.14702058218724573], [0.3901672571638128, -1.2985895809145418, 0.09928520513173816]], [[0.15325985418453167, -1.477009316811929, 0.17885860479403753], [0.4154079297292487, -1.3986258684991073, 0.08443696978529419]], [[0.012123324596579664, -1.3197079553572555, -0.25097014982174026], [0.5556055413759684, -1.2728907658114779, -0.10014208042717701]], [[0.014519412491210687, -1.3304263462654615, -0.2419209920295757], [0.5094177556139682, -1.3541833711123394, -0.1802227755984768]], [[-0.14801404671478544, -1.1835466389215759, -0.83999602817924]], [[-0.12404956679220634, -1.1920424875830498, -0.7840494636392036]], [[0.4304647003597619, -1.5998187351852218, 0.42417436424493177], [0.33271162016690914, -1.479695764818774, 0.6587942470069348]], [], [[0.3241788238705504, -1.5651635897039204, 0.3506058370590208], [0.34379167968894064, -1.4350402202237262, 0.5008530888344049]], [[0.08269158939055567, -1.398358636084592, -0.036055772513851364], [0.4855067355526086, -1.3357583171552925, -0.00785255532094141]]]}