{"bodyId": "h0", "timestamp": 1630675666924090517, "continuousState": [[[0.581107406210617, -1.4682913680031857, 0.5690011725907133]], [[0.29887552661391303, -1.4609476017252623, 0.8275794637962081]], [[0.4002412917333499, -1.6382260218957396, 0.4138173559972786], [0.22246519017920535, -1.4150654400284537, 0.6215403687017492]], [[0.47435834679249145, -1.5612798442924516, 0.4240287023060182], [0.34947709723686876, -1.5371850511516139, 0.6240126669123998]], [[0.19140395571828156, -1.5835740356880226, 0.27662194120928213], [0.3385608764345727, -1.3365123858474073, 0.3665303155354673]], [[0.2936454242565582, -1.5069964453173657, 0.3477447520005785], [0.430581934704305, -1.498072131859757, 0.32070387559802654]], [[0.13158956301159794, -1.397871546414189, 0.05721437239232], [0.0557552453761823, -1.2094309453735368, -0.032120310606330124]], [[0.40153380833217306, -1.332658141384849, 0.06302991470272264]], [[0.13887570658415138, -1.492235916788798, 0.13835289758656086], [0.35943262149244104, -1.2818432158029256, 0.03383919855432873]], [[0.1567349102625277, -1.4653050011631816, 0.16194909792716294], [0.4065062824789561, -1.3956585174099818, 0.06365078640282627]], [[0.012702945025386327, -1.315903686315824, -0.2640456963697293]], [[0.016439530752251755, -1.322372112201927, -0.26470622311690206], [0.46649840475096765, -1.3471954708725544, -0.2533018717591888]], [[-0.14763364120777225, -1.1848924948357804, -0.8327149119941414]], [[-0.12559325627703533, -1.1931824177789236, -0.7856711242297956]], [[0.4417595786158259, -1.6036932493125995, 0.43482354428982933], [0.33176477302756574, -1.4795571563991234, 0.6551150021852922]], [], [[0.33288115125538653, -1.572426939990237, 0.3503253217576502], [0.34401898683572074, -1.4368487184995105, 0.49527149122393355]], [[0.08471892764395701, -1.3906043437395028, -0.05104829922128318]]]}