{"bodyId": "h0", "timestamp": 1630675666924091656, "continuousState": [[[0.5738665610445628, -1.4734295015201542, 0.5615282624612182], [0.2814598714880574, -1.3591055847869387, 0.827800499666021]], [[0.2955878439348578, -1.4631454259102659, 0.8215158361420201]], [[0.39012864378477885, -1.6389179787654573, 0.4141330561470222], [0.2274307168439725, -1.4194910371996539, 0.6109786477342414]], [[0.46513342027621973, -1.5635466248065972, 0.42516984835317634], [0.3522622641429082, -1.536170997923192, 0.6206341516713533]], [[0.1923043461993613, -1.579956910921309, 0.2754960621207281], [0.34153040282186975, -1.3370912133760928, 0.3675190861030262]], [[0.29897062496035853, -1.4989951788716176, 0.3321750920142308], [0.4497086699534889, -1.4980284203066974, 0.33551015180722377]], [[0.13411963683274927, -1.3935730243301823, 0.054825447032250396], [-0.05655781741676901, -1.1891312805218408, -0.1396669931511542]], [[0.4004239993555616, -1.327568122639611, 0.055632002413026384]], [[0.13776091931326698, -1.4914835690800061, 0.14083116758305597], [0.3690576485528097, -1.277848545611113, 0.04032112827244646]], [[0.15459060041599765, -1.4711198862904238, 0.1609494633965196], [0.4121892722980101, -1.3915071414092839, 0.06538482611838481]], [[0.012200718503529459, -1.313183285792541, -0.2612742304540209], [0.5560100076217193, -1.2676188614675494, -0.11930147466990457]], [[0.0150654760376446, -1.3275436417804576, -0.2556057888346311], [0.42844368786770426, -1.3410265056873234, -0.30981952994341394]], [[-0.14805233776703844, -1.1760144200538816, -0.8550038821807289]], [[-0.12498198925899578, -1.1915111295304666, -0.7908504424701941]], [[0.43168418806837106, -1.60207794264084, 0.42079211148506024], [0.3233216402461012, -1.4815068210638715, 0.6425993450173496]], [], [[0.3287188832377905, -1.5717517678639532, 0.3503329552369522], [0.34689633348238896, -1.4366311056496424, 0.49407661888718973]], [[0.08339565945976356, -1.3921515860414824, -0.05016238352875063], [0.4840996399598647, -1.3295630014384168, -0.02695832427575988]]]}