{"bodyId": "h0", "timestamp": 91723, "continuousState": [[[0.5740564534681648, -1.472539747010796, 0.5622074920789342], [0.2756860153819903, -1.3593027888744968, 0.8204125831173239]], [[0.2957008051493126, -1.466969238415074, 0.8189590106602772]], [[0.39466863295372123, -1.6367289531637461, 0.41551673087828], [0.22697437943005275, -1.4178644040497521, 0.6118931274264939]], [[0.46320124131525225, -1.5690252986060136, 0.4311102650358091], [0.3559101837744197, -1.5390855478913774, 0.6284885739550677]], [[0.19168706583571282, -1.583825288826269, 0.2779451756182962], [0.32756455580793636, -1.3404980030183429, 0.3585307452315631]], [[0.2944045516084666, -1.5057458855988048, 0.34238158342245445], [0.4461819212744351, -1.5009569331245147, 0.33781546561533926]], [[0.1331859112566994, -1.3978575348930795, 0.055504894379088454], [0.1165144975981309, -1.2339372614119102, -0.029842216024369237]], [[0.4244126426548994, -1.3475144248873594, 0.09791902476644372]], [[0.13695995122516752, -1.4922214305152648, 0.14121649858805244], [0.36755208022012403, -1.3040361369314775, 0.08131171685921276]], [[0.15372648145301024, -1.4731292228491675, 0.16312538760733605], [0.42546962695610885, -1.4069399891352476, 0.09937110939725222]], [[0.007317563051751733, -1.3237432299343088, -0.24180502659082004], [0.5530622777899523, -1.2755277043757922, -0.09411804572528468]], [[0.009208901076907921, -1.3408251413008632, -0.22787741243338724]], [[-0.15001305706025636, -1.183179897309124, -0.8343141619308685]], [[-0.1270281392798086, -1.1926508732613723, -0.7914418800349036]], [[0.4322740488535166, -1.6045271204170226, 0.4261676132662416], [0.3318119863995355, -1.4816528881834115, 0.6513489448147234]], [], [[0.3274441535754825, -1.5764252937161412, 0.35452772032705265], [0.341737369791178, -1.4397917754548601, 0.4935096595933154]], [[0.08052202225238099, -1.398436226391738, -0.03933981949174199], [0.4892659523730306, -1.3412338467555198, 0.0026265318359837697]]]}