{"bodyId": "h0", "timestamp": 1630675666924093264, "continuousState": [[[0.5811959671166833, -1.4582425755320751, 0.5662410232891896]], [[0.2989871241018095, -1.453789067431716, 0.8255936659275533]], [[0.389120599541887, -1.6311613701255108, 0.41719481095823824], [0.2700760961493734, -1.4328438890567483, 0.6502946651733313]], [[0.4549127857714846, -1.5575034737914535, 0.4072863100254356], [0.35523189776547404, -1.5265881984409537, 0.6351604692716175]], [[0.1926103412637721, -1.57592093829329, 0.27165388631769927], [0.36341332667790266, -1.350632902806612, 0.39082028923401163]], [[0.4552241294273649, -1.491333629445081, 0.34782196512836006]], [[0.12028041427788116, -1.3992382045778162, 0.07489317868935769]], [[0.40910308650138655, -1.3296366101886574, 0.0785271384701889]], [[0.136632773787946, -1.4845464618626634, 0.135376260610454], [0.37835990588121604, -1.3059556045288419, 0.08836493708075023]], [[0.14257233712533604, -1.460067260356269, 0.13731080069880092], [0.43337838695496295, -1.397683009402898, 0.10419503750875174]], [[0.008470266382929822, -1.3143493975012532, -0.2430490132438756], [0.5656674568392414, -1.2869448223927749, -0.09128890680894824]], [[0.01052430451510088, -1.3266120656752582, -0.23254503676320587]], [[-0.14876358614541454, -1.183430358828924, -0.8284706372818413]], [[-0.12497979198250002, -1.195295127200451, -0.7721438941705369]], [[0.4288282450317011, -1.5956526654281198, 0.41929299772933304], [0.3309444925811647, -1.4842683263332253, 0.6568634069207012]], [], [[0.32376156351762836, -1.5667122060423717, 0.3394700981715674], [0.3593226122216884, -1.4386105506237827, 0.5129903792528145]], [[0.07552130175413294, -1.3872083289287611, -0.05286910627253734], [0.4995229218971021, -1.3423139158978366, 0.006453065349901747]]]}