{"bodyId": "h0", "timestamp": 1630675666924093331, "continuousState": [[[0.5796314016065467, -1.4536103027605454, 0.5577382341096695]], [[0.30436848923581394, -1.4503855327564523, 0.8275651406337328]], [[0.3903312288785198, -1.6330750188388865, 0.41534907324641074], [0.2697290925683103, -1.4305706396689788, 0.6495569771505382]], [[0.4591323750946511, -1.5580064592286007, 0.4054413284365421], [0.35464577918331724, -1.5227035099847321, 0.6350547806428367]], [[0.18151955330286365, -1.5730768871923886, 0.2657448991765043], [0.33539120051227267, -1.3430795234225306, 0.3610769612279016]], [[0.43226810287900164, -1.4885551716266168, 0.32373426873364497]], [[0.13185292085208125, -1.3745385405632313, 0.01684204798626547]], [[0.3942572018544079, -1.316852592750886, 0.04930480011725831]], [[0.13723095919391073, -1.4851427681063334, 0.13401979893426413], [0.3716500550440021, -1.2942245067148552, 0.04353982070779739]], [[0.14770761563090087, -1.4499304503080706, 0.12695963845611824], [0.4164246348396366, -1.3938566513352368, 0.07423905782983116]], [[0.012239303502962401, -1.3120718755784129, -0.24337465099400196], [0.5622119882422923, -1.2836230547524374, -0.1124425444233459]], [[0.017037698675311845, -1.3251806293434951, -0.2503127381318138], [0.4707785452278003, -1.3480351932013834, -0.25240981234364335]], [[-0.148138198252171, -1.182685388472715, -0.8236710599750768]], [[-0.12445354638810008, -1.1948952332987324, -0.7689429322989781]], [[0.4311830600265592, -1.5975458537624776, 0.4181215330970749], [0.3330599902545653, -1.4812143035889718, 0.6580404114534043]], [], [[0.32032596419875736, -1.5655416732104945, 0.33559311380652324], [0.34501848984779493, -1.4328915167036314, 0.49806587093536914]], [[0.07997345956693164, -1.3810011629432417, -0.05820750626894186], [0.4893183115409645, -1.3387398530438372, -0.019101743296757373]]]}