{"bodyId": "h0", "timestamp": 1630675666924094470, "continuousState": [[[0.5743918848760211, -1.4538904536993016, 0.5611334951023083]], [[0.30882671010983154, -1.4443928076337391, 0.8345287594061008]], [[0.3962396324649673, -1.6265399904820304, 0.415023393380622], [0.26514783590166485, -1.434112222701874, 0.6432450906482823]], [[0.469588546194745, -1.5579143330059229, 0.4273879358933704], [0.35738996868606365, -1.515843793784113, 0.6378309465377604]], [[0.18176471488253998, -1.5646947577457153, 0.26861074725039114], [0.324493628272005, -1.3449312176096186, 0.3451714460307553]], [[0.45624530694884424, -1.4883447361709898, 0.35039352314058486]], [[0.128843007480278, -1.3658414610821423, 0.01934896649458483]], [[0.4071933226232659, -1.3179490157555798, 0.06199453494931709]], [[0.1395780635821967, -1.4870637414979968, 0.1354670037969031], [0.3971080215490988, -1.3028776096163053, 0.06815160185809281]], [[0.16002511952185103, -1.4605745411108664, 0.1589554358649493], [0.4324593865095251, -1.3916983429516456, 0.08852326758934533]], [[0.0118173625984262, -1.3184937780062869, -0.2464084388441695], [0.5328809370758354, -1.308742588936005, -0.1552884251560322]], [[0.01599649368336287, -1.3297993607274097, -0.23934568369894282], [0.4189976447141105, -1.3443231671864941, -0.359075498895377]], [[-0.1468509346937794, -1.1904319913978565, -0.8252446066521161]], [[-0.12411792974591947, -1.191493383356437, -0.7876988705511249]], [[0.43614134303588736, -1.593423977190676, 0.4249454322426811], [0.3318387245844922, -1.4787230261586002, 0.655187803535073]], [], [[0.3256766305386425, -1.561304545375819, 0.3479993415718807], [0.34094179847903433, -1.4303875056968658, 0.4915011962842578]], [[0.08592124106013861, -1.3895341595585766, -0.04372650148961009], [0.48267016179268024, -1.3502204659438253, -0.033382578783343435]]]}