{"bodyId": "h0", "timestamp": 95810, "continuousState": [[[0.5866393474798708, -1.4517281525731753, 0.5471470719688446], [0.2634882012859168, -1.3492001191591532, 0.8167948090417205]], [[0.3128223484755076, -1.4566407298532411, 0.8302066631042144]], [[0.3748551639348322, -1.6355164909219653, 0.4088047696778701], [0.2388700104364741, -1.4203304625351791, 0.6272872520333065]], [[0.4569446849114037, -1.5606650470754302, 0.4064368545039704], [0.3640022109070112, -1.5323161286716145, 0.6358593700960766]], [[0.1811789796397298, -1.574642319756527, 0.26454612081037815], [0.3233867350817993, -1.3419890588063943, 0.3471876033333162]], [[0.4692695659213171, -1.4963221367975865, 0.3500926615075009]], [[0.13158524898400975, -1.3875459068713456, 0.03609138884844378]], [[0.40293747054586676, -1.3221226923360165, 0.05842022437994592]], [[0.13567191674476367, -1.4894594094119433, 0.1343173360588669], [0.3760904843848541, -1.2920045544143237, 0.03991655669516899]], [[0.14420394111860435, -1.4591404741209804, 0.12828320065789445], [0.44652474552761284, -1.3975748412589977, 0.09715638543767682]], [[0.009048751506791746, -1.3221689367245477, -0.25168109049444365], [0.5775775882709558, -1.2874492174073335, -0.09193556010968973]], [[0.014171268454284416, -1.328898289315741, -0.254348664188434]], [[-0.14692166172030038, -1.1816359118598698, -0.8421031632391778]], [[-0.12327753042149941, -1.1922718006856632, -0.7837501108047663]], [[0.42577041189081244, -1.6006401995211017, 0.42357685139655166], [0.3305259631843105, -1.4797791922041512, 0.651738714736953]], [], [[0.3190618322755667, -1.5676536834159784, 0.3354914876571743], [0.34369447299440525, -1.4371525937390044, 0.4915234867146964]], [[0.07662634631269805, -1.390654705422764, -0.0616989449182746], [0.5120511668992843, -1.3425120293331656, 0.002610412663993547]]]}