{"bodyId": "h0", "timestamp": 1630675666924096480, "continuousState": [[[0.567337544322716, -1.4747588906794882, 0.5542636143260532], [0.29451718552722467, -1.3562177190631215, 0.8329279356084528]], [[0.298161937271949, -1.4653034356524959, 0.8226953444697285]], [[0.3923152298348951, -1.633185620694876, 0.42170657111942567], [0.2384634454946165, -1.4215943835451066, 0.6193472530299992]], [[0.45798996595450936, -1.589938692835797, 0.4398016404957107], [0.34814685903447595, -1.5401099404220095, 0.6218515507058573]], [[0.1914604059163072, -1.5774945557559694, 0.2699821727544063], [0.3297953405026508, -1.3457116607414066, 0.3562532880267163]], [[0.2970470453531103, -1.5067603899518833, 0.33665695058810663], [0.43715755614170004, -1.5039603965936759, 0.33568554750703605]], [[0.13263186226084986, -1.397074377696099, 0.05172463835302915]], [[0.43874357916291024, -1.3512838989202587, 0.10991811868132391]], [[0.1360499882539342, -1.5040419584168352, 0.14897024535514014], [0.3896732322951448, -1.2874558370791624, 0.06932804630538567]], [[0.15229529967626917, -1.4942190515253337, 0.17652910163103752], [0.41477154621197565, -1.3988760660762978, 0.07371326909932054]], [[0.012908409833258645, -1.3280418906450409, -0.24528708602191568], [0.5583744092733414, -1.2648512234445397, -0.11029377515952705]], [[0.015742321501743674, -1.3371190087903255, -0.24417759319097218]], [[-0.14516212058545228, -1.1844454843156988, -0.8389233365048513]], [[-0.12055378136642259, -1.1946510770375962, -0.7889808746337926]], [[0.4487289630653839, -1.6015280769701996, 0.42835261501599714], [0.3322060976476387, -1.482694036412972, 0.6506323794748701]], [], [[0.3247251859354083, -1.5837166242958833, 0.3548919066250585], [0.3389710997685634, -1.442910800581708, 0.4890524193662868]], [[0.0826018547547639, -1.4111304710851873, -0.03437899219543908], [0.4865729777426585, -1.3318636447604186, -0.01829025303010326]]]}