{"bodyId": "h0", "timestamp": 1630675666924096815, "continuousState": [[[0.5715742633258767, -1.470625120294529, 0.5540758912431879], [0.2751159427375274, -1.352811210541373, 0.8208110759856514]], [[0.29591387319494744, -1.4615281268631553, 0.821422048826832]], [[0.39225985588037926, -1.628585242150294, 0.42065773974757464], [0.22886325138487565, -1.4143778273068324, 0.6232989613032619]], [[0.45610783844064434, -1.597076809143558, 0.4420679231903889], [0.36368735707907557, -1.5375197225223523, 0.6352167851377919]], [[0.19157147871210709, -1.5781738247751647, 0.2748934009246555], [0.3241963160911905, -1.3441980995469973, 0.3522683019898464]], [[0.44466673905955806, -1.508405438441864, 0.34483178028478007]], [[0.13174288654510094, -1.3960312191848192, 0.04791725930316784], [0.19021468726040894, -1.2503263783434158, 0.02309182371474867]], [[0.42003025112130943, -1.3556273708876392, 0.09043101859920262]], [[0.1373140930082692, -1.5024199280351593, 0.14809801064814268], [0.35886557949339, -1.2962770478506471, 0.07270539525622076]], [[0.14841727167172655, -1.5028781681194952, 0.18855259300299257], [0.4189716540762638, -1.4062462378110088, 0.08981060984566511]], [[0.008527242803649073, -1.3385586053838647, -0.2281410437764248], [0.559044052104425, -1.2717093795671053, -0.09447709902609745]], [[0.013486963287920388, -1.3467304633757884, -0.2371078033383269]], [[-0.14672823689093104, -1.1855963001584586, -0.8326421961784672]], [[-0.12013281864182102, -1.2024121575619438, -0.779180195083205]], [[0.4628290878506411, -1.5936583533006885, 0.4098466939747411], [0.3309947671153682, -1.4784918821072506, 0.6530365421899235]], [], [[0.3238396585763757, -1.5876253169593615, 0.35848066205752216], [0.343941836585133, -1.4408589110346748, 0.49374254356381914]], [[0.07847225723768782, -1.42071838675168, -0.019794225386716116], [0.4890078530903444, -1.338977808689057, -0.0023332445902161728]]]}