{"bodyId": "h0", "timestamp": 97820, "continuousState": [[[0.5017618921782555, -1.477073417110433, 0.5861932902605804]], [[0.2485896155663811, -1.3524540711868545, 0.8500796790795296]], [[0.45056367700917366, -1.5635899260717183, 0.6200729031550057]], [[0.24492773426132772, -1.4396259606038453, 0.8339571430582261]], [[0.40171844127440265, -1.618980699691577, 0.44943688190071873], [0.18363374516988096, -1.4245738010910942, 0.6318172773498559]], [[0.4417692383704211, -1.5722757228326614, 0.46814286089652185], [0.313554710527138, -1.5070019513481587, 0.651671913019909]], [[0.14696166594320675, -1.5710388067533774, 0.26292529314673563], [0.30267870829329696, -1.339393999508749, 0.3858394968013852]], [[0.3890805119586048, -1.4859529962364475, 0.36011151420085413]], [[0.08471261987124967, -1.4047761487645953, 0.0758840410291748], [0.03512981263972324, -1.2119567113700147, -0.03728992063944065]], [[0.3923103724278203, -1.3445657232038792, 0.13652361560158852]], [[0.10675729678316867, -1.5476429977162833, 0.22561764883751675], [0.36551417132940717, -1.320219841914541, 0.14305982359303926]], [[0.14219857469052874, -1.4839090896837015, 0.2182277422935531], [0.3949191402353181, -1.4065855045866076, 0.13381560671455395]], [[-0.000863330062609407, -1.3209904115463027, -0.18931135134762303], [0.5171216299057794, -1.2915509307920914, -0.0823044388983892]], [[0.0005603197425821804, -1.3484443253028078, -0.18889500024707787]], [[-0.13108413528849144, -1.196788646220312, -0.7792681946654211]], [[-0.11873748946132003, -1.212600306070662, -0.7333972152177721]], [[0.4084434044305418, -1.5979057948545354, 0.4681326735106427], [0.313365063494505, -1.471004345067162, 0.6837885162730122]], [], [[0.2943654521568139, -1.5716572647930194, 0.36553407702162877], [0.3081167094102175, -1.4231979754284538, 0.518755704910647]], [[0.07066762231395966, -1.402449750615002, 0.014458195472965035], [0.45602038507054876, -1.3490682176893496, 0.025755583908082372]]]}