{"bodyId": "h0", "timestamp": 1630675666924098088, "continuousState": [[[0.4532786864948958, -1.497258128977287, 0.6007164821357198]], [[0.19554524574418677, -1.4244152688100158, 0.8233818062342246]], [[0.3844854185176077, -1.6255365379869153, 0.4696143103022524], [0.1958867880979335, -1.4288337497392132, 0.6398236815980094]], [[0.42597562723163795, -1.6144698525584131, 0.49539132520246504], [0.264146408625154, -1.482075332795335, 0.6266687524500235]], [[0.169786616461247, -1.6072233622400283, 0.3321817733895541], [0.2837840490861847, -1.3206603830787977, 0.36466473527709103]], [[0.3640986940948969, -1.4752471573019548, 0.3517175539094851]], [[0.07028445298632227, -1.401791690729372, 0.08530230163156306], [-0.03793904958829194, -1.1707897587047564, -0.11067333369227572]], [[0.3407188750484775, -1.3187579418131803, 0.09152230901842609]], [[0.07087119652401742, -1.511695398518135, 0.1737506466851328], [0.30958243347552933, -1.2977856491589845, 0.08326189820489525]], [[0.10329127694536067, -1.4871336375133135, 0.23065365570457722], [0.32965124239540955, -1.3908879510278112, 0.06332874473476977]], [[-0.01909380832919129, -1.336900254507079, -0.11891791050069991], [0.48298622716175577, -1.3053806108531598, -0.12818934914508623]], [[-0.02438722240217834, -1.3620758429769786, -0.1169634352671012], [0.3409856265073595, -1.3658444978773, -0.32708488057992735]], [[-0.12030904207765503, -1.2189922257208077, -0.7053852131008088]], [[-0.11793174038244694, -1.2213877096002557, -0.7002629109883128]], [[0.392587426862761, -1.6070064961495716, 0.4835156029200214], [0.27431692528388524, -1.4616469951454347, 0.6603830172505416]], [], [[0.29788112184644244, -1.6108466073992207, 0.41378654929600955], [0.2739652288556693, -1.4013678579370663, 0.49566674386355725]], [[0.04209873430808469, -1.4120169460101963, 0.05586787260193865], [0.40631873477858266, -1.3481342809404855, -0.03243030220515823]]]}