{"bodyId": "h0", "timestamp": 99361, "continuousState": [[[0.3397268285930665, -1.461616526367778, 0.6094101945607552]], [[0.1112601759781462, -1.353880722565278, 0.8294399213134448]], [[0.33617837546333484, -1.5842524227088406, 0.5275445690902729], [0.14580389863166102, -1.380815042645975, 0.6531712932055904]], [[0.42397742041463055, -1.5923361398789415, 0.47275133391117946], [0.2238704643892172, -1.4521142747767908, 0.6566000326786459]], [], [[0.3127142706265465, -1.433624475354573, 0.3605266080687063]], [], [[0.2616026074224569, -1.2647810807654967, 0.10237353135344256]], [[0.2266993849265025, -1.2019282558825424, 0.06634728470728418]], [[0.27155979386223456, -1.305013376876057, 0.05519833510259582]], [], [], [], [], [[0.34473640652413573, -1.5842527010034262, 0.5219260827992258], [0.1658205019068073, -1.413414207980184, 0.6422024431885127]], [], [], []]}