{"bodyId": "h0", "timestamp": 101170, "continuousState": [[[0.34738006019814927, -1.0781064875952402, 0.7180145156977413]], [[0.232802827874611, -0.9532649106501715, 0.8752336020859792]], [[0.3403883218531684, -1.2900867799978695, 0.5267958635017294], [0.10827011812061368, -1.1899393945933894, 0.5954096769867663]], [[0.40170247450900304, -1.168246450309414, 0.620405389512306], [0.29312170991889935, -0.9653448568662129, 0.663874795473559]], [[0.15427111956991638, -1.2849382474447595, 0.2706895959985732]], [[0.5063893611205104, -0.6964458748357916, 0.6501269690145567], [0.3742943891665627, -0.8912071061885273, 0.3724550899742826]], [[0.06311320764060008, -1.0517723542075559, 0.22332448495257676]], [[0.4449177799397516, -0.5341218768263943, 0.7686799268437817]], [[0.11786519523019524, -1.12596002722163, 0.019974047736685405], [0.35316724691240414, -1.1234581379293476, 0.1443781623966695]], [[0.10340789800745898, -1.0653629547869616, 0.19829662857946778], [0.37567883943044306, -0.9396379880502225, 0.12616024830616904]], [[-0.09810851641738683, -0.9407504774759267, -0.38109835961103977]], [[-0.18346008984985895, -0.9884696060719282, 0.07646233613787558]], [[-0.2325264617071725, -0.8296254421333104, -0.7336050072882272]], [], [[0.3898618317129502, -1.1969508778023228, 0.5436928099647402], [0.19041356594418515, -1.0728684120221692, 0.6282336617491644]], [], [[0.2779867970394597, -1.226592348877087, 0.4455474927554396]], [[0.002649690795036075, -1.003056716131444, -0.091400865515786]]]}