{"bodyId": "h0", "timestamp": 102979, "continuousState": [[[0.22412320363113308, -1.1663833242854107, 0.7527027296822144]], [[0.06625626596425195, -1.018879137448725, 0.8168698305252258]], [[0.2664914490491264, -1.35314878715237, 0.5414439473837593], [-0.04159832093026876, -1.247283749110641, 0.5960589437099361]], [[0.2745106757965029, -1.2420518199675872, 0.7096187790713048], [0.11956408429352246, -0.9663359712577179, 0.666940537324631]], [[0.07473922808050361, -1.3451314307438214, 0.29844266616697906]], [[0.2463054349732876, -0.8925291792526527, 0.2805774218706497], [0.25855643395805555, -0.8640805373886667, 0.49724366266957326]], [[-0.007165776046870348, -1.071409747058925, 0.24673039910848207]], [[0.07489923006781095, -0.8317553515113996, 0.26268253928379703]], [[0.03218842628265907, -1.229968580730337, 0.13101121880381061], [0.18596623939693654, -1.1369795488767032, 0.225396601160086]], [[0.045014030764848716, -1.076688151266681, 0.19691805245516297], [0.15203274542090572, -0.9338338442000992, 0.16219061175746652]], [[-0.1630890382855978, -0.8998986488741731, -0.48889334860582606]], [], [], [], [[0.2893226785121769, -1.2713887935115378, 0.6082891424954789], [0.1029965705344498, -1.1049847274924451, 0.6685475589051689]], [], [[0.17462495193850325, -1.2935916253557043, 0.504030722619142]], [[-0.05903750376037453, -0.9882934000704271, -0.14598764807533154]]]}