{"bodyId": "h0", "timestamp": 103180, "continuousState": [[[0.21711969329911399, -1.2112198970001018, 0.7397642935397433]], [[0.07122361761548472, -1.0028120014753044, 0.807147972079446]], [[0.28416119709925175, -1.3534251094370184, 0.5250686008266287], [-0.013496331480828303, -1.2445379711209126, 0.601505698863084]], [[0.2267958199957393, -1.1990897347462637, 0.684456146200349], [0.14886256868104988, -0.9589423887162518, 0.6849175367937315]], [[0.09175530171947327, -1.3763376349008387, 0.30282661785564596], [0.015031417745111639, -1.2850432695994682, 0.3842757811053175]], [[0.18696784747839554, -0.8805692483342266, 0.3609006390967186], [0.18548892723859353, -0.8229792094837537, 0.4829466734316206]], [[0.00022008001258160448, -1.1158498596448017, 0.23311755420178065]], [[0.028836480158628604, -0.8214808457250706, 0.30866385911451855]], [[0.050924702645808735, -1.2570025791634416, 0.14830285989578168], [0.17062164343998687, -1.1411226720550782, 0.2246003776295563]], [[0.04717654949776272, -1.085884428360348, 0.20020421543066255], [0.15585593021408453, -0.9430444675424114, 0.21616149555961853]], [[-0.1343469255477463, -0.9322202847399235, -0.4295905321563016]], [[0.22865240481544924, -0.9197595775236264, 0.017214142696481985]], [], [[0.24912049295610927, -0.8874358169032155, -0.30960610815538486]], [[0.28005330318570637, -1.249971806262315, 0.5770273330842348], [0.027921675813312504, -1.0840053726239058, 0.618305966148231]], [], [[0.1592755608576063, -1.2877136848235513, 0.49364138202799746], [0.08194699321308076, -1.12199282915786, 0.5345966589495245]], [[-0.04358518802499179, -1.0090523565501357, -0.11469315836281953]]]}