{"bodyId": "h0", "timestamp": 103448, "continuousState": [[[0.18699469483621572, -1.2539666042543827, 0.7663002907069991]], [[0.0022600391303492415, -0.9831776687831251, 0.7980255298954795]], [[0.26932523441626627, -1.379344858349847, 0.5302757085821579], [-0.04318576842942116, -1.268813262141022, 0.5871997718812575]], [[0.18085851570343853, -1.2213380832236307, 0.6978091967083266], [0.048965847474322574, -0.9282764894736639, 0.6455714349603615]], [[0.11872325558381096, -1.3841752347607144, 0.2698187139190759], [-0.00560117201669118, -1.285339867184828, 0.3237461869526835]], [[0.13095535499198366, -0.8906495757256156, 0.39206541150105634], [0.10653019707233602, -0.7843497984575989, 0.4412543342633796]], [[-0.004512457601710139, -1.1666389214081887, 0.22824508924344308]], [[-0.05103594853451878, -0.7919685908688584, 0.3038463389262479]], [[0.050432305301504755, -1.2618857936984649, 0.1448927603406862], [0.14868218305213668, -1.1444361929681481, 0.1355938006699264]], [[0.03986135111526727, -1.096986261416008, 0.20471665368970662], [0.12524463283576734, -0.8982048959767548, 0.09382780104408311]], [[-0.16794985829815398, -0.9196371896998546, -0.49905429957827957]], [[0.2480558019176117, -0.8865010313274355, -0.1094020617078611]], [], [], [[0.2422650010852239, -1.282472859216392, 0.5938087964683256], [0.10411279525998816, -1.1114654455738535, 0.6674487163481062]], [], [[0.14979088564362475, -1.3027566589921724, 0.4838139553137013], [0.021682337728815698, -1.106808178329246, 0.4846588109565225]], [[-0.06404425359144336, -1.0083117255579312, -0.14716882294428646]]]}