{"bodyId": "h0", "timestamp": 103783, "continuousState": [[[0.17791633060019724, -1.2516108889957869, 0.7902916361343677]], [[0.023767951279988438, -1.010245755335984, 0.8059523355323824]], [[0.2504917521033539, -1.3836184117650467, 0.5311822838502883], [-0.034666485661620755, -1.2756210201326181, 0.6027795352145895]], [[0.2069939359346693, -1.259290996250862, 0.7137081585953358], [0.14270289613326304, -0.9787422342060036, 0.7003467643820904]], [[0.07902232537440516, -1.3608077952874664, 0.2578724661437975]], [[0.22947850114189072, -0.8729471814499684, 0.3084761845084197], [0.18632398248419121, -0.8396880188525259, 0.48179208398071843]], [[-0.03014636168540139, -1.1083930521977858, 0.2599565188095469]], [[0.06406095659872904, -0.8399602933910144, 0.32775424573601775], [0.18153829138271202, -0.8330135403723943, 0.4104899742061634]], [[0.02915196783776395, -1.2371747066268586, 0.10483738362897747], [0.12457650245988361, -1.1599202956983503, 0.17990162253231712]], [[0.03827157586884312, -1.0936193895871713, 0.20331208879905488], [0.1558527617402699, -0.950826469591121, 0.21131547995625466]], [[-0.2705847728511616, -0.7939806401157773, -0.716936951888661], [0.18242751627105486, -1.0956703186067824, -0.01948266592351797]], [[0.22587107558913566, -0.918532671748473, -0.03970421031743626]], [[0.2952069249095673, -1.0696354160952801, -0.2561743042826868]], [[0.24904022386014846, -0.8984841256734873, -0.31993563776946893]], [[0.25016366952963953, -1.284704748887716, 0.5903422847088198], [0.12373433690698744, -1.1271053878672594, 0.6866695784585527]], [], [[0.14300813065453724, -1.3100493957691643, 0.4857903123695666]], [[-0.11615659849115925, -0.9438000148514742, -0.25681243154480304], [0.16914013900566238, -1.0232483940989519, 0.09591640701636835]]]}