{"bodyId": "h0", "timestamp": 104118, "continuousState": [[[0.24540154088814467, -1.1988671338249006, 0.7587319180809962]], [[0.08522355091954842, -1.0381290003726902, 0.8247135996768792]], [[0.25615495314564446, -1.36112184059241, 0.5422517551461087], [-0.025091609252141097, -1.2484758602527344, 0.604136428310843]], [[0.2917376914699692, -1.252787085210734, 0.6480000312278456], [0.14862825816398184, -1.0339318917955769, 0.6569883286079538]], [[0.058409717400456654, -1.3391774452806393, 0.29149699284861097]], [[0.2998072205245048, -0.9576550213058981, 0.42534269503687644]], [[0.014442317375890128, -1.0597564417020753, 0.27063702527107036]], [[0.151256347589143, -0.8821648377678809, 0.26925907916351505]], [[-0.0314269914602047, -1.143563391146974, -0.012860657254638], [0.14906429005906763, -1.1308187739646298, 0.03277463762330967]], [[-0.008782635526581999, -0.9600105574126923, 0.01735534702048676], [0.12594583190133266, -0.9552869509034756, 0.007557274949684142]], [], [], [], [], [[0.2820485773876362, -1.2948182690598586, 0.5864484993284882], [0.08515818007706843, -1.1308409729128224, 0.6403206078725903]], [], [[0.17507370443521292, -1.2959822652456867, 0.46974851203822826]], []]}