{"bodyId": "h0", "timestamp": 1630675666924000871, "continuousState": [[[0.4892179571576725, -1.5938513323442836, 0.5530563034983556]], [[0.22006930863995353, -1.5180735577553937, 0.8173062187608156]], [[0.38171677688427164, -1.7294859623475825, 0.393557546529805], [0.14738223852870283, -1.5130118956059941, 0.5966180115880118]], [[0.41759113140591675, -1.6559747131252054, 0.4256873750892153], [0.2487150306739661, -1.6092296303887392, 0.5815189525776432]], [[0.11540757046800763, -1.6510581104226372, 0.18291048590655623], [0.22967583336717803, -1.407970422275945, 0.32475334683459006]], [[0.36934742530900827, -1.5506227883818278, 0.33799973063700145]], [[-0.005216143902794045, -1.4773282542379405, -0.02384039353975186]], [[0.3726062959221749, -1.4156146435131154, 0.04085524304637079]], [[0.11727249591329553, -1.6580519441347166, 0.22308665980297995], [0.2657280054949899, -1.3842143436757484, 0.09600630692661116]], [[0.3755159274224229, -1.4794763180822197, 0.11619124861492038]], [], [[0.31270035605384894, -1.440964272757325, -0.28612320458874435]], [], [[0.22580194742993423, -1.4417892589709287, -0.7573138469228491]], [[0.4005839755107895, -1.7034882483071503, 0.42110028150022843], [0.2116041827813651, -1.5607850903348366, 0.6045331450548115]], [], [[0.2664993509369622, -1.6535164117739214, 0.30429893049788576], [0.23919543202057209, -1.508600026332342, 0.4531361497061166]], []]}