{"bodyId": "h0", "timestamp": 106731, "continuousState": [[[0.3894953867275759, -1.1283126468278664, 0.6890888394010036]], [[0.2009898773322866, -1.0414541034307374, 0.8327332578724563]], [[0.3058772589079869, -1.2724358734673957, 0.549841959466305], [0.13080346397074935, -1.1244128869798906, 0.6846851700393084]], [[0.41785891271349085, -1.2925269818412362, 0.5488737288956056], [0.1764070821112373, -1.1337915704892525, 0.6438358431279518]], [[0.033754416420370206, -1.264506201875862, 0.30523718388734167]], [[0.3962357184715356, -1.1426110812186134, 0.37077833149657385]], [[0.07735693307638519, -1.0411191644153497, 0.18159449921830742]], [[0.3083362747163421, -0.9159156025216684, 0.1551765655607396]], [[0.3716227941869736, -1.106277082087601, 0.23409123640050847]], [[0.29388531548974606, -1.1129254292139803, 0.09141881256818192]], [], [], [], [], [[0.3494619121314767, -1.2872048623956736, 0.5999064536403502], [0.15870891958117114, -1.1280174299346895, 0.6677641156932418]], [], [[0.22580666456693052, -1.278516591858549, 0.42705545639147363]], []]}