{"bodyId": "h0", "timestamp": 1630675666924107267, "continuousState": [[[0.4811590972633402, -1.2402303994708288, 0.661179907282126]], [[0.24148962359877213, -1.1864529830443862, 0.8400976334366193]], [[0.33091300585462974, -1.4203359641021833, 0.4709641905044338], [0.1735450815575093, -1.2403068311572496, 0.624431866010387]], [[0.382572230497449, -1.3862821427299823, 0.5397783937987127], [0.17261557371931258, -1.289325586390947, 0.569791277024161]], [[0.0971658033541068, -1.3965811964624786, 0.3180846100041915]], [[0.3747233892534887, -1.2321557790183215, 0.38042321554343245]], [[0.0466650706361284, -1.231999060882158, 0.2331497681360429]], [[0.3386755208002496, -1.0538882086546826, 0.04897232614755922]], [[0.08711893439978649, -1.3396254409084354, 0.2787501037772663], [0.33719881389063605, -1.0648202922250924, 0.07822170034775308]], [[0.13165484418537768, -1.2699843567955318, 0.27115338625455593], [0.3308350361469363, -1.1676868966059837, 0.039431168675391065]], [], [], [], [], [[0.37901391300458614, -1.3910304466556813, 0.5016716117547227], [0.13887925166675721, -1.255085298171692, 0.5823216633692307]], [], [[0.2398690169257779, -1.3914316695962303, 0.42893150190145213]], []]}