{"bodyId": "h0", "timestamp": 107736, "continuousState": [[[0.5956976287443678, -1.330215166322245, 0.576018768759242]], [[0.33735664897808737, -1.3024506939799814, 0.8181970401915272]], [[0.4065444019863103, -1.5170341237464693, 0.43957098322705396], [0.28189540772702093, -1.387125906248157, 0.6016107037015238]], [[0.4716793398069462, -1.4410825197416262, 0.4558394411468189], [0.2970456487526719, -1.3634422613488046, 0.5491311789515266]], [[0.20246382283820077, -1.4689958025108627, 0.22694567849213534]], [[0.4760038557160981, -1.2789149115845555, 0.2637125879958248]], [[0.12156136353566893, -1.2513401738539793, 0.05409739481124098]], [[0.02582602540450489, -1.0543515225049538, -0.24641541987770596]], [[0.11569658574055211, -1.3186661285856098, 0.02346100525317934], [0.40341556349471375, -1.2216149667596656, -0.0007622754372328018]], [[0.10815794466232592, -1.3369320489571692, 0.0430656797906272], [0.414799124831598, -1.1981493869629676, -0.04023195381774167]], [[-0.10828336368096371, -1.0736374411187077, -0.49844306647241776]], [[-0.08413021492911037, -1.1029802851842243, -0.4953445027706973]], [[-0.2219568091272323, -1.0529152065632994, -0.764780331927478]], [], [[0.44485562685162394, -1.4747223493430943, 0.4478575375289938], [0.2447923433716205, -1.3690751123555904, 0.5528277818455606]], [], [[0.3370715813225735, -1.4550391611262445, 0.34139255981947714]], [[-6.270950931889369e-05, -1.2052847450379385, -0.22768869334089528]]]}