{"bodyId": "h0", "timestamp": 107870, "continuousState": [[[0.5752049513442753, -1.3773957178280352, 0.5920783973194719]], [[0.35322958149658595, -1.3072577427535408, 0.836212245458664]], [[0.41656237251374245, -1.5263437375691282, 0.4209148483000016], [0.29101276800938786, -1.3808223083014384, 0.6256275500822098]], [[0.4944156802824246, -1.42537553002098, 0.4354562789001682], [0.2932161835515951, -1.3902270977312072, 0.5634401564106701]], [[0.20721259719900667, -1.4876598263483594, 0.2732027463966901]], [[0.25820995079081566, -1.3841264032526575, 0.28311032306781364], [0.48149244328258967, -1.3348155471301215, 0.2880827608450234]], [[0.12350291767721341, -1.270798966363857, 0.04540539920952256]], [[0.4384040603652354, -1.1893054468486548, 0.16594840785568657]], [[0.1360121956925746, -1.3696859591024102, 0.07120829824846374], [0.3875952306538618, -1.1925383376158534, -0.02873450729591309]], [[0.13356230592602208, -1.358224639560794, 0.08373084603684607], [0.4340308748763032, -1.2142910112425054, -0.025535802126345517]], [[-0.0382221501167474, -1.2254396431531736, -0.21576370095872313]], [[-0.02991194313485491, -1.2328910827616821, -0.24478097035826546]], [[-0.21100194908145062, -1.1162083246079146, -0.7963206326031487]], [[-0.19909014531441666, -1.1143189043603483, -0.7869074960428798]], [[0.4479205207291514, -1.4836333905225805, 0.44656589570643573], [0.30724934087539235, -1.3829370910293, 0.6059577866015623]], [], [[0.35081413874071565, -1.4565176781846696, 0.35432951264842916]], [[0.04767007790463734, -1.2918321413569838, -0.06601642746093853]]]}