{"bodyId": "h0", "timestamp": 110081, "continuousState": [[[0.4847938784954884, -1.3731433637283925, 0.6006553888117119]], [[0.22698112051744282, -1.3210102770055097, 0.8267461296473321]], [[0.30608233436301313, -1.561302552241034, 0.44297449090453106], [0.20745746219301214, -1.4484994430310303, 0.6242641762266867]], [[0.4564715496124308, -1.526894274550218, 0.528133416420543], [0.3018061996076797, -1.394212462899697, 0.6418819291852428]], [[0.11645733729140596, -1.5156679497242818, 0.2741366635131078]], [[0.3837775952052768, -1.3315568539542029, 0.30936399254234903]], [[0.020688697568685598, -1.3134671552277923, 0.027346675365217833]], [[0.28599397130598825, -1.1427663903894287, 0.03317734234770978]], [[0.2722426134822544, -1.5878652927138055, 0.4367885647470882], [0.3451495255906566, -1.2714663079396877, 0.1051940302070775]], [[0.28098936994988916, -1.526516688709488, 0.44281672089570223], [0.31298368894501594, -1.2606388408835778, 0.015771857772462226]], [], [], [], [], [[0.4185290971141727, -1.521738973647206, 0.5029054989237176], [0.2563265682585293, -1.4129180635839658, 0.6309500682968757]], [], [[0.2864644434519184, -1.5212811121372498, 0.4011350399668254]], []]}