{"bodyId": "h0", "timestamp": 1630675666924110684, "continuousState": [[[0.48398053688684006, -1.3798314201402526, 0.6051477995146601]], [[0.22659294734267338, -1.3248220703431834, 0.8297614669298125]], [[0.31076541959485526, -1.583537796700078, 0.4274873350127897], [0.2158320150278139, -1.4466498290987142, 0.6302810881484315]], [[0.4493789485700384, -1.5220011400792997, 0.5522554497262725], [0.304358497311835, -1.3937032403484713, 0.645268149232363]], [[0.12145709617983527, -1.521634762534696, 0.26000213445299347]], [[0.3959613859576648, -1.3273637812494687, 0.3158778402736166]], [[0.021732772331553008, -1.3199497264427895, 0.022480295660308913]], [[0.3036294216606468, -1.1626508096561061, 0.07708235562370623]], [[0.30112766535084423, -1.5848693393571884, 0.42238626276389496], [0.36745721818472044, -1.2727732448226285, 0.09593614686440015]], [[0.31027118458197156, -1.5174739421640782, 0.4311935639182031], [0.352399918380559, -1.2813981305728424, 0.057750580499953456]], [], [[0.16616680408114792, -1.3998336143002152, 0.2528801947484671]], [], [], [[0.4280888918043387, -1.514803982985699, 0.5062662612555189], [0.2909293281221803, -1.4130290204043656, 0.6602936149427244]], [], [[0.28541802237493685, -1.5218179513069978, 0.406128792089633]], []]}