{"bodyId": "h0", "timestamp": 111890, "continuousState": [[[0.48418243513421333, -1.3717137523392036, 0.6051784661557913]], [[0.21829570365885434, -1.3160342403621252, 0.8290700614119593]], [[0.2988565655350806, -1.569446419686538, 0.442829617062808], [0.20375257722316156, -1.4438255113278933, 0.6348959860444827]], [[0.45094699138180083, -1.5286617857745868, 0.544936961143072], [0.2890174192793754, -1.3925791944991872, 0.6422443828883452]], [[0.12393606648835959, -1.4965496162777887, 0.22467250915204023]], [[0.39304120644023216, -1.3394484502682678, 0.35167708303670314]], [[0.010871950368033822, -1.307284179782223, 0.026951933599335235]], [[0.30791415024663116, -1.1722862370881588, 0.0860479818154247]], [[0.27974413119127706, -1.5856065293306292, 0.4399282198140186], [0.3398297851240693, -1.2655721727600082, 0.1165070375093253]], [[0.2820804858915215, -1.5288478577879496, 0.4538392287137108], [0.35300060924078663, -1.2718164851976046, 0.07860733641402498]], [], [], [], [], [[0.39942137058997423, -1.5200118992367004, 0.4929693769711423], [0.24022939752221192, -1.4082118742707335, 0.6411119885725952]], [], [[0.28744152893508024, -1.5126057010261877, 0.3848047351475561]], []]}