{"bodyId": "h0", "timestamp": 1630675666924112359, "continuousState": [[[0.47712662062411454, -1.3780856305256821, 0.6089068954359236]], [[0.21965316652718253, -1.3143596238179012, 0.8309444511930666]], [[0.3012451907558928, -1.558680812921931, 0.44185738508434874], [0.20309778146261623, -1.438048066697101, 0.6319762813143956]], [[0.4555631797005289, -1.530302545571741, 0.5293883640292989], [0.28333710220578157, -1.3898808351378424, 0.636960786599305]], [[0.1139531862761932, -1.5128541508158788, 0.2718497176472174]], [[0.3869063736135399, -1.3383324109942856, 0.3450178881285956]], [[0.009784371549310038, -1.3092690658654487, 0.027693924864913243]], [[0.3194180590141932, -1.1791515526374243, 0.10106033019349502]], [[0.2778093957909579, -1.583735058846901, 0.43604671150485036], [0.37549044783882823, -1.26451195686229, 0.15129236539563135]], [[0.3524078309494373, -1.2706919924588218, 0.07795452872350006]], [], [], [], [], [[0.39485934774157616, -1.525305279061687, 0.4935473523955258], [0.2791359043837854, -1.4044712832641746, 0.6640531555661874]], [], [[0.28475818298836103, -1.5215783481938099, 0.40061904083825817]], []]}