{"bodyId": "h0", "timestamp": 112895, "continuousState": [[[0.47438796368728575, -1.377685919549497, 0.6115415439278857]], [[0.1992351305381617, -1.2077077953827404, 0.816295420111887]], [[0.4322251712557106, -1.4788197375443144, 0.6650545395857962]], [[0.227139427003538, -1.3138535993897371, 0.8329083993144986]], [[0.2935346553284573, -1.5622471807240819, 0.4496440904386807], [0.21385668441994493, -1.4343573523713316, 0.6352967658524178]], [[0.4227169560477127, -1.5194321525993968, 0.5081224527286802], [0.300374050070227, -1.3880996302343804, 0.644954799652216]], [[0.10913695932024665, -1.5099827203901532, 0.2656226980355798]], [[0.4001399560512052, -1.3326708567403556, 0.36032721529756484]], [[0.0049360567407086935, -1.3103166666885813, 0.024221755769035555]], [[0.29715529497838317, -1.1601258755301223, 0.07278495250699052]], [[0.038710935047066866, -1.3907622569951446, 0.06883499389675762], [0.34227045886929797, -1.2335628802113208, 0.07712732384465926]], [[0.33400141314972187, -1.262699847794143, 0.04578071378376103]], [[-0.058911664112562136, -1.2759458698208512, -0.25476464306278196]], [], [], [], [[0.35694734649392024, -1.5291290157669326, 0.46919215727577945], [0.22683094926337502, -1.4000201617478134, 0.6255202798023753]], [], [[0.26592695768397967, -1.514707436494775, 0.38687257538213]], [[0.13754487451857986, -1.269322858807497, -0.10449196463951047]]]}