{"bodyId": "h0", "timestamp": 113431, "continuousState": [[[0.4684629437278134, -1.374311212432983, 0.6102777463842113]], [[0.22808143229780148, -1.315022998246724, 0.8331029425472948]], [[0.4268416891962364, -1.4864660393998708, 0.5236836167149685], [0.21185779041545105, -1.4036699589288422, 0.6358375144338345]], [[0.45407564054629024, -1.5310073604283694, 0.5439231073639277], [0.2704465513055318, -1.3957510228947743, 0.6293767275295513]], [[0.11370699245329774, -1.5084597736888519, 0.2811224028537704]], [[0.3714026210546888, -1.342487857860031, 0.33457368288738304]], [[0.014442925192255245, -1.3089084499675956, 0.031937180103400575]], [[0.3267535011570553, -1.1764629315546757, 0.10365768445034883]], [[0.27221308521280624, -1.5736561105580582, 0.4485071789647819], [0.30632891304364146, -1.2102693993170492, 0.03775599023375935]], [[0.28074247789499923, -1.5301295255564462, 0.45092524727824346], [0.33897819077696795, -1.2629245269150629, 0.04918389361272762]], [], [[-0.04101557525611088, -1.29956044456658, -0.17766986070448593]], [], [[-0.1736015682689582, -1.1605424275506757, -0.7331010235867129]], [[0.42106192054976255, -1.5034652407979112, 0.5213472660487267], [0.27084531023181146, -1.3952382145279638, 0.65523430759349]], [], [[0.283891316499794, -1.5197335670586107, 0.41252275510884906]], []]}