{"bodyId": "h0", "timestamp": 113833, "continuousState": [[[0.46953744299033773, -1.3752263984508049, 0.6089924235507149]], [[0.23350257951826825, -1.3023319598570153, 0.8401764246654423]], [[0.3002079583618425, -1.553147080891851, 0.44744085675676526], [0.20484792094327123, -1.4336023916952287, 0.6322617239327624]], [[0.4486856756903506, -1.5228045676226236, 0.5447383189382177], [0.29092335091194105, -1.3857087055410524, 0.6395341804818999]], [[0.11757891792139379, -1.510693462107835, 0.27400739836735943]], [[0.37888403289600026, -1.3267174312463992, 0.33140838968402525]], [[0.013348821367277879, -1.310205148909603, 0.030474974474533383]], [[0.2992273793200013, -1.1472953516289046, 0.07270260747882616]], [[0.07203532655036946, -1.4350999636283046, 0.15742649994755198], [0.3635513207985962, -1.262016808617005, 0.1359600477659626]], [[0.34911166042241965, -1.2616630072732076, 0.06595348828775786]], [[-0.0552553167170135, -1.277422252780781, -0.21662403980115869]], [], [[-0.1711869811482086, -1.1634250019790153, -0.7361916722315589]], [], [[0.3632711345605592, -1.5172683815300851, 0.4645925047225077], [0.24014446049682214, -1.397446580922647, 0.6384634122877019]], [], [[0.2831322968058722, -1.5167490148652294, 0.40937285865278855]], [[0.14692817185270307, -1.2695426300269943, -0.0753352757567004]]]}