{"bodyId": "h0", "timestamp": 113900, "continuousState": [[[0.4796745626247176, -1.372004121266245, 0.6103104283202949]], [[0.23015738615427858, -1.3054958673116834, 0.8372756921643262]], [[0.3019984337752016, -1.5556268859125912, 0.4468882669990127], [0.22740120063059088, -1.431993483235562, 0.6479005285024544]], [[0.4455049820866829, -1.5190106280108293, 0.5453286881942415], [0.28015086068759, -1.38960885137279, 0.6345473057986756]], [[0.1203111433120377, -1.5086478186241203, 0.2650114856905307]], [[0.372754129866018, -1.3359795507917547, 0.3341454456446509]], [[0.013832847239174214, -1.3080294569282795, 0.029506342888764494]], [[0.31907571472417295, -1.1692750878478295, 0.10184733660077973]], [[0.07294456000682885, -1.4374231259649561, 0.15646493837627964], [0.36067806324857676, -1.2320878264081432, 0.13090601915853517]], [[0.34690515720928966, -1.262420602926846, 0.06207245695136021]], [[-0.052227419975972626, -1.2792210631726448, -0.2213075147396196]], [], [[-0.17496932720175187, -1.1589493281854553, -0.7434353481134642]], [], [[0.36239822044096065, -1.5174313362622898, 0.46926560144608015], [0.2445488096520219, -1.3984851517042192, 0.6424390749374115]], [], [[0.2829080626993603, -1.5138292233174748, 0.4051700869423861]], [[0.1473388686166585, -1.2708208330497455, -0.0796175288941297]]]}