{"bodyId": "h0", "timestamp": 114034, "continuousState": [[[0.4722036938751478, -1.371668804120521, 0.5996056757044848]], [[0.2310027046213338, -1.3035079832497394, 0.8349468251093664]], [[0.3008897621407156, -1.5548829896415302, 0.44672375220360255], [0.19515286701986337, -1.438776452582788, 0.6190656162597302]], [[0.4532153473241521, -1.522775575562858, 0.532849382702784], [0.27613789089530927, -1.3788024847124922, 0.6271095457619574]], [[0.1226563009359403, -1.5040994968344392, 0.25739377383402096]], [[0.38582186922065603, -1.3233266493134945, 0.33958367408465073]], [[0.010752976986803617, -1.307270556651449, 0.03085326747357067]], [[0.2804920004979979, -1.1396841767055295, 0.05565059507022511]], [[0.07210112753652959, -1.4332882299324303, 0.16390596545036465], [0.3572363102486381, -1.268078424487934, 0.11987908382051524]], [[0.35571286215360215, -1.263564195025649, 0.0652878883547919]], [[-0.05253439262296399, -1.2730627404861565, -0.21490227922106828]], [], [[-0.19551438252481274, -1.1380506869497375, -0.7987105870440198]], [], [[0.36127021314830277, -1.522507601614657, 0.4693260087551123], [0.2376394297204315, -1.3985698933244934, 0.6299676468198602]], [], [[0.2879358241300462, -1.5134375361986487, 0.3951215782684025]], [[0.15158923476531908, -1.268313467755903, -0.07480719543313818]]]}