{"bodyId": "h0", "timestamp": 1630675666924114235, "continuousState": [[[0.4701379497926306, -1.367877252499595, 0.6021592539623618]], [[0.22640428631924805, -1.307164984243379, 0.8319171881452164]], [[0.30050046955109855, -1.5556944709146643, 0.44597939733149483], [0.19598277118024748, -1.4380471185139938, 0.6214283194400677]], [[0.44439604750194095, -1.522304675600436, 0.5505022119783918], [0.3018708143578435, -1.3859024173114278, 0.6418300955104174]], [[0.12123076027729002, -1.506273690315441, 0.25913975709764486]], [[0.3851520056516383, -1.3257377668949728, 0.33339311614268285]], [[0.00978075555715941, -1.3044918041488696, 0.025467763931394983]], [[0.28119916609127427, -1.1422994403663196, 0.059139548322513065]], [[0.06829512899246362, -1.4397878527150239, 0.1667896539172109], [0.3524365744679901, -1.244928800700449, 0.08146252453353281]], [[0.35237173184721154, -1.2684477362824558, 0.06039402580796832]], [[-0.05383528002836312, -1.275549183540071, -0.20932275939144052]], [], [[-0.17527627034365412, -1.1607033402322615, -0.7447353955048627]], [], [[0.3603011183811468, -1.5210267519778264, 0.4683933913418366], [0.2512785235749568, -1.4012198483595324, 0.6381569520120572]], [], [[0.2828134038896155, -1.5142891829579384, 0.4048209845380183]], [[0.1492682259094242, -1.2719984599112633, -0.0744643667917361]]]}