{"bodyId": "h0", "timestamp": 114570, "continuousState": [[[0.46757886639665974, -1.3737566052394459, 0.6061604944114984]], [[0.2308352342209655, -1.3064034790594392, 0.8395044390835922]], [[0.2978563831687232, -1.5484450260191112, 0.4490915896910617], [0.19450179732445372, -1.4287090898543486, 0.6301384094756497]], [[0.4552902688373553, -1.529962134076484, 0.545294000818134], [0.25293729991442204, -1.3896294218053018, 0.6202978481895297]], [[0.11088701693614479, -1.505310626678162, 0.2683039617598681]], [[0.3853069282044887, -1.3331963791606312, 0.3431841920406191]], [[0.010266941086307555, -1.301159951452879, 0.022599486403416448]], [[0.28763526263616107, -1.1486658957001066, 0.06107078671049908]], [[0.2773424533359716, -1.5761474550492984, 0.44723570069851565], [0.36309430901384415, -1.2226310519556784, 0.09686765974200193]], [[0.2828692168543266, -1.5307386401999055, 0.45572569337088736], [0.34584396343851337, -1.2591680450643286, 0.05588379437233061]], [], [], [], [], [[0.4228086263101004, -1.5046821740713086, 0.5136549728473289], [0.25865822176187886, -1.398667756126476, 0.6554452366805535]], [], [[0.28308864288675006, -1.517636380377323, 0.40679898128900105]], []]}