{"bodyId": "h0", "timestamp": 114637, "continuousState": [[[0.4726304531803907, -1.3764287372941881, 0.6179329007343706]], [[0.184659077380182, -1.2118163118306378, 0.8046673281140787]], [[0.43786053795170055, -1.471105212438407, 0.6706078536388258]], [[0.23979739478866713, -1.3149201706287121, 0.8361117127938372]], [[0.29458735225942023, -1.5559045090256962, 0.4503507439292282], [0.20682994891499015, -1.4349901065937092, 0.631074495013592]], [[0.45073415687240487, -1.5246579718392876, 0.5473766650769426], [0.29750392823103355, -1.3860321358708163, 0.644137861330117]], [[0.113917700123438, -1.499575243321581, 0.25259899780896833]], [[0.38746164804293765, -1.3134540851170202, 0.30826952570908156]], [[0.005005389440734462, -1.3034473805824647, 0.0260176850160924]], [[0.24676503096122224, -1.1282234117747159, 0.020898622387306432]], [[0.041278113653258744, -1.3863005256839678, 0.08109697520840746], [0.3509982189065347, -1.2596409134932507, 0.11811009109675479]], [[0.34688757416711585, -1.257976387044995, 0.059706379259358525]], [], [], [], [], [[0.35804606947909773, -1.5232327351440007, 0.473601052976922], [0.22348623240611346, -1.3990798298740887, 0.6250869093927204]], [], [[0.28232592849792143, -1.5121166075804342, 0.39998783144295547]], []]}