{"bodyId": "h0", "timestamp": 1630675666924115709, "continuousState": [[[0.47437988563492123, -1.376091207585592, 0.6138780463234802]], [[0.23098454000859306, -1.3004393700511119, 0.8240960327625341]], [[0.2982869561402159, -1.5567603809966508, 0.4466589602704512], [0.1906338717482995, -1.4458698274218738, 0.6250922296606729]], [[0.2848116830761683, -1.3867372169409464, 0.6242049193464884]], [[0.11231033564632566, -1.5102065893376957, 0.2659927149842215]], [[0.395388266253349, -1.3127164932404565, 0.3064302344833013]], [[0.010186220386612774, -1.3046693685390887, 0.02558841278914656]], [[0.2776777267911716, -1.1160921267444726, 0.02626106535310396]], [[0.06976139823880885, -1.4278008983068422, 0.14890025949114943], [0.3511868316346372, -1.2614545080071493, 0.07974314209675777]], [[0.35078439052024624, -1.2529109390080917, 0.05735524359481497]], [], [], [], [], [[0.37691247585438015, -1.5038581840221232, 0.4467268133950879], [0.24920492899841543, -1.4056741511522028, 0.6415692549160658]], [], [[0.19856100936124696, -1.4484719031393212, 0.44509881716535493]], []]}