{"bodyId": "h0", "timestamp": 1630675666924115843, "continuousState": [[[0.47437646848782394, -1.3815372325446171, 0.6235948206039669]], [[0.227911291223435, -1.300553639200181, 0.8263845591897743]], [[0.29766362960545706, -1.5466514920036614, 0.45144863440110716], [0.1894177643404687, -1.4456873701450157, 0.6201264672363737]], [[0.46042584386543645, -1.5230926110919552, 0.5473767424334401], [0.2754947072898724, -1.3787911062300027, 0.6230140729732013]], [[0.12085591848027877, -1.5042872688521298, 0.26811731396454414]], [[0.39905807434556206, -1.3151319945949462, 0.3110735598880576]], [[0.01376283455705277, -1.3035974544080955, 0.02041855324962603]], [[0.2743840288879096, -1.1189385469825581, 0.024999714150141017]], [[0.27886781519952825, -1.5732616093606457, 0.4499642659751038], [0.35646512238874767, -1.2649532831805466, 0.07224909964150583]], [[0.2878524466132072, -1.528407881513025, 0.44821303381845384], [0.32702731469218976, -1.220784504483564, -0.013969929396416546]], [[-0.038889983122968826, -1.2570724066001266, -0.10435110139487301]], [], [], [], [[0.36655406228022275, -1.5143614615399976, 0.46438881888303285], [0.23873082775120769, -1.401466750786178, 0.6329056565696546]], [], [[0.2906408811728576, -1.5136899399720425, 0.4077470281989921]], [[0.12448123174511919, -1.3927401440565759, 0.1719309662117904]]]}