{"bodyId": "h0", "timestamp": 1630675666924117183, "continuousState": [[[0.48628801637554264, -1.3753692176223555, 0.6053759212367023]], [[0.2522050061364539, -1.3126824614383705, 0.8255269458966406]], [[0.30713853261724233, -1.5568512896006508, 0.4543566391069239], [0.2115874121460431, -1.442367550279707, 0.6251112597878792]], [[0.43436922677375145, -1.5028646098250917, 0.5360237178858006], [0.283487805430095, -1.3879338020512104, 0.6207418604724655]], [[0.12937741289220925, -1.497658077204057, 0.2561573541124808]], [[0.4028985066259663, -1.3184035794869762, 0.3103999423200332]], [[0.024155680307682816, -1.3124161337892155, 0.03530463832479359]], [[0.28418840079676444, -1.1188364319483828, 0.030467292233516446]], [[0.07910055442908026, -1.4001650826284366, 0.1482174402824653], [0.3402015544533906, -1.2367056185582013, 0.008562620334079384]], [[0.3317445702026996, -1.2448137385679972, -0.01830868610386301]], [[-0.031025630609445954, -1.2487296707594486, -0.09182583652801622]], [], [[-0.17638426061899667, -1.157148524104769, -0.7246139863183626]], [], [[0.3795901251917596, -1.5075310221470182, 0.4578073603022913], [0.2869028881894749, -1.4065347095644223, 0.6454382542423661]], [], [[0.28187331983298036, -1.5002613435145744, 0.3960905359991407]], [[0.15035946979662682, -1.2467717046637228, -0.055067261315939614]]]}