{"bodyId": "h0", "timestamp": 118791, "continuousState": [[[0.5493487074731961, -1.2583477878592835, 0.5833512002105842]], [[0.31038212898751, -1.1351760471550885, 0.7732936621224378]], [[0.5274987698982473, -1.3673006495138784, 0.6198292848613834]], [[0.3673958534636074, -1.2166149807930389, 0.8263877064657945]], [[0.3873612397541266, -1.4834616866863126, 0.44865384553523996], [0.2904458644136314, -1.38775893139366, 0.5921261913825027]], [[0.47278849664841793, -1.3735495850854578, 0.43632386828356684], [0.3179804711863526, -1.2558725939662747, 0.5668418404786428]], [[0.18904713521747465, -1.4253653908091657, 0.19430074909406245]], [[0.48090560273966937, -1.2231645028481555, 0.32773239925418013]], [[0.07596158043573473, -1.2490808121642905, 0.025231951970227103]], [[0.37618214340325334, -1.070589185305657, -0.03547022051003842]], [[0.09979854529942503, -1.2743895181673652, 0.02808899834311728]], [[0.45687624194595744, -1.1962432998883017, 0.0669134815120808]], [], [], [], [], [[0.4403460153499879, -1.4219839970593409, 0.43543247178894057], [0.3099379193804625, -1.3212997061029181, 0.6001329290309302]], [], [[0.3309178159329463, -1.3994574879473118, 0.31531230868881466]], []]}