{"bodyId": "h0", "timestamp": 1630675666924121739, "continuousState": [[[0.5631396460897379, -1.0325903820963567, 0.7001670361684279]], [[0.3902913402307877, -0.9974745832248048, 0.8443373761105707]], [[0.4858701597296594, -1.2297609624182677, 0.4963033156526776], [0.3008784862335565, -1.1509941594961965, 0.6493559342795291]], [[0.5552094751780037, -1.0749241766032578, 0.5087132233575348], [0.3933077762575967, -1.0224257587018468, 0.6285791948082405]], [[0.2546482189250666, -1.2462180684631403, 0.2716084888579544]], [[0.5287346328545193, -0.8316699387987979, 0.3909919721367685]], [[0.10763820546174845, -1.1070153812231949, 0.08296960929019565]], [[0.4807492740924421, -0.517518390392592, 0.03414902467943125], [0.4756756896996476, -0.5656530092282047, 0.09580546124683133]], [[0.15991748548008802, -1.1255212803541372, 0.1449096911370177], [0.39975506083742923, -1.0374852467109026, 0.0016146499890958238]], [[0.41030190035197917, -0.9463234553962565, -0.031358569097387316]], [[-0.028033116242523307, -0.99204376280644, -0.23610834607000858]], [], [[-0.09657174073019041, -0.9549115313680753, -0.624315212835719]], [], [[0.5091606188065136, -1.1643573021924245, 0.5172925250997967], [0.3334187284037771, -1.0814095178661773, 0.6280738675417358]], [], [[0.40492884705153515, -1.1605711225331992, 0.3901608561077446]], [[0.19113439205472793, -0.9691836091013483, -0.13373345758369795]]]}