{"bodyId": "h0", "timestamp": 1630675666924121806, "continuousState": [[[0.5592662864081488, -1.0284340818340032, 0.7019095308050365]], [[0.3889107880070451, -0.9703419300759062, 0.8318751491337529]], [[0.4762026944801573, -1.2427897372408239, 0.5259526611883057], [0.26655746497369137, -1.15162896477542, 0.6326334787466653]], [[0.6145702043880674, -0.9982416631607495, 0.4640128300564023], [0.37503340459622314, -0.997098514282566, 0.6128590854516812]], [[0.26220438399504914, -1.2399647088330972, 0.2641319680094925]], [[0.5521525031290303, -0.7527062584411677, 0.1612363639059829], [0.5116764018207262, -0.7875629375261437, 0.3512209771853659]], [[0.11258967540953489, -1.100269734688739, 0.08354622090463226]], [[0.4744324883494859, -0.517883913170259, 0.04875122543013572], [0.4749866843764605, -0.48860018385737625, 0.04653591708204908]], [[0.17646050473103422, -1.1526407163227228, 0.17012243766372853], [0.4040506139786251, -1.0513356695943339, 0.0031509646332772263]], [[0.2531497795783535, -0.9051718294503053, 0.025554009030189034], [0.42294121768521425, -0.9629799316141391, -0.024703022091247247]], [[-0.015919514258249196, -0.9488991594176527, -0.19357041990842822]], [[-0.018950471114723654, -0.9725798552127485, -0.18274946666272013]], [[-0.10342806219617899, -0.954753592790624, -0.6242147403788068]], [], [[0.5154077059594092, -1.1555700877766917, 0.5252063699970584], [0.3270745470566567, -1.072914514114393, 0.6264529169119287]], [], [[0.4383872941915583, -1.1191031859969234, 0.3640723990329474]], [[0.11861513266005215, -0.9270354944339789, -0.08400820543911959]]]}