{"bodyId": "h0", "timestamp": 122476, "continuousState": [[[0.35118326717675374, -1.0915605270854971, 0.7195235288917096]], [[0.21692556741430666, -0.9799211030724437, 0.8541731589579112]], [[0.3495286988767112, -1.2886430013784225, 0.5065927217944226], [0.06456509624620344, -1.1828668898590136, 0.5890264508553981]], [[0.393609958099401, -1.1608833338112965, 0.5940328253136739], [0.2666146896340144, -0.986661288362536, 0.6542794113172201]], [[0.14679547881173438, -1.2917641003105327, 0.26860303430398336]], [[0.38106929422682334, -0.9224218660504186, 0.4198408718431463]], [[0.06299198115472206, -1.0327600092574643, 0.2142962523207584]], [[0.13853445530207675, -0.872094706033369, 0.18912586513167934]], [[0.08561132510852974, -1.1282309716590784, 0.03025279209028304], [0.34584750296339756, -1.1102498489792658, 0.14003588379122495]], [[0.05902669760779634, -1.0593058205525305, 0.18577071310134488], [0.3416684033666154, -0.9402676361726893, 0.09590567372693362]], [[-0.1295237142680743, -0.9079759375191208, -0.4390150440728298]], [[-0.2079129047839781, -0.979848645292262, 0.04276139193184895]], [], [], [[0.39386336737019095, -1.189783130755745, 0.5162611172141536], [0.17890863479761243, -1.0865338537376916, 0.6304315180937026]], [], [[0.2702027184555677, -1.2263237170609145, 0.4313179298088286]], [[-0.03524850833013898, -0.9836408790358256, -0.12662216548574246]]]}