{"bodyId": "h0", "timestamp": 1630675666924122744, "continuousState": [[[0.22775847110429692, -1.1742167197580882, 0.736584987950802]], [[0.07776292336394432, -1.029169810578698, 0.8361141613293647]], [[0.280652028650467, -1.34416588270263, 0.5091604649789228], [-0.03066162543251062, -1.2400192317288792, 0.6130038488172149]], [[0.24462221040227639, -1.2189514470935365, 0.6912877140237182], [0.10659545322156123, -0.9625504390279808, 0.6843846857644282]], [[0.08741603056641588, -1.3660929388961287, 0.28442865313776133]], [[0.22575785308969473, -0.8639529210950718, 0.2949171576272481], [0.34729651957193575, -0.8968051978529814, 0.5997776441403841]], [[-0.018395741302990418, -1.10663774640638, 0.22297475957957977]], [[0.005145998130173098, -0.7925428003663878, 0.2672803696060487]], [[0.014551203837767843, -1.186789578358459, 0.016411208751870843], [0.15891160995521544, -1.1410082544929057, 0.2216277167214739]], [[-0.00015450720850731159, -1.105387644991432, 0.2237521137744541], [0.20483994654523077, -0.9583251593125508, 0.30111203364379663]], [[-0.32820190367518876, -0.7920558422544339, -0.6922199462327567]], [], [], [], [[0.27528110358875957, -1.2657127022109445, 0.5972058834675789], [0.09021893514488874, -1.09223556921407, 0.6777003597704339]], [], [[0.16601912048434614, -1.2925221929948325, 0.4878581835807398]], [[-0.16417820544184802, -0.9487217436229329, -0.23423391622915132]]]}