{"bodyId": "h0", "timestamp": 12261, "continuousState": [[[0.14862326340646456, -1.2148733584405405, 0.7453809876522911]], [], [[0.19349034987658467, -1.2816611656125765, 0.7312003274185749], [-0.7047022399074405, -1.0855105403944258, 0.41941984960164225]], [[0.010680899368953533, -1.018278185019033, 0.7686350486245425]], [[0.2269963644960605, -1.3852536200746886, 0.5271222809839728]], [[0.1996357435255184, -1.2667447753764047, 0.6703534588534366], [0.10473453727897186, -0.9935287419827816, 0.6378575363021323]], [[0.06233965887286746, -1.3618625391645787, 0.2396344190256475], [-0.638428927678776, -1.294598627176744, -0.15282591594202904]], [[0.20875867363880962, -0.9910822696664132, 0.2499391948989985], [0.17544560112319255, -0.9191529871164444, 0.3648680327310776]], [[-0.03233971043059731, -1.1282684169697945, 0.2591721402162141]], [[0.039820442376601366, -0.95213161833011, 0.28420452738995416], [0.20075475432794837, -0.9297214770416495, 0.2940667416348074]], [[0.03805136867476199, -1.34915290837724, 0.2205296440339514], [0.17626266775273075, -1.2473989830537289, 0.09744614997366897]], [[0.07805597508249354, -1.2086015006676356, 0.29663562569004875], [0.17865969815378344, -1.0201130341149935, 0.10236100680578261]], [[-0.053067871124366374, -1.1758698930057554, -0.1437578513538483], [0.048309758320844595, -1.1048806198845502, -0.4102792489239939]], [[0.2153001449743447, -0.9148310507146733, -0.22400750979335066]], [[-0.28315961422393654, -0.9544032796573593, -0.7780271599576308], [0.43818081857952484, -1.1788311624642769, -0.0516441997850277]], [], [[0.23997122992915404, -1.3009025500464462, 0.5806871634145456], [-0.02717348780452926, -1.1304885575861876, 0.5681829745148769]], [], [[0.13098770119919292, -1.3143036572704916, 0.45499393893954204], [-0.2668471951999021, -1.1440636845797627, 0.2425158101800516]], [[0.012494051979063583, -1.1922356968366956, 0.07643888716810023], [0.11348472823731401, -1.0624968269997719, -0.15395912105910564]]]}