{"bodyId": "h0", "timestamp": 1630675666924123548, "continuousState": [[[0.13630267850538808, -1.2662609436011363, 0.8057247110203889]], [[0.0006244141927249984, -1.0278542866533646, 0.7878517393711171]], [[0.19683692729445637, -1.4013014525296204, 0.5469591485792054], [-0.10899648492025926, -1.261357921148866, 0.5682863857989623]], [[0.1900963502692981, -1.2763210741536954, 0.7088888864084385], [0.03017288587240796, -0.9700070505051894, 0.6416438294891268]], [[0.03489093430527657, -1.3715239576736076, 0.27436858255518903]], [[0.20180173123393236, -0.9222159367506365, 0.29660011514900336], [0.1948603207207484, -0.8537817006074154, 0.45648217847057093]], [[-0.05748028554345342, -1.1269762734951538, 0.25207377696644245]], [[0.017625575287132506, -0.926572206471128, 0.31018639606757187]], [[-0.02738370706785298, -1.2187267917562923, 0.0734119616086066], [0.11378796064396533, -1.161040799102418, 0.1640030615234557]], [[-0.08132054761011748, -1.1212339597424748, 0.23537065199072255], [0.14069075469883432, -0.9420555786963324, 0.16527480491178245]], [[-0.32480189372400026, -0.7819104658891968, -0.6718774530409264]], [], [], [], [[0.21735205163225332, -1.3053558033021542, 0.6030593075645927], [-0.04427519900712969, -1.0959615831696852, 0.5971325619317451]], [], [[0.11249364228728734, -1.3239225159136514, 0.49162873448181377]], [[-0.20306122066705887, -0.9515722128158357, -0.21825340052510192]]]}