{"bodyId": "h0", "timestamp": 124888, "continuousState": [[[0.16229738714338907, -1.2730516142585715, 0.8097972400244271]], [], [[0.2331568152642755, -1.392368580512258, 0.5221667634122826]], [[0.22302572125294925, -1.2574178687584447, 0.7004029937416348]], [[0.04696973226773048, -1.36407355219593, 0.27027168700343984]], [[0.20408598116466867, -0.9048483369493576, 0.2971523494833552]], [[-0.060622698436479425, -1.1126811040923925, 0.26468953158380554]], [[0.0020013892974503735, -0.8238676009413958, 0.28370657871883714]], [[-0.027222805673107132, -1.247423460577234, 0.1079554575972345]], [], [[-0.31688513827181963, -0.783025643110748, -0.6891437482626552]], [], [], [], [[0.2517930174029641, -1.2891444355082604, 0.583160320256781]], [], [[0.13499772676033986, -1.3107457104771874, 0.48533734037253734]], []]}