{"bodyId": "h0", "timestamp": 1630675666924125223, "continuousState": [[[0.25184099040327435, -1.2037800515337982, 0.7500652491212171]], [[0.0878492011113542, -1.0416559182701586, 0.8222677883960227]], [[0.26933054584840666, -1.3519877404493008, 0.5200595018891977], [-0.06288126034772631, -1.2534936383113329, 0.5844265976824791]], [[0.2987006135522535, -1.2494959183299805, 0.6171574363007502], [0.11267148519718785, -1.0182992127231647, 0.6292279408313366]], [[0.06265177219906229, -1.348145492291873, 0.30801500643120355]], [[0.31196068603117394, -0.9617166812018348, 0.42695028930308465]], [[-0.010477314848169328, -1.087277453422455, 0.29144002161493265]], [[0.111647918821311, -0.9081124755346373, 0.2601333617277041], [0.06932488609709117, -0.8056362311648618, 0.2812561080860839]], [[0.004265858407695418, -1.1768630953594452, 0.04587131110389828], [0.11443368769603263, -1.1538103350066364, 0.03164998053410954]], [[0.009342873600558164, -1.0033037454883047, 0.06614169874331105], [0.17527110751905048, -0.9937812815740359, 0.05291963800224903]], [], [[0.29655274872281895, -0.8693474540817739, -0.12072269768420006]], [], [], [[0.27943489067949917, -1.301882897458395, 0.576454989453136], [0.08038704861043994, -1.1281304099387421, 0.635511653556412]], [], [[0.1806761928756579, -1.2988207053109266, 0.4625862213659768]], []]}