{"bodyId": "h0", "timestamp": 125424, "continuousState": [[[0.30258195257298515, -1.1431353055189906, 0.7363345876998761]], [[0.1288109286816141, -1.0458412761055265, 0.8261942415407146]], [[0.2828404361786539, -1.3472168267220463, 0.5441245345157544], [-0.05267368767789207, -1.2244561104938494, 0.5837088983000119]], [[0.34384447344696395, -1.2294324446635005, 0.5966656117973942], [0.14839730200361237, -1.0547066504361775, 0.6284774439173564]], [[0.07493200165788017, -1.331312781933842, 0.30079659090945393]], [[0.3069051281715133, -0.981728677787368, 0.39330709761408617]], [[0.04072023500495675, -1.0465924694605746, 0.2968886149332861]], [[0.14084741290245092, -0.9015173640645712, 0.2653823603146743], [0.02100052560170502, -0.7872964803097036, 0.2338320973764071]], [[-0.031027513165395988, -1.1001709948108265, -0.052199146804962085], [0.21975461688674158, -1.13423367268022, 0.04294121271866629]], [[0.004819401587755579, -0.995110481975692, 0.046324246532675944], [0.25298679352511705, -1.0228951503385408, 0.099768336523063]], [], [], [], [], [[0.31396254613865454, -1.2840898444383897, 0.5721434754980311], [0.09204681416484436, -1.1385257729363105, 0.631554089613593]], [], [[0.20938823755242206, -1.2803726132986712, 0.4487311013534241]], []]}