{"bodyId": "h0", "timestamp": 1630675666924126429, "continuousState": [[[0.5422278476301867, -1.0358194208605114, 0.7084639220956053]], [[0.3715688315235352, -1.0055884815257519, 0.8323115438836716]], [[0.44039168584679184, -1.2552395378601675, 0.5355835049723394], [0.22337763111715525, -1.1332817144885676, 0.5720265586597927]], [[0.4943552444853852, -1.1479413591421708, 0.5522557168924381], [0.3471272298611682, -1.0206572119278077, 0.5914784312671657]], [[0.22208629696516005, -1.2796852517276989, 0.3304053149423321]], [[0.3277346590846091, -1.1103520408371328, 0.42721396826435537], [0.5165269880537612, -0.862287641288104, 0.3545633980364751]], [[0.13227053224676025, -1.0565966266959794, 0.16644749974435785]], [[0.5537475450252496, -0.5203027240110824, -0.05353457010366628], [0.5204618498637438, -0.6056649027615469, 0.10237510846711348]], [[0.13835473175557694, -1.1783877547615538, 0.17651843969028938], [0.32913107585198487, -0.9836270577478723, -0.1051927867464035]], [[0.13545893247353058, -1.128544647666937, 0.21863188569653336], [0.3699992171623994, -0.8639580320571298, -0.10904554615238862]], [[-0.04863376854644483, -1.0315310132317383, -0.1795346406140113]], [[-0.0492015382636699, -1.0250498772787022, -0.18231667069157448]], [[-0.21335925670519285, -0.8643893419397509, -0.6946028792399865]], [[-0.27184655573785604, -0.8311676793964443, -0.7256226659426052]], [[0.45838460810675125, -1.2102567414742302, 0.558927220052086], [0.29828638580481354, -1.07983161401005, 0.5947817557032431]], [], [[0.35822077072527264, -1.2138133054349347, 0.44133051591738515]], [[0.043412581963542876, -1.0800378304493377, 0.019548622541261024]]]}