{"bodyId": "h0", "timestamp": 126563, "continuousState": [[[0.5581315330736479, -1.0217568588143406, 0.7160912831083512], [0.39550982357162795, -0.8942594069662176, 0.8107945943055447]], [[0.3465749841719412, -1.0166843631298552, 0.803126860994157]], [[0.4581686914077845, -1.2449585116219548, 0.5233865941628922], [0.271200187786834, -1.1192041127636108, 0.5839380270428237]], [[0.5084533913855321, -1.1342972429450862, 0.5414059903843396], [0.3889389659857047, -1.0211584139241738, 0.6049034144833324]], [[0.23365473337914527, -1.2811163777877168, 0.3190083106800487]], [[0.35058440156391585, -1.0769657371408472, 0.40236675056834564], [0.51925560605399, -0.8398191796579945, 0.34080150457846914]], [[0.13179994815225984, -1.0642043367894807, 0.16130615706466436]], [[0.5570206910673019, -0.47807687855879544, -0.05894778630705673], [0.4949560666239386, -0.5724375281971414, 0.07620533582475422]], [[0.1461596477660351, -1.1759415144358227, 0.17203068504460656], [0.3393802702261028, -0.9935944161915927, -0.08919095852383316]], [[0.16885306729709368, -1.0932964238712275, 0.19974912341893764], [0.3852611529810515, -0.9011606222210213, -0.08527436461285105]], [[-0.04705621212755611, -1.0249497733941453, -0.1810129034598076]], [[-0.043556669853363476, -1.0113174647028476, -0.18082876839074857]], [[-0.2078889264905186, -0.8641941622119198, -0.7045214229379472]], [], [[0.47545822354776085, -1.19760214736517, 0.5465226271377115], [0.31995128544748175, -1.0664339384765336, 0.5843859553942139]], [], [[0.37105406238233873, -1.2077068103664015, 0.43020715053219416]], [[0.06089842758476878, -1.0591230986326865, 0.009368109979565012]]]}