{"bodyId": "h0", "timestamp": 1630675666924127166, "continuousState": [[[0.5353463507925981, -1.0242262874557653, 0.6934213597288412]], [[0.3941055708772012, -0.9525650507950272, 0.8336968795723925]], [[0.4525458761959171, -1.240821711216141, 0.5175033970274676], [0.2575024126656951, -1.126728963580849, 0.6295937716147761]], [[0.5047480353717325, -1.136828224906431, 0.5482084697437245], [0.37801880231898005, -1.0038427069392597, 0.5978108771204875]], [[0.23794585572760066, -1.2638906508722658, 0.299502150803331]], [[0.3524055907967963, -1.0605520587043802, 0.36638855620281197], [0.4998764976413406, -0.8575692661968278, 0.3194717882965913]], [[0.1341367990842757, -1.0597807535175985, 0.14700153135846314]], [[0.45292338955959205, -0.589371760288173, 0.04602440293945915], [0.4325497042449197, -0.5196073528889469, 0.060406007798557995]], [[0.16092045553738807, -1.1650786735298513, 0.13469505345317634], [0.29705664645848173, -1.0010095721218766, -0.17250282031140454]], [[0.18316750286459496, -1.0648855123161385, 0.17470787278779903], [0.3983268239633953, -0.9333437325710925, -0.07736797691014294]], [[-0.040275824485158866, -1.042022622464292, -0.14444749123016004]], [], [[-0.24128019432835662, -0.8444240851075385, -0.7362513921998179]], [], [[0.48123222065622867, -1.1841356410333344, 0.5333899496270756], [0.3091120845516202, -1.0697046920909423, 0.6157291125734078]], [], [[0.3713469455496666, -1.2003594378893485, 0.42385531027352774]], [[0.07144583918971804, -1.053454067390215, 0.015130190778819497]]]}