{"bodyId": "h0", "timestamp": 1630675666924128506, "continuousState": [[[0.5619701130647081, -1.0159403831343667, 0.6586505241852734]], [[0.3860720659476121, -0.9822182248828214, 0.8150770010101529]], [[0.48502836014592837, -1.2467322164601913, 0.4889155714055928], [0.2290483403859971, -1.1479142403941887, 0.6093957185167838]], [[0.5119570247732625, -1.1324466158688355, 0.5327310194677118], [0.37307820432019345, -1.0051358594740503, 0.5891304715695735]], [[0.2522291860021307, -1.303540851756229, 0.29690227643990147]], [[0.42951134957761905, -0.782964888767307, 0.2641174900467247]], [[0.14722194534257835, -1.1015011120846234, 0.13446151770739379]], [[0.43812146170093486, -0.6799966533016646, 0.0969858335088295], [0.42001855800677024, -0.5104927867952574, 0.02582569081153042]], [[0.16420469895178696, -1.1873641479900898, 0.12629014282436765], [0.3000394663486659, -1.0236412680420417, -0.15955380812661588]], [[0.19095106149310317, -1.0683298930122127, 0.14398968041487206], [0.3855350747194336, -0.9556675167053633, -0.08346646984016297]], [[-0.03874826667104213, -1.0350145693446093, -0.18661555325065365]], [[0.0008080043044669764, -0.7740951404938905, -0.34007104081229633]], [[-0.2820048680420759, -0.8326087080342284, -0.7258128062468745]], [], [[0.4732362813619055, -1.2117150435172288, 0.5401668844463253], [0.304800933445596, -1.0792604695177792, 0.6045755847571765]], [], [[0.3820931053876966, -1.2179937338125324, 0.4148166479538067]], [[0.07610139741103053, -1.051672231178411, -0.021312936417890796]]]}