{"bodyId": "h0", "timestamp": 128707, "continuousState": [[[0.5714729305712001, -1.0181736310826586, 0.661391932482018]], [[0.3903616353020554, -0.9938617462389864, 0.8039316689147723]], [[0.47743782205175356, -1.2729530644883011, 0.4981167854073177], [0.1994053764125192, -1.1715615000897774, 0.5738142828817142]], [[0.5313523156608615, -1.1178752210316165, 0.5162926253712555], [0.3884500651981487, -1.0227167176075636, 0.6035768816445082]], [[0.27064497630936485, -1.3177403582936629, 0.2799690530554626]], [[0.43188172447250733, -0.7927944695303961, 0.27222312470845306]], [[0.15913158801990254, -1.1157550788855424, 0.11373380507653133]], [[0.4527128026917359, -0.6738991811195836, 0.08291123230058725], [0.4302432543338316, -0.5232052966592624, 0.03966466986088312]], [[0.18654670604387258, -1.201270003142115, 0.12501821818076542], [0.2975032891706048, -1.0725478384297447, -0.16285394311398727]], [[0.20819429191450053, -1.052576428534224, 0.11121884322191886], [0.3845125664534155, -0.9607613188047565, -0.08317666872050677]], [[-0.03452391432914192, -1.0456157595427675, -0.20812581365861843]], [[0.06394251996136342, -0.540358097224302, -0.7178160043138783]], [[-0.23738416030778905, -0.8681915788065787, -0.7320468132940805]], [], [[0.499490568898468, -1.197248384530752, 0.5130999796020802], [0.30375621866405206, -1.102944439706136, 0.5945845375668359]], [], [[0.40099864598511314, -1.2178077896626398, 0.39813083921335907]], [[0.0868351887926793, -1.0490960940384957, -0.04845348521834979]]]}