{"bodyId": "h0", "timestamp": 131923, "continuousState": [[[0.5288824643072867, -1.4877368305563266, 0.5699512452540924]], [[0.2900710790109706, -1.45366358908374, 0.8239543337268633]], [[0.3722034773510782, -1.6457475958115244, 0.39016028436013744], [0.22173891170743082, -1.4310528670930127, 0.6208977064074945]], [[0.4472668004839905, -1.5771050656097452, 0.41276949473431274], [0.28972681109510223, -1.5491742554742816, 0.6032391521414181]], [[0.15896282158716055, -1.5944475213591078, 0.20998175595329918], [0.29839303748675117, -1.3401481656226921, 0.32060717381642395]], [[0.4268318512954243, -1.4870398025041691, 0.3343156106002855]], [[0.05095775273444213, -1.4124983560482023, -0.046277830061441594]], [[0.39667204073415313, -1.3160724382983153, 0.029938513312746638]], [[0.11710494337884489, -1.4761033419144864, 0.0502687892787917], [0.3711666785855596, -1.2803583565115286, 0.04531145007190935]], [[0.39650799605279485, -1.3964137719543745, 0.05665945214630187]], [[-0.003999630917773402, -1.3569530739676268, -0.1758488639610923]], [], [[-0.09789667092188108, -1.2403949863233092, -0.7695149720078059]], [], [[0.45692261886650914, -1.588545884270289, 0.37405361719681673], [0.29893967470820915, -1.4930190359200142, 0.6420944482752641]], [], [[0.3031148110355755, -1.5857762934844266, 0.311375625343806], [0.2940599242909267, -1.4446612105484868, 0.461923162978921]], [[0.19625418256751073, -1.3766834229610008, -0.05959470590739522]]]}