{"bodyId": "h0", "timestamp": 1630675666924132593, "continuousState": [[[0.5191258571630378, -1.5040810788429129, 0.5736587845654193]], [[0.289065774788013, -1.4520185135429313, 0.8239369780646099]], [[0.3727885441444485, -1.6497440193810193, 0.39454268151198196], [0.20807627225734632, -1.4383363386710368, 0.6156639951443178]], [[0.45399286899447217, -1.5740476532432195, 0.40540859826912445], [0.28217810942693766, -1.5497224481185456, 0.6029887401102528]], [[0.16219135354786884, -1.5981688365034563, 0.20682460539083605], [0.30483170428630296, -1.3472043466398824, 0.33224647949160224]], [[0.4308572621007527, -1.4852626380934384, 0.33934558295446277]], [[0.056682694039578964, -1.4124819575072942, -0.056163675809612644]], [[0.4045059833408402, -1.314650435249322, 0.03984815547389212]], [[0.11455575223872057, -1.4798685614968532, 0.05694937856710567], [0.3914727671905346, -1.291718916623531, 0.06943839847502499]], [[0.4056360046726027, -1.3964510792592995, 0.06953581315923361]], [[-0.0020550916220628324, -1.3566992745777198, -0.17324229364446136]], [], [[-0.13604435666075904, -1.19746055216957, -0.8565100223587617]], [], [[0.4409650667678466, -1.5969051998525379, 0.39909556688749853], [0.30288763023943305, -1.4985462254766377, 0.649036943496365]], [], [[0.30809211127117053, -1.586108244873338, 0.30611660182998024], [0.29350490685662034, -1.448463397379214, 0.46761760980092754]], [[0.20179045652526992, -1.3765751769185095, -0.051853240242613875]]]}