{"bodyId": "h0", "timestamp": 132928, "continuousState": [[[0.5195345702536475, -1.4994380739997941, 0.5649826853014952]], [[0.26779292954549444, -1.4484172787296956, 0.8142668340086071]], [[0.36728905243081245, -1.649599994554008, 0.3993796675678323], [0.19721018409191493, -1.4266618302578493, 0.6073662059944768]], [[0.4530630363667148, -1.5682964472890004, 0.4006296914906525], [0.29635167140869134, -1.5442181147325467, 0.6104904642431329]], [[0.1605423942752659, -1.5867014176047833, 0.1894434243705923], [0.3128578377472227, -1.34264316493949, 0.33925747230156594]], [[0.43518358701149373, -1.485376063155564, 0.3468912724663221]], [[0.053367131002807926, -1.4124607257335413, -0.04486146512373489]], [[0.39332972865498983, -1.3118767129562616, 0.028515724035118865]], [[0.1148638044150722, -1.4740676891411866, 0.04631531010038111], [0.371840079114148, -1.284269902616705, 0.04365775264327385]], [[0.4347359929682318, -1.3971221675222063, 0.09599478694144023]], [[-0.003709311761364802, -1.3301557002120263, -0.20210410382824784]], [[0.33731464932069344, -1.337380609261601, -0.49886163399096606]], [[-0.09484290710021138, -1.2443813335040268, -0.7478541124473409]], [], [[0.43915940594713404, -1.5942139299728362, 0.39317245912732735], [0.29899197770043745, -1.489474611240752, 0.6443824414844042]], [], [[0.30680271532099035, -1.577498932446892, 0.2950365579306224], [0.304604754577957, -1.4434306398360184, 0.4748739682723494]], [[0.2155133406034335, -1.3636389338671164, -0.053054658443403804]]]}