{"bodyId": "h0", "timestamp": 1630675666924132995, "continuousState": [[[0.5191954389268194, -1.4990396294234136, 0.5676826542970321]], [[0.27590618048363036, -1.451012630464281, 0.8197250029734616]], [[0.352661042112987, -1.6470462267435901, 0.39124086769100475], [0.2072875932297104, -1.4276129911921422, 0.6089871093095601]], [[0.46144950040539656, -1.5635339282058431, 0.39796055291416293], [0.2896352346925576, -1.5466471657658702, 0.6055074118426862]], [[0.15926545810904583, -1.5851769486133658, 0.18836083738038906], [0.30292236488534924, -1.3415583283368597, 0.32106385296776874]], [[0.4218280693385129, -1.4844087331649924, 0.3314316246400783]], [[0.05012592838958056, -1.4107122211300942, -0.04429481357880718]], [[0.39523189720591334, -1.30969134138028, 0.026508854111983737]], [[0.11549624875890793, -1.474241532604286, 0.05185132120135222], [0.37737889657967594, -1.2894241982971582, 0.04862893337779405]], [[0.40697451054291606, -1.4024347172729696, 0.06332599974629784]], [[-0.0012924741666432737, -1.3408377167591898, -0.1798151272138]], [[0.27827130922576, -1.3228116190001793, -0.6547427175815812]], [[-0.09590917978752225, -1.2431219175061783, -0.7463437070351497]], [], [[0.44260388075045104, -1.589367449280057, 0.3995853837698116], [0.2994201140179916, -1.4910933344556083, 0.6418641253912547]], [], [[0.3103574792572212, -1.5743554384096043, 0.293160695147276], [0.29627879978895344, -1.444102747051365, 0.46328563240522747]], [[0.20284101818813638, -1.3716362170160799, -0.05824456373375108]]]}