{"bodyId": "h0", "timestamp": 1630675666924133330, "continuousState": [[[0.48347881063213144, -1.4930987709771837, 0.6102664866690338]], [[0.2760411129741665, -1.433353855052036, 0.8263899286278356]], [[0.45260095703978576, -1.6036161753661504, 0.4609444765549947], [0.2083198117885338, -1.4202163913621444, 0.628848878997188]], [[0.4639770511460071, -1.5708619506845967, 0.4752784589214432], [0.28553017603999636, -1.5425585398922215, 0.6099693258831653]], [[0.14345612525311657, -1.5849409188517085, 0.22163090638973698], [0.2945944677999566, -1.3333045865922457, 0.3383631095646017]], [[0.3946259882783318, -1.4849320737732237, 0.325274706862072]], [[0.03784387725895664, -1.4137878646330293, -0.02034933688533192]], [[0.389928842063056, -1.3216773840399176, 0.05718461064681173]], [[0.29123412287212996, -1.6417967943716143, 0.3868343278102179], [0.37281175279768947, -1.2980013316021046, 0.10366991936695853]], [[0.29905907191652825, -1.585863914044898, 0.38754295231824315], [0.3922870225168756, -1.4095574016601242, 0.10705240412223384]], [], [], [], [], [[0.4748085471008817, -1.5655262813639497, 0.4453390519482268], [0.2948023086451176, -1.4847567799955765, 0.652363275368888]], [], [[0.3037165881995618, -1.5779014347681526, 0.3484546826555901], [0.2900623219199765, -1.4379315632422336, 0.4741662177238835]], []]}