{"bodyId": "h0", "timestamp": 13199, "continuousState": [[[0.1636683018176724, -1.2491753965114654, 0.7506057963520899]], [[-0.04051490008234487, -0.9522774281382393, 0.7656922402095951]], [[0.2061212210465322, -1.2992797541197645, 0.7206199055613204]], [], [[0.23666863861024837, -1.3875369450071051, 0.5233272854908777]], [[0.1657347118504394, -1.2604882428280058, 0.7075862267093528]], [[0.07318902987174533, -1.3835402253707765, 0.23599010260506112]], [[0.14929977480759396, -0.8944683728261946, 0.34080115706404174]], [[-0.05574224024813751, -1.1700941853171352, 0.2518890451805266]], [[-0.07483742956289527, -0.7939332470290672, 0.29411677152385346]], [[0.04164286917875893, -1.3596403911333672, 0.2145719207258353]], [[0.09143181467639613, -1.1528929037779325, 0.23438558996130202]], [[-0.09474266628341152, -1.1508375392403836, -0.27726089210620536]], [], [[-0.3086212015216039, -0.9538060368032154, -0.7751921654999715]], [], [[0.22203031092694225, -1.2920239333903387, 0.587886818476385]], [], [[0.11946187086109236, -1.3220142340993912, 0.47178816465720697]], [[-0.001655425803507693, -1.151865221509158, -0.02143765107245167]]]}