{"bodyId": "h0", "timestamp": 1630675666924134335, "continuousState": [[[0.3703406282789172, -1.493312060174301, 0.6701953254049887]], [[0.15161993964065618, -1.3770548954785435, 0.8418097886864561]], [[0.40222444064642077, -1.61362802778729, 0.49937123664110344], [0.13121270442186575, -1.4271588414309293, 0.6461934631061474]], [[0.3537802099485886, -1.5372507992929678, 0.5744021959794585], [0.20359110162997446, -1.4624927925436029, 0.6510460399206688]], [[0.33644498876668993, -1.5659799987959204, 0.4931782185346859]], [[0.31114516639957107, -1.4395801539792539, 0.34492895255389705]], [], [[0.309512430367165, -1.2699391508380315, 0.07910780427524697]], [[0.17213754714281027, -1.6223488133317405, 0.4096885931381603], [0.32378748833838156, -1.3023875854884854, 0.1543567053069021]], [[0.19546281090025366, -1.5167179966502036, 0.3983458138528922], [0.32593127083894546, -1.3618598330872362, 0.11335877756786203]], [], [[0.08402486800311124, -1.414718335882858, 0.1919252774309225]], [[-0.05568820831903338, -1.3715538716673454, -0.1133879542935324]], [[-0.042008215267057156, -1.3801690854814546, -0.029128945741401138]], [[0.37338161514903073, -1.5870999665457646, 0.5472201623734917], [0.18408888229880155, -1.4465031109444444, 0.6547259685626375]], [], [[0.34511259935763927, -1.5516153990444441, 0.5337902072570722]], []]}