{"bodyId": "h0", "timestamp": 1630675666924135005, "continuousState": [[[0.4991666362558745, -1.2700246609000296, 0.6287473323295344]], [[0.29113052319697974, -1.2261316895430905, 0.8289975883938341]], [[0.3728936080438337, -1.4762316544316467, 0.46472809889721317], [0.22761727974059454, -1.32200402766948, 0.6500653186234643]], [[0.2240695955816775, -1.2943269730481335, 0.5403563514810849]], [[0.1746852426080135, -1.395368153507318, 0.23953354552871564]], [[0.4279229588036458, -1.1762893619323982, 0.2953287014735415]], [], [[0.3774200918350918, -0.8557612959904941, 0.0075086506214897784], [0.34350153541090206, -0.9161925858391282, 0.11973662743091268]], [[0.12817130102069735, -1.3785583139649784, 0.20888943010732283], [0.4210555357912524, -1.188081486865868, 0.08672517197017487]], [[0.16031302903686845, -1.2779079104508742, 0.21265808733626226], [0.39336708807755283, -1.1781909029198239, 0.029114164811291175]], [[-0.011892686929864851, -1.1726047002251416, -0.19181996286638422]], [[-0.010165333125913946, -1.2005173893335754, -0.1981240321865746]], [[-0.12486568153946877, -1.1927706692176503, -0.7387712312621347]], [[-0.12144086202434147, -1.1977148933180346, -0.7399567845807696]], [[0.42801851228995696, -1.4134984389890928, 0.4852379432507429], [0.23686448203764143, -1.309904670649849, 0.6044886390912905]], [], [[0.1993774190948455, -1.3448475632777257, 0.38994494850490025]], [[0.0742101710535018, -1.225256305338008, 0.01041906223493902]]]}