{"bodyId": "h0", "timestamp": 135072, "continuousState": [[[0.5081994567705536, -1.2517095372708877, 0.6021148469811033]], [[0.32052168216787663, -1.1783351734868395, 0.8352888812284193]], [[0.3773332632539314, -1.4523600109348056, 0.45880475613336863], [0.22399754149260662, -1.3156326924546784, 0.6888383087483713]], [[0.4627577792982201, -1.3622785467740695, 0.5605439899345039], [0.30041101229630524, -1.2456208321987852, 0.5882225864562581]], [[0.17903147421708582, -1.3560197952160036, 0.2474236496060944]], [[0.4761841582129282, -1.1328924877628748, 0.35526284527172014]], [], [[0.36310980735735693, -0.8373689542750614, 0.02553658813414836], [0.2562999766950006, -0.856424440830353, 0.04529357986595642]], [[0.16626967293820247, -1.3521463855520135, 0.1844283574282181], [0.3630604254290686, -1.1618454993797396, 0.02870511731589022]], [[0.21084824603669086, -1.247556312460374, 0.2229940227043103], [0.3922851595968639, -1.1356920318607677, 0.009511121187862272]], [[-0.03473337251181442, -1.1717467304680198, -0.18202175845732926]], [], [[-0.12804993828592626, -1.1847914597486875, -0.7038131739548003]], [], [[0.26839130218678475, -1.2796603777166629, 0.6389749213782341]], [], [[0.32089462675765296, -1.3591491709950365, 0.4039838197702992]], [[0.08805743676243821, -1.2096515214641967, 0.020486132123490514]]]}