{"bodyId": "h0", "timestamp": 1630675666924001139, "continuousState": [[[0.48804350956916354, -1.591861197630842, 0.5523309956589448], [-0.0013249069036837683, -1.401147288749367, 0.6987904092360168]], [[0.22458645383472775, -1.5300262941437937, 0.8090893056844631]], [[0.3912925648713587, -1.7221418203499734, 0.38530534133892774], [0.14746285846591922, -1.5089819561341662, 0.5940422090963707]], [[0.42093800289702216, -1.6605067165869984, 0.4286819898999604], [0.2588498106510563, -1.614006632617774, 0.5790124250004758]], [[0.10957022251272099, -1.649467709544512, 0.18847801035460793], [0.22994571630322935, -1.4094841992772418, 0.32902654584416247]], [[0.3255397152164408, -1.580023950980167, 0.3379193118668388], [0.38783048036469997, -1.5499962384189643, 0.3488262197909628]], [[-0.004452824975018018, -1.475923208759812, -0.025140895433602282]], [[0.3417757501552046, -1.4170878499296957, 0.004698724182815568]], [[0.04747806113497324, -1.5802501559401008, 0.06221474300350951], [0.27503516245930926, -1.3898304831418846, 0.11737931574881168]], [[0.3691318285674247, -1.494604249830868, 0.14598335896988487]], [[-0.041556488026137116, -1.4506329355152099, -0.20469420729613103]], [[0.3247667610801163, -1.446469391858594, -0.2633520552810692]], [[-0.2279445815956491, -1.289190386846291, -0.8468463489362376]], [[0.22587474852247896, -1.4386209068818356, -0.7616947524521909]], [[0.4030792090613249, -1.7050634348984923, 0.42681577324109865], [0.22390500187061663, -1.5611310892144699, 0.6001324139747667]], [], [[0.2652541127048716, -1.6549872130657552, 0.30858000012728415], [0.24439776347714282, -1.5117454159475079, 0.4540194854223191]], [[0.1637876702706438, -1.4726185926730389, -0.029355424163123076]]]}