{"bodyId": "h0", "timestamp": 135541, "continuousState": [[[0.4804595352975783, -1.151657339421375, 0.6844566086836972]], [[0.3151695935753939, -1.1113797668582335, 0.8359525531504366]], [[0.4279019913501077, -1.3278045756808665, 0.4621132348659812], [0.26454459767070443, -1.2408109378667465, 0.6435357708740835]], [[0.4905923276821954, -1.2175257447376835, 0.5174270036910162], [0.35485872271881885, -1.152681945208675, 0.6107717212398711]], [[0.2082271226683473, -1.2652959386774498, 0.26162264270815533]], [[0.48710844265607806, -1.0063841106288585, 0.33877034864508143]], [[0.16293703901272563, -0.9953313568316816, 0.12962973039496364]], [[0.35640822872553835, -0.7506660052693682, 0.036225258188865385], [0.24734567013339756, -0.7902485427114049, 0.0832680890362783]], [[0.14973261950820466, -1.245589841889644, 0.14800242224068552], [0.4391324036856429, -1.1565731029942794, 0.10757473042861761]], [[0.18534808716302678, -1.1994536619887017, 0.21791998457619752], [0.36669983105370263, -1.0516230493771062, -0.01617106964209279]], [[-0.050421509689950995, -1.0836912790151116, -0.1756603592207564]], [], [[-0.22332960568973453, -0.9138750189099969, -0.699026899499056]], [], [[0.46215502648824996, -1.26857720152891, 0.49076586766955826], [0.32156523014303434, -1.2026418482210701, 0.640257006815234]], [], [[0.34940972517527136, -1.2414108417075667, 0.3895248231995858]], [[0.0674632887365379, -1.1415724705019068, 0.021129812677720558]]]}