{"bodyId": "h0", "timestamp": 136144, "continuousState": [[[0.26963425586251827, -1.2028197898489603, 0.7134254949437084]], [[0.13323198365257735, -1.1071543302548836, 0.8459228728505926]], [[0.27752094141956896, -1.3683908077406737, 0.4958070323850097], [-0.00445412713112637, -1.285383154088482, 0.6062769458568437]], [[0.29004399313397, -1.3040193015298882, 0.648561301949565], [0.14955893213311833, -1.1067377860900862, 0.6460589180946215]], [[0.02710347192680621, -1.3376087980403253, 0.2770513617349015]], [[0.262467292823655, -0.9643037017664345, 0.21492648524311153], [0.26696216324037936, -1.016993904145387, 0.38669475558280353]], [[-0.045566918849214176, -1.0764651100837515, 0.2516746884714196]], [[0.07506932861334542, -0.8955907473911054, 0.2602153587906964], [-0.018345602111126028, -0.7764281239234383, 0.21768093094271945]], [[-0.06565840373473884, -1.156009129492808, -0.044568979532106826], [0.16046283920378573, -1.190952360919795, 0.03063166602497972]], [[0.2585610765938793, -1.0579419519904116, 0.11837636338309313]], [], [], [], [], [[0.2798892691627726, -1.3373158090436446, 0.5804473624810204], [0.07496628420218213, -1.1833912322206555, 0.6247925972986982]], [], [[0.15857373253038812, -1.3208140497851066, 0.46280633184223324]], []]}