{"bodyId": "h0", "timestamp": 136479, "continuousState": [[[0.20879366971878455, -1.2241520876453151, 0.7332778918036967]], [[0.048119814978662134, -1.0765775355454354, 0.8220167075417919]], [[0.2173501271769346, -1.4086432564721847, 0.4894113776187298], [-0.04430674338916992, -1.2906424557507143, 0.60230580137274]], [[0.2182581390467931, -1.29579665157837, 0.7113763630551124], [0.11367561824790164, -1.0802383570470688, 0.671284597645263]], [[0.01156789014745516, -1.3537130020099075, 0.24720265904725397]], [[0.19053728299863382, -0.9796543611199912, 0.36292440170389295], [0.162956897679589, -0.9704380812538197, 0.4477680856704458]], [[-0.07314151852978898, -1.1062231215079645, 0.2602684871412746]], [[-0.023307609918616207, -0.874764463520127, 0.3196930220747331], [-0.09834567193028647, -0.7473156546418542, 0.26898932857163255]], [[-0.04765857631063568, -1.235017973533321, 0.03674358093528622], [0.1262978815497554, -1.2005958672051156, 0.11860564156819146]], [[-0.07268003318897082, -1.137949270295517, 0.20985797745590276], [0.22303755417098978, -1.0552152704644033, 0.20402147237661983]], [], [[0.24130313440257214, -0.9262514868847493, -0.0890179965751695]], [], [], [[0.24723028054447171, -1.3199835762992689, 0.5805915398951883], [0.0537510914484385, -1.1749749748300673, 0.64721005293955]], [], [[0.11491301459712412, -1.324754826794139, 0.4792895110511832]], []]}