{"bodyId": "h0", "timestamp": 137819, "continuousState": [[[2.2638474441612932, 0.535337331099083, -0.14322710619952614]], [[0.2810328593600304, -1.0966856305556163, 0.7859615724770805]], [[0.5169363971876055, -1.2149537584453123, 0.7865032142602689], [0.1968560905030006, -1.2383878932429953, 0.5751318962096337]], [[0.3314986834451843, -1.1247781352539499, 0.5971871006986103]], [], [[0.4608266890077241, -1.014879351339438, 0.33146637199989754]], [], [[0.3017427993333449, -0.788888521119729, 0.026702444381329998]], [], [[0.37769869078968415, -1.0355345481287053, -0.01887183909516989]], [], [], [], [], [[0.5256212394146055, -1.155249445400237, 0.7874817794072159], [0.27074448631835, -1.1861063848316435, 0.5874724223860819]], [], [], []]}