{"bodyId": "h0", "timestamp": 1630675666924138422, "continuousState": [[[0.4752618179135457, -1.1391573597911084, 0.6854924719103277]], [[0.27722592023436504, -1.111019658542292, 0.7830477248017254]], [[0.39806962659688083, -1.3519890305537843, 0.4954175203341496], [0.18477564621455622, -1.246158326597108, 0.5759734366291535]], [[0.4308385452761868, -1.2774088916743822, 0.5383210954367713], [0.3194756863234072, -1.131586091051221, 0.5882982818640605]], [[0.158768057210278, -1.3250185784926498, 0.27404335526271667]], [[0.25917051319709916, -1.2058888486290247, 0.37794178969614134], [0.4665703959295283, -1.0191704220626894, 0.3396311910413251]], [[0.11483993823881297, -1.0740053728305903, 0.12674603178478447]], [[0.3633964294405434, -0.7968824021803027, -0.01572703893858261], [0.26861198368936245, -0.7786558865623516, -0.00906363219497257]], [[0.12272346417399484, -1.2819204308846626, 0.21213656513351317]], [[0.17096494447467894, -1.16621855707778, 0.1820242965417806], [0.3772978627537987, -1.0423136113497957, -0.019721007437420893]], [[-0.04919889122426398, -1.086559135082364, -0.1596235562999075]], [[-0.04798949148328498, -1.0506749478352606, -0.1399179274155374]], [[-0.22948163843855288, -0.9007803332531055, -0.7060845740742293]], [[-0.20468077221117142, -0.9173814041232645, -0.6508811835490751]], [[0.4162452376402279, -1.315202659602697, 0.5334273969644144], [0.26357554827275315, -1.1932762590347084, 0.5870421266549102]], [], [[0.2948033012432324, -1.301213735083516, 0.406182225349744]], [[0.06088302662520748, -1.1263888460800722, 0.011200370120936554]]]}