{"bodyId": "h0", "timestamp": 1630675666924139025, "continuousState": [[[0.5302319142029596, -1.2013007819660673, 0.6339067043404318]], [[0.32258830112969056, -1.1474341814793716, 0.8125842538288407]], [[0.43832930475063897, -1.400299201458532, 0.41645581680753196]], [[0.47564549054711036, -1.346876229109782, 0.5091860680685778]], [[0.21268376167272254, -1.3781846219561844, 0.22891483891811162]], [[0.299023273192211, -1.2742593140051959, 0.3955028345783023]], [[0.11899710278178997, -1.1730914540865998, 0.08817470424504405]], [[0.41053842635603965, -0.8628390222649591, -0.062392932521242984]], [[0.1562602668118925, -1.3479761386030689, 0.20112037877997932]], [[0.19241313013943084, -1.2462585912467925, 0.15639221116479393]], [[-0.03710610268150569, -1.144093993300717, -0.14456609901210207]], [[-0.025810647639792593, -1.1223065420445333, -0.10560722588966383]], [[-0.154187192058066, -1.1750541273073587, -0.69155702421055]], [[-0.1466641192005479, -1.1759622835248382, -0.6561001194945629]], [[0.4628613391287053, -1.366581753824752, 0.4693790483721299], [0.23802243110377388, -1.241825379962425, 0.6314802693294309]], [], [[0.34416462610991644, -1.362530425532983, 0.3690504534933447]], [[0.07765351372896258, -1.1951762922737548, 0.0059130560763459294]]]}