{"bodyId": "h0", "timestamp": 139896, "continuousState": [[[0.39531642030507164, -1.5647175684303534, 0.584785147402905]], [[0.13646638134686168, -1.4881859735484393, 0.8077369562789034]], [[0.3463896963953355, -1.7086071381438528, 0.4446072629582181], [0.16973516581081366, -1.4819227417177157, 0.6430751077399566]], [[0.3639841412226281, -1.6427016374946461, 0.5075216510948797], [0.17628272389580957, -1.5760567393695681, 0.6042096392193925]], [[0.04745917178557596, -1.6588925368751894, 0.22842233347182128], [0.2612952232313016, -1.4007074642898485, 0.40867018924879855]], [[0.27888458924149784, -1.577169237404903, 0.4157819201306709], [0.31727219510021293, -1.541164032059864, 0.36092257776520886]], [[0.017027061530317383, -1.4788513361575348, -0.0013982039033719502]], [[0.3254817957469486, -1.4140541166757967, 0.11327937252378616]], [[0.056896146521147384, -1.6481144297823618, 0.2196469576889274], [0.26480702829604547, -1.3698697375238316, 0.1247044415722446]], [[0.15764234607623404, -1.5883451476881256, 0.33460643864111467], [0.35124069153187654, -1.4699806750760234, 0.18380488102907724]], [[-0.008359586823504173, -1.49160699173703, -0.15099615564988336], [0.33643145622276827, -1.3170514316540907, -0.24081029027367937]], [[-0.007131902016438233, -1.430587124573226, -0.17197109865773108], [0.33876639537892517, -1.3950806871921295, -0.25295592819949364]], [[-0.153714775519554, -1.3229389572164305, -0.8400782447089719], [0.3169421336412593, -1.3709450724444265, -0.7355189077370189]], [[-0.14638575723158326, -1.3256149637401407, -0.7979422832047894], [0.31376520299631966, -1.4262102913793113, -0.8131516714369188]], [[0.3550873367850182, -1.674143014508505, 0.4611288305959896], [0.1832399010465324, -1.530990553031643, 0.6322421187678815]], [], [[0.20572165650410204, -1.6507970871849178, 0.3679719922833505], [0.2187889735635556, -1.4883821018297083, 0.5064399142340955]], [[0.07464137962636493, -1.5399760697125777, 0.09180514149561565], [0.3438360738773224, -1.393516053365057, -0.02850270462230106]]]}