{"bodyId": "h0", "timestamp": 1630675666924140030, "continuousState": [[[0.4403481509793591, -1.5637615435153411, 0.5493576527915973]], [[0.17349151263070894, -1.4966847062526334, 0.8191422386608032]], [[0.3838161803343181, -1.6974393285109168, 0.391514376629761], [0.1989112669864603, -1.487692274788817, 0.651992700265511]], [[0.39727955871264015, -1.6608020362688993, 0.4900876543863627], [0.20134405508273334, -1.5842509787101924, 0.6047984316857853]], [[0.2859980613411849, -1.4082997385282183, 0.39999108336293965]], [[0.3597019076987474, -1.544889097773138, 0.3991708822041553]], [], [[0.3539977898418401, -1.4428429904172622, 0.13647056100897068]], [[0.21522713387773668, -1.7188250244402115, 0.3371851637746472], [0.32327695168758896, -1.3879902353543208, 0.1788224308154213]], [[0.21629157432916918, -1.6308100744762966, 0.36640580172892556], [0.36123782220272665, -1.487166161639807, 0.18882755683040273]], [[0.06843026620641951, -1.6117631075799868, 0.12941779737699016], [0.33201822760827915, -1.321224146296506, -0.27209095236864234]], [[0.0019219701185444365, -1.4304216872598836, -0.21813108503960166], [0.3292363672129964, -1.4306232807331924, -0.2921786015059574]], [], [[-0.14445240679212998, -1.3229520578532128, -0.803043381750773], [0.3109009539244105, -1.414877666707905, -0.823602832522861]], [[0.3928641402917792, -1.679151702889396, 0.43881850003720435], [0.197297947437007, -1.5384082900913636, 0.6274407194099296]], [], [[0.34163881002691254, -1.534550887398559, 0.4450393688746512]], [[0.14236092026779434, -1.6212865910281415, 0.24791179955295786], [0.34662802490550293, -1.4041951539681565, -0.041631697769119805]]]}