{"bodyId": "h0", "timestamp": 1630675666924140499, "continuousState": [[[0.5566109152546601, -1.5701907489853693, 0.5318782245616703]], [[0.29694439631382513, -1.5227107038067742, 0.7864369382567399]], [[0.3983241664123374, -1.7218051892911563, 0.36053407305057794], [0.2434267469014826, -1.5427473841922488, 0.6115559823101963]], [[0.4723776737398263, -1.6436578928866707, 0.3833615810740571], [0.3093297470681368, -1.6024567575344795, 0.5771464906526403]], [[0.17688795680620387, -1.6515054740856876, 0.1970238207278985]], [[0.4077207804413497, -1.5453412213829374, 0.3586535319376426]], [[0.08782093892276202, -1.4737741948738883, -0.011378327822238589]], [[0.4027266882885749, -1.4397592030441122, 0.13351094580834091]], [[0.1257273532956143, -1.6021081607256007, 0.09212079508326565], [0.3883652867798105, -1.4325456348514167, 0.21582159266214762]], [[0.1690129051722969, -1.5140765344126017, 0.03615218918495884], [0.4205087874938531, -1.5039879560271492, 0.19620885269711927]], [[0.0144258793316003, -1.4294678739140299, -0.2895223765983867], [0.34342432525364575, -1.380000440932766, -0.2739703822769936]], [[0.014334449872682342, -1.4109213710699, -0.27506337513249174], [0.3444145017703431, -1.4440514750872537, -0.28813890983144913]], [[-0.1701535609045351, -1.295955928514189, -0.889086251855752], [0.31897015994503, -1.3740277121851903, -0.7633738098246216]], [[-0.14349302531492264, -1.3061506026839251, -0.8643600158932959], [0.29752144797990765, -1.4218863709490983, -0.8340705475844354]], [[0.43046345065742553, -1.6872413135613533, 0.39198589087778873], [0.2788303277127659, -1.5772424011044623, 0.6017547705986829]], [], [[0.3246328152730151, -1.6475816834861792, 0.2901927009009778]], [[0.0917193922519486, -1.4717722041633157, -0.12668509370671394], [0.38196655637374943, -1.4419941984799576, -0.03888076478993717]]]}