{"bodyId": "h0", "timestamp": 140566, "continuousState": [[[0.5616835193066056, -1.5662072241417881, 0.533397812656545]], [[0.3192018904003887, -1.5188215324709298, 0.7947067632401761]], [[0.3964658483814505, -1.724643465716729, 0.3668867362037954], [0.250874294511769, -1.5528555071499939, 0.6130745811747108]], [[0.4825956427553854, -1.6374514963109221, 0.3787136010230872], [0.3046177933921383, -1.5932317717230058, 0.570289494667033]], [[0.18320207229396607, -1.653431538595102, 0.20472150112449208]], [[0.34272767543543164, -1.5708646951376826, 0.28901173717748996], [0.4291908167675167, -1.5395436781127625, 0.34862002950938015]], [[0.09097628387138508, -1.4690671480930433, -0.028989909524845644]], [[0.4007908143142183, -1.4328623370558107, 0.12097256879401948]], [[0.13320442119185305, -1.6001547874073971, 0.07524403297710137], [0.38835802400036257, -1.4314983391302984, 0.188132793220984]], [[0.15863614286053757, -1.5306667027514214, 0.07499623815767859], [0.4248982513249366, -1.4989434943029103, 0.19486148592844438]], [[0.014149296555803346, -1.4233154731495883, -0.3015897356312819], [0.3513301711681427, -1.3740461305864307, -0.2632407828727842]], [[0.01513929078950548, -1.4108573745903137, -0.28908233060424277], [0.3530680690228139, -1.4423624535572932, -0.28087153037965845]], [[-0.1725836376853597, -1.2965056626238278, -0.8908423561582508], [0.31634596080214944, -1.3716146577381427, -0.7726460441484421]], [[-0.14604280327866395, -1.3064652064431503, -0.8673552469951751], [0.28921676748540653, -1.4186607198031491, -0.8522892206849231]], [[0.4406309247657229, -1.684189255341885, 0.38528975747633215], [0.27676205024347766, -1.5780029754247666, 0.5960536296141832]], [], [[0.33289885752467574, -1.645441517453012, 0.29171755107378966]], [[0.08639271970817046, -1.4769910879505048, -0.11329674873680165], [0.38811421124653966, -1.4364948124446704, -0.0341896484721699]]]}