{"bodyId": "h0", "timestamp": 142174, "continuousState": [[[0.5295449670546043, -1.5449742724804407, 0.5389803426823188]], [[0.297369941526134, -1.4992693327768674, 0.8103092461585913]], [[0.39037322977102096, -1.7138691281625498, 0.3768645914049305], [0.2673517920533866, -1.5283283275555413, 0.6362177113337598]], [[0.48740301782907997, -1.6196012427263335, 0.3757509541834688], [0.3383418638349726, -1.5873691672269195, 0.6085327567270503]], [[0.20398482178594105, -1.6409350442893278, 0.1613477018217875], [0.3397671322999131, -1.432287763183772, 0.37688945111647465]], [[0.34733667518178474, -1.5481109233370605, 0.2798298342224457], [0.44889017273230797, -1.5314682482262179, 0.372515201444935]], [[0.09869079346132707, -1.4790614907774462, -0.03356993197639577], [0.3141060828767966, -1.3467780851477376, 0.07414656455525596]], [[0.4112307454184031, -1.4250095927541524, 0.11240762363703698]], [[0.13259526308151828, -1.5918697424988042, 0.06302906393180001], [0.42317601031883784, -1.4344474584410412, 0.22319492377937716]], [[0.17020599765550218, -1.4991562414188337, 0.0318665499436554], [0.44157796350502215, -1.5124490852443997, 0.21172940470023172]], [[0.015767674521826338, -1.4260666342993182, -0.3010950036145209], [0.3499827959703009, -1.3676964004093348, -0.27172120320010346]], [[0.015259786507822242, -1.4025119061734435, -0.2863119870894104], [0.357120910019813, -1.4467487212811967, -0.27219255666354614]], [[-0.16780678725487874, -1.2961700816513246, -0.8957899486590277], [0.37170518566482635, -1.360961968437944, -0.6890335356797693]], [[-0.1413669390723969, -1.3098507718098649, -0.8522952331849742], [0.2982173339305052, -1.4186661655257267, -0.8490927414223017]], [[0.4492914799100839, -1.6633268938774095, 0.37195663943679985], [0.31326328566941425, -1.559571697879915, 0.6365382685816605]], [], [[0.3456939198075105, -1.6302681435078306, 0.26854932800262815], [0.33905449806744287, -1.5098284652053457, 0.4927111039217625]], [[0.09298683608866426, -1.462611437859076, -0.13461422683543275], [0.39578037973766156, -1.4400727428268674, -0.02999589924993587]]]}