{"bodyId": "h0", "timestamp": 14003, "continuousState": [[[0.16847905128454402, -1.1724132721834073, 0.7232910239775692]], [[0.04431437195175636, -1.0125946997455957, 0.7823332150290992]], [[0.24264631068226816, -1.3440935296000498, 0.5664721361720432]], [[0.23652634691351904, -1.2730968298032592, 0.6215825531988927], [0.020641388879219222, -0.9886097739110228, 0.5779244146676911]], [[0.026726664455557683, -1.316896279498283, 0.25575911071931384]], [[0.21391431433469346, -0.9888567125970483, 0.2490611020796455], [0.23408026093336456, -0.9714192001631591, 0.3708572372207361]], [[-0.024211232125414994, -1.0266329923411035, 0.2945904759639361]], [[0.055329824498216905, -0.937305447715147, 0.3211427967959805]], [[0.044811114627528466, -1.3209087003184277, 0.12499341996455951], [0.17057299137342533, -1.2525261269506887, 0.07582380904387537]], [[0.03386904671944074, -1.2970052254272968, 0.33599974149778383], [0.2704693039263691, -1.067125146510368, 0.1438939183250759]], [[-0.11711841585921388, -1.1695121826118549, -0.18858474716510137], [0.1527467102934279, -1.1177929283881245, -0.3764826548651238]], [[0.1649582882261934, -0.8839388889143798, -0.4157044260294692]], [[-0.2729935315582377, -0.9476818867181623, -0.7850164022946323]], [], [[0.234718079168202, -1.30975258769925, 0.5957551912325492], [0.03509556166574657, -1.1409399178760409, 0.5992575038033915]], [], [[0.13162650568453835, -1.2949965546507711, 0.4386708319591033]], [[-0.04162468456988657, -1.2332587040195757, 0.07370749716634123], [0.2116080071098985, -1.0924590374492462, -0.11629436827002394]]]}