{"bodyId": "h0", "timestamp": 1630675666924142576, "continuousState": [[[0.5517947003599616, -1.5297284683081234, 0.5180208027690547]], [[0.28150578394103287, -1.50237700097235, 0.8005395835164697]], [[0.3944954171786466, -1.7101426709916956, 0.37502952462351347], [0.26672888571878933, -1.5240481296021755, 0.6362389685984585]], [[0.4845264048412402, -1.615620200063068, 0.37267543266309305], [0.33636417917142214, -1.5913054189087545, 0.6086425717612888]], [[0.19230143771085284, -1.6444772595414936, 0.18930185200547317]], [[0.34623600772520574, -1.5433846044176005, 0.2769371264333413], [0.4461076207159722, -1.5298272576734546, 0.3649329346199374]], [[0.0955627440474808, -1.4720228713781969, -0.04143598045573935]], [[0.4026406443394087, -1.4057470196774946, 0.0879344390927813]], [[0.13324837782258736, -1.5916661161221728, 0.060895896034801125], [0.39126178973271974, -1.416631817779274, 0.2103743838943151]], [[0.16697880798193204, -1.5061662606142427, 0.04664211408776373], [0.4424003149564944, -1.5114610339462138, 0.21087049850821518]], [[0.014760855476395648, -1.424507240000532, -0.30728096542798883], [0.3484375555135787, -1.3548044673799888, -0.27370490341671255]], [[0.016672668727307723, -1.403051362611524, -0.29904537393297326], [0.3620373381265151, -1.4418329870026945, -0.2693185781469967]], [[-0.16971220085794508, -1.2952743518289418, -0.8963176843969741], [0.31488946554557173, -1.380310973405594, -0.7725232512140376]], [[-0.143637255765184, -1.3094193767974585, -0.8559719439169681], [0.29584133006388763, -1.4248687189957177, -0.8440016928181183]], [[0.4454971593386671, -1.663524284873702, 0.37491953589143145], [0.3129074570711318, -1.560215934153321, 0.6368662860020784]], [], [[0.3384139212760465, -1.6300487298022808, 0.2809886423342831]], [[0.09086983172916385, -1.4653367503073875, -0.13031942567011254], [0.3954189352350366, -1.4331327506631013, -0.031417202454248686]]]}