{"bodyId": "h0", "timestamp": 1630675666924143782, "continuousState": [[[0.5380242789465376, -1.534515288001388, 0.5241654963786674], [0.29219434379710085, -1.397140326560065, 0.8260356046007298]], [[0.26758215349847525, -1.5003118510474371, 0.8090156046348547]], [[0.3547382546794799, -1.715902935166817, 0.3668549539121898], [0.21257537143126545, -1.466470641755084, 0.6633139832982138]], [[0.45425498063466824, -1.6297560624359337, 0.41876000691956233], [0.29645255594711695, -1.6034902884931106, 0.6132032969199663]], [[0.1408301087650327, -1.6510852241689726, 0.13288147743205922]], [[0.43478123897456133, -1.539182224895456, 0.3776191355196429]], [[0.009060559039065197, -1.4892986098431475, -0.06814771949188593]], [[0.4174760918857414, -1.434412028148428, 0.040096300272335836]], [[0.0984223437469679, -1.5619693118217097, 0.04393374602642075], [0.3233617128948156, -1.399233480550563, 0.18794183136052767]], [[0.1536552853901926, -1.459924771125868, -0.0001231814011418919], [0.4421362753295166, -1.5110686379943556, 0.2720322243464532]], [[-0.024162309812271587, -1.4594537023773393, -0.13822731279675599], [0.3618400468840712, -1.3217980658088966, -0.1890812608345143]], [[0.3882490367564335, -1.4233580921958704, -0.17947182814032636]], [[-0.17235297006164751, -1.297763786881934, -0.890193886765848], [0.2944726547475327, -1.3460683292242226, -0.7968262415670576]], [[0.29538755333084193, -1.4164886353574029, -0.8253138450475888]], [[0.43061249600611284, -1.6704361762166282, 0.392264722966152], [0.26664700119796114, -1.5385621992300718, 0.6547644756570496]], [], [[0.2975425446998505, -1.6404206433024533, 0.27582074217581076]], [[0.06474648778896051, -1.4596892367516037, -0.06917524709894894], [0.4019881611067939, -1.4164333519016261, 0.04147548175596945]]]}