{"bodyId": "h0", "timestamp": 14070, "continuousState": [[[0.16910799328641268, -1.1711751584102517, 0.7231264791566931]], [[0.028236117649254083, -1.0050408529023043, 0.7749853412609389]], [[0.22277037199219074, -1.3567963629896866, 0.5560992327342763], [-0.16161985918249525, -1.2825011572676266, 0.5135184850133296]], [[0.23671840078257703, -1.2711411118488094, 0.625586224621507], [0.02000843996087224, -0.9854708220886953, 0.5793705381119312]], [[0.028886634875491438, -1.3182588014680878, 0.25481471330383804]], [[0.21133590874716776, -0.9956772432719986, 0.25508967342537153], [0.2377977742367084, -0.9695731514126888, 0.373013727703855]], [[-0.02343707969821935, -1.0284748206851126, 0.2951793953121767]], [[0.060010526788046435, -0.9273314517712047, 0.31042474268275577]], [[0.04020514644411208, -1.3285359022912604, 0.1478203924290267], [0.16268338390701365, -1.2596664914482956, 0.06811795370786512]], [[0.042095206964077876, -1.2806799053200713, 0.3168707043358148], [0.2717348698710971, -1.0640731208891758, 0.14780552511161227]], [[0.059649329621660856, -1.0976680926669906, -0.48908193348564644]], [[0.15861271365986523, -0.8742532032785947, -0.42200899002193953]], [], [], [[0.23346904161688717, -1.3045571762648542, 0.5957179045090335], [0.04477441768539665, -1.1450149057727699, 0.6073290086275515]], [], [[0.13280251782903424, -1.2946999566584485, 0.4402004689626725]], [[0.050872268292869366, -1.1891739989935308, -0.0861056145749158]]]}