{"bodyId": "h0", "timestamp": 144787, "continuousState": [[[0.3239411041221881, -1.6074737054392407, 0.6006828179649509]], [[0.08695258513944032, -1.3768327544079089, 0.792060472315884]], [[0.340821699311451, -1.6450504906177814, 0.6273200038940382]], [[0.12298878016313211, -1.4799572859742272, 0.8086715585216953]], [[0.37117351969071316, -1.7071933388694025, 0.4809609951294966], [0.09375396679913615, -1.473912204298885, 0.6242225311132433]], [[0.4404366554621966, -1.711357382788161, 0.4324904694240263], [0.1752698743639801, -1.5830645451234193, 0.6320106711597352]], [[0.32255917156362734, -1.649529979349827, 0.4831746862657716], [0.22159508829380206, -1.4273181629147744, 0.3739371354852117]], [[0.3056276093488459, -1.5488161389560435, 0.3743609182736102]], [[0.32174696445026957, -1.615079811615749, 0.5536124366902785], [0.2572767745355454, -1.3582854395725867, 0.09896384133549828]], [[0.31244897878141137, -1.419282015585826, 0.10600762198781877]], [[0.1641264685125441, -1.7256826242989716, 0.3824942065455696], [0.29375705714950184, -1.403554527157465, 0.13650143359494224]], [[0.17361443557918732, -1.6325984840174876, 0.38681568251312], [0.2886006500054525, -1.5187106401979513, 0.08711685786861426]], [[0.011092382677830984, -1.6530310530068741, 0.1847501076661665], [0.3143369976336528, -1.3224024222733035, -0.2791348186375915]], [[0.05167729119434847, -1.5171900620523437, 0.09444008206252329], [0.21064853344271886, -1.4033948759534962, -0.42473471150806813]], [[-0.13326450602537443, -1.4896434284977391, -0.16909850716106484]], [[-0.12859954000453588, -1.4813479127332358, -0.1280818009772154], [0.32196691831056956, -1.3704475077965115, -0.7320320782571064]], [[0.3545615611255468, -1.69941967333589, 0.5119895467508963], [0.1901355936334762, -1.5304122033040795, 0.662889281899726]], [], [[0.38149791351291196, -1.680443681068994, 0.45783257784489895], [0.19843248132889107, -1.5051913540190969, 0.5029739033224734]], [[0.09235340912850915, -1.642814768512181, 0.2857828950896433], [0.30146882381955264, -1.4205565312356274, -0.09600898038448862]]]}