{"bodyId": "h0", "timestamp": 144854, "continuousState": [[[0.3198603817276817, -1.5932017554261841, 0.5995369542409186]], [[0.10668244582461284, -1.473440469540499, 0.8046917065590043]], [[0.3813704544099941, -1.715602596141538, 0.43789592235251407], [0.08803957149225994, -1.4753384236621596, 0.6197941111053442]], [[0.3333157835187541, -1.6676920835404518, 0.551711058105308], [0.18515616187291106, -1.576121099015458, 0.6403918875274628]], [[0.010687813498661342, -1.68111305335902, 0.2510511799388421], [0.21969961012255407, -1.4258829453252042, 0.37173918546587786]], [[0.2997991883342593, -1.5493314048276174, 0.3669791580762335]], [[-0.0830257516552858, -1.5276791112168644, -0.04425147667360602]], [[0.3051764128959144, -1.4073886121972456, 0.09148971236698299]], [[0.15801418406056678, -1.721681482132294, 0.3590754252419815], [0.28471644907006205, -1.393914404995739, 0.1221624854670015]], [[0.17514939122933515, -1.6201325808412221, 0.3732339003236675], [0.30069901480998806, -1.508090037115835, 0.08846776995276696]], [[0.011562149250546782, -1.650029241931386, 0.18430200427709542], [0.3793703455003699, -1.3041331740377262, -0.24583404584862728]], [[0.26283410094796, -1.3771090952389564, -0.417619489735597]], [[-0.12105523806774617, -1.3772376823674677, -0.5945102294950136]], [[-0.08988461222560798, -1.4798766182403142, -0.0519501524702282]], [[0.3463108532764899, -1.6914344940680237, 0.49912827608342686], [0.16371590302012645, -1.5290068322793524, 0.6479057111996297]], [], [[0.17200179850870773, -1.674402568449736, 0.401381119022075], [0.20242788599773257, -1.501002022170331, 0.5060655364966703]], [[0.09335577023994096, -1.635080911386304, 0.2787679523003814], [0.340034680155179, -1.4061116055767806, -0.07868313794793017]]]}