{"bodyId": "h0", "timestamp": 1630675666924014204, "continuousState": [[[0.18164192817525499, -1.124429047188848, 0.7048306656337705]], [[0.026127477661258353, -0.9762259643138077, 0.7703651705504224]], [[0.19816282461633533, -1.3563810045070819, 0.5540295051954365], [-0.08354246722455741, -1.2524098775187442, 0.5668960394597398]], [[0.22764333194124356, -1.258082754550524, 0.7000048403646775], [0.106906428164084, -0.9962694606334654, 0.6279451664246537]], [[0.04065152540546245, -1.3240035064958902, 0.25133390775692216]], [[0.23655997039402057, -0.9530986266494752, 0.2507026792723725], [0.24372824457886486, -0.9649842733580452, 0.37615920723796037]], [[-0.01346287010071842, -1.0393968750398663, 0.2979136388222705]], [[0.07163385134551055, -0.8950266483673415, 0.2916025649896735]], [[0.04247866926715346, -1.3194824775265406, 0.16021074489498027], [0.1699964036789247, -1.2525269301303914, 0.07656533391477774]], [[0.05374676312814239, -1.27405408214357, 0.3661377800765704], [0.20214639577935395, -1.0467410957468362, 0.074996912619795]], [[-0.10659094381641841, -1.1577425625848536, -0.1828907930044154], [0.04595232574871534, -1.101935044619049, -0.4394878871954395]], [[0.15782668981999995, -0.8728101157554489, -0.430557603668198]], [[-0.2628763866149308, -0.9481672168410673, -0.7808012227314353]], [], [[0.23713293921716372, -1.2689624219742135, 0.6179770847031297], [0.01726934239250045, -1.113274843335536, 0.5916400985312268]], [], [[0.134147428673353, -1.291043130523207, 0.4756693740607998]], [[-0.026422090344138012, -1.215898322364212, 0.09162349353607749], [0.12404936076403464, -1.0743380701829426, -0.18224548728782225]]]}