{"bodyId": "h0", "timestamp": 145792, "continuousState": [[[0.5437673366083011, -1.3747719287723135, 0.5742708463823839]], [], [[0.5128634197197814, -1.4791623634455235, 0.6018349803767256]], [[0.3046447481878379, -1.3260501855616, 0.8226904202887323]], [[0.3601836848461208, -1.5890910872081845, 0.4366441784227624], [0.2623801556228127, -1.4549085942231785, 0.6245597589454192]], [[0.48232390136770387, -1.4561919015859706, 0.43647408093767864], [0.31506731643409375, -1.3977702316775968, 0.6060486441190192]], [[0.17595047064887062, -1.5163806637976578, 0.20506361814838148]], [[0.46064843794959803, -1.3639161205891939, 0.35336266782759435]], [[0.057925419269029305, -1.3454561949535737, 0.001980137682889563]], [[0.39071825698096746, -1.208075589327043, 0.08888982694686023]], [[0.09871646993739808, -1.3919813876532303, 0.07367936636606487], [0.35931043521531525, -1.2855079191571157, -0.05211006951416721]], [[0.14599742445935732, -1.268592181615368, 0.01624151318002032], [0.37283431644165194, -1.2729434220661349, -0.08667731069808474]], [[-0.021668790564786263, -1.2192233478209609, -0.24579438976235496]], [[-0.022654118456590197, -1.2310773065724394, -0.2579124109245438]], [[-0.1509791173423237, -1.271925009631013, -0.786038475086666]], [[-0.13780703341722633, -1.294572504640942, -0.6925681411860869]], [[0.4390314441339693, -1.5131117293177454, 0.42652264689570324], [0.28979792337835536, -1.4235172448482913, 0.6185948581853717]], [], [[0.32913718600828723, -1.4862862826918142, 0.3207688495430301]], [[0.062164316947285525, -1.2439077647181644, -0.11477643829116732]]]}