{"bodyId": "h0", "timestamp": 1630675666924146328, "continuousState": [[[0.5480473037482163, -1.3664641906974453, 0.5622547145690134]], [[0.34067989778398416, -1.3276556465926974, 0.8252649799320335]], [[0.3737215773853199, -1.560444537700425, 0.4152663830175933], [0.30867979794593, -1.4138428297602912, 0.6405800869172069]], [[0.46800078023672864, -1.468923428308115, 0.4160870069923444], [0.33671482758054755, -1.4134474494151958, 0.606238870918934]], [[0.1816240595100906, -1.503548849666612, 0.19674849469730452]], [[0.25821141193621344, -1.3794861716119922, 0.22137892862025796], [0.4606982189779619, -1.3732948382581502, 0.34812708869657355]], [[0.0638660936770728, -1.342882222304655, 0.0030991455787602717]], [[0.4252296246739036, -1.201155900283786, 0.0885739577819652]], [[0.10499202179701052, -1.3868724902525937, 0.05284621303712038], [0.4235575783170489, -1.217731192786642, 0.029928143666997812]], [[0.13540946065878934, -1.3149267675668648, 0.03592522419532224], [0.4001257634340261, -1.2571229588996713, -0.01845433472220634]], [[-0.023556533424362782, -1.242931138773395, -0.2250869808523023]], [[-0.025103291860378817, -1.2664283556195775, -0.2330977530702487]], [[-0.19636568442237826, -1.2787621052718265, -0.7862711916223857]], [[-0.18630941085189046, -1.275526301101308, -0.7638639717992741]], [[0.4417053269976687, -1.5086542510015395, 0.4216776554300627], [0.3269518537329727, -1.4131082979100729, 0.6237907468703517]], [], [[0.32481241987340964, -1.4862361389873635, 0.3064177508448245]], [[0.055926463617213276, -1.27892895317013, -0.09458087832849003]]]}