{"bodyId": "h0", "timestamp": 1630675666924147333, "continuousState": [[[0.41673541461253505, -1.5790444263742005, 0.5774285653560691]], [[0.15021721432534924, -1.5108564588955578, 0.8150353815410416]], [[0.37068719447226073, -1.7129851203859474, 0.45848649934274954], [0.1910758539980859, -1.4848861440385979, 0.6495029820514839]], [[0.40065537492467584, -1.715326354875657, 0.4624212316026991], [0.16803215061420018, -1.6005421719705228, 0.583625949453487]], [[0.04531662904379516, -1.6622227364503028, 0.23957771196967634], [0.2005665881501966, -1.405537119744668, 0.3134363963103738]], [[0.3007603415247597, -1.5535348604989097, 0.32713733151996305]], [[-0.063443168267532, -1.5066558845881042, -0.016838425426335336]], [[0.3146074276257118, -1.411340671264609, 0.04408680383294154]], [[0.17041136247397737, -1.7247012677709628, 0.39203593291607125], [0.25527786858313223, -1.3695161736732764, 0.07464855108172856]], [[0.1842436184712745, -1.6291779351416895, 0.38854493643100363], [0.3237968852399263, -1.4777932464569985, 0.09768958863859507]], [[0.04694652948595234, -1.6395141074217492, 0.19035223258343786], [0.4085588188212387, -1.3164368422683475, -0.2152639578477913]], [[0.0705362259662781, -1.535714497956445, 0.21892426477379012], [0.2770186819523415, -1.4177863555779235, -0.40465392525752053]], [[-0.18785144584865407, -1.3256944042656091, -0.7506498700735041]], [[-0.06914888892674474, -1.4477737335976462, -0.04846998526836501], [0.34006347724589475, -1.3901740369971356, -0.7855490133270916]], [[0.3728428033010693, -1.696275688616791, 0.4730681297371783], [0.1509676764767014, -1.5454910485623226, 0.6002425323674115]], [], [[0.22298600198423552, -1.68877454566298, 0.35099947178618773], [0.18429936938219837, -1.5030396458575954, 0.4485311728819304]], [[0.11559507397861342, -1.6343460212817194, 0.2894485845072208], [0.3661778520305825, -1.397115044362673, -0.05878718460459811]]]}