{"bodyId": "h0", "timestamp": 1630675666924147869, "continuousState": [[[0.5430749697435622, -1.569106290348591, 0.5485186717874978], [0.21163179714049057, -1.4066647298689905, 0.7882038701833353]], [[0.235544298911047, -1.5364029685641118, 0.7969934656518866]], [[0.3615497647927053, -1.715117238938271, 0.39770302941864977], [0.14238235059859744, -1.4745453182957724, 0.6157188060283204]], [[0.45692432345623496, -1.621249258341311, 0.43234967038058336], [0.255813506141679, -1.6060131442897692, 0.5910942163128293]], [[0.14560774153725048, -1.6349255823532194, 0.16315136722095439], [0.220307958839908, -1.3904671288997121, 0.3206269212455761]], [[0.33787139698073276, -1.555588461544566, 0.3171105189032562], [0.391958540107674, -1.5308583997073424, 0.3490106964786348]], [[0.028408362184721342, -1.4453018598708995, -0.030127205627232343]], [[0.39554049425343374, -1.427260938866814, 0.040201865251138544]], [[0.12890523958057964, -1.6245816701356008, 0.13767271185067784], [0.266948014991719, -1.3965761572418467, 0.18388374698820417]], [[0.16586812806871523, -1.5347043026693383, 0.13865235225259268], [0.40308895590587873, -1.5002389033201176, 0.2489220942371053]], [[-0.01657382432497434, -1.4232982788458337, -0.2757573362437038]], [[-0.021382116343455722, -1.4078393408613505, -0.2343093363221228], [0.3622904944128379, -1.4322614775800508, -0.20204907663651306]], [[-0.21930659936184113, -1.2799075262704642, -0.8689245726388226]], [[-0.19871791482402065, -1.293549005718929, -0.8235040845686176], [0.25716580250591187, -1.3947516624975251, -0.8029640435272697]], [[0.43926188362639623, -1.6696154012067541, 0.4096722826040593], [0.22620215333838337, -1.546132129040637, 0.6264643882120181]], [], [[0.3012660324967427, -1.6280874203472653, 0.29775051880076886], [0.23806073249079351, -1.4982401365947406, 0.4558605687792027]], [[0.07464715187187045, -1.479001290757586, -0.06855249199555556]]]}