{"bodyId": "h0", "timestamp": 1630675666924148807, "continuousState": [[[0.536463470010679, -1.586327788790174, 0.593095782001145]], [[0.27837067555149586, -1.5246334517552436, 0.8132253382290824]], [[0.3486225246328136, -1.7197204935277748, 0.363518361132305], [0.23485953348735097, -1.4973096871939555, 0.6563494558352518]], [[0.4964685402987877, -1.5808718963677781, 0.3608832946038324], [0.32068878745720647, -1.5919058955325356, 0.6155518928083309]], [[0.15398576061375815, -1.645214085868171, 0.13895965798640214]], [[0.4208440128922543, -1.5267929479796094, 0.37505747024759173]], [[0.029582580794155263, -1.484461781091095, -0.05979529877366554]], [[0.4041557859241636, -1.4126282345085568, 0.05997454662775567]], [[0.11109373304204223, -1.5716508483989728, 0.02261149323104155], [0.3587748171440062, -1.3980867857942845, 0.21649619318803276]], [[0.18815516006203387, -1.4788435928120964, 0.05259908221585829], [0.41964104339340746, -1.5033173896527787, 0.24178609827156947]], [[-0.01724372580825377, -1.4452654049552505, -0.2756797820629547], [0.36369288261359045, -1.3322455251291627, -0.19028451781744093]], [[-0.026542559847272544, -1.424512780212455, -0.21363156752275017], [0.3685338552362823, -1.4224245715061092, -0.2015329510307895]], [[-0.21640760314174756, -1.2891307617411072, -0.8797550863234378]], [[-0.19039085535683387, -1.2976256612333072, -0.8424288141288525], [0.29997974472753774, -1.387953850019056, -0.8090592498562962]], [[0.4133890152497568, -1.6627734587186789, 0.388537066659846], [0.2696915525579534, -1.5504594592359888, 0.6451695743664532]], [], [[0.32522715045627293, -1.6130429911179744, 0.24992147629511727]], [[0.08545571712689004, -1.4620544988836734, -0.1115403499235482], [0.39166696300349896, -1.4177814573909706, 0.025750790227064266]]]}