{"bodyId": "h0", "timestamp": 1630675666924150951, "continuousState": [[[0.5607240701344178, -1.571861591326357, 0.5503515117602216], [0.2589306844867208, -1.4161984847507518, 0.8255861789904267]], [[0.2847922568884546, -1.5521439566495279, 0.8273355540576071]], [[0.3901743002412184, -1.7019608475817665, 0.39229441296148365], [0.1675876581059765, -1.4646804477111028, 0.6345334213480458]], [[0.46907186843370274, -1.621835367614803, 0.41390544461674994], [0.2706963798637519, -1.611458443886399, 0.6004042484481733]], [[0.14143506631130304, -1.6327018345953117, 0.2176225859509898], [0.2490556854669619, -1.3900593160417238, 0.34775622812444223]], [[0.3257267250485118, -1.5590028874882027, 0.33431626600490655], [0.4068489738708681, -1.5442449467897978, 0.38133783762429607]], [[0.03179252302872436, -1.4430628775966179, -0.03202036976854038]], [[0.4105890418126103, -1.4316505490824558, 0.07906200698499924]], [[0.11293320262818185, -1.6044774492661864, 0.13206791818882563], [0.3218082062718702, -1.381219564062522, 0.18207481275540977]], [[0.16610175000692037, -1.5202754495761766, 0.12689544936430935], [0.40792375266566566, -1.5072161216880875, 0.2347314309012122]], [[-0.027745246705724043, -1.4228733449963447, -0.27137721356067457], [0.3692887797368701, -1.2891345942857189, -0.14283585176449584]], [[-0.032582722660518246, -1.4041209503215824, -0.18294260059116868], [0.3456008396020031, -1.4260438010520249, -0.23514676170678422]], [[-0.21827871766628984, -1.2847529263902198, -0.868791053456136]], [[-0.19670363819944595, -1.2893850618553344, -0.8262772061125784], [0.29842451606282544, -1.395221841198182, -0.8134470154408093]], [[0.43575443243982337, -1.6738134309377926, 0.41684256239954426], [0.26126084427813656, -1.5407982190898881, 0.6481090952728077]], [], [[0.3052534673725029, -1.6272686011050572, 0.3157640152838699], [0.2598760326653569, -1.5007588799640614, 0.47408023828630774]], [[0.06917825165059817, -1.4715743972862607, -0.07224088209818261], [0.38860626620126787, -1.3981753579869032, 0.04594778956835818]]]}