{"bodyId": "h0", "timestamp": 151286, "continuousState": [[[0.5613095599905341, -1.5685365336329187, 0.5488567234879137], [0.23287792114530112, -1.418003763083302, 0.814409359252856]], [[0.23661370684796498, -1.4521527400804988, 0.8076540813267066]], [[0.4937545467079778, -1.646667946645361, 0.5839332313143218]], [[0.26347664688584654, -1.5572050199184617, 0.8143348113898969]], [[0.3442343052609135, -1.703626212827582, 0.38580894286432044], [0.1657140938924806, -1.4654100690453569, 0.6318714547754696]], [[0.4697118039419384, -1.6478635313706032, 0.43194739990751996], [0.2830830344679066, -1.607527217724561, 0.6000376095905988]], [[0.14249911083946473, -1.6304366128165646, 0.18139415191362424], [0.26765993017991785, -1.3916502698050701, 0.3579803960994718]], [[0.33069171273573245, -1.5671877006797603, 0.33590789524977593], [0.4158018081522116, -1.5415762879959254, 0.38020895537013255]], [[0.024122720869537317, -1.4538868079654146, -0.034137240363445245]], [[0.4010564651624818, -1.4147909189633787, 0.07337615598443563]], [[0.12241396139613414, -1.6087042788368031, 0.14408419959637309], [0.32570246023223715, -1.3800337020668147, 0.17237911067968661]], [[0.27169042649915653, -1.625603700916381, 0.356855434415766], [0.42135343678103526, -1.4964519543281072, 0.20648973452540076]], [[-0.020878655838424548, -1.4249400554672962, -0.28589803208986747], [0.3219868818085579, -1.3309080141425391, -0.29068750939747134]], [[-0.023758459441420028, -1.40682027792117, -0.25615753613446257], [0.3518909419793488, -1.423360896528251, -0.2377727181216053]], [[-0.21373398211623237, -1.2891519294876648, -0.8636986597499972]], [[-0.19393958656866972, -1.295748452689074, -0.8274324907137025], [0.296178084257446, -1.3923966267204093, -0.8198387997144803]], [[0.4340144745763292, -1.6786597305377977, 0.4259397241096568], [0.2376965960041082, -1.541478503990741, 0.6273908694840952]], [], [[0.30610545739070155, -1.6391500720935839, 0.3066707759105721], [0.27537148232391223, -1.4995887437648157, 0.47900900284503534]], [[0.125405885330366, -1.5252718781918386, 0.03547870116294927], [0.3716701592947966, -1.4136799842353232, -0.04209888743603529]]]}