{"bodyId": "h0", "timestamp": 1630675666924151822, "continuousState": [[[0.5530346322403029, -1.5669059096443445, 0.5464391443076922], [0.2370448043161498, -1.414219273748745, 0.8130946473546132]], [[0.27543707456108907, -1.5522366748559957, 0.8245754681497469]], [[0.3589140674816995, -1.7077062142440882, 0.3943212173995669], [-0.02575252535322943, -1.458804443823906, 0.5216003789704196]], [[0.45335136760729844, -1.6455431477757547, 0.42133766812040496], [0.28493190725444445, -1.6076596147592017, 0.6140497300014599]], [[0.13510919189171808, -1.6433223016484308, 0.20056708853593022], [0.24382988479792947, -1.3868117460188283, 0.3502070627689284]], [[0.41699933049481686, -1.5430269348919807, 0.3865850160857046]], [[0.021061715691051516, -1.460968890776061, -0.03911859021303166]], [[0.3956556584009893, -1.421501236916255, 0.06255543958498652]], [[0.10712438242131855, -1.5970092031344485, 0.12424820683709481], [0.3228569777184769, -1.3826667101951682, 0.18535951220404923]], [[0.1349424482358494, -1.487371659846023, 0.05468436331481485], [0.4124722084852244, -1.5080365981769135, 0.24020733565878255]], [[-0.02686646026166076, -1.4278725861696093, -0.27274877288566723]], [[-0.032633847826267444, -1.4115188134571663, -0.22071860664598397], [0.3368318925916617, -1.4264564497764982, -0.24200876300559365]], [[-0.21699425304166803, -1.28269685700949, -0.866732801540049]], [[-0.19526716639545585, -1.2938210739516702, -0.8164023631396377], [0.2844818041234421, -1.402199224625959, -0.8281090667053034]], [[0.41980406408445137, -1.6773259112453358, 0.41197957553283504], [0.242810510017865, -1.5383394160219002, 0.6427867777799252]], [], [[0.29423027974950827, -1.6444327247120927, 0.3109523783281676], [0.264380896026187, -1.497235680389015, 0.4821283963851941]], [[0.054037993987094315, -1.4576221230078161, -0.10903220478542619]]]}