{"bodyId": "h0", "timestamp": 152291, "continuousState": [[[0.573542109082937, -1.5571824062713426, 0.5354632093165715], [0.2084600124632832, -1.4109606708301596, 0.7914189931726832]], [[0.2679508090132058, -1.5489079001238162, 0.8168167327192759]], [[0.36531767452402886, -1.6943689532546993, 0.3907128226668749], [0.13152021453869633, -1.465557488984576, 0.6101584578358129]], [[0.45162264134844105, -1.651900638522598, 0.4241922443352573], [0.28047223382430253, -1.6085903269730566, 0.5998985449473498]], [[0.14435074186305713, -1.6320260096214763, 0.202574093054591], [0.2678019495125961, -1.3882815683679521, 0.35683419703467145]], [[0.4190174594333405, -1.5399326519566572, 0.3731200301562742]], [[0.027675185747506534, -1.4543814195940863, -0.033721456259528396]], [[0.39433519853329857, -1.4088829702302752, 0.04216874604923851]], [[0.12041187160333902, -1.6075447107643708, 0.15423310900567253], [0.3186574364645683, -1.3728229022650131, 0.16811773284342552]], [[0.15979165747669094, -1.5398082828815118, 0.13583550983530654], [0.41543927464514924, -1.4979919888237503, 0.23020435333657566]], [[-0.025548033115423835, -1.4303635473837737, -0.2669790070239919]], [[-0.02901847811434388, -1.4162499547977163, -0.22958039055900895], [0.3572696172192116, -1.4149155333792192, -0.23478275673957275]], [[-0.21944857701249987, -1.291236213755517, -0.8445667745971437]], [[-0.19791814786154263, -1.2937792693056986, -0.8218688610953699], [0.24015230189224304, -1.3963722064225825, -0.8454316776968532]], [[0.4239061725766017, -1.6748758285796819, 0.4093159462211884], [0.2612393502056009, -1.5418423528366192, 0.6446431277841989]], [], [[0.2979866916057491, -1.6419633240720373, 0.31338316869492416], [0.27413709166844935, -1.4984359476705045, 0.47836637099101065]], [[0.06712181218063355, -1.4850859151326428, -0.06557174859434269]]]}