{"bodyId": "h0", "timestamp": 1630675666924153497, "continuousState": [[[0.5605808458545084, -1.5490003192223278, 0.542453667723909]], [[0.3182043410539477, -1.5368236880861748, 0.8416168838053999]], [[0.35862046979264817, -1.702447521423369, 0.3961969982226967], [0.17472527914543912, -1.4626493531642515, 0.6191941116683324]], [[0.4596559954345706, -1.6173298441012505, 0.41663004081592], [0.30385143457293046, -1.5972832015852068, 0.6000103421627646]], [[0.137026270366443, -1.6251961181931742, 0.18686768971767082], [0.26606755275971045, -1.3885389772952248, 0.35408828042320123]], [[0.3200825214839635, -1.5600729483954492, 0.3396129927348659], [0.41313031363964753, -1.5397352330402654, 0.37744922319150215]], [[0.018469561250160096, -1.4463177454032816, -0.02463656258351034]], [[0.3986150274719353, -1.4163946146490987, 0.0614184670721786]], [[0.10510616031223248, -1.5911173097925793, 0.12025086859906287], [0.32690746983601937, -1.3724688138143242, 0.16414350814382056]], [[0.1356674484555737, -1.4788784651622966, 0.0499758509006258], [0.42504069255958393, -1.4824584193239152, 0.20128046211351647]], [[-0.025561924480168897, -1.417215163137988, -0.2757371539527646], [0.3605613339023951, -1.2870619327784287, -0.2083522712599181]], [[-0.02895365385989038, -1.405197427550992, -0.24755725892647798]], [[-0.20506826195211256, -1.2950215568229944, -0.8426412115335438]], [[-0.1908729454124577, -1.3018652940875768, -0.8110892038138504]], [[0.41769570323212935, -1.6661582536169361, 0.41262742467566205], [0.2751210951495996, -1.5335425652525123, 0.6366659614368464]], [], [[0.2983411329005068, -1.6212629811472123, 0.3017488652667954], [0.28495949366632045, -1.4929110894402158, 0.4770493112929829]], [[0.05505276198770241, -1.4480468141501421, -0.11288065152606941], [0.3928010132309895, -1.3847601760511719, -0.0035359045732008126]]]}