{"bodyId": "h0", "timestamp": 1630675666924153698, "continuousState": [[[0.5651315306525162, -1.5446868528877626, 0.5386010250872488]], [[0.2747566208954699, -1.534456190875969, 0.8191801185725479]], [[0.3825006786608716, -1.7001294432785288, 0.4035573620901318], [0.1751098428309615, -1.4661486656283285, 0.622920062264316]], [[0.4538075748578326, -1.6221605570586852, 0.4339267070200685], [0.28399525927808145, -1.5968469860947798, 0.5993726315366016]], [[0.116916108386026, -1.6501596943935695, 0.26622543834555357], [0.26758614796483154, -1.3901260414841112, 0.35509875435920185]], [[0.40859342354083106, -1.5409140241816728, 0.37483935615843256]], [[0.023941164414249046, -1.4491513503388325, -0.028570254968931067]], [[0.3969215930815219, -1.4128178120994792, 0.04789983195252921]], [[0.10635698281644915, -1.5947797645674775, 0.11994992055544276], [0.32801016028407254, -1.3723382800400927, 0.1676764698291256]], [[0.13458856350932127, -1.4876590548827944, 0.049014098616515414], [0.41735191888854367, -1.47932786931468, 0.17240014904307305]], [[-0.02719493633515094, -1.4202669693283605, -0.27731369614504753], [0.3639478695447628, -1.2891562776220817, -0.20492161117089883]], [[-0.03001573477163561, -1.408776653533408, -0.24385964707929633], [0.34968179855416837, -1.4039048237126388, -0.24086432479591668]], [[-0.2179761232595398, -1.2779008666068896, -0.8853577231168525]], [[-0.19549939817591713, -1.2934761582037082, -0.8268794297281208], [0.295141849627086, -1.391036786525998, -0.8050984475464309]], [[0.24169201426277165, -1.5340262629068613, 0.6286768202612741]], [], [[0.2853618416219293, -1.6361601257261273, 0.35007607268281105], [0.2757907036214565, -1.4934865137894455, 0.4772356929479017]], [[0.05369681358708517, -1.4539630121055773, -0.11414979876426606], [0.39064989421665325, -1.384242073468381, -0.01626073106391289]]]}