{"bodyId": "h0", "timestamp": 154971, "continuousState": [[[0.5407133137523167, -1.5579507599161033, 0.5542942086967297], [0.2376547935666117, -1.4110171549777462, 0.7899707795910889]], [[0.24154586038725462, -1.4359033280774853, 0.7914473756580399]], [[0.49469534792818176, -1.6564787334087936, 0.5702746340940338]], [[0.27310714163731725, -1.5375564071019912, 0.809185832319889]], [[0.35459970857148626, -1.710307795669922, 0.39808568199509387], [0.1583012408462148, -1.4680375670911685, 0.6113272277238384]], [[0.3226386417769136, -1.6024384568611179, 0.6158484092853619]], [[0.14269890131372925, -1.632138750155056, 0.17381785452304166], [0.2780968389600657, -1.3929898056341228, 0.3672691982286958]], [[0.3940611028410424, -1.5398985660975288, 0.3609031637943642]], [[0.019997350780728767, -1.458015191787197, -0.03124081633774358]], [[0.4096768690012539, -1.4145187426541481, 0.06562560914431766]], [[0.09396317483722452, -1.5702870027883327, 0.07168541001441395], [0.29740786572962563, -1.3770325242045411, 0.14863663458958445]], [[0.1334603667656346, -1.4752089594832765, 0.044446911054327076], [0.4217335936141171, -1.4921815555286846, 0.20686044588287836]], [[-0.031393705561170375, -1.4285598061985278, -0.27316383367702085], [0.3615488478709208, -1.3120038790563486, -0.19658513371476305]], [[-0.035796774718709456, -1.4100855794177527, -0.23615397164464616], [0.3618018457049268, -1.3948800166563138, -0.20867017645107444]], [[-0.21663554599750645, -1.2827978196103071, -0.8731924153859363]], [[-0.19387937673488734, -1.2918795384220967, -0.8315236233789401], [0.2453531991427876, -1.3938200482539596, -0.8433994603969861]], [[0.4149218347042019, -1.6651206550437665, 0.4037659220343844], [0.26832535584491235, -1.5405094637888794, 0.6423632892340949]], [], [[0.23266877154532142, -1.617288603508087, 0.3948331319042018]], [[0.05103333060223211, -1.4518843828409023, -0.11435846131134689], [0.39164122074251895, -1.4020927172925166, 0.005137656084057654]]]}