{"bodyId": "h0", "timestamp": 155038, "continuousState": [[[0.541118712957779, -1.5607645968275377, 0.5540478944768178], [0.2230045092764585, -1.403762634664152, 0.7938594330144696]], [[0.25778391613739404, -1.5327962109622042, 0.8052294304673601]], [[0.3538745737760418, -1.7095373699871101, 0.39551886831209365], [0.16500302747060028, -1.467758199074959, 0.6126129385451377]], [[0.4783472919809323, -1.590895604955541, 0.3598414347640198], [0.2957681674752739, -1.602202897076036, 0.5979257810387157]], [[0.14503234104328658, -1.6284816695005564, 0.17354564907943562], [0.2525536892896353, -1.3890168082866416, 0.3434664922829481]], [[0.3966431300238578, -1.5370631452590375, 0.3614360445860525]], [[0.01914193077084275, -1.4590157001322461, -0.03369597063975698]], [[0.4031662075772556, -1.4117757804548918, 0.05813568575412228]], [[0.09298281164264018, -1.5708607044934628, 0.06943123928621935], [0.32839366838788736, -1.3762973804273797, 0.16802780328900327]], [[0.13024347795550603, -1.4787397943222096, 0.048250777345730286], [0.42928986995827473, -1.4847612309396436, 0.2068429146573967]], [[-0.027820289474288558, -1.430181473197351, -0.2853414207985013], [0.37317770380580645, -1.2906216617664865, -0.19082202938894488]], [[-0.03345195379323428, -1.4118805619144978, -0.23726835353514047], [0.35743318023952636, -1.4062994595208391, -0.22997514643804834]], [[-0.20445442779178866, -1.294676985023646, -0.8552705013763657]], [[-0.190387476874156, -1.2951522152748285, -0.8236777907158103], [0.28266755386611614, -1.3977469994256917, -0.8248790009821052]], [[0.40863788122617856, -1.6636385009733932, 0.40768563237980404], [0.26824894053704157, -1.5389064107172579, 0.6345757887023176]], [], [[0.3116898165121094, -1.6096886372280488, 0.26669354192172773], [0.2741609283824546, -1.4956098526813388, 0.47069613666083193]], [[0.05121159424060874, -1.4544606337597803, -0.11854532172638549], [0.4012337868820406, -1.387691446353065, 0.008010442634225914]]]}