{"bodyId": "h0", "timestamp": 1630675666924155105, "continuousState": [[[0.5388690881913454, -1.5633024341596444, 0.5590462830069264], [0.2021544969466622, -1.402579786364635, 0.7848002156737909]], [[0.2824967743109969, -1.530093286122691, 0.8166688311470282]], [[0.3537246797277392, -1.7101710465015283, 0.3989880220385933], [0.17653354127719467, -1.4627250994071441, 0.6201362363003752]], [[0.46025840255925204, -1.6091875981876738, 0.403703329797808], [0.2899103701012273, -1.6049535687815724, 0.6016237091807111]], [[0.14590253581865914, -1.6308164513018315, 0.1778359101220633], [0.25065570949132004, -1.3881626706283767, 0.3477215964384557]], [[0.40357901175404165, -1.5414283991612672, 0.3729775043476234]], [[0.020685429072010153, -1.4589982603250553, -0.03807470342499141]], [[0.4047878969845581, -1.417196544895206, 0.06316685580816647]], [[0.10848915307688305, -1.5882288339865405, 0.10556819951965736], [0.321913219864864, -1.378340127967846, 0.1677440763246668]], [[0.13339045360846508, -1.4817306452275933, 0.048154951050471254], [0.42284948299490976, -1.492343692178721, 0.20375068864271975]], [[-0.02923922233866503, -1.4309996400057143, -0.27083958511218587], [0.30976733478360713, -1.312528206304665, -0.3024611947050976]], [[-0.0355584643552512, -1.411330790059731, -0.20380190855573915], [0.36133913836064924, -1.4109667238933221, -0.22608891720710494]], [[-0.21490339167008563, -1.2885882436292666, -0.858731799800054]], [[-0.1913090348435126, -1.295548268430548, -0.8271047287969309], [0.292171312857294, -1.391267630601039, -0.81774085724254]], [[0.41860522086740326, -1.6655536238089905, 0.3990149967614443], [0.26643991184320703, -1.5368502290113555, 0.6389584685423443]], [], [[0.3030804691889556, -1.6200020247447526, 0.29076961995993567], [0.27028303979627366, -1.4965581197049747, 0.4746726528095834]], [[0.05207561563490003, -1.456365142616654, -0.11134231703085731], [0.3663084088892584, -1.402435949241693, -0.049355253031188914]]]}