{"bodyId": "h0", "timestamp": 1630675666924155172, "continuousState": [[[0.5401726833679295, -1.5643092379354357, 0.5525528854052197], [0.22005734656199138, -1.408137311549575, 0.7885612401934847]], [[0.25465161052342705, -1.5332069245378388, 0.8026091284780004]], [[0.3555752738701922, -1.7101289176659495, 0.39612300431062203], [0.1599358672942826, -1.4739819435193608, 0.6113112272945643]], [[0.47245420434054136, -1.5951715738117451, 0.3695446328271098], [0.2946697119761409, -1.604712795925037, 0.608683700109628]], [[0.14155782853089108, -1.6348892065160425, 0.1819616487871217], [0.2807331976723301, -1.3965341543550254, 0.36480610297986776]], [[0.4016912215151517, -1.5368960323105463, 0.3681097766626176]], [[0.020275829869741812, -1.4604819174708674, -0.035299663403006436]], [[0.4032306188176465, -1.4082061553412653, 0.055488062119620506]], [[0.10490029965638888, -1.595995390485955, 0.12229145124714137], [0.332140949539596, -1.3867023217210432, 0.18573837393326723]], [[0.1339662960305763, -1.4867323872492435, 0.05320900559655547], [0.4221218682423216, -1.5023606669242053, 0.23550411794314574]], [[-0.025539162068359815, -1.4340616662594712, -0.2600977263212508], [0.3672471924419683, -1.313846733611908, -0.18458567578997825]], [[-0.03695783337909197, -1.4172361996100462, -0.17141764776829563], [0.35369414341176686, -1.4102738101124828, -0.21775707773428757]], [[-0.21552311216848863, -1.2947857196811845, -0.8472112280450801]], [[-0.19184183618686307, -1.2933247882635224, -0.8233485363432382], [0.28755165074220645, -1.394488450416296, -0.8157302400765681]], [[0.41535031250965215, -1.665662872932196, 0.40234601335736714], [0.2519850950060779, -1.543457095814479, 0.6332382748829147]], [], [[0.30700601643571623, -1.6150303901638938, 0.27575314080711577], [0.2877014548242355, -1.5006234751400311, 0.4867449015447479]], [[0.05421356698110824, -1.4603970267543573, -0.10344436036234765], [0.39468453034214496, -1.4081037002680565, 0.025459221076583743]]]}