{"bodyId": "h0", "timestamp": 156646, "continuousState": [[[0.5394531822329659, -1.549044757348348, 0.5500232490772298], [0.21653999113333225, -1.4027741854146922, 0.7711815884844475]], [[0.2659685703106636, -1.5260768439625658, 0.807545885446498]], [[0.3437326915719412, -1.700112816474631, 0.39040878465023365], [0.17007756039585092, -1.4670847304972918, 0.6127877781871277]], [[0.45222831595924795, -1.610499868936855, 0.4193504166789892], [0.2821475412629768, -1.6042759801027693, 0.5953286928004102]], [[0.14521754458283892, -1.6237539263906966, 0.1700764494038192], [0.2887240227236207, -1.3902450214166442, 0.3393762879104202]], [[0.4108291395992678, -1.5328305688637025, 0.3670240203892704]], [[0.021751263148979207, -1.45445325676588, -0.03983153357651417]], [[0.39867623524696594, -1.4078043874005568, 0.04829378260287899]], [[0.10655157864879601, -1.592844164201745, 0.1199808203846876], [0.31891541571296694, -1.3626282290832703, 0.1058117933814683]], [[0.15500572800702692, -1.4902174326117983, 0.071058895767879], [0.4250662767548115, -1.4718154429153778, 0.16398928873807314]], [[-0.028348634491055662, -1.4198479200838425, -0.2790326070226738], [0.3150691637513116, -1.3154217608553354, -0.3180721964365332]], [[-0.03366911229650307, -1.4094775284986227, -0.22793302028400375], [0.3455876764117013, -1.40801311323837, -0.2889595452352039]], [[-0.2141381292837692, -1.283562866567515, -0.8775207591428698]], [[-0.19245680887444372, -1.292374704492051, -0.8349798820861324], [0.28034235563574295, -1.400743770886802, -0.8356249637125395]], [[0.42224304759272213, -1.6559162467141126, 0.39804248843886536], [0.27627553021762696, -1.5396046755434492, 0.6388856520107509]], [], [[0.29872293027104346, -1.6171268976637758, 0.2947134330414042], [0.2854357819932988, -1.4972605007597068, 0.4673524903554152]], [[0.06332854675798563, -1.4550326763478205, -0.1039868556273974], [0.37006772025306156, -1.3936186018853567, -0.07704145384923004]]]}