{"bodyId": "h0", "timestamp": 1630675666924157048, "continuousState": [[[0.5415967730117097, -1.5474576079266595, 0.5469959973337206], [0.25160727857535176, -1.4016916091695202, 0.7985261741700105]], [[0.2781724121523091, -1.5222033098789975, 0.8172530207797675]], [[0.38196703101234614, -1.6927983820985337, 0.40001860054542454], [0.17965734348314208, -1.467381027980172, 0.618464044514716]], [[0.45424463109541924, -1.6131553518718473, 0.4188158853872893], [0.30276700394347156, -1.6016299057032783, 0.613663842766626]], [[0.1483726365126803, -1.624991914929488, 0.17110725505507343], [0.2778455584445121, -1.3932168393690925, 0.32650409879747055]], [[0.32648969049594045, -1.5523953668683628, 0.3165386504973835], [0.40998961721356497, -1.53502818716253, 0.37258661774407076]], [[0.02549372270058376, -1.4544530073274524, -0.04030967200372333]], [[0.4126482423509067, -1.4176208924855165, 0.0661040058181868]], [[0.10804523061747284, -1.596338298372701, 0.1291711116981851], [0.33782474580506894, -1.3700614851975912, 0.1308843893796902]], [[0.1694706919243762, -1.5104545076564915, 0.11796232879667332], [0.4293660521477675, -1.4790868793418464, 0.1717697759981445]], [[-0.024927589069473073, -1.4281008354746019, -0.27177447399423066], [0.3095962867618614, -1.3150869109458831, -0.32738186507893396]], [[-0.028386781404495253, -1.4081544326521607, -0.24648144645981052], [0.3454869610225867, -1.4071494903345665, -0.29193953563815855]], [[-0.21740294478232305, -1.285932197447485, -0.8637579696846838]], [[-0.1951839027088844, -1.2916176388468565, -0.8334302770075573], [0.2947013260820015, -1.3959800673264786, -0.8252274319796968]], [[0.42510700164857607, -1.6564552203254679, 0.40331383503832874], [0.26018166510137714, -1.539567015586291, 0.6349698067745314]], [], [[0.30130863380404976, -1.6190736334006677, 0.29496157022118136], [0.2903062811939918, -1.4974233725361854, 0.4700839707820483]], [[0.07227155142745156, -1.4692776715655467, -0.07690607259877867], [0.36948116945481446, -1.3970868951438646, -0.07780604454039473]]]}