{"bodyId": "h0", "timestamp": 1630675666924158857, "continuousState": [[[0.5111970946471094, -1.5278622074169999, 0.5644193064586608]], [[0.2458879648990587, -1.4748062614383113, 0.8223560144838806]], [[0.3328762869180793, -1.6810031934621028, 0.4029689523020409], [0.15051431865052745, -1.457135581317826, 0.6071215906315647]], [[0.44213170075210856, -1.5975306231007034, 0.4086125884683204], [0.2945296053869995, -1.5716839932855506, 0.6089465002080922]], [[0.1379804903526, -1.6098732381303582, 0.17213805975861554], [0.2719647615318406, -1.3800101752892195, 0.34986121060625736]], [[0.4120957942433695, -1.5190032325123233, 0.36653670448157233]], [[0.025141249471288516, -1.4495158332417277, -0.032071431779671915]], [[0.39207788217967116, -1.3812131641684742, 0.04900122890114199]], [[0.08776460566076474, -1.5661895111500619, 0.08657162310848117], [0.3353037150990924, -1.3347698141166648, 0.11660667074277307]], [[0.10797581948436147, -1.4618572497352456, 0.025061839824106074], [0.4115829982180906, -1.4480728895641568, 0.14835400313097807]], [[-0.032836561185940666, -1.4201203079910005, -0.28444124727377174], [0.3266570929818895, -1.3080482401429343, -0.3200018079750989]], [[-0.03743152917980916, -1.398551736821384, -0.2904571593398782], [0.40208025976806017, -1.3945597146388191, -0.23086665137072374]], [[-0.20567317664869553, -1.293283402710889, -0.8431986934712385]], [[-0.1888758619120968, -1.2974586335080822, -0.8137169066207917], [0.2832439683859893, -1.4011348780201291, -0.8443612710346322]], [[0.41672403193255825, -1.635629522279627, 0.40123578269752874], [0.2534650518369783, -1.5154431243044801, 0.6353326496033903]], [], [[0.2900560955523543, -1.603701930615531, 0.29037532411346795], [0.28324718345942007, -1.475847084287385, 0.4794038554071748]], [[0.0375696291492104, -1.440988778863123, -0.12968970372483282], [0.36912004559999, -1.3780605648535456, -0.08582390242206042]]]}