{"bodyId": "h0", "timestamp": 159527, "continuousState": [[[0.47563810556747765, -1.5338013621432063, 0.5942084595514248]], [[0.23448907287723, -1.4693845405585275, 0.8184098878206307]], [[0.3083314273281824, -1.6718684940447688, 0.40387546535392105], [0.18634599336852398, -1.429980774901203, 0.6485820365135676]], [[0.43265259647866533, -1.582317070396925, 0.4630499147676019], [0.29383478960909404, -1.5646097860674653, 0.6145478653151003]], [[0.11532112983234213, -1.6026427608671083, 0.19404257690667623], [0.24415628227897332, -1.3628099032918701, 0.3316354135844738]], [[0.37919796520508475, -1.5147562947249336, 0.34404122600830306]], [[0.003858474079571181, -1.4358044747276912, -0.017107364818312362]], [[0.3664897106040562, -1.3678777983775798, 0.03863321367777053]], [[0.09377792127295907, -1.5855769740825512, 0.1502622807650032], [0.31217695287242303, -1.3290738334972885, 0.11795153170179219]], [[0.3930239612649336, -1.4558377790810257, 0.16902225334530793]], [[-0.038412017253103156, -1.4096690323496504, -0.25588496012094264], [0.3151988848937899, -1.3021485809306315, -0.3122834802303935]], [[0.3276750422796147, -1.401804626104265, -0.3073522759478451]], [[-0.19669727068342308, -1.3028141315297093, -0.8124212445612318]], [[0.2945299868748032, -1.3781997479873633, -0.8247108879931586]], [[0.3991809553669979, -1.6322329402113707, 0.44477012791626974], [0.2352699894583468, -1.5015594921688384, 0.6319820256323212]], [], [[0.27398686315550375, -1.5924799156320166, 0.32854624583713904], [0.2689955359440337, -1.4637098446796677, 0.47309163944978705]], [[0.17730597200591522, -1.4327534057153382, -0.043431353387817354]]]}