{"bodyId": "h0", "timestamp": 159996, "continuousState": [[[0.48729616001571113, -1.4881954473617922, 0.5680744407272235]], [[0.1926774050024951, -1.3644822623721657, 0.8177944336907043]], [[0.43673280363882516, -1.5788510139224934, 0.6089148380768153]], [[0.21594736269647455, -1.4504117374378382, 0.8148880226691507]], [[0.3950112198809833, -1.6417417529816751, 0.458722104155707], [0.18117739759650112, -1.4306673453288221, 0.6206165712129437]], [[0.4373249092314265, -1.5385535756735553, 0.47527486651022993], [0.2730649183975156, -1.5482086315154704, 0.6133744408308955]], [[0.10310433278010481, -1.5783946036036327, 0.18929879501691926], [0.24914662549735977, -1.342427488178414, 0.3112608022260074]], [[0.3919691685313278, -1.5030873234180633, 0.3644381588128583]], [[0.011743614748702214, -1.4450963602794005, 0.005269923074802364]], [[0.37242075643603423, -1.3599451554882993, 0.0523013532756072]], [[0.23312316765662586, -1.6728492471068217, 0.3888380089319835], [0.3305611920138711, -1.3141261932498096, 0.11372951473657145]], [[0.2434827992014146, -1.5864944502032992, 0.39067643613042835], [0.3894625340360826, -1.4252570575348436, 0.15020930755180711]], [[0.10581168945557624, -1.5661616306790953, 0.1947317696775326], [0.34495966997998423, -1.2985749499994101, -0.2956701925848067]], [[0.1205318079714441, -1.46481337779491, 0.12549804953027047], [0.31012798420350507, -1.388493616664025, -0.3543360627704385]], [], [[0.28583688982918987, -1.3788312400691094, -0.8596235003400845]], [[0.41046455231089246, -1.6019054028334345, 0.45617697325150086], [0.1923672369361009, -1.4933188711956409, 0.5985346969457457]], [], [[0.27021462100576565, -1.558474089638594, 0.33228683076357457], [0.26110577194743767, -1.4453180598469422, 0.46231762152845146]], [[0.17464724432849543, -1.5763280404411972, 0.29270410290398047], [0.3672111020080334, -1.361916003767127, -0.0727304425164998]]]}