{"bodyId": "h0", "timestamp": 160331, "continuousState": [[[0.4142176640905729, -1.4606246360734385, 0.5923492982612651]], [[0.17947386229324003, -1.4114920706519944, 0.8269562879098626]], [[0.3524836380682993, -1.6368058176391778, 0.4848428649195198], [0.17207360714333617, -1.4028220301604124, 0.6510666112179617]], [[0.3883335307595175, -1.6093311588902048, 0.507299071626081], [0.2547566502468944, -1.508246168395231, 0.6597456915618856]], [[0.05499848583886149, -1.5881474073688677, 0.24372848885272969]], [[0.301373148800569, -1.4738793069967675, 0.3358185798058455]], [[-0.05522999273789921, -1.4238240018328225, -0.0026497758087939472]], [[0.3392623441082303, -1.3155810377845703, 0.08090183795867233]], [[0.17492601824573717, -1.6448905513375949, 0.39555135300317396], [0.3113860376667476, -1.3018410369527766, 0.1392267977782933]], [[0.1736314971783507, -1.588719140830629, 0.43339743950570936], [0.33036465722327035, -1.3965174133172198, 0.1121705768171114]], [[0.050886276091154516, -1.5740996215826266, 0.24374140538817096]], [[0.09437106019770612, -1.453995996104218, 0.20313420051226513]], [[-0.09390831318650732, -1.416810540326998, -0.003345397511721558]], [[-0.07488030528795903, -1.4102960484724796, 0.0038970499185647894]], [[0.35987603507248883, -1.6116631039517264, 0.506527991580563], [0.18619524632015078, -1.4581480370203992, 0.6414635783683843]], [], [[0.22166600829918948, -1.5987392831295364, 0.37551378023940535]], [[0.1122588866347526, -1.5814093812066279, 0.33856942244694016]]]}