{"bodyId": "h0", "timestamp": 161403, "continuousState": [[[0.5149964592671218, -1.1217951314572019, 0.6680686471491408]], [[0.3330167075715235, -1.1129330455016864, 0.8241743621588807]], [[0.38801370641094746, -1.3565461520990716, 0.509137509075099], [0.3237805985050145, -1.2056207342082839, 0.6794919113548563]], [[0.4870028438363873, -1.2419067568737037, 0.5235155971280714], [0.35408281654782897, -1.1754328381783106, 0.6400236629197877]], [[0.20887566178243974, -1.2981272306262535, 0.27927650476275834]], [[0.28671185151514195, -1.1539024494486805, 0.33998132978127954], [0.49120456340809254, -1.0445735757794268, 0.30611254787602865]], [[0.15764766132901845, -1.0256086564862603, 0.13756430544552994]], [[0.2954088059044424, -0.8464212970878356, 0.07833458129186033], [0.2653820896917866, -0.8702776985696159, 0.11290720964995239]], [[0.13015656816536916, -1.2227775498712827, 0.12620289859518813]], [[0.1513197313440124, -1.1610677877142488, 0.16472578048218428], [0.3941874833609418, -1.0946993808978365, 0.03994235124848729]], [[-0.08036662654795415, -1.046793123450309, -0.24989499235375706]], [[0.0018088408688959135, -0.5705076652618659, -0.7188794392845957]], [[-0.2751310827782468, -0.8627809707376403, -0.7226665084776009]], [], [[0.4750831549706342, -1.2632519690686863, 0.4752358834743943], [0.31185558121991813, -1.1888342999003156, 0.6555266467260933]], [], [[0.3479392528094135, -1.2700169937499786, 0.40139605094541486]], [[0.03547655239802912, -1.1039304555822789, -0.04258460593578639]]]}