{"bodyId": "h0", "timestamp": 162006, "continuousState": [[[0.2695555078055158, -1.1842225000848863, 0.7516925150914611]], [[0.13443011459750118, -1.0654688313247047, 0.8297899734283086]], [[0.29444819606682965, -1.3633980250895474, 0.504822916767719], [0.034337809556359386, -1.2790418546914617, 0.6348141812561009]], [[0.29765590412495563, -1.2395046484446206, 0.6652033308891835], [0.1617575854027873, -1.0402309788594326, 0.6536067837068344]], [[0.08963038228058054, -1.3442567698059988, 0.2336620200018931]], [[0.2473176354315845, -0.9199817268402287, 0.29660234387003015], [0.2770753981806124, -0.9337337718572053, 0.457757646021754]], [[-0.024323687207934656, -1.0709655065951957, 0.17503853104520203]], [[0.032192290083471846, -0.8655870957406803, 0.27180863718160186]], [[0.029333649877920948, -1.1745073644037523, -0.038489796372962244], [0.29130840115859313, -1.2075867347437295, 0.16432834343540026]], [[0.0124783921255231, -1.125809664019916, 0.18496939936218768], [0.2609918461660818, -1.0414576313662396, 0.13170185422710778]], [[-0.17640669808032805, -0.9573595892523787, -0.44885857747380487]], [], [], [], [[0.32391277603907087, -1.2678271331808315, 0.5434069954148437], [0.13888529772495667, -1.149786661558831, 0.6658975147789534]], [], [[0.1936431432027681, -1.2918807091253097, 0.4494326754455383]], [[-0.08196415297740248, -1.0415846266361473, -0.13194458905580858]]]}