{"bodyId": "h0", "timestamp": 1630675666924162877, "continuousState": [[[0.40045231512822393, -1.1572869731892053, 0.6953613696462279]], [[0.2415038938314442, -1.0602430749791611, 0.8244453729647889]], [[0.2982055453110525, -1.338361754294835, 0.5533893733018372], [0.12877319020084474, -1.1170569275785218, 0.6493767786018757]], [[0.4072397423572931, -1.281890836807738, 0.6036837944469821], [0.15290600744807442, -1.1452953954662066, 0.6110071176542949]], [[0.10613016263962731, -1.251563132563657, 0.2932831154701898]], [[0.42291651362875243, -1.0505173781537323, 0.32380582822167114]], [], [[0.36966810866412564, -0.9830154099990747, 0.28604637505132996]], [[0.06692362730568692, -1.1888642012001565, 0.11929261912625998]], [[0.07427038448836476, -1.079977760262272, 0.09419805805811347], [0.3142399178360465, -1.1397299956998115, 0.16326700545625022]], [[-0.07740145642217783, -1.062260656310148, -0.1894180935839138]], [], [[-0.2336256055538024, -0.8833866355664293, -0.6762188674759707]], [], [[0.34529895372933705, -1.3100583224872462, 0.5775913867659576], [0.151431973608597, -1.1421486403480947, 0.6463708309291908]], [], [[0.2566849524984602, -1.2667269846856974, 0.44848345495858594]], [[-0.0015655359669065338, -1.07111920828621, -0.04761001776290016]]]}