{"bodyId": "h0", "timestamp": 1630675666924163212, "continuousState": [[[0.48808222078781155, -1.1247747948793996, 0.6756974986044135]], [[0.3132597394227164, -1.0676291956516897, 0.8028911505461345]], [[0.4090810151005718, -1.298586799010463, 0.5214363197350753], [0.2543147221293525, -1.1840437811666351, 0.5876797307254767]], [[0.4606551242253134, -1.3012030938256958, 0.5297574329126209], [0.3444999987542003, -1.1180550562837457, 0.6015169743836027]], [[0.18000665584301362, -1.3154937814902123, 0.3597559104167417]], [[0.4772850387583669, -1.0113646331001778, 0.2995110261682469]], [[0.1436094737597856, -1.041337949060181, 0.12862767105629996]], [[0.30187270121391474, -0.7832212344368926, 0.04409334094061705]], [[0.15740345805607217, -1.1854947456674145, 0.12487697890582058], [0.4233145576699958, -1.13818365039423, 0.02655489107289941]], [[0.13988560726834065, -1.2377779046806685, 0.18032374105215127], [0.41860490204833534, -1.0337407541896229, 0.004388511050357238]], [[-0.04255348316187337, -1.0290748692893503, -0.17973082978079516]], [[-0.05330626280925355, -1.0604231072231283, -0.18092061309122529]], [], [[-0.23632002485484246, -0.8886449467441571, -0.6732187810923619]], [[0.4265574149783833, -1.301938595521766, 0.5399534792535123], [0.29098059660153514, -1.1546226786322062, 0.5891224477713497]], [], [[0.3203308900341635, -1.308348437657954, 0.4447566716646813]], [[0.048666062053233636, -1.1334263869850094, 0.0002964556356780529]]]}