{"bodyId": "h0", "timestamp": 1630675666924164016, "continuousState": [[[0.516972139317135, -1.0978533389484064, 0.6686891036507686]], [[0.3352100684232473, -1.0897467724632652, 0.7915450411190897]], [[0.42557237257702824, -1.3360133324918297, 0.4911652017213922], [0.23852204566125396, -1.2509582961862777, 0.5272132388200873]], [[0.3700067705392541, -1.103023450736674, 0.5700911234428135]], [[0.2248944871735916, -1.3367437023133397, 0.284943425441071]], [[0.28603783865715976, -1.1831320713252726, 0.3486126017952372], [0.5087411323960498, -0.9855779068536978, 0.3052818997396271]], [[0.06360547884662662, -1.177201471356915, 0.06409916419977935]], [[0.3685559908195144, -0.8171812340296728, -0.017815341677754306], [0.3170155911237737, -0.7733883404184078, 0.0380859727626912]], [[0.1374806184912901, -1.2287398765532835, 0.18075753945668863]], [[0.1869997567447993, -1.0797522660668237, 0.14363853346273275], [0.39897718154909445, -1.0178536402076201, -0.05910067641746946]], [[-0.04122183571897858, -1.0248980865641115, -0.1987356524465056]], [[0.7306955594903629, -0.930444789953707, 0.009530818272416355]], [[-0.24109042323691654, -0.8870310488870262, -0.7132355844322885]], [], [[0.4547222195848791, -1.2831925981754535, 0.5286137194536387], [0.3102963555127578, -1.181927657432186, 0.5587787872710482]], [], [[0.29745062885642287, -1.219883576525007, 0.42751727444194226]], [[0.07288896051291036, -1.0523251763154677, -0.02754855949188642]]]}