{"bodyId": "h0", "timestamp": 1630675666924164083, "continuousState": [[[0.5160290466170441, -1.102822019650992, 0.670245680969708]], [[0.3344331121577959, -1.0840950410386385, 0.7986073971962153]], [[0.42847995795359084, -1.338096428330855, 0.48623024334294357], [0.23522400451424028, -1.245074015768822, 0.5260734439690031]], [[0.3720183916207761, -1.1033915410265045, 0.5690710997566027]], [[0.21601881687832405, -1.3445826645500993, 0.30516757534410704]], [[0.28751787222689623, -1.1824153559897996, 0.35256750353798294], [0.5093801398272251, -0.9853973910660773, 0.3044962619434391]], [[0.06877420071198127, -1.1775207335615163, 0.058958877133229864]], [[0.36916148721342307, -0.8145753708375401, -0.01183617067161549], [0.32953136313313847, -0.7790376937790809, 0.050399817063115505]], [[0.13286447004186028, -1.2365472024690012, 0.19686106526422553]], [[0.1880763607813601, -1.0806637657551428, 0.14499769568512647], [0.39458062766764307, -1.0209524831429946, -0.06556102016796013]], [[-0.04161675273051225, -1.0353736265706457, -0.20170749737827076]], [[-0.053860591689117374, -0.8242774980818326, -0.20967476431866158]], [[-0.24143298973254998, -0.9123700081793867, -0.6728725128024093]], [], [[0.4455465466605099, -1.2949448434260968, 0.5237120345496755], [0.3179898620178333, -1.1801381672338749, 0.56565965067809]], [], [[0.29401860424955006, -1.223987102788302, 0.4371193375503549]], [[0.07322980402542394, -1.0580186961628941, -0.028354900846572148]]]}