{"bodyId": "h0", "timestamp": 1630675666924164150, "continuousState": [[[0.5007058468827789, -1.1198485093588024, 0.6835043879267237]], [[0.33972358541231074, -1.0819492956348418, 0.8004425700192179]], [[0.42614181389364, -1.3396866145788051, 0.4891431271032031], [0.22608161504370675, -1.2455580829808315, 0.5360944875387631]], [[0.4849361641510949, -1.2317022319609081, 0.5116869748067597], [0.3722042613277397, -1.1058553645791775, 0.5699776937738906]], [[0.21402023080569485, -1.351694579009106, 0.3126651509490068]], [[0.28772225137271884, -1.1845634467994215, 0.35131069283029204], [0.5062013709097574, -0.9874782119647189, 0.3065246145055596]], [[0.06878726343632621, -1.1816525578692896, 0.06424452668797676]], [[0.3645591284886322, -0.8223308173897685, -0.007575562216860135], [0.3245660678566146, -0.7757675616941992, 0.03938645618243368]], [[0.1253778620356427, -1.2122540356608227, 0.15526583151072418]], [[0.17906493536754403, -1.040792686765463, 0.084762626938945], [0.3830833060153934, -1.0120274704473513, -0.08180888623723513]], [[-0.04373538135717169, -1.0266724696729348, -0.21320793401959348]], [[-0.057104852242274885, -0.815449706634349, -0.22042414797266316]], [[-0.23443537705052336, -0.896459941052806, -0.7061818108660564]], [], [[0.4518682456848332, -1.29075927920699, 0.5128781938264955], [0.31268331329020316, -1.1809357970917287, 0.5624748555029601]], [], [[0.34947819747839487, -1.2916984054850071, 0.4121760628778833]], [[0.06766477700518617, -1.0337325782191988, -0.06422265354032425]]]}