{"bodyId": "h0", "timestamp": 1630675666924164686, "continuousState": [[[0.5461252656572999, -1.1252151842163425, 0.6600994534299788]], [[0.3624977740862862, -1.116471899168169, 0.7953895346797486]], [[0.4198834614170002, -1.3699558409506336, 0.4767161196119737], [0.287135526277837, -1.2805013012963766, 0.5752933016166066]], [[0.5408464136969032, -1.2057433925519163, 0.4364877234688597], [0.392507263653164, -1.1328628456813554, 0.5728998017646879]], [[0.2299267190767158, -1.3614296264622876, 0.2641280741178314]], [[0.3194315909623053, -1.1951077950688132, 0.33119424098477634], [0.505058895167057, -1.0051210849717014, 0.3126508661755906]], [[0.08649572632135982, -1.209909292150454, 0.06563460837780144]], [[0.41056374823082653, -0.7824226244778549, -0.09409540352705631], [0.3072409655936865, -0.7912129057969894, 0.03557904710679395]], [[0.14586314841685136, -1.1762975146637418, 0.0884428446124025], [0.39550676952004005, -1.1851922818391574, -0.007881813348642481]], [[0.4615175653600288, -1.066022077740817, 0.052683649608871744]], [[-0.04534762697450995, -1.0401045406667895, -0.22933922493673073]], [[0.011974930806600639, -0.5642078213853288, -0.7102930393916058]], [[-0.26811334985351176, -0.8791410330137365, -0.7330440836710859]], [], [[0.463123161963351, -1.3007095343202713, 0.4813222410574073], [0.28867441637445607, -1.198035074486508, 0.5406648130772048]], [], [[0.3853865663868095, -1.283586509507102, 0.35030789879334556]], [[0.20808496919275943, -1.0530633092038033, -0.08832778766392949]]]}