{"bodyId": "h0", "timestamp": 1407, "continuousState": [[[0.4944447197165503, -1.5872956427124074, 0.5483885922660208]], [[0.21549995489813342, -1.5199373912310026, 0.8129584924738147]], [[0.3170047240723279, -1.7273338405936474, 0.37998837327783713], [0.1205802199475031, -1.5047307525653724, 0.5982858267300899]], [[0.2441816068204612, -1.6188991918652809, 0.5821203703005797]], [[0.10700381874852326, -1.6530825607166943, 0.19260398908958928], [0.23524073581789115, -1.4122538493068277, 0.3347914126445755]], [[0.3218506270954501, -1.5769839370611718, 0.33641288674211434], [0.40615900675135547, -1.5529812617041256, 0.37389974381861973]], [[-0.00449786700360113, -1.470020130338133, -0.0451567666088747]], [[0.34813910008676224, -1.4174520584626455, 0.019423853176504736]], [[0.047218502408435885, -1.5867451224213378, 0.04998484086659982], [0.3080008373037467, -1.3973428352044612, 0.14569694463096358]], [[0.37048935152404827, -1.503874172023729, 0.15222112454402645]], [[-0.05153414212224811, -1.4396547834124622, -0.2668149946941628]], [[0.3113533020624154, -1.4478539738053628, -0.269360430661184]], [[-0.23208884787692047, -1.2828292609130771, -0.8662969023184494]], [[0.22978667652473905, -1.4359323474901258, -0.8154366989219386]], [[0.40445867798347335, -1.699140155447456, 0.4049950881233092], [0.20739894170619255, -1.5606790485051314, 0.6083221492495424]], [], [[0.17559271278449223, -1.6359908762909876, 0.3873621796950845]], [[0.15947760470090008, -1.4717644777180956, -0.05729693507506818]]]}