{"bodyId": "h0", "timestamp": 1630675666924166629, "continuousState": [[[0.5072020146621153, -1.5398293277927777, 0.5320032794092509], [0.23248298764670358, -1.392131011209612, 0.8168426986309296]], [[0.25322167347969865, -1.5032206212893753, 0.8203356166559981]], [[0.3975983009992504, -1.7222519005891848, 0.4152877980214023], [0.12039170892987476, -1.4662108469231934, 0.5915078414157197]], [[0.4230719539532225, -1.6479905363313174, 0.47489898218330734], [0.27671508593326666, -1.6063754856026458, 0.5936854659622652]], [[0.13277715534218146, -1.6403524600764927, 0.2182862973781298], [0.2679210747170682, -1.4004931542042929, 0.35586421659493156]], [[0.42140778370896054, -1.5430049725398922, 0.37763526744747195]], [[0.06406723323584447, -1.4680544607520807, -0.005598158700514205]], [[0.38768060181892017, -1.430766204233587, 0.08244075783538232]], [[0.13342722352027891, -1.638344579505942, 0.14864256275365073], [0.257282169218993, -1.3814310711777442, 0.09922231236082871]], [[0.18464627028481875, -1.5755346323404997, 0.24617176752736053], [0.404188953919233, -1.4985232555660544, 0.19039284716973884]], [[0.027471071340152888, -1.491089082812208, -0.1484459842336637], [0.35708636406356276, -1.323486401580626, -0.2571830402912847]], [[0.03124442092081398, -1.406481697300669, -0.1845433139153811], [0.3592901646545081, -1.4139016902373573, -0.26344503492234184]], [[-0.09504152383072849, -1.3294960806719587, -0.7232203836541785]], [[-0.0793462800608294, -1.3400770530853392, -0.674707330349168], [0.2942541210547754, -1.4057953320573782, -0.8496120649893503]], [[0.4242910305115276, -1.6830655234346552, 0.4346668781332447], [0.15835220509028522, -1.5432345946150146, 0.574780755888863]], [], [[0.277924554647702, -1.644171498203905, 0.3465926397807186], [0.27231808032516747, -1.5034343199034694, 0.47477484127859837]], [[0.10605867081248582, -1.5333118575763538, 0.048862891646848414], [0.3806376589913979, -1.4110048285733403, -0.03339509656077293]]]}