{"bodyId": "h0", "timestamp": 167232, "continuousState": [[[0.5940590163842201, -1.5096243695676574, 0.5064546498521243]], [[0.31957696093073784, -1.4200673892573064, 0.7812714911955052]], [[0.5422872499094981, -1.6171653004201605, 0.5489936114575112]], [[0.323672025911213, -1.5127295263892315, 0.7885414033168229]], [[0.4351025375478527, -1.695082459465959, 0.37908416305544484], [0.2688471905167637, -1.5137137197631012, 0.6027605484618132]], [[0.4945311287572886, -1.6216786527514955, 0.3983471391769806], [0.36203001494511206, -1.590405773292123, 0.6070011482737941]], [[0.21030889504291378, -1.6448767285787507, 0.2100155622811726], [0.2798258778749737, -1.3985947647350208, 0.3228740490176506]], [[0.3213615082255307, -1.5489569133418009, 0.2893670207835221], [0.46265848467304044, -1.5401588407814186, 0.4039477552308538]], [], [[0.46224218592143484, -1.4707943028688428, 0.0983153324744021]], [[0.15649845560397124, -1.5763004396483937, 0.08416614290920256], [0.3308074092040952, -1.3986426541579258, 0.11774001222273273]], [[0.19486877416950477, -1.484222312541895, 0.0688813374874087], [0.4611152378036136, -1.4946852975871434, 0.2262916046421874]], [[0.03245473451675133, -1.4102934177871798, -0.3038041288556342], [0.3581477410897073, -1.3332989613949964, -0.2276897057632052]], [[0.03445721113270343, -1.4002152796406726, -0.2922349764856922], [0.45961278550527346, -1.4294065354472847, -0.14115099972875192]], [[-0.13101298290832722, -1.2734645647573724, -0.8824431180729139]], [[-0.10716379708683721, -1.2965064947522473, -0.818707671322054], [0.2911285163419277, -1.413416205669063, -0.7683238853963464]], [[0.4731156969257268, -1.6610282012775954, 0.38455405860896213], [0.3058834073736325, -1.5548238311348423, 0.596094276895105]], [], [[0.3524200119001012, -1.633277690665123, 0.3041813507290766], [0.32092794641004285, -1.4945002690135718, 0.46493759864572237]], [[0.11366175434312804, -1.4472578651645374, -0.11746139568411273], [0.40963148944666045, -1.4139921294910698, -0.0006990505605089098]]]}