{"bodyId": "h0", "timestamp": 167835, "continuousState": [[[0.5771448175852106, -1.5013763825279762, 0.5138439611617599]], [[0.3159070818137104, -1.495169851903846, 0.797139763150413]], [[0.409923245343069, -1.6855684964421491, 0.37722590715986576], [0.2845328211975541, -1.4985133453267054, 0.6135526692242889]], [[0.48571685899178424, -1.6193083775969068, 0.3828867733375787], [0.3737447520807009, -1.5791909780566686, 0.6204570934010871]], [[0.2109988300917026, -1.623642215667895, 0.1817511184684231]], [[0.329625291924758, -1.5353697915473645, 0.2619048326506147], [0.4680009591492744, -1.5265778432309818, 0.3719006852482971]], [[0.12028724734921564, -1.4498668784944615, -0.02881295194097902]], [[0.43136498176978944, -1.4490647640744398, 0.04062275514330167]], [[0.15391782691697098, -1.550198715628039, 0.0465634599975308], [0.31546695391216806, -1.386782693810108, 0.09225123654423169]], [[0.17791947817726275, -1.465520121629601, 0.019559890462737258], [0.45603236212451725, -1.4779201922686673, 0.18695392050078]], [[0.025641563265821447, -1.3957122278753482, -0.31425375576956593], [0.3792467984356631, -1.3295662954172476, -0.2425868222304605]], [[0.02785468189526, -1.3927921377433283, -0.31638766458609463], [0.45149956099843097, -1.4139575686693355, -0.1637219581984623]], [[-0.12723146310339314, -1.2721981875912618, -0.8741655560893014]], [[-0.10061805393931311, -1.2944841548439103, -0.8202330083226611], [0.3107187404565036, -1.407589775682276, -0.7939922534708829]], [[0.4540555240316025, -1.6521372885002452, 0.38055117658354287], [0.33576039264739327, -1.5444851864145108, 0.6188451469319707]], [], [[0.3483578445417434, -1.6214752966324009, 0.2823189459030009]], [[0.1017805207215421, -1.4306161747524746, -0.14734693265341434], [0.4176395802800902, -1.4037432438429573, -0.027816450864840248]]]}