{"bodyId": "h0", "timestamp": 167902, "continuousState": [[[0.578177572371617, -1.503731945482173, 0.5168944029543249]], [[0.30021928274926224, -1.4059078438016899, 0.7942472758776786]], [[0.5268495224587963, -1.6058910128639874, 0.5552117721877897]], [[0.30182436828695813, -1.4899612164134315, 0.7949613340726431]], [[0.4108785335900364, -1.6865024358332512, 0.3758596939188094], [0.30923343534541664, -1.4954221409869008, 0.6349362185732357]], [[0.4908215830176386, -1.6044598339438771, 0.3781746693685202], [0.3666270922633305, -1.5799680760680777, 0.6212478374177445]], [[0.2061892755283343, -1.6236431630126957, 0.18557354447554963], [0.30779583722518167, -1.399015817548973, 0.33606161442979077]], [[0.33736536580698345, -1.52463991644972, 0.253438471817273], [0.45814482195602885, -1.5268816311561129, 0.37466761867228476]], [[0.11852454908451147, -1.4515716646738517, -0.028281802523546958]], [[0.4502299451995491, -1.4478690037797812, 0.05763939506854854]], [[0.1531398212796688, -1.555265094949076, 0.0521142649657213], [0.3121199376453062, -1.3850796450135392, 0.08704926005291919]], [[0.17909533399986635, -1.462195820376449, 0.018405765881530443], [0.4613147200886415, -1.4779701518858697, 0.19656601540734506]], [[0.03008637226764324, -1.3996071702837636, -0.31153738429346006], [0.40308620248957233, -1.3222102290177062, -0.2110283340625008]], [[0.031200980196072692, -1.3950339237671574, -0.31060704349386126], [0.4600551584201089, -1.4061352414569024, -0.1501686775417188]], [[-0.11205481684916663, -1.2912796733265546, -0.8393157684351381], [0.3878791499762101, -1.3425145983685154, -0.612547689132896]], [[-0.10112318649938308, -1.298944397348612, -0.8141365557968356], [0.30625077523133926, -1.3999945132805747, -0.8096997236534009]], [[0.45628429261454884, -1.6478224211060346, 0.37799860152162773], [0.33848079057768155, -1.5424960239133523, 0.6272381913939775]], [], [[0.34850542927298644, -1.6140514984782866, 0.2818741069220349], [0.3372114647442561, -1.4894919468085255, 0.4786547259237676]], [[0.1045908531337548, -1.4309014953301062, -0.14656580920596482], [0.43220046128910694, -1.400090190451788, -0.0072311593275778685]]]}