{"bodyId": "h0", "timestamp": 1630675666924168103, "continuousState": [[[0.5679889237602215, -1.5040563460480638, 0.5147605352741819]], [[0.2968248313434563, -1.494160004165907, 0.7923385980762256]], [[0.4232823781027567, -1.6844827308114037, 0.3790382774447151], [0.26834904878759563, -1.5000818148386825, 0.6094291273556562]], [[0.4810647204320078, -1.6133051685177804, 0.38536138167057854], [0.34663185919106126, -1.5817378103420217, 0.6072112579898978]], [[0.20098553264742025, -1.621261561287415, 0.18541134776067134]], [[0.32923928107896716, -1.529361678197848, 0.2642068879230696], [0.44892077314108975, -1.5280268193560966, 0.386302311102909]], [[0.1160147796357993, -1.4523942000551084, -0.024976749197875278]], [[0.44199570348532596, -1.4486901083409593, 0.05821587620438209]], [[0.1498782194339028, -1.555529713303368, 0.06062378624373196], [0.30962952256648213, -1.3816823379124494, 0.08929501990012159]], [[0.1794928801217582, -1.458472147280933, 0.015737056976781787], [0.4732783573372535, -1.4723629808738683, 0.21185626765379242]], [[0.02984592529869758, -1.3943502198038675, -0.31887518768842166], [0.3996655839579112, -1.3255454250812795, -0.21879164325701844]], [[0.029549669718144173, -1.387579027720188, -0.3094305750462263], [0.43678121525206415, -1.4032072460569576, -0.18530925551221183]], [[-0.11124656546644997, -1.2942064843862935, -0.8301584191385919], [0.35244233819091686, -1.3421868971424051, -0.7212182717916032]], [[-0.10161487942210956, -1.2992258627526057, -0.8053576575455149], [0.30766561081528515, -1.3963447437610381, -0.8222768393316985]], [[0.4520827188453003, -1.649806106908369, 0.3835441865663738], [0.3377613317261148, -1.544752910623426, 0.6277092995733167]], [], [[0.34102512653971406, -1.6172833649025977, 0.28538636471562495]], [[0.1046694027102279, -1.4264111835424003, -0.15156906535581993], [0.43647197064758236, -1.398954202977574, -0.003467687801613009]]]}