{"bodyId": "h0", "timestamp": 168237, "continuousState": [[[0.5852921790215087, -1.4960575546939225, 0.5087518183579761]], [[0.3072877035621341, -1.4886990001022933, 0.8013213897955428]], [[0.42127027286973606, -1.6834443495569484, 0.3811811042443553], [0.2681294512328634, -1.5009777263430917, 0.6128146480407597]], [[0.49416298672407555, -1.6001245253491818, 0.3709963047478013], [0.3706889577374836, -1.5726050164739742, 0.6322805903611072]], [[0.2001870061818318, -1.6225025299117142, 0.19075788813690905]], [[0.33981010283627616, -1.521202660320622, 0.2491285149826208], [0.46029100464318207, -1.5266188023086618, 0.40971903010404914]], [[0.11702833732955645, -1.4523704779312956, -0.020414508878559674]], [[0.43559574020745434, -1.4561047729561212, 0.06659736750445609]], [[0.14535256796793117, -1.5408194463036449, 0.04233545641222418], [0.32339059977087775, -1.3910182620231522, 0.11239843625258004]], [[0.1805734518043595, -1.4540776648490412, 0.013892400107544063], [0.4746110125293201, -1.4761130409691505, 0.2241624013285582]], [[0.025798262673096133, -1.4004856957792682, -0.3185389793209588], [0.3850069598592791, -1.326839252849752, -0.228105159872518]], [[0.02762965109635479, -1.38877463024839, -0.3139462436417696], [0.4558004245755387, -1.4095182358834202, -0.15030183556783572]], [[-0.13096004366767502, -1.2739608268857692, -0.8682051643725731], [0.3454735435460675, -1.3401650328394834, -0.6822963140169948]], [[-0.10475525244836573, -1.2981641194648792, -0.8038518564621318], [0.2917138652110175, -1.3993911655763283, -0.83356320897592]], [[0.4486735346550004, -1.648968225461364, 0.3887127312394475], [0.3329632640397538, -1.5416080551850297, 0.6295892464825884]], [], [[0.3471749964529537, -1.611313527630448, 0.2808770964423552]], [[0.10318585723872781, -1.4272816803141546, -0.15232328960670738], [0.4298089861942996, -1.4014761469094512, -0.001971379271979906]]]}