{"bodyId": "h0", "timestamp": 169711, "continuousState": [[[0.571512472649933, -1.5020808242731527, 0.5101383771071677], [0.3345974144332124, -1.3855165310114848, 0.8181570803124949]], [[0.3292454445238734, -1.5016081422284824, 0.818086878084556]], [[0.41813255944707506, -1.6864156266667756, 0.3840684200855769], [0.27325259315201833, -1.4889142661569876, 0.6185034159306528]], [[0.4893917226689962, -1.595785855354942, 0.37365712063655815], [0.3379434806174045, -1.5803102610279827, 0.6055412041211641]], [[0.2030856927873066, -1.6287849003466255, 0.19105271626508533], [0.31993091739305873, -1.3976368753298682, 0.35520521632489793]], [[0.2959343256259917, -1.520720584414558, 0.22012172880701725], [0.4711326481854394, -1.5280183412515729, 0.38564102719654286]], [[0.11553436776115325, -1.4582559249743898, -0.02636532157489819]], [[0.4474903912089303, -1.4478262383005667, 0.054605176717369884]], [[0.15075585720283277, -1.565011865187318, 0.06562540163005019], [0.3167702208250398, -1.3798893550553681, 0.09360427466699639]], [[0.17594641914327752, -1.4708000897176512, 0.029565232347765005], [0.4575405311465563, -1.4772895791333847, 0.19499109121761785]], [[0.03036691764725657, -1.3936585383865996, -0.30492686188131163], [0.41570679060682936, -1.3307915907628423, -0.2027230038545056]], [[0.029796528966624464, -1.3899879070918657, -0.302907031378608], [0.44412407471425264, -1.407578061373096, -0.1792175411619287]], [[-0.11166826513015886, -1.2987661438784266, -0.8187955687071004], [0.36288736789372616, -1.3543729885030906, -0.7009899168359728]], [[-0.10049662547274198, -1.3052758036401042, -0.794058805765013], [0.2840134638251168, -1.409639305272066, -0.8569134528176885]], [[0.45754862827236215, -1.6431447430076633, 0.37380048786806425], [0.33193852383795935, -1.5374279372882333, 0.6301072496257214]], [], [[0.3462387077281514, -1.6122853778507837, 0.2823549184508217], [0.3289371990052316, -1.4889735681789253, 0.48037321022303103]], [[0.10315666839526705, -1.4322293140521254, -0.13768081476677332], [0.4366236608766928, -1.4040405849481135, -0.0038659563184438722]]]}