{"bodyId": "h0", "timestamp": 169845, "continuousState": [[[0.5829716554273416, -1.4948396922760612, 0.5095108476036366], [0.37058401364106386, -1.3894994844392063, 0.8400159124237896]], [[0.31315611762832507, -1.4984010842413993, 0.8115198519791084]], [[0.41889412166280005, -1.685224195609303, 0.38527108574242563], [0.28043893218619403, -1.4891893056804528, 0.630546149531785]], [[0.49244269838687904, -1.5946716132850443, 0.37085151841555786], [0.34840224933554487, -1.5772809276861435, 0.6156814326266238]], [[0.20431534000209034, -1.625852660054498, 0.18835827721592385], [0.2896529551655767, -1.3900655394238577, 0.33985920545335807]], [[0.32267867302250425, -1.5362447081059347, 0.2678943071800322], [0.4735203836632879, -1.5288047943270289, 0.3922614929419558]], [[0.11570689803880083, -1.449379675115788, -0.03378881328597959]], [[0.4608890118558852, -1.456792785797908, 0.08317431289372325]], [[0.14983660038793187, -1.5697674400744488, 0.07657533639884082], [0.30838798734284, -1.375263077479318, 0.10367632117121615]], [[0.1775196426291604, -1.475776905784295, 0.03257067665954605], [0.47234420041011366, -1.4749530178790549, 0.22402841472665433]], [[0.029508972181494245, -1.3924570757943306, -0.304653621331639], [0.39138619419126963, -1.327251832271433, -0.22161872654169723]], [[0.03032094583732811, -1.3889633487312438, -0.30458912043045483], [0.4605399357896308, -1.4142748210069094, -0.14750581937352694]], [[-0.11131884648929914, -1.2989815988476663, -0.8226929229200991], [0.3650462410291984, -1.3441996492611687, -0.6918686191182266]], [[-0.10099526034445705, -1.3076021128199764, -0.7892336565985206], [0.2981628668447115, -1.402956957530309, -0.8294430332239214]], [[0.46050278091653357, -1.6409246390915697, 0.37164675659553337], [0.3286669314409769, -1.5363947228056234, 0.6378070405629744]], [], [[0.34837901919448466, -1.6102621366697711, 0.2796048978157408], [0.3190276022505608, -1.4836732335550007, 0.4777703190399909]], [[0.10351430740532733, -1.4341169907893128, -0.13604147233604647], [0.4318651973006916, -1.401102425075244, 0.0012048440924785492]]]}