{"bodyId": "h0", "timestamp": 1630675666924169979, "continuousState": [[[0.5725803590325709, -1.5055379968209304, 0.5138244753851394]], [[0.3083197214774143, -1.496728127772174, 0.8131527778912232]], [[0.4102160921485051, -1.6867298675741058, 0.3779722353781017], [0.3266327510238866, -1.4905933205017772, 0.6578529983598506]], [[0.4901290596520703, -1.5952485698945065, 0.37178618400654684], [0.33662646180564526, -1.5796806669782875, 0.6073620858313623]], [[0.2056035681827509, -1.6272991425090597, 0.18685639635395046], [0.31004734114644156, -1.3944701611797017, 0.34064737628456715]], [[0.3238200789137159, -1.534065391916265, 0.2673078678004488], [0.47792005221656175, -1.5260284587915958, 0.387160967794355]], [[0.11685751187081553, -1.4543603634359328, -0.034991419914863174]], [[0.44482496259529375, -1.4434134082911134, 0.042505164530560705]], [[0.15054350066789982, -1.5652269548246218, 0.07724911069290533], [0.32248084070268235, -1.375698485389336, 0.09531072370174752]], [[0.19030499010164095, -1.4765214885337892, 0.050045853099990836], [0.45655069591276676, -1.4752019461041648, 0.1884761134784337]], [[0.028843789136400972, -1.3913448718665185, -0.30036475859801137], [0.4131676456917953, -1.3261497623163228, -0.20180571751726756]], [[0.028860373594780525, -1.3940825109692687, -0.30210743591597045], [0.4536771351285338, -1.4116155029886026, -0.16276813695537612]], [[-0.13351955630139778, -1.2790591224138106, -0.86502470099946], [0.3748951668847549, -1.3404226882770593, -0.6807934134283566]], [[-0.10525157708625715, -1.3032692902133387, -0.804765382025777], [0.29961006821861746, -1.4020210834778557, -0.8278328019450139]], [[0.4541795166040377, -1.644217762376668, 0.37644863771168297], [0.3263685082149093, -1.5390071534320977, 0.6336708319601112]], [], [[0.34786631391741063, -1.611273856201783, 0.27932129018024865], [0.32333690147604344, -1.4870754140789946, 0.4740047310579647]], [[0.10957438961902097, -1.4339331802001538, -0.12515945274901027], [0.43485917080228104, -1.4006758542102438, -0.006664802019416924]]]}