{"bodyId": "h0", "timestamp": 1630675666924170649, "continuousState": [[[0.5732601917340332, -1.5060766888465127, 0.5217952535829503], [0.3029595207173256, -1.3864413984252553, 0.8209086903161219]], [[0.30594200941345184, -1.496754724663581, 0.8194893743196222]], [[0.41100448635936204, -1.6819025117309137, 0.38019717144892934], [0.25079047153777584, -1.4849829548952809, 0.6235631742329847]], [[0.48013322495357913, -1.6055268256709834, 0.3911221913875661], [0.35515252292827587, -1.5774374253036694, 0.6217421387932743]], [[0.20601367799509962, -1.623766159253751, 0.18143198470753305]], [[0.3180226119569133, -1.5416645671561096, 0.28154153376599017], [0.46545417489713325, -1.5275350421135363, 0.37498400584256275]], [[0.11083348673325702, -1.454566896509955, -0.03596373751555279]], [[0.42908528129153317, -1.4444704082462994, 0.03791334109366676]], [[0.14849339581075555, -1.563453044327858, 0.06795667205036353], [0.3218126624040951, -1.3612291301694217, 0.10072491852612597]], [[0.17305556732445826, -1.481139468889489, 0.034481424899232706], [0.44957696950561127, -1.4632419762986693, 0.17687060650545003]], [[0.028869898541570252, -1.3951013310751723, -0.30935631391648305], [0.43578733061422714, -1.3114618147266561, -0.1819775407118266]], [[0.028556157466674562, -1.3925605607687208, -0.30923181404646016], [0.3899255892499698, -1.3987461100181031, -0.2653255978529403]], [[-0.11397903879226234, -1.294960925694414, -0.8295793819252977]], [[-0.1044805611382356, -1.3021707424155244, -0.804937159221437], [0.30200060383555116, -1.3872399088396796, -0.8164401408773381]], [[0.448089876072197, -1.648511126168065, 0.38998848617859905], [0.32302504845962926, -1.534060136368205, 0.6406092947497823]], [], [[0.3430734514743394, -1.6146464924623671, 0.2862770880475496]], [[0.10096273293301425, -1.4381203999823307, -0.13743744450862516], [0.4426821500599192, -1.3873518955126627, -0.002553467103188281]]]}