{"bodyId": "h0", "timestamp": 170716, "continuousState": [[[0.5744567574921566, -1.5057300640759024, 0.5213881059545801], [0.30126893994743775, -1.3873239102097894, 0.8163388601643076]], [[0.3152546578507806, -1.5018838865146376, 0.8212528984295754]], [[0.4091934056250411, -1.685807024695854, 0.3832537634717407], [0.24928063821757793, -1.4879944870448365, 0.6199739300050537]], [[0.48772303883372325, -1.5992350608915034, 0.38104878717511403], [0.34487272122105084, -1.578241743081341, 0.616744755804599]], [[0.20553027040212346, -1.622402652788942, 0.1767435546868944]], [[0.3176245005860463, -1.54272721531779, 0.28327222963395865], [0.4619706705944045, -1.52669919752418, 0.37799153742846786]], [[0.1091532729524884, -1.4518630091619984, -0.03916536938140575]], [[0.4231314618928752, -1.4405529214634467, 0.025018472417808652]], [[0.1484605060762315, -1.5647911362796134, 0.0736834769259517], [0.3225256493932434, -1.3730890527369335, 0.10398694337195206]], [[0.17181744648360092, -1.4797554021873758, 0.04521549329895334], [0.4631512786688204, -1.4705214968337483, 0.20062826713038068]], [[0.03091571606789148, -1.395758527793373, -0.3019924951755695], [0.4100413897189753, -1.3213152509405817, -0.2033778268186952]], [[0.030962923822632264, -1.387518324093444, -0.29801142308392037], [0.43746126554845705, -1.4076170218500266, -0.18214669602276376]], [[-0.11687896599588754, -1.289838803655374, -0.8451425599298823], [0.3462036995165554, -1.3393678570445633, -0.7257593822989836]], [[-0.10416674525996271, -1.300039498965733, -0.8047121432534463], [0.30110760632342337, -1.3965472827228707, -0.8253737402141872]], [[0.44794386196464275, -1.648117384204619, 0.3901561302778243], [0.32316515972093474, -1.5356563202408156, 0.6401077188054278]], [], [[0.34662665461792336, -1.6108188568402226, 0.2788961709310042]], [[0.1013665812757462, -1.4377569649903745, -0.12838850093830806], [0.4365963341938979, -1.395918373887165, -0.0013747798441572645]]]}