{"bodyId": "h0", "timestamp": 1630675666924170783, "continuousState": [[[0.5792823227822849, -1.499825775857169, 0.5253148043807307], [0.30231182560779507, -1.3847389590601418, 0.822084582044962]], [[0.3084191978921961, -1.4952723880296321, 0.8198847086734937]], [[0.40982973328261546, -1.68104659780523, 0.3813866239283675], [0.2625401216549599, -1.488963217577862, 0.6273483034674469]], [[0.48503619157441624, -1.6009278248684342, 0.3876558776920194], [0.347814161311004, -1.5774608646807227, 0.6164016873866706]], [[0.2011602261813399, -1.6210859773419324, 0.17638149801222244]], [[0.46448509068380306, -1.52511166014838, 0.3701516336081572]], [[0.10629842239024032, -1.444268307004129, -0.04519716513270123]], [[0.4174632678951584, -1.4336494033362908, 0.005790524259996573]], [[0.14809078405517193, -1.560322138985781, 0.0670870860533455], [0.3423467162783879, -1.3635327777494366, 0.11981515446608614]], [[0.17282722986168908, -1.476454577652342, 0.034707193214335574], [0.44590556346731297, -1.4602983679724095, 0.17233565568708492]], [[0.028590817524073033, -1.3933259186872087, -0.2925357519994902], [0.44242892768716685, -1.315833623199932, -0.16841714605910943]], [[0.028240563642734175, -1.392886024304454, -0.29377704375645747], [0.4082445313877006, -1.4005051667261206, -0.2317844074009006]], [[-0.12975900071599913, -1.2746860575126753, -0.874577598145183]], [[-0.10402178125022916, -1.2993021222938033, -0.8054768619239826], [0.3014859074198303, -1.3946627444353623, -0.8139890310402454]], [[0.4485415702815769, -1.646069995519586, 0.3904915235308736], [0.3263625731556772, -1.5354070326487745, 0.6409700667061504]], [], [[0.34309820887787806, -1.6110069011051833, 0.2820186878521209]], [[0.10070902369288105, -1.4348902481697752, -0.12891427939257732], [0.4441672455772399, -1.3880659955861707, 0.001959254813987746]]]}