{"bodyId": "h0", "timestamp": 172190, "continuousState": [[[0.18557327571019913, -1.3596620784834708, 0.8229780339014244]], [[0.17278947610648152, -1.4777115085964387, 0.8041645405351024]], [[0.14157156863486783, -1.435612384445489, 0.6311665873566542]], [[0.26990155260171467, -1.565436064102089, 0.6435260414501704]], [], [[0.31763730285384645, -1.547399406145096, 0.3542724984170129]], [], [[0.3661949640184539, -1.4722398234417053, 0.08531198140833453]], [[0.2509634440253219, -1.345425751152139, 0.09818190931979302]], [[0.3377679275488481, -1.4435038259858282, 0.13751414710988524]], [[0.3204786447530469, -1.3210892479443548, -0.2440863526264884]], [[0.23380045998029392, -1.4072607922213654, -0.36828383753253296]], [], [[0.2782721933525497, -1.3586764928480586, -0.783450379661085]], [[0.1985427219127648, -1.5032051017110524, 0.63456836924662]], [], [], [[0.3291232861509475, -1.3822965369650915, -0.053286102758301576]]]}