{"bodyId": "h0", "timestamp": 172257, "continuousState": [[[0.15200851974367197, -1.35648339700895, 0.8060505011371862]], [[0.1665051453196361, -1.4765180084235396, 0.8026383599503827]], [[0.0783888841568064, -1.4222080698817499, 0.5936532685385564]], [[0.29380516715891053, -1.5576102284758295, 0.6652462778346206]], [], [[0.3215106716355508, -1.54701620784931, 0.3608591183325027]], [], [[0.3603324577213741, -1.4789143840719647, 0.07509236529525651]], [[0.2607942349069799, -1.3461092312435525, 0.11330757663822169]], [[0.3470246427441309, -1.4418543697800406, 0.17354839875951644]], [[0.3082237181063101, -1.3347024425703802, -0.24748005015044647]], [[0.24353934941423472, -1.4077015476834145, -0.3398574485083875]], [[0.2512771047043782, -1.320242669096048, -0.7015871158026582]], [[0.26221971830487245, -1.3495312403194177, -0.7527518162530653]], [[0.18237528146323143, -1.4936516302799134, 0.6277377856587455]], [], [], [[0.3276241804252205, -1.3882784061752105, -0.03696582569546501]]]}