{"bodyId": "h0", "timestamp": 1630675666924173329, "continuousState": [[[0.5369035006496804, -1.4420191295998652, 0.5655552793920509]], [[0.3024099924636221, -1.4002037303080745, 0.8139198062854676]], [[0.3755936690995756, -1.6341639648924922, 0.43914722495502817], [0.19164517291956212, -1.4018855515296875, 0.591603694074478]], [[0.4900804797993821, -1.5061417892188125, 0.40766476740362056], [0.2718218682010636, -1.5188203187113332, 0.596264336799809]], [[0.18233064785928768, -1.587992690881773, 0.2421415454853511], [0.334566932810121, -1.334026043142934, 0.3557513798894699]], [[0.446906996232887, -1.4826936046420252, 0.3471263879364189]], [[0.05828498599034811, -1.4194085402281893, 0.027478781660185178]], [[0.4011356243400469, -1.3000269777832378, 0.06682804634289369]], [[0.09860323479091807, -1.471237202782732, 0.09286933511251072], [0.39140162723485855, -1.2848234884471175, 0.06927639885092321]], [[0.12595375180595528, -1.4318025028066963, 0.0784556442987755], [0.36807389961634135, -1.385600439141031, 0.023177239642519]], [[-0.050575485583572485, -1.275228840636041, -0.22836129513361014]], [[-0.057525758062841506, -1.3034981287421197, -0.22406259248410107], [0.22844917750515334, -1.3088632975588825, -0.6485896167813143]], [[-0.23401791661325144, -1.1759356017169462, -0.7857884357267835]], [[-0.2055791159149295, -1.1863445220481004, -0.7416853803487534]], [[0.4341255282065593, -1.574819653513628, 0.4264453287475559], [0.27059085684398226, -1.4643154995395367, 0.625237854366653]], [], [[0.33620556382933486, -1.5470672400502927, 0.32490315644448586], [0.3031944005055923, -1.4264231809271335, 0.47600785834463943]], [[0.037689133111191396, -1.3535156717213686, -0.07495282541741732]]]}