{"bodyId": "h0", "timestamp": 1630675666924175942, "continuousState": [[[0.4970831497281196, -1.5897640315816153, 0.5932287654595186]], [[0.23670088401055067, -1.525192865099674, 0.7911957171782569]], [[0.3210894301384366, -1.7169273477031328, 0.35467774177460704], [0.17809480434835315, -1.49608745573588, 0.6081279675923809]], [[0.4314900187316959, -1.649854358896463, 0.4508409194339558], [0.23441454560258398, -1.5972248947679308, 0.5842722597287486]], [[0.09106814943365896, -1.5895383076123362, 0.2174654661271411], [0.2304842755800039, -1.3611342950138465, 0.3462761585002629]], [[0.30249299267989427, -1.5825933099034393, 0.3586092972942713], [0.3625514606351685, -1.5068650057039619, 0.3292837234218441]], [[0.1634143361227284, -1.3543105635785673, 0.05066815672291136], [-0.07363201443391564, -1.2146117359457675, -0.032539787715776355]], [[0.3267053921960605, -1.3359119744105827, 0.00759212030268327], [0.19695495159915777, -1.3034711193843764, 0.1383422157555999]], [[0.08373359693098843, -1.5365037763911935, 0.008170268814373003], [0.2963123942712834, -1.3553909388639296, 0.09037619517723806]], [[0.10468868098286918, -1.4922384891022806, 0.14896645252144572], [0.3250402376795282, -1.4607730817221316, 0.06504093152547898]], [[-0.03441955675451277, -1.445772302242521, -0.2238680553635859]], [[-0.03373533073823703, -1.4090978170863846, -0.20924188084342996], [0.286367741465054, -1.3778180740427786, -0.44967613936462725]], [[-0.21351324138276373, -1.3287172702910353, -0.828154489132628]], [[-0.16057297690959874, -1.368169920064646, -0.6485146755771121]], [[0.3957247228616429, -1.6883691654491033, 0.4345717570136094], [0.2561930982668848, -1.5490735286009865, 0.6349031793972235]], [], [[0.2612790840826774, -1.6196963332543994, 0.33415319278054845], [0.23244941059129393, -1.4791795948908888, 0.4652742091145058]], [[0.0351345621141782, -1.4690053956724007, -0.03745080142107009]]]}