{"bodyId": "h0", "timestamp": 176344, "continuousState": [[[0.1519913638743817, -1.4630686515324556, 0.8272990357497609]], [[0.16354879203054656, -1.5865365526597832, 0.8089177469523217]], [[0.2264347150774333, -1.772321006830345, 0.3886480516644251], [0.134866829595848, -1.537190426699134, 0.6012825867482094]], [[0.35815841817190613, -1.7171648922188598, 0.4512122353555397], [0.19214210057758305, -1.6306445384282378, 0.5826696758372789]], [[0.0555171780152981, -1.6442102810288413, 0.185696733750749], [0.14277543614170418, -1.3955463745271721, 0.3077014410711481]], [[0.2955433057054307, -1.610310388654501, 0.3659026962278872], [0.31944056578601543, -1.5378213180331437, 0.31119683516308805]], [[0.11458777752164423, -1.4625541799761497, 0.07597290305274396]], [[0.3064621478252272, -1.3830960062119728, -0.03826771065085518], [0.13632267049706137, -1.3187270836501939, 0.12132898664902723]], [[0.04283562851539619, -1.5989326768502128, 0.04757408936884849], [0.20460919634927813, -1.3821687243970775, 0.03385094220003725]], [[0.1603192718638831, -1.5886234622278212, 0.22505699246784547], [0.21265357970296145, -1.474002972520535, -0.004835256169773174]], [[-0.04166552439709915, -1.5060671030922812, -0.16893400859881263], [0.4090116470681312, -1.3472804469797834, -0.2204142120749657]], [[0.2865516663651054, -1.3908180286436778, -0.39342851525656736]], [[-0.19216591964335236, -1.3765628172622884, -0.7170383581279145], [0.37474837820240575, -1.3651252073396767, -0.7184118319401225]], [[0.35854724504934826, -1.3871637529137044, -0.8103610544351902]], [[0.3279411618000389, -1.739758145393797, 0.3994830242738285], [0.20175990285975126, -1.5877392463687305, 0.6150531838246099]], [], [[0.20683779809360212, -1.6806875866238506, 0.31845448455314435], [0.16745876835964363, -1.5130954564777048, 0.4451855584542135]], [[0.059326873733391974, -1.5473452826600513, 0.028061491934516417], [0.31083261338554635, -1.4106417097501591, -0.11262473412236944]]]}