{"bodyId": "h0", "timestamp": 1630675666924177349, "continuousState": [[[0.582647583354338, -1.6143037076343025, 0.5094454849703639]], [[0.29502576625661414, -1.5775436458341126, 0.8090583098344183]], [[0.4074228588412453, -1.7635812766601267, 0.3245275096266109], [0.2195884970961772, -1.5691527273719525, 0.582727807522381]], [[0.4945440559974832, -1.653313585313299, 0.35433808386927146], [0.3319436309581902, -1.630956683709034, 0.5932126132855062]], [[0.1934768137968872, -1.6512645447613692, 0.1486640340556653], [0.2858446766260133, -1.4449833118196498, 0.36653593020330366]], [[0.3553849497048064, -1.5728743455895826, 0.27391227100631316], [0.43376700834736404, -1.5490955485414042, 0.32111004815918454]], [[0.2372464129303641, -1.4025851473701263, -0.01547295365074865]], [[0.36889904262633166, -1.3288702420423029, -0.07707787947967086], [0.31340140992889975, -1.394506007927342, 0.16723008154790067]], [[0.16507305571408215, -1.5745167841633634, -0.05234640490858033], [0.37718095924554607, -1.4436641128684535, 0.14424307815387966]], [[0.1846324232533865, -1.4819795557919264, 0.004981222877428763], [0.3757109448973738, -1.5057800202639344, 0.0942278496805825]], [[-0.006261596139889093, -1.465720683449983, -0.3220399688170278], [0.3851874770293855, -1.4123038186298957, -0.25703512300478726]], [[-0.004924895199075479, -1.4166352521509502, -0.2766452429127671], [0.379791199540977, -1.4574927220823177, -0.27889162752022617]], [[-0.2251310249462046, -1.3140261895325012, -0.8611169838486485], [0.34903462481431596, -1.3952510849286999, -0.7505016125912904]], [[0.32483874600085344, -1.423804613543995, -0.854820659614674]], [[0.444897439386274, -1.714398523590668, 0.3578557340136617], [0.2814624387252318, -1.6036828632500864, 0.5914042581415435]], [], [[0.3440104348971852, -1.652289065037334, 0.2515010589624684], [0.3088941537921017, -1.5379699977643417, 0.47987427174440495]], [[0.08918541355674871, -1.4738501196209546, -0.15852937296979952], [0.38044921096337964, -1.459041919446915, -0.08140363666210237]]]}