{"bodyId": "h0", "timestamp": 178220, "continuousState": [[[0.5332481248650909, -1.6026782966112363, 0.5292746857662747]], [[0.24854887478661614, -1.5573223988806577, 0.8121711739253719]], [[0.36126465160660526, -1.7577237538437556, 0.3425378839605992], [0.17801262629464917, -1.5457673140942259, 0.58181502177476]], [[0.44371877974931745, -1.6677163707822076, 0.37781095981540874], [0.31466784549533056, -1.6378238689918994, 0.600918960549989]], [[0.15413986645159866, -1.6433172364917923, 0.15610826780485854], [0.22880597409778988, -1.412602785085878, 0.3216562772989641]], [[0.33051579132962794, -1.58092598180357, 0.29928332797116375], [0.3898512146994003, -1.5633765265385628, 0.31069903864164417]], [[0.2051403879089524, -1.4209541150326686, 0.014957936463285705], [0.1432293883086395, -1.3196420296734739, 0.11554382618743625]], [[0.35800492212956686, -1.3394279344940623, -0.07296481220595183], [0.2717667977264375, -1.3853421062208349, 0.14711271667459347]], [[0.13887929962658035, -1.5664902496286617, -0.049140651428082265], [0.30311656936886494, -1.3992225403320318, 0.07772461505443858]], [[0.13938666147589082, -1.4965041164138158, 0.05404805286280157], [0.374195814566265, -1.500037615796166, 0.0940494765116016]], [[-0.01941937145520558, -1.4558302658828248, -0.2559696229560018], [0.3429547658320842, -1.3963661140371464, -0.30785352042005093]], [[-0.017778536909377352, -1.4237375500622838, -0.22655737358062492], [0.34237628037405304, -1.4562022328120223, -0.3257224871316621]], [[-0.22410539735303592, -1.3069858260123537, -0.8745044072795445], [0.3349819853590602, -1.381508023446652, -0.775626141500314]], [[-0.1820527624528205, -1.338359400985566, -0.7554054453753434], [0.3357349708356853, -1.4221000312683907, -0.8373013229587539]], [[0.40873319647108036, -1.715629006855785, 0.3652203428536095], [0.27121858032231194, -1.5913977772074446, 0.6086962730810833]], [], [[0.29892932310045806, -1.655516803637, 0.26695961381013367], [0.27173690979656023, -1.5252133270388888, 0.46128761892447656]], [[0.05998364501034262, -1.4761671911483203, -0.10096078504660011], [0.35857529019917456, -1.4482018649166561, -0.10690202195422466]]]}