{"bodyId": "h0", "timestamp": 178287, "continuousState": [[[0.522214146475211, -1.6030654080674287, 0.5332144716539445]], [[0.23246961914735242, -1.4593564904837595, 0.827951560778074]], [[0.47450573084146974, -1.692473000989791, 0.5553761270680571]], [[0.24486883539031942, -1.552275554574439, 0.8146375742493301]], [[0.36428227930478835, -1.7604395333571097, 0.35442746773466777], [0.17333820100302727, -1.5435629164524787, 0.5685712439981564]], [[0.4346084875351226, -1.6719026846636902, 0.39099427301992273], [0.3052780097792172, -1.6324132256913237, 0.5960279835680192]], [[0.1535352513787157, -1.6493940318262976, 0.17167617555456605], [0.2396686468349469, -1.4152063061505433, 0.32521782128962673]], [[0.3251489491794978, -1.587622524388542, 0.3037799383251611], [0.3864673543364092, -1.5634276495168584, 0.3101164192016711]], [[0.2027915346365425, -1.418847896611089, 0.010987380122219519], [0.13709985223566196, -1.3154893749473475, 0.09963892284209919]], [[0.3585458779192483, -1.3378914687872157, -0.07430969128805623], [0.2719932365817231, -1.381325339230856, 0.13942157496683216]], [[0.13607397036310193, -1.5694099740813117, -0.036785085120050784], [0.3024088220363176, -1.4085609903068348, 0.07511328502941388]], [[0.1718434264785567, -1.5180123709776445, 0.10261183448782686], [0.37561970778686393, -1.5041032235122354, 0.09796619598113625]], [[-0.024368798097597223, -1.4583069738416048, -0.25909448393426304], [0.3455758949680617, -1.4000891580023267, -0.3037661805148593]], [[-0.02024141807803636, -1.4218589791590566, -0.23338043989229665], [0.3510419394597911, -1.455659872756829, -0.31049298416072063]], [[-0.23050231766025212, -1.3146039838024608, -0.836861106603823], [0.3560150154797548, -1.3865007969413266, -0.7413020856792607]], [[-0.18613963610690762, -1.3309034521115313, -0.7754425332381738], [0.33249103406928887, -1.4268383558675841, -0.8504994989292225]], [[0.409158006071862, -1.7159875134996558, 0.36523635585298914], [0.2731430499976823, -1.5881875395072187, 0.6085087485505778]], [], [[0.29407186945691915, -1.6606483582449938, 0.2813352242872444], [0.27247332830708204, -1.5238097659209335, 0.460622902428823]], [[0.07373731419047973, -1.4881596724096247, -0.0782413247232181], [0.3605978013774628, -1.4520961907572811, -0.10289999226686153]]]}