{"bodyId": "h0", "timestamp": 178354, "continuousState": [[[0.5210231706556626, -1.601238665200478, 0.5402977597443951]], [[0.24566649397534185, -1.5391657498085187, 0.817892501404789]], [[0.3668507169983789, -1.7581349397228592, 0.35474583591839653], [0.17520382467855644, -1.551496785470241, 0.5875580359177457]], [[0.4399537185077939, -1.6581613232287646, 0.3975965738037514], [0.31582198469682954, -1.628070883424602, 0.6079646495197526]], [[0.15682744947650396, -1.6414304560256123, 0.16679169571395278], [0.2464395644845738, -1.4192759182542243, 0.3452395244042809]], [[0.3301854713720297, -1.5824861023186267, 0.3046961481199178], [0.36970658311325016, -1.5731451572027635, 0.31166133913420163]], [[0.21299589276622294, -1.4015062936806908, -0.003707144937059866], [0.1341218101937436, -1.3237936838240971, 0.11000638310043996]], [[0.36574409520586354, -1.335356076266572, -0.06720687690814543], [0.27652345223397995, -1.3918474322523886, 0.14625121237048802]], [[0.11420813546556934, -1.6098351011791998, 0.1003254128809383], [0.28766440786955993, -1.425030317607754, 0.07106349971393137]], [[0.16832391088266616, -1.5229919940000367, 0.12512032989688737], [0.37577686209685496, -1.5046936772449353, 0.1124205164149812]], [[-0.02177808397640706, -1.460730859488025, -0.24462385600352035], [0.3662054675838278, -1.4065703200328388, -0.2708644910640935]], [[-0.017750984650857445, -1.4226548262792376, -0.22452798647271607], [0.3463546949074739, -1.457063991820413, -0.30967139789087106]], [[-0.22928763782495976, -1.30902857675728, -0.8603201312809374], [0.38143584242983136, -1.3896556986678317, -0.6958351667843824]], [[-0.18501272828757215, -1.3350461550495063, -0.7655588381126158], [0.33005449808451315, -1.4272280210560382, -0.8507271482833205]], [[0.4144165386145376, -1.7104619370143244, 0.3691708487201531], [0.26805529197670286, -1.5892518591466696, 0.6131973492010877]], [], [[0.2983905839921489, -1.6497958896271885, 0.2821941347588521], [0.2811307745907017, -1.5236734008394133, 0.4766020869620168]], [[0.07327291345312954, -1.4918614267440309, -0.05975176305331649], [0.3709911648403414, -1.455631998638887, -0.07922198732455615]]]}