{"bodyId": "h0", "timestamp": 1630675666924178622, "continuousState": [[[0.4394060456740894, -1.6838621099618345, 0.5617322684690668]], [[0.20747481338506532, -1.5085267336637742, 0.7943863475023315]], [[0.36885032633069564, -1.7536532105209082, 0.3548085506251455], [0.28728612555470523, -1.6189787391175097, 0.616951155989323]], [[0.42972981818818123, -1.6680883351621125, 0.5305847101174943], [0.3017020983089053, -1.5741628125520337, 0.5877292776737293]], [[0.18391190239693878, -1.6345420510695554, 0.14195622405273683]], [[0.32896176318791887, -1.5965421977190222, 0.3042354178790638], [0.4004459518434073, -1.5220175925881567, 0.31524728419953724]], [[0.21088229148618784, -1.4054290026998308, 0.012367533031219409]], [[0.3639812505247798, -1.3312009544345478, -0.06820692194751951], [0.2676418231466437, -1.357333539455116, 0.13507367397717734]], [[0.12929955611777802, -1.588035403954639, 0.046412919084951224], [0.312788672804907, -1.4667655090129665, 0.04347667135180768]], [[0.16687035723954785, -1.4842717689987663, 0.051350110622866624], [0.37523687763562885, -1.4839891765087214, 0.08937438759093153]], [[-0.021463789417461326, -1.4545650865432065, -0.2721866685190662], [0.3663443606738872, -1.4224641478238946, -0.2906599674905369]], [[-0.017409384867793507, -1.4124230104909112, -0.2323065873841083], [0.36483070592519745, -1.4468844819349411, -0.30347945501894785]], [[-0.2251399041948658, -1.3107066153506113, -0.8589973790503745], [0.3487688574509837, -1.4022343285180372, -0.7614158502589137]], [[-0.18116981137197166, -1.338516943488093, -0.7536756072143426], [0.3390242037133071, -1.4168871052849674, -0.8388412105838463]], [[0.43393205594911827, -1.7077790732410727, 0.3834857077401605], [0.2905554257466215, -1.59275638185487, 0.6032495010493119]], [], [[0.30682086029256, -1.6513151931158339, 0.33627046708511554]], [[0.07270328391104326, -1.4694184277709863, -0.11041827894809979], [0.370790619154758, -1.453226662166308, -0.10064278994980269]]]}