{"bodyId": "h0", "timestamp": 1630675666924178823, "continuousState": [[[0.4348273255842991, -1.6958553259267533, 0.5646145530603907]], [[0.2030032845690398, -1.5065953290836813, 0.7972436667947534]], [[0.366414436481063, -1.7571152165519621, 0.35382595976048037], [0.27675173738768083, -1.6426126617783923, 0.6126102904616307]], [[0.28921447902937325, -1.5585898003790628, 0.5921524063509348]], [[0.17945740072457386, -1.6451157526366884, 0.16034386877876092]], [[0.40626229687109844, -1.5223869360099063, 0.3339584224870687]], [[0.2087846152006061, -1.4107158878017378, 0.014373708545193268]], [[0.27576641395040613, -1.3723469030047075, 0.14786747782839757]], [[0.15768813057718745, -1.5616487876930862, -0.039134337355975955], [0.35782768434673723, -1.4723418135360518, 0.1256052866384914]], [[0.1901564985131381, -1.4785789880988591, 0.06580902772994955], [0.3653603829806807, -1.4812630430525324, 0.09606090470941604]], [[-0.016007703967683085, -1.4505137531004255, -0.2888884459549115], [0.3814812500695077, -1.4214305651312769, -0.2590301848005761]], [[-0.0036328564931551455, -1.3958789023402218, -0.236204168399001], [0.36440883985737266, -1.4462652585923803, -0.29460360511980344]], [[-0.22398499067252556, -1.3088373635153263, -0.8690176561678713], [0.31706589469850016, -1.4109877955539336, -0.7979158163775281]], [[0.33395310851301724, -1.429019751241369, -0.8347606268431998]], [[0.43690042764287323, -1.701367422899737, 0.38006168178284067], [0.28402516288356605, -1.5934607007863804, 0.6065827160545295]], [], [[0.23433593987697354, -1.6018527765078756, 0.3762481375648479]], [[0.0870743972727275, -1.4645463705996424, -0.11153970911248096], [0.3734208165250942, -1.4513468040919046, -0.08148464004558004]]]}