{"bodyId": "h0", "timestamp": 1630675666924179091, "continuousState": [[[0.44495467735076744, -1.6891248800199155, 0.5549678149073239]], [[0.19347934034563127, -1.5032753182872551, 0.7921043101794344]], [[0.36863443137047697, -1.7578100176726794, 0.3652277231244113], [0.2724999577190897, -1.6436524612418129, 0.6162284769556645]], [[0.29831165470937915, -1.556424154366498, 0.6005868150480733]], [[0.18266594564824026, -1.637009058636986, 0.1555026538856314]], [[0.410342187197278, -1.5138449948586619, 0.33699679826257534]], [[0.2200419640739937, -1.3992361638075663, 0.0018175112363899189]], [[0.24866437859771304, -1.3628593143581873, 0.12882193420039606]], [[0.15074060058891792, -1.5674862670769911, -0.008592193080619153], [0.3314365896412146, -1.4710970319826222, 0.09906066706129127]], [[0.19242675205576631, -1.480213066777329, 0.07003636362408337], [0.3757591182292297, -1.481946628062218, 0.10881427760178462]], [[-0.015844772490834942, -1.4459209543052507, -0.27397052336567074], [0.368528094506627, -1.4226511634743098, -0.2770895873946208]], [[-0.0005533345497507298, -1.3926355641325479, -0.2429123384654588], [0.3621461429237363, -1.445611039444599, -0.2981281242079872]], [[-0.2256434320885635, -1.3075697350921929, -0.8586010012954721], [0.3374990214177269, -1.4028502525684594, -0.7765937218237425]], [[0.33969060968504344, -1.4180194188698683, -0.8382846874659869]], [[0.44920661542492973, -1.6971471821690816, 0.38723322378589387], [0.284427779780764, -1.5916996039586824, 0.6129861805951307]], [], [[0.2404888001788097, -1.596716606501742, 0.3780447344668524]], [[0.08829098978246569, -1.4630670105412897, -0.10196707987079368], [0.3721436063679283, -1.4522988957682639, -0.08413765489641808]]]}