{"bodyId": "h0", "timestamp": 179158, "continuousState": [[[0.4433730941374618, -1.6874952732674757, 0.5564173891753211]], [[0.20645689895725036, -1.5022107272628016, 0.7986089798137923]], [[0.3709153391791495, -1.757950009528764, 0.3558925237598362], [0.2776852543239629, -1.628124491675651, 0.6159679519349345]], [[0.2911696679897427, -1.5601810626487207, 0.5909587230825147]], [[0.17703810869603034, -1.6370954544871865, 0.16407935486202405], [0.25125057823852487, -1.4301254128747556, 0.33029988305037794]], [[0.41780728862009936, -1.5193401434367397, 0.3394215061698521]], [[0.22186439125238552, -1.3946171081540133, 0.00450664662639224]], [[0.2682624720702122, -1.3627972085626876, 0.1413838826663541]], [[0.14561830023697991, -1.5724262594817875, 0.011695031315866118], [0.34751385616426456, -1.4698765226400692, 0.11145968462656379]], [[0.19452989274081306, -1.4730466718632722, 0.06791589530197575], [0.3692664075558507, -1.4833842136547282, 0.09717622096113132]], [[-0.018994938255078295, -1.4555420379518227, -0.2555398767589827], [0.38190386045291413, -1.4209740513666018, -0.25784019368884653]], [[0.0019013308988440941, -1.3846498100006452, -0.2469461433001211], [0.36155648991831163, -1.4452063762861087, -0.2972881639953132]], [[-0.22575929224746916, -1.3087483629741423, -0.8554609838696007], [0.3473876725889329, -1.400463064625523, -0.7576408821019074]], [[0.3372375297607248, -1.4148172250884268, -0.8410513485986333]], [[0.4483471351919564, -1.6919155880448593, 0.39272602380008764], [0.2835424782301843, -1.5917115701649558, 0.6075557485261693]], [], [[0.23410388834288653, -1.5986382585679535, 0.3775190389722694]], [[0.08776747724286738, -1.4642943549075476, -0.09381199072850348], [0.3755851340043824, -1.452179132510665, -0.0803319863638576]]]}