{"bodyId": "h0", "timestamp": 1630675666924179895, "continuousState": [[[0.450922814555421, -1.6795783706850849, 0.5684882812794986]], [[0.2236663667066996, -1.5045642192401616, 0.8088320821478284]], [[0.382162857793143, -1.7534822513437993, 0.35072663981435315], [0.2824162813502244, -1.616404778067267, 0.6237336135767416]], [[0.32080400451580365, -1.5710853528115618, 0.6130284798584124]], [[0.18098844315472756, -1.6426404650333297, 0.16545384299751412], [0.2562285935469215, -1.4260413028483545, 0.35098597081910954]], [[0.34315750314559107, -1.5712604786131412, 0.2863658811093246], [0.40441298001738846, -1.5316772493887663, 0.3377503423700737]], [[0.21346277134389163, -1.4135758632103717, 0.016566910755565913], [0.15295212948066092, -1.336640245494469, 0.12752398104003282]], [[0.3612922401705088, -1.3251859674635358, -0.07911536636137771], [0.295596789061854, -1.3833586005083125, 0.18252681776073995]], [[0.14999090459861664, -1.5649134998990148, -0.019262770612242092], [0.3753921300112088, -1.455631789331702, 0.16219352556112177]], [[0.17413479197627998, -1.467690761657656, 0.033149442943460374], [0.3660604616349847, -1.4789253405859393, 0.11533145563224798]], [[-0.019431577313399145, -1.4495229156755258, -0.27570776017172055], [0.3818546054322835, -1.4104831737055, -0.23760604510766642]], [[-0.01161629005407741, -1.4022704920667792, -0.26603575449574896], [0.37491918227873905, -1.4410679154154455, -0.2594676770205842]], [[-0.2249953415307393, -1.3143300873684638, -0.8519899091512156], [0.3241703449452198, -1.4010813767330794, -0.7673009537652731]], [[-0.18380922030222194, -1.336351521999712, -0.7617375338391025], [0.3371037828327039, -1.4324817587106229, -0.8001095142554306]], [[0.44250920823847123, -1.6906563285164025, 0.3809153518976341], [0.2856301217231571, -1.5882265310520662, 0.6121387655942426]], [], [[0.2508962238352656, -1.6068629089224458, 0.3892411614279632]], [[0.07735160733144042, -1.458606838666591, -0.12127915861413009], [0.3739575335336341, -1.4447042571457196, -0.06113729473770922]]]}