{"bodyId": "h0", "timestamp": 180230, "continuousState": [[[0.4882670605668455, -1.60934260877086, 0.5729618882962216]], [[0.24505882809567855, -1.5171641845130237, 0.811611609994008]], [[0.37186794651033717, -1.752938666570032, 0.3517278417571531], [0.24745510251974587, -1.552083262990325, 0.619269991242513]], [[0.48266556372099473, -1.6332263827083047, 0.37485606993841813], [0.34267938684934257, -1.6113631546885716, 0.6194649049638561]], [[0.1794283369099751, -1.6418351147176662, 0.16110643345113362], [0.23045343445087746, -1.4175155191183941, 0.3300399844122451]], [[0.3465349986343147, -1.569644065873707, 0.2801090178062032], [0.4269495470715324, -1.5423591699613444, 0.34601112662044897]], [[0.2154009025477276, -1.4013610445466793, 0.005698306368605926], [0.15527425218050256, -1.325484902859265, 0.12678275283956372]], [[0.35133921917422056, -1.3365481430920745, -0.06044839543832291], [0.30470312255648174, -1.3773930864991382, 0.1769390953246277]], [[0.14779457888588643, -1.5697674656631717, -0.011754686323627766], [0.35480632760599884, -1.427230253533661, 0.12379833721388718]], [[0.18730586866280755, -1.489580441603666, 0.0690042391110535], [0.37445295601893874, -1.4943694422926492, 0.09814323872903197]], [[-0.01580380566250136, -1.4494372122899823, -0.280158840033087], [0.36507194554970035, -1.4015524034305646, -0.2897383508613566]], [[-0.014042900682673064, -1.4147458380277824, -0.23845026527124968], [0.35124215623765165, -1.4491482338404151, -0.3192898299788465]], [[-0.22819143884288814, -1.309468580025438, -0.8612887679792557], [0.35255424398813145, -1.383228100918671, -0.7591753711823028]], [[-0.18518332901176132, -1.3351428774730538, -0.763078420259973], [0.3269104757684445, -1.4217349609236758, -0.878411103894079]], [[0.4271354074911293, -1.6974530822764027, 0.37428339833160773], [0.27877945958319106, -1.5849119987126696, 0.6117680870321777]], [], [[0.3310469503154849, -1.6375307487129853, 0.2679812516947759], [0.28656641065011, -1.5144393369034828, 0.47475244468805056]], [[0.08575103150015309, -1.4695088269468242, -0.10557730046101675], [0.3697624507843196, -1.4479609228616068, -0.0957975560661623]]]}