{"bodyId": "h0", "timestamp": 1630675666924001541, "continuousState": [[[0.49077254811919585, -1.58833252306824, 0.546923383687983]], [[0.21877374386714724, -1.5261526974855895, 0.8124211363510878]], [[0.3603692167167763, -1.7253463955833392, 0.3851917192886158], [0.14189829883762264, -1.503461362097208, 0.6170868696541946]], [[0.421074939564927, -1.6555665886295814, 0.41871856515887507], [0.24672242279255738, -1.6157692828091808, 0.5794821393798033]], [[0.1101953009625575, -1.6511202040109307, 0.1864610623188928], [0.22956104047997838, -1.403510306733377, 0.3323657446331258]], [[0.3228069628761401, -1.5787098481785793, 0.34246309517205054], [0.36753137441590095, -1.5561910436865762, 0.33264795831112404]], [[-0.005086359820035284, -1.476258546926314, -0.01911935297173636]], [[0.3505813349143371, -1.4151125488417777, 0.018395011786356007]], [[0.04811686211546731, -1.58116582904575, 0.0487932446377522], [0.2956568931227296, -1.3853345728213493, 0.13936736931557062]], [[0.3634767281919294, -1.4996739394812981, 0.14402856807387412]], [[-0.03850600233637238, -1.4516199747318448, -0.23261322835481543]], [[0.3305803161126803, -1.443508921692581, -0.2620257210382351]], [[-0.22632687004166566, -1.2914972307353383, -0.8341835191811708]], [[0.2145858058949848, -1.43712068393753, -0.7780637263706665]], [[0.40848836358821494, -1.6995892004097186, 0.4030748943869801], [0.20566723876922402, -1.5593105548609734, 0.6075418009852191]], [], [[0.26563512026374225, -1.6533433963202562, 0.30258981373888394], [0.2381417316362679, -1.509639794771279, 0.4559239420064646]], [[0.16248536292777851, -1.4756469571065716, -0.044292330140470654]]]}