{"bodyId": "h0", "timestamp": 1630675666924018090, "continuousState": [[[0.6250805722333749, -1.6711968973159073, 0.4724618894929213]], [[0.3538807226565409, -1.6508419809791328, 0.8220218629012468]], [[0.467934697807247, -1.8028688622801512, 0.29605507192229336], [0.21692960517020105, -1.605391920772726, 0.5640769809739552]], [[0.5093505326587273, -1.7316239903472992, 0.34314101366447947], [0.3483562326617471, -1.7389014916860137, 0.5569357127944354]], [[0.17468163216628022, -1.7099810048464323, 0.19265269041052374], [0.21268638541861196, -1.469331680268223, 0.18157563658998857]], [[0.43509537673666454, -1.685869321267929, 0.2130640294982161]], [[0.08301620888420871, -1.5223271421886209, -0.08352489835851247]], [[0.4294682285681345, -1.5616126707090556, -0.1174988681593129]], [[0.16033078499837505, -1.6957697697748075, 0.09178100810763885], [0.19278340985545947, -1.4398408617836151, -0.18417789221298175]], [[0.19980591917411955, -1.6077614504778468, 0.10490015428952984], [0.4188599297287958, -1.5564735739342646, -0.042075319164122674]], [[0.01725368725733148, -1.5214909368790213, -0.27152292277208423]], [[0.02109013797034771, -1.4698589827226656, -0.19796512290405735]], [[-0.18757428730760367, -1.38427703766358, -0.8658930972725338]], [[-0.14755678843416575, -1.3834368935220633, -0.7841309044747181]], [[0.4762438314470016, -1.770260385076778, 0.3468166833001319], [0.3203576871052012, -1.6674923369795571, 0.5892687177229864]], [], [[0.34201608241250375, -1.7208024975968659, 0.2678968520375016], [0.2805213090401795, -1.6041165859771183, 0.369255674692212]], [[0.10852980321572551, -1.564626193678434, -0.0833113842412772]]]}