{"bodyId": "h0", "timestamp": 1630675666924181168, "continuousState": [[[0.5160795514315114, -1.59603254933791, 0.5698232916774306]], [[0.26710107307565817, -1.534572848040297, 0.8060203841942474]], [[0.3751413416341025, -1.7455291280909546, 0.3570415150669016], [0.2747879137322916, -1.543832236381699, 0.6563651818456019]], [[0.47771728325350327, -1.6407723879648237, 0.3724485669388421], [0.3130713406395519, -1.6208143955629106, 0.5998301515210692]], [[0.17439739178170857, -1.635286039716126, 0.16503198836719615], [0.2525682691417228, -1.4187353245641883, 0.35880693731593444]], [[0.30763993738247514, -1.532036843473075, 0.21172006973638963], [0.40148305089003905, -1.5483988290312793, 0.32666087907219754]], [[0.2152056375100331, -1.392759687217263, 0.007129515219062113], [0.15167521344212379, -1.3233855525549123, 0.12855156615404145]], [[0.3710802337610914, -1.3160795056284529, -0.07291240496118508], [0.30872029317181227, -1.378320977744505, 0.17158485265711987]], [[0.14786296880995342, -1.5479313906374863, -0.03735234832341598], [0.33531457415032034, -1.4103948005576927, 0.11121802509440658]], [[0.1606894495153477, -1.4567037138142818, -0.017764936483847804], [0.3759504218156085, -1.4963934729074155, 0.10237633160204292]], [[-0.02160996251730944, -1.4354283278142397, -0.2771883201651438], [0.3760520509471469, -1.3758749405630515, -0.26585896076305787]], [[-0.0175845164163419, -1.406851561441718, -0.26581444203315663], [0.358681397485896, -1.449606576127594, -0.307609316782783]], [[-0.2268225234128337, -1.314764008731398, -0.8493621342532729], [0.33181447765419486, -1.3722852457689347, -0.776261736444177]], [[-0.1877401467686607, -1.3288135543411117, -0.7737092812228866], [0.3353854473059664, -1.4240418835830637, -0.8405260634538256]], [[0.4277922015509601, -1.6957418198267937, 0.37839915686006087], [0.27260934420840954, -1.5858628246924147, 0.6162301085959978]], [], [[0.3260573375176059, -1.6380292138404748, 0.2687402776530191], [0.28281980489063735, -1.5197748600635494, 0.47931854441850186]], [[0.06953974349901912, -1.4460660208142606, -0.1474766283244958], [0.3760012363813777, -1.4361342067352334, -0.08174131458050748]]]}