{"bodyId": "h0", "timestamp": 1630675666924182106, "continuousState": [[[0.5168923097215244, -1.6028696119147292, 0.5751599843722791]], [[0.27983907405740777, -1.5348638414870281, 0.8092768881355558]], [[0.37869503842897534, -1.7438201784941194, 0.3601888831356812], [0.20556937937293082, -1.5461094700800857, 0.6054002234981951]], [[0.4668178452567426, -1.6504266352790906, 0.3903413695842273], [0.3217784129546615, -1.6223182802893477, 0.5965356760664124]], [[0.17827673822192172, -1.6291126707330494, 0.1593409523758603], [0.25575217517468285, -1.4226491574725322, 0.353923421284572]], [[0.3058922507889004, -1.529995069142538, 0.21729883686943002], [0.41194093168059454, -1.5494217301817952, 0.32777792448353305]], [[0.22193629722011082, -1.4016882002521884, 0.005304074129022183], [0.16171353426299198, -1.3327486319364812, 0.13181266334399128]], [[0.3683758171277129, -1.327350499718171, -0.07112568060398439], [0.29710558519800295, -1.372034576147215, 0.1582401868594643]], [[0.14557671877420472, -1.54907910243526, -0.03808762973183457], [0.32008221537766507, -1.4245696720088898, 0.08855736411071052]], [[0.16981107086000213, -1.4468265466658015, -0.05899011167461913], [0.3730329943505051, -1.497313140298527, 0.09281034066562666]], [[-0.02152104442083771, -1.4395545850360116, -0.27977800160931154], [0.3875142834106507, -1.3960684183030232, -0.25840135806482273]], [[-0.019828754494567932, -1.416416395729093, -0.2534265677771309], [0.3489715637338618, -1.4505268253425494, -0.323213440416431]], [[-0.22416276058183823, -1.313211701148352, -0.8481520486976551], [0.34612214383123274, -1.3769405560844976, -0.7578442266752597]], [[-0.18487980736133955, -1.3341666512381978, -0.76227818172347], [0.33487549804460015, -1.4245302159111277, -0.8416101130110398]], [[0.4329461327917161, -1.6971139592388729, 0.3791786887202159], [0.285263797031681, -1.5853304467868554, 0.6148347308133271]], [], [[0.32254729173933216, -1.63976965300607, 0.2748411609800438], [0.28876529406467216, -1.52248371888094, 0.4752295486754922]], [[0.07414501321958221, -1.4431905658509065, -0.16938405664196535], [0.38027363888057786, -1.446690779300775, -0.08279550869959804]]]}