{"bodyId": "h0", "timestamp": 1630675666924182307, "continuousState": [[[0.5231529381619651, -1.6013601576359178, 0.5652188845591227]], [[0.2777935165104275, -1.5464245482729404, 0.8079390467747533]], [[0.3757415537059575, -1.7457238108638502, 0.3559432887354162], [0.207034511447712, -1.5465750827417757, 0.5902881912089287]], [[0.45968453982989926, -1.6662182670239467, 0.386675332170204], [0.32578446593610827, -1.6238441822811098, 0.5943587521882373]], [[0.17245380298359322, -1.634187539046933, 0.16329152418423723], [0.24448118097448832, -1.4214062734782842, 0.33747955185888484]], [[0.29752810315570305, -1.5422604064028436, 0.22838314337051202], [0.4110974696486733, -1.5509625194621341, 0.3219858882826336]], [[0.22366226095962122, -1.4020454511886984, 0.0073932282052564914], [0.14021422733603708, -1.3231263587463744, 0.10722893796858875]], [[0.3651324778988412, -1.3350824651856619, -0.07794881402397141], [0.29784647923831925, -1.3715076760335303, 0.14754299309265753]], [[0.13672582206157505, -1.5457944937751509, -0.06354756719775059], [0.30098664621388527, -1.4122882986119558, 0.043358198208544765]], [[0.16541893222304402, -1.451337060132267, -0.06309470229146086], [0.3756557366289096, -1.5002936939018754, 0.08719485466589981]], [[-0.02062321566182112, -1.4369081596087732, -0.30265394398988726], [0.3503396294047111, -1.3901679001624465, -0.33252216823944014]], [[-0.020279757919423106, -1.415517632518441, -0.26499601090310715], [0.3704454893610521, -1.4479521009937188, -0.30435007776612066]], [[-0.22547937545186472, -1.3181078017022991, -0.8348807665007266], [0.3277236793432985, -1.3811548136550524, -0.7941273838247387]], [[-0.1857442280729049, -1.3314990681952859, -0.7716339111262851], [0.3350471709156218, -1.4272917457190504, -0.8505954214749206]], [[0.4210780283992646, -1.705580405583176, 0.38142655073826653], [0.29320558954562603, -1.587760485341167, 0.6139799143708067]], [], [[0.31606917140674623, -1.65020290303544, 0.2749834281772206], [0.2851328234552983, -1.522625227879697, 0.46591915202356105]], [[0.07239785828061145, -1.44412260987052, -0.18287432314067406], [0.36299768301681035, -1.445230797032161, -0.12266365678677016]]]}