{"bodyId": "h0", "timestamp": 1630675666924183245, "continuousState": [[[0.5108169842970416, -1.607624555160947, 0.5606831173493976]], [[0.2754769354285211, -1.540908039110062, 0.805462722584689]], [[0.3868949995814598, -1.7490995827042397, 0.3324981461989728], [0.22152071852168706, -1.5485244561818254, 0.5975288644869695]], [[0.46025423936406623, -1.6588899965263113, 0.3864132720285322], [0.33535832358590256, -1.6201168676944944, 0.6008526787249842]], [[0.1782521959484173, -1.6423779605459896, 0.16139978992946727], [0.25852605731185896, -1.4227571386470477, 0.350333532844229]], [[0.33509525691648745, -1.5800377046300642, 0.29325498059303506], [0.4253158113443771, -1.5575619306136106, 0.3434103209012994]], [[0.2236101199792298, -1.4081737315563305, 0.004761068842507711], [0.16601563427318478, -1.3400868107572577, 0.12480137893047867]], [[0.3134673700127082, -1.3872770840140916, 0.16367545474090753]], [[0.14873736759369086, -1.5678995588437856, -0.028500675697151565], [0.31295090444869744, -1.4190350295008867, 0.04959373036934971]], [[0.15908390946342935, -1.4909319288404592, 0.0637150016707476], [0.3770447907786463, -1.5028195131853503, 0.08489956098397465]], [[-0.01618702165042595, -1.4457227182810986, -0.2885664126021563], [0.3520891429988262, -1.3971815094045803, -0.33454291647624157]], [[-0.012165968724266122, -1.4105586664895795, -0.2597742505867557], [0.3608923266874392, -1.4523971016844812, -0.31922363528120967]], [[-0.2241948206306179, -1.3156567157758996, -0.8457741736544622], [0.3347220630598445, -1.372959165630055, -0.7916294826952623]], [[-0.18269835143431015, -1.3337292486355423, -0.7673399175329277], [0.3316831685453637, -1.413439090638885, -0.8730300354371404]], [[0.4259596815491457, -1.706356947747971, 0.3718663268052485], [0.2927962208010774, -1.5868137120933978, 0.6114136963780556]], [], [[0.31925321765624176, -1.6506339785361503, 0.27390653097899975], [0.29694219044888076, -1.521437003170771, 0.47559310578460656]], [[0.0714484439065017, -1.468327323560779, -0.11242570546570435], [0.36456696688873624, -1.4500005112949652, -0.12482167774613345]]]}