{"bodyId": "h0", "timestamp": 1630675666924183647, "continuousState": [[[0.5204500726719973, -1.606148014190815, 0.5579515734668367]], [[0.26396222816337467, -1.5453829667466907, 0.7963897591212734]], [[0.3738698400292839, -1.7547053962151449, 0.35175383468023574], [0.25381614388135587, -1.5465107538017977, 0.6154928168049769]], [[0.46153364590155815, -1.6596923641580135, 0.3853185674052572], [0.3387903109052843, -1.6195648792576542, 0.5981908154854441]], [[0.17706550445725908, -1.6414254721182941, 0.1626441574376663], [0.2468770434660712, -1.4182996096038658, 0.33666480531388854]], [[0.33582256649241216, -1.5757801143942114, 0.29243902335368444], [0.4233306660479907, -1.5542869950198546, 0.3318478573386199]], [[0.22832009867068154, -1.3935873476091312, -0.0029878499576338983], [0.1581316260351184, -1.3292735786788228, 0.12070275929458285]], [[0.2958180842992667, -1.3776938614528684, 0.14562337451425925]], [[0.1470878608113074, -1.5622134552634457, -0.03505757640290199], [0.3144865562675034, -1.4158570690326404, 0.049899858871005336]], [[0.1648164592478904, -1.477261210997379, 0.04144589906603119], [0.3772979285878887, -1.5016580274347016, 0.08152436190554363]], [[-0.022053682307667487, -1.452666190338312, -0.2739530396136206], [0.3625468574495019, -1.3969998234838112, -0.3216912134489762]], [[-0.018291613589589188, -1.422618047195002, -0.228778216427409], [0.35576569188195506, -1.4488996990468133, -0.32670029470815054]], [[-0.22988190147745668, -1.3112662123231587, -0.8528525760080188], [0.33180600565597773, -1.3775542593504273, -0.7822367172418487]], [[-0.18728307236706093, -1.330796908012338, -0.7760350824375819], [0.33999220853921996, -1.4140686018409212, -0.8411606725186969]], [[0.4247039842343485, -1.7080466956475597, 0.37270007636073], [0.29624383050752795, -1.5864048950345213, 0.610344619023728]], [], [[0.3192995751794086, -1.6505589181381537, 0.27398136242146176], [0.29283367718567777, -1.51893224443076, 0.4674278103996663]], [[0.07138138847011145, -1.4649637006678455, -0.11625357027379471], [0.3699223930186953, -1.4493289254592563, -0.1200834257717163]]]}