{"bodyId": "h0", "timestamp": 184920, "continuousState": [[[0.5234385525885376, -1.6048217271070053, 0.5552455796422884]], [[0.25754011569607155, -1.5491972810499024, 0.7956743384735265]], [[0.3715048132998572, -1.7546476982465242, 0.3517445693849004], [0.21983766664307997, -1.5477381027096118, 0.5965687374131096]], [[0.4593746180916186, -1.665876676234078, 0.384073971552639], [0.33024331863316864, -1.6241914652508396, 0.5951200657570137]], [[0.17582744913671514, -1.6420210800234956, 0.16022705583906827], [0.24729705678244773, -1.4185144677228394, 0.3360812708153801]], [[0.328629476431589, -1.5875400430890545, 0.3071644376698268], [0.41447677813283257, -1.5557596468580372, 0.3248817177238593]], [[0.22143996191936366, -1.4126362293017467, 0.007253019793258545], [0.1658675706426752, -1.3301350601141146, 0.12699533638206117]], [[0.2890301398980157, -1.376099781596927, 0.1415422463777943]], [[0.1567234309928247, -1.5565592015647198, -0.0654841449933631], [0.3052511143597956, -1.412620765985391, 0.042730833697709844]], [[0.16830994153744244, -1.4590699367997932, -0.0360031777601107], [0.37760721349443294, -1.5009271705775438, 0.08455706390036812]], [[-0.022320876709751532, -1.4498897643400932, -0.28025308121730425], [0.35573360909843266, -1.391163374429254, -0.328169123582461]], [[-0.017533499567680168, -1.4177771587432837, -0.2424075721716938], [0.37580963241815696, -1.447522576461771, -0.29638836080768555]], [[-0.22712313650477603, -1.3194581042440905, -0.8380153604316597], [0.3380871951442937, -1.3727316197648285, -0.7827787298325045]], [[-0.18449651375455028, -1.3402507419456915, -0.752746345544042], [0.3315658958223412, -1.4084197274094492, -0.866943564335584]], [[0.4280067785653885, -1.7091668865219332, 0.363327993712388], [0.2920493270270913, -1.5878584464982757, 0.6105224220225948]], [], [[0.31760103361416686, -1.6539488781287868, 0.27215051369585364], [0.28877018770780816, -1.5213529664868395, 0.4656006682861969]], [[0.07299453241384546, -1.4544798505699432, -0.15812812948870747], [0.3666704112964328, -1.4460452725033988, -0.12180602984104644]]]}