{"bodyId": "h0", "timestamp": 1630675666924018559, "continuousState": [[[0.520133301016811, -1.6754569910119885, 0.5107655214389865]], [[0.2168941705321847, -1.6362561392845714, 0.8025229841062723]], [[0.39007490888504054, -1.8032805648383536, 0.3458723682157861], [0.18247609400129933, -1.6022466286498023, 0.587686885077676]], [[0.46609356373592054, -1.7256378211982344, 0.36026932498277303], [0.3066666377349584, -1.7098532220133433, 0.5999935966482078]], [[0.11520033587577644, -1.7105964837543743, 0.18165516970494947], [0.20817830903626394, -1.4898804399427426, 0.25054755045197635]], [[0.3545963671094956, -1.6330279650326525, 0.2811704045317385], [0.3731628792721492, -1.6633127282402158, 0.28413762314963154]], [[0.03399265059828349, -1.5190041664686598, -0.07935619725577589], [0.23654744815490472, -1.4228030795651263, 0.0502552054963528]], [[0.3320349083474955, -1.4807113678159478, 0.03397066913969798]], [[0.12417440275252374, -1.7084407431648647, 0.1288002582239926], [0.31452759814197523, -1.4716369283694253, 0.041900811261135235]], [[0.21512449542467174, -1.6268966941414473, 0.14904073151419106], [0.38259068117187006, -1.5731994739397046, 0.0783720444695682]], [[-0.012990192501828915, -1.522211628098605, -0.2617313388410382]], [[-0.019608103642970207, -1.4742364517334976, -0.16354387930761505], [0.21306340278497737, -1.5205615409240694, -0.47277133839836755]], [[-0.193602037466071, -1.3819266173046312, -0.8718332300692864]], [[-0.15024219890670212, -1.3906504040042205, -0.7810566078321927], [0.19149725229526415, -1.49500889181873, -0.8864294482957614]], [[0.4207926291615594, -1.7649361469878786, 0.3696793250903438], [0.25935049158657014, -1.6545925807200164, 0.6046733760548777]], [], [[0.2906469498058485, -1.7181171524763044, 0.27096224734386126], [0.2574224733856112, -1.5998668309780428, 0.4252705735500921]], [[0.10106715146142141, -1.5745541611200262, -0.05634530366342358]]]}