{"bodyId": "h0", "timestamp": 186528, "continuousState": [[[0.5561603960601638, -1.593160867680536, 0.516915571212042]], [[0.2632012149991692, -1.5350726762402687, 0.8010860633729984]], [[0.37717928728708233, -1.757321274434372, 0.3467100813662178], [0.20827846550961363, -1.5599347006821436, 0.5958487026146083]], [[0.45603741798048447, -1.6605611956232431, 0.36838187339624573], [0.33576694956309255, -1.6211748059145707, 0.6050391772857849]], [[0.1743169431873631, -1.6413278648923924, 0.15319562536785908], [0.24314126948253464, -1.4297794596518105, 0.34080084142817985]], [[0.303483452493702, -1.5328347441185417, 0.21408932269122466], [0.41007428704294147, -1.5579674544457154, 0.3301003302912095]], [[0.22862879727262247, -1.4005866581939226, -0.012571282449732053], [0.16044447789244465, -1.340096360748371, 0.12047391073905646]], [[0.3597139027080214, -1.3392894826246737, -0.061325008499665046], [0.30002199362445164, -1.385721795629228, 0.146808059048323]], [[0.15453612708038258, -1.5410413645856045, -0.12019753091557209], [0.3050960191150307, -1.434524729828411, 0.07463811746551505]], [[0.1572666685662561, -1.464717117560384, -0.024871899942821983], [0.37650280424546123, -1.505876309518638, 0.09811498090418513]], [[-0.016741625591030127, -1.4469168469746223, -0.2777671204561666], [0.3938484752745467, -1.3994297550541206, -0.24095869720948804]], [[-0.011581804721187723, -1.4157476707351173, -0.27596252141934136], [0.3843785690363761, -1.447153685078202, -0.26793572317299774]], [[-0.22259016201994786, -1.3214936826254464, -0.8340579321681093], [0.3251431331866379, -1.3821116477934583, -0.7992090854605274]], [[-0.18421209407213968, -1.3396491622418578, -0.7508764878666289], [0.34111277080317176, -1.4119052739732114, -0.8438082755403246]], [[0.41837943295278324, -1.7111644945409048, 0.3644088858385269], [0.28453396550339904, -1.59164131270262, 0.6128613251433771]], [], [[0.3151771805839238, -1.6509445302578176, 0.26078874938205243], [0.2894541095228136, -1.5254771327831906, 0.4729200093569824]], [[0.07026252148761299, -1.4558169822675031, -0.15131951019949427], [0.38517563976000396, -1.4526530322863793, -0.07142185815265145]]]}