{"bodyId": "h0", "timestamp": 188538, "continuousState": [[[0.5258517177745, -1.604447474957042, 0.5502773186942558]], [[0.25713214970594683, -1.5525887185533427, 0.7889495326601259]], [[0.37477749837663243, -1.753191617869928, 0.35192679102784175], [0.2133191389993001, -1.5325794009525135, 0.5899467782771014]], [[0.45814878076293875, -1.6671377781130128, 0.3772766083567219], [0.33856430951832156, -1.6343360202020074, 0.5955077869585803]], [[0.17727457553519502, -1.6564775254039865, 0.1782193508959208], [0.23673945279731196, -1.4120591491816699, 0.32305252368296217]], [[0.33094202709115444, -1.5804599693077472, 0.286623362505698], [0.4124335369913056, -1.5656715434966557, 0.3156643121152329]], [[0.2135942389991268, -1.4350312753157741, 0.02535779973140029], [0.16083264394703314, -1.3225943263042954, 0.11200619243401592]], [[0.3611737751389017, -1.343013350048668, -0.061544463261238205], [0.2963028053575786, -1.3762023147605191, 0.14694184430464907]], [[0.16422946009383305, -1.5554425864060488, -0.08023884003508647], [0.29162932278356923, -1.3991756103851727, 0.008783589237525575]], [[0.1475927948331913, -1.492117304834659, 0.0351887764593032], [0.38317859396956944, -1.5059561061278566, 0.05831920071674699]], [[-0.022380675503023327, -1.4545157731148184, -0.26608266176325057], [0.3751632697216585, -1.380639665544374, -0.3198511918025811]], [[-0.015096539548357385, -1.4194733945661582, -0.2579305078769985], [0.30747554679065525, -1.448103385275153, -0.4253096266978275]], [[-0.22906399358344412, -1.3052213649106437, -0.8828426806295016], [0.34663668399086034, -1.372338112042462, -0.7789216946323447]], [[-0.1874976088844188, -1.3382530764960026, -0.758483740610121], [0.34706003377542355, -1.4149260048828738, -0.8422163720133092]], [[0.4196825327201084, -1.71046981246171, 0.36428607828369947], [0.30248223233803423, -1.5839621948718028, 0.6143036286679316]], [], [[0.31771167814906687, -1.6618076517584996, 0.27774797962632136], [0.28765188115781676, -1.5231975846918386, 0.45928015532077127]], [[0.06260605966508398, -1.4733165389747387, -0.1154469426519737], [0.37917093184561396, -1.4432978858361154, -0.13076599554291704]]]}