{"bodyId": "h0", "timestamp": 1630675666924188672, "continuousState": [[[0.5262645860459332, -1.6011639663746846, 0.5526175495414797]], [[0.26667289350082524, -1.547988302558324, 0.7956618285561966]], [[0.37516456094840095, -1.75386967405212, 0.3517164598410859], [0.2903367310206327, -1.536356753259194, 0.6411525324399088]], [[0.4587416437775126, -1.6634015751428037, 0.37869014880996676], [0.3370751684342581, -1.62975133355251, 0.598346319738494]], [[0.17007288332533047, -1.6532582967085199, 0.1840410297187641], [0.2539835198922981, -1.4203015438389857, 0.3353289690275817]], [[0.33349814061237654, -1.5782647894701203, 0.28950548668261217], [0.4236807893173632, -1.556489193078156, 0.33259583652164]], [[0.21936447255412617, -1.4145716528374301, 0.002173979280782305], [0.18169691232705987, -1.3395324505644064, 0.11295008692481269]], [[0.2986154498626661, -1.374904176736308, 0.14587004975182138]], [[0.138801155799901, -1.5559101582191857, -0.058259341066748446], [0.31382860526551165, -1.4145987111905394, 0.039507605325683696]], [[0.17012704217329894, -1.4524609064677483, -0.06373432346364871], [0.3758662738521282, -1.5087407869535385, 0.0704481096453269]], [[-0.024189279751113985, -1.455496981644948, -0.26775581371832846], [0.36636964278675416, -1.368098672924425, -0.29616462019798495]], [[-0.018596129416245732, -1.422760088952145, -0.24885191889935687], [0.36127386297430575, -1.4481700119972063, -0.3385638771087565]], [[-0.22762283434883304, -1.3151310496087536, -0.8460981657726248], [0.3353329128311061, -1.3777587769297293, -0.7884563900734076]], [[-0.1860618102509743, -1.3383129957535391, -0.7550514952568287], [0.33406774172556536, -1.4226934969664224, -0.8549766399533589]], [[0.4222112864399733, -1.7100948573395613, 0.36862824366724656], [0.3012207372468033, -1.587101273852745, 0.6152943746340868]], [], [[0.3144072635514215, -1.6583299359256618, 0.28136558926436545], [0.29552934416327814, -1.5250264386957477, 0.4668376443830378]], [[0.07296888121109248, -1.453978944056348, -0.1657450685909886], [0.37111795831944117, -1.4384197299389818, -0.11285825527632903]]]}