{"bodyId": "h0", "timestamp": 189208, "continuousState": [[[0.5220260983427172, -1.6006312232027273, 0.5544706573623056]], [[0.27463008393465815, -1.5406696065805086, 0.7967498313568722]], [[0.37246415530283256, -1.7508999196781354, 0.35073638255148715], [0.2261565452504185, -1.5470639005657587, 0.6000681907295516]], [[0.460026284300938, -1.6632640995298302, 0.3821613912998389], [0.3273331018636743, -1.6216769272088114, 0.5895195874699967]], [[0.17451402457836485, -1.6413992746993238, 0.15854562234953393], [0.23726833242090128, -1.419176542233784, 0.3242227342100762]], [[0.3040564148128289, -1.536020277419687, 0.21370192719395845], [0.4112129323095642, -1.5520264487594422, 0.31998146787850396]], [[0.22168920186938645, -1.4004878043939037, 0.01121143532241399], [0.14208430519983198, -1.3252836116843152, 0.09946397054711406]], [[0.3509788966753643, -1.345201879472989, -0.038465997211048035], [0.2969567509892888, -1.3699666775171586, 0.14407260482837114]], [[0.13489426226142, -1.5517251538730752, -0.05123603320716143], [0.3134049531156006, -1.4153931508613544, 0.044817742555983614]], [[0.1704373083523635, -1.4431127065012757, -0.06681478169601496], [0.3767043927422019, -1.5015583661515555, 0.07902450349253036]], [[-0.020185760335904433, -1.450925028411203, -0.26911828325496023], [0.3299309565263441, -1.3890750471115265, -0.3750013146639478]], [[-0.01743681246253931, -1.4178511277948478, -0.241078590905169], [0.3408413547664702, -1.4489238249266052, -0.37153390626228133]], [[-0.22523915359751728, -1.3064584552137741, -0.8906674631873921], [0.37728883428631343, -1.3437981916862982, -0.7748458121450951]], [[-0.1869628829124125, -1.3345893954998846, -0.7716752149610324], [0.3528344854359084, -1.406944954285384, -0.8529626285414663]], [[0.4289129613908609, -1.7054090497774026, 0.36097507161570547], [0.3018589778393457, -1.585348530385459, 0.6148262458913241]], [], [[0.31727015443965145, -1.652331687114577, 0.2703535068246864], [0.28230071714228777, -1.5204267347212976, 0.4568711608400364]], [[0.07512577400822953, -1.4470188674562392, -0.1679665324754876], [0.353317674634273, -1.4453167066315409, -0.14798840558570872]]]}