{"bodyId": "h0", "timestamp": 190079, "continuousState": [[[0.5642515640143018, -1.5746875621874201, 0.5096470102991637]], [[0.25735982842879707, -1.4458171810589269, 0.7888098619096376]], [[0.4873436328132367, -1.679361097769484, 0.5659052370580469]], [[0.26090126128926727, -1.528799669256238, 0.7954572398046321]], [[0.3791185564842819, -1.747415595698618, 0.3462482320562747], [0.2597967288339273, -1.5516265988811186, 0.6445290508517744]], [[0.4689124893844445, -1.6502070128683226, 0.3745264386211652], [0.3319275055839748, -1.6205907802825652, 0.6002453461942844]], [[0.17966830290110772, -1.6385003000979341, 0.14885458914791116], [0.24195731278008975, -1.4261196777744307, 0.3463440110749791]], [[0.30410362802795937, -1.5308436911143772, 0.21440164044152948], [0.38490674668458225, -1.555300575542733, 0.30062639971952965]], [[0.22585978311722044, -1.401905904889495, -0.011054416884667717], [0.16908184823893088, -1.3359449836003343, 0.1348246689794621]], [[0.36416202396389113, -1.3284999868342857, -0.07165549042252724], [0.2918623591766154, -1.3770627832008095, 0.14427200289408915]], [[0.146714320725263, -1.557595035963334, -0.042880988773562424], [0.3114307894614913, -1.429271261113168, 0.07903903171886986]], [[0.16198971931518658, -1.4567829307785214, -0.026307451238719522], [0.37314826774804694, -1.4983739816905852, 0.09080678537865242]], [[-0.02169761621640771, -1.4472494579089195, -0.2689597806200629], [0.35625128364700165, -1.3953667271567454, -0.3034139720240539]], [[-0.016722886360556858, -1.4168181510752824, -0.24396623685753138], [0.36569984278148787, -1.446919228101715, -0.306246158755426]], [[-0.2264054278155971, -1.3135889935755578, -0.8496894833464439], [0.33828122620131446, -1.3716539671642427, -0.786094775042912]], [[-0.18570162708445367, -1.3339831481144326, -0.7626356235407343], [0.3399219116799129, -1.413375191422955, -0.857347698597651]], [[0.4266494147614667, -1.702905739614385, 0.37183297527182685], [0.2856392721774455, -1.5891549913308123, 0.6168651912795858]], [], [[0.3242903961427761, -1.6443536564831285, 0.2616905138845382], [0.2869424091820323, -1.523355229028498, 0.4732946786346317]], [[0.07014605154938944, -1.4520161943437204, -0.14763361592939123], [0.3646997756975243, -1.4468703544236652, -0.10630359332270074]]]}