{"bodyId": "h0", "timestamp": 1630675666924191419, "continuousState": [[[0.5277073942383995, -1.5919315444721798, 0.5474765255484393]], [[0.26955952041088177, -1.5323683361406057, 0.8000183952238344]], [[0.37600380896555446, -1.7507709177819892, 0.3528643700261764], [0.18940753143846745, -1.5523860764318116, 0.5822418772307654]], [[0.4635527644509248, -1.6591950472660288, 0.3828422818152169], [0.34170364321093577, -1.6187319465468901, 0.6126697275828826]], [[0.18125885226684021, -1.639850836700105, 0.1475888184502678], [0.24874721430625574, -1.4235550007856155, 0.34797645732965177]], [[0.30308799162666294, -1.5357767758336494, 0.22650271869538868], [0.4123941534229482, -1.55378572331719, 0.33288318411580714]], [[0.22043245443826867, -1.4019146192131926, 0.012212871727231005], [0.1585596998701176, -1.333154759167142, 0.12101245308964735]], [[0.37276577263425253, -1.319059200580702, -0.0830887766806095], [0.30823879950610283, -1.3840853813058558, 0.15955178516102092]], [[0.14656170662364007, -1.5554776325889201, -0.045575271059408125], [0.3114948788305078, -1.4277783611224328, 0.07597373348870565]], [[0.17529736520745473, -1.4352716602209896, -0.0682307786440524], [0.3747101223462239, -1.5010522911603243, 0.09154192239666895]], [[-0.02426697228633668, -1.445449079712621, -0.274573967916662], [0.3588911857934477, -1.3996536715903125, -0.3290149951809026]], [[-0.01905179822247459, -1.4104693986107009, -0.2412484179575638], [0.35228731425850673, -1.4514735045440001, -0.3506530719466521]], [[-0.22850958053969048, -1.3101080156989047, -0.8605614330848189], [0.3343910759996786, -1.371468912201552, -0.7958288169500322]], [[-0.18906476026390606, -1.3321030325127954, -0.7673370099119298], [0.354677394413505, -1.4174509132150346, -0.8377478438227738]], [[0.42735472131383717, -1.7053043456014843, 0.3720257388377861], [0.2874863043139317, -1.588725939537589, 0.6162173661192036]], [], [[0.3224058083588825, -1.6495229419830668, 0.26521555013274234], [0.29522542875859575, -1.5211434736662528, 0.4803230924562672]], [[0.07551519646055903, -1.4403603699668053, -0.1714023732803572], [0.3668006540698358, -1.4503529813753184, -0.11873653639211683]]]}