{"bodyId": "h0", "timestamp": 192223, "continuousState": [[[0.5517022022863867, -1.5787212628624847, 0.5182998014335166]], [[0.27905726631432365, -1.52753768523719, 0.8051906471093727]], [[0.3724413881340913, -1.7491904417153197, 0.35577876347191933], [0.24221101543614237, -1.5547633339187938, 0.610700759218018]], [[0.4660578462429182, -1.6603190996016524, 0.37564767210848166], [0.33358009524589577, -1.6167112466635587, 0.6054674095429241]], [[0.17712760416344947, -1.6423369859030386, 0.16473752556916543], [0.24268549803769224, -1.4250121375570681, 0.33413835523795976]], [[0.3314562073616555, -1.5806365323388067, 0.29473020235150216], [0.4155112299812481, -1.5544048660759524, 0.3271072191073747]], [[0.2217930238118402, -1.4040396050778736, 0.0037162357891927515], [0.16158912855647578, -1.3324974445916362, 0.12709814550385248]], [[0.3005404615582306, -1.3817754899847994, 0.15678583865739074]], [[0.16642111068083767, -1.544347570070322, -0.09035723523772071], [0.3100495570200253, -1.4350297195021589, 0.046822364464860586]], [[0.17053313891143237, -1.4775856562120353, 0.028696208559243132], [0.38081895409621186, -1.5040605224675292, 0.0912868053503471]], [[-0.024233707227094156, -1.4471540067861959, -0.2822482790021686], [0.36133550406001813, -1.4086852924297817, -0.3011433707867784]], [[-0.01580347343896949, -1.407131566119294, -0.2649644721676068], [0.35473166913760634, -1.4556744595733135, -0.32345068456484616]], [[-0.2320265723482769, -1.307809062428813, -0.8571609176149213], [0.32878652149328785, -1.3862539391584383, -0.7883125946868256]], [[-0.18750471047638387, -1.3288132844187155, -0.7775344236143055], [0.3371940773857889, -1.4202632240793478, -0.8437335537649034]], [[0.424833791111122, -1.7044238163671364, 0.37245304706423826], [0.2928596196267363, -1.5892923218938746, 0.6157582624903366]], [], [[0.3215927252031838, -1.6513280427523456, 0.2701925988388235], [0.28813279664179403, -1.5208616921103135, 0.46980288239044193]], [[0.07314971584216912, -1.4623698314991156, -0.12677603522146272], [0.371077229078115, -1.4563729074486553, -0.10492828271821564]]]}