{"bodyId": "h0", "timestamp": 1630675666924192424, "continuousState": [[[0.5216967532026641, -1.5930679091233388, 0.5525190647965942]], [[0.2720864631780696, -1.5264278876356787, 0.801247240835986]], [[0.38158823043016166, -1.7468292110152897, 0.34144840329338944], [0.23006770790933548, -1.5556949610654411, 0.6047914342596937]], [[0.46287030260253625, -1.6606055745933004, 0.38286554425796954], [0.31109758415283956, -1.620625589920549, 0.5892734399335738]], [[0.1799119938697651, -1.639643674036499, 0.1548658502171595], [0.2426395034665543, -1.4243770425358562, 0.33432537783711497]], [[0.3350993958106234, -1.5787200006384727, 0.288818966889025], [0.40799027952404526, -1.5509116730474275, 0.31778449608877624]], [[0.21669941985014027, -1.4124690325575884, 0.009902493351294424], [0.17627294912245292, -1.3342476388314066, 0.1374081300003736]], [[0.29768578274036256, -1.378371587933208, 0.14965126258650638]], [[0.15221200908994, -1.5556271032053741, -0.05561041414570422], [0.31040595577373553, -1.4325299495773525, 0.07641786130139462]], [[0.16698768027919772, -1.4555194253140002, -0.04109698054540217], [0.3773218660587456, -1.5053851423966318, 0.09223515809298988]], [[-0.022976785648842337, -1.4479437582829413, -0.27674562834577343], [0.3502505869600218, -1.3780978308346739, -0.30535209505089667]], [[-0.019093159180918178, -1.4180181369125284, -0.24610398484875282], [0.3611012161474926, -1.4495209252778578, -0.30742136781099405]], [[-0.22756255008077825, -1.3219237659182637, -0.8306042747759107], [0.3199391125036414, -1.3680583443806833, -0.8028193697464392]], [[-0.18654352170960162, -1.3431666213294597, -0.7465523891873713], [0.3399587576733113, -1.4137874306215465, -0.8394193327237442]], [[0.4272996848193712, -1.703814639100396, 0.37162698651207804], [0.29045739661743825, -1.5907196478092358, 0.6152775720361937]], [], [[0.32139114823615067, -1.6501246243148997, 0.26886569723756454], [0.27686854380969694, -1.5225013162282026, 0.46179940888534443]], [[0.07200544731517769, -1.4517315917984708, -0.1589213044455878], [0.36378622650938375, -1.4417414866156528, -0.1065584684789534]]]}