{"bodyId": "h0", "timestamp": 192558, "continuousState": [[[0.5483096043663364, -1.5797287963134754, 0.5249376586172174]], [[0.2563283936179191, -1.5271880060425445, 0.7918137245097391]], [[0.3837974020095757, -1.7443127061284622, 0.3364129844509496], [0.21669023337740168, -1.559014857530528, 0.5999888559597095]], [[0.4665758373861093, -1.6521603430763485, 0.3785282043198911], [0.3102224738642444, -1.6181060901341644, 0.5909063559324375]], [[0.17394127933551357, -1.644883211810218, 0.16918926500108886], [0.2519457324976672, -1.4263807696383606, 0.34493490037723157]], [[0.30204681268345457, -1.5385653745293808, 0.22675709601637822], [0.4225342432901491, -1.550868695019915, 0.33027709210603984]], [[0.22112846393284208, -1.4021446547066498, 0.007186010801278144], [0.1641709654604706, -1.3363527197749985, 0.1312094075565992]], [[0.3686316432742256, -1.3214190124732403, -0.08038587193415196], [0.29477340474950053, -1.3805193622960352, 0.15296517224892342]], [[0.1519414476738557, -1.5541646265638802, -0.04954886486828286], [0.3025214258964231, -1.429844108188192, 0.06575858233497593]], [[0.17554164166120317, -1.4635882436114125, 0.010179178492925302], [0.37901397790004604, -1.5033471061708323, 0.09211053532066513]], [[-0.023399105064953234, -1.44698628035795, -0.27109500454685326], [0.37607108104102965, -1.3991909038241568, -0.3001281253213042]], [[-0.01553700749481601, -1.4064648566108813, -0.24589739151319964], [0.3549988522266815, -1.4513078211984844, -0.32619868569697064]], [[-0.22674440097297238, -1.313892545112507, -0.8487591991632744], [0.33899586222495326, -1.3712552936492155, -0.7787252521248017]], [[-0.18489401359876234, -1.3344792865916857, -0.761166042499929], [0.34459995841717433, -1.4114031852370945, -0.8449094858959814]], [[0.42589566525108813, -1.7013767157872624, 0.3723760860581851], [0.2882586182017017, -1.5903556380783397, 0.6181792267554251]], [], [[0.3202585583608114, -1.6485217774432832, 0.27385873466049], [0.2810841031809558, -1.5222434298862626, 0.4679206281548345]], [[0.07607126829812497, -1.4552872619846813, -0.13045791302696397], [0.37754252947053785, -1.4512690049974946, -0.10400879500031952]]]}