{"bodyId": "h0", "timestamp": 1630675666924192692, "continuousState": [[[0.5270954727572801, -1.588825384131807, 0.5477906044967408]], [[0.271221219360501, -1.5263916215756903, 0.800725832845662]], [[0.37718472191855373, -1.7471959143386184, 0.3465918142550961], [0.2509356882530633, -1.5535888587049012, 0.6128479689247534]], [[0.46196487378721857, -1.660436535396473, 0.3798096211013888], [0.33926432885646546, -1.6144041589055362, 0.6068285551448305]], [[0.1749277092168203, -1.6384788287717087, 0.16065394206370978], [0.24135397570621103, -1.425326366726456, 0.3275793569492978]], [[0.3242214087959565, -1.5865856876518767, 0.3065485013120019], [0.40972744453329485, -1.549649276084019, 0.32072917710596904]], [[0.22171516778225783, -1.399588961502051, -0.002723245435423678], [0.17946817463777484, -1.3331859997545201, 0.1400785407918911]], [[0.29545488040577494, -1.3740935397462704, 0.1484571032043848]], [[0.1528101657594258, -1.5535827800826452, -0.05395626930431399], [0.31314186244817527, -1.43018511860509, 0.048745050400122635]], [[0.17289656003099793, -1.4500875576740484, -0.05665347854539482], [0.37755372628397527, -1.5028204232949132, 0.08588641973766108]], [[-0.022780273738500795, -1.4484169496987374, -0.27561448984950154], [0.3704171258596998, -1.3937115875757555, -0.2851853068478165]], [[-0.014794088772051907, -1.4090171867618173, -0.27747219830428366], [0.3345163569722797, -1.4526772966447536, -0.3510198356135486]], [[-0.22922257046384098, -1.3139021184708177, -0.8422746295280659], [0.32991307684519483, -1.3742692497960742, -0.7840655444069378]], [[-0.18585725894203647, -1.3328171057648364, -0.7738633083437507], [0.33955193027412317, -1.420317068364087, -0.8434939791912818]], [[0.4238227247151587, -1.7037341733466373, 0.3723102087796176], [0.29795686533503296, -1.587444092256206, 0.6161403900343132]], [], [[0.3184462915020194, -1.649457682084091, 0.2702317815825493], [0.29030915228133825, -1.519865262815996, 0.4672039560470641]], [[0.07505814314624856, -1.4492522536863928, -0.16613398419744818], [0.37398542607183755, -1.4482660054353342, -0.09964944355507771]]]}