{"bodyId": "h0", "timestamp": 19229, "continuousState": [[[0.511353088093311, -1.6546150628999716, 0.5361978548659]], [[0.24019406910839347, -1.593521966909697, 0.8156305389553654]], [[0.3844667576342909, -1.7907902156653903, 0.37043307855205465], [0.14447448397475796, -1.5715894442988352, 0.5737901237121855]], [[0.43722619750638564, -1.7229732269829001, 0.40471404547247836], [0.30442391797548524, -1.673117662112462, 0.6119158410301632]], [[0.12934312450219937, -1.6940502276700309, 0.17136833673890306], [0.19526240793811575, -1.4498543382969535, 0.24238576290947686]], [[0.4013017410305797, -1.640938069583992, 0.31318911603045035]], [[0.01577909940108111, -1.5016066900387788, -0.05101602436247117]], [[0.3499970464921337, -1.5197748795422055, -0.056100397895468404]], [[0.106945879709856, -1.7104569214596221, 0.20074277632366783], [0.26148573595612834, -1.4316693359928796, -0.0328599716434876]], [[0.196086561642733, -1.6341141830645642, 0.20076304563445616], [0.3284434465387908, -1.5271531481357685, -0.023293768153999736]], [[-0.009739585527025441, -1.5180520076028337, -0.22814052816484673]], [[-0.0236676454807224, -1.4869844348717192, -0.14764013504763535]], [[-0.18779780895300396, -1.3846335571305988, -0.866250455932302]], [[-0.1563719579853031, -1.3891634719439898, -0.7651606448566463]], [[0.40374380785265707, -1.7586012615406497, 0.4061367957169275], [0.22557855779545297, -1.6254945617560739, 0.591588749084684]], [], [[0.2832846610042925, -1.7085117273264654, 0.2880411911056907], [0.24984316295680048, -1.5614860002047077, 0.42715080196982]], [[0.09317348805785378, -1.5760830953336988, -0.013688741265195287]]]}