{"bodyId": "h0", "timestamp": 193831, "continuousState": [[[0.5178712636206778, -1.599513749890297, 0.5567463687264371]], [[0.26610163670854925, -1.5304254522838392, 0.7950073155730063]], [[0.3709533533564307, -1.7520844435621883, 0.3517460928515934], [0.25557163113662, -1.5493561619465503, 0.6175869412921791]], [[0.4647934003267341, -1.6600627580394742, 0.38564471350279267], [0.31570101558891633, -1.6227913523537276, 0.5845575631491072]], [[0.1761958016678492, -1.6429802577726527, 0.1637873414290598], [0.24384086694655638, -1.4199713820810218, 0.33366697104061793]], [[0.333582432972545, -1.5823951200503557, 0.29483325295134566], [0.4200366239754569, -1.550698560715234, 0.32859901103706785]], [[0.21926916992248233, -1.4111349233843258, 0.008279994304664341], [0.169591865344564, -1.3340853326627575, 0.12961788676576544]], [[0.29787763692842556, -1.3822276676985978, 0.15355327790742332]], [[0.14970437664946876, -1.5614571750080957, -0.03438198891232764], [0.30704511244465016, -1.4143025927311406, 0.04665137873518188]], [[0.1767116090043857, -1.4684650725004644, 0.018297414596882163], [0.3771003252806731, -1.5017432957701327, 0.08668649512505704]], [[-0.020972060333716114, -1.4473443850781367, -0.28180581805479527], [0.3653293387084209, -1.394002671092658, -0.31645850941683695]], [[-0.015152809656512146, -1.4095345993503274, -0.24764020756031938], [0.3556200376060749, -1.4507584597502436, -0.32524543691632174]], [[-0.2286629831796342, -1.3111527467095687, -0.8520755888688273], [0.3287328380059828, -1.36689231008558, -0.7958375695313655]], [[-0.1863158946860462, -1.3312954509684902, -0.770513470954163], [0.3339980813826103, -1.4125792252473848, -0.8594176365926394]], [[0.42684236376503026, -1.7067517459980417, 0.37212369638029874], [0.3040929790549519, -1.5880244276827926, 0.617980670854801]], [], [[0.32049460099729166, -1.6515215079060634, 0.2747160274659262], [0.2797709412677364, -1.5213813672173746, 0.4591122670948626]], [[0.07786977433533479, -1.4579047287893006, -0.13175420172895655], [0.37121483199454697, -1.4478729834313953, -0.11488600714588995]]]}