{"bodyId": "h0", "timestamp": 1630675666924193898, "continuousState": [[[0.5456308164907735, -1.5874658005410929, 0.525039804028638]], [[0.2767711235145309, -1.5427893834373982, 0.8001357951806211]], [[0.3756136848423717, -1.7522428195135764, 0.3477354601485563], [0.19957339845770686, -1.546192454597518, 0.5835456845312842]], [[0.46549602935193735, -1.6611752885187192, 0.38930000816320715], [0.3186592904366221, -1.6262451790622254, 0.5849820089382983]], [[0.1748362009665101, -1.6400642603879019, 0.16618856084148637], [0.23752957385030662, -1.4138256209324016, 0.32660564792794206]], [[0.33449372615908696, -1.5822066742520646, 0.2968009230524533], [0.4146174178900035, -1.551107996814635, 0.3157870530356054]], [[0.2296236663040529, -1.389363949866432, -0.014056334300022172], [0.15833646157771977, -1.3227887886922916, 0.11846138682872993]], [[0.2957966552309961, -1.3721709323953035, 0.15004623175836376]], [[0.14794655539286827, -1.5682617224072497, -0.02918946047581153], [0.3124213202536823, -1.4083492031184006, 0.050784532134734946]], [[0.1784534634592681, -1.4700329435091386, 0.005095877234894033], [0.37695956879611503, -1.5030558865392716, 0.08167818834554555]], [[-0.02097854914463045, -1.4452520702547718, -0.2870726281912396], [0.3513735332484671, -1.377005703330129, -0.3131435349176018]], [[-0.01911833404906338, -1.4169864348857888, -0.23753545039097548], [0.35666078119479677, -1.4515104861720882, -0.32345217362570905]], [[-0.23020331773212735, -1.3095245252619248, -0.8585257933406274], [0.32745081537051485, -1.3724162021620707, -0.78873371155475]], [[-0.18774952563203529, -1.3287357672545044, -0.7776262762298943], [0.33418632351621774, -1.416230869599738, -0.8423361779811637]], [[0.42748318717091544, -1.7084785247752494, 0.375350118703539], [0.3017213383130832, -1.587500646051592, 0.6178534404325455]], [], [[0.3201661151592237, -1.6506197744533107, 0.2777442845023468], [0.27809443214346435, -1.5200353999973135, 0.4557938284331202]], [[0.07873745715731882, -1.4576425068819552, -0.14098837547817278], [0.36416655102229106, -1.4400307949347004, -0.11573267328602811]]]}