{"bodyId": "h0", "timestamp": 1630675666924194769, "continuousState": [[[0.550259620518532, -1.5837513935545369, 0.5182079583553221]], [[0.2796398958875395, -1.5317660849864638, 0.8035899224641467]], [[0.3861873954059666, -1.7493949722134325, 0.33586154741954827], [0.23680250644532067, -1.5547723941610925, 0.604522465156392]], [[0.4596700762370528, -1.6666736194857772, 0.3876959747754104], [0.3295660799184295, -1.6199177779094278, 0.595209902094377]], [[0.17875681788513725, -1.6433338811232614, 0.1531568128109377], [0.24990848134611407, -1.422256690666736, 0.3319687080696258]], [[0.3343549571167818, -1.5860225895302178, 0.28767603574363054], [0.4155593853286171, -1.5497161721944792, 0.32470579822263335]], [[0.22345124700548166, -1.4067357230232338, -0.0010125948205261465], [0.13776100369545066, -1.3279708234110594, 0.09791738447453213]], [[0.2916270124340351, -1.3775229620741423, 0.1461237995622332]], [[0.14517362471311743, -1.5688111675106922, -0.031143500759595554], [0.31381480607571577, -1.4162258647672832, 0.0474063002385576]], [[0.1761050202310983, -1.450356348262789, -0.06685557800901097], [0.37836746019346607, -1.5043937917797694, 0.08288122573715669]], [[-0.022553640497171897, -1.4520471474242977, -0.27516617294446427], [0.3756294003029691, -1.4036662427114932, -0.30538606984586864]], [[-0.0181750166054768, -1.418035859626949, -0.24690522686729854], [0.36646171206008715, -1.4577474487121895, -0.3126895395041454]], [[-0.22813062383931634, -1.319510936102604, -0.8386313610312568], [0.3298304035332246, -1.378458394200233, -0.7913693817483943]], [[-0.18534809912760675, -1.3393604944095914, -0.756629990892598], [0.3398339759715914, -1.418053814367222, -0.8417594394354663]], [[0.4260308092348192, -1.7097284191759932, 0.3737108392569496], [0.30979553696343076, -1.589735963362838, 0.621792621391535]], [], [[0.319213447061095, -1.6550037503045192, 0.27042639379317407], [0.2897372806322718, -1.521087234288082, 0.46358930508200136]], [[0.0767756898669632, -1.4512017478435433, -0.17101087547673763], [0.37699843024821755, -1.4540300172456313, -0.11125242205435598]]]}