{"bodyId": "h0", "timestamp": 195640, "continuousState": [[[0.5600373444844615, -1.5744378168306108, 0.5086920960153163]], [[0.2863764123293197, -1.5261016979736737, 0.8059150770714641]], [[0.3892841146800582, -1.745818657394286, 0.32937644089518064], [0.20639053723744974, -1.5596651197687328, 0.5901229636409971]], [[0.45790986801291406, -1.6663495073609773, 0.3921680946032443], [0.33220915855332894, -1.6184947149400468, 0.5986633225733221]], [[0.1783480694748108, -1.6423982202313276, 0.1574808598016143], [0.25221862010170887, -1.4282202150392809, 0.3458552604907998]], [[0.4109602694571754, -1.5521617314981813, 0.3202792423929086]], [[0.22238518306282498, -1.4094822872736241, 0.0018952164924312457], [0.15727608587338637, -1.331408762029162, 0.12301512044421656]], [[0.36885378816164216, -1.330474028536361, -0.08869419137452905], [0.2952891599662535, -1.3744335220451556, 0.14531842010801643]], [[0.14857454370462153, -1.56750335127722, -0.02702071247231038], [0.3036464014429002, -1.4365438334779785, 0.06788780243940278]], [[0.17400743269274813, -1.4802101386949802, 0.02374220590470736], [0.37643913427001896, -1.5029410092804434, 0.0922210000380751]], [[-0.021192774586748384, -1.4557660687749732, -0.2648760363956255], [0.364183725689433, -1.3985452939795386, -0.2879904053998332]], [[-0.012905438519746498, -1.4151542732777407, -0.24729758012463846], [0.3687137224445862, -1.4474805445134002, -0.29874409622622444]], [[-0.2274609908564783, -1.309499168282086, -0.8595657963112449], [0.3372982190116761, -1.3800803393580259, -0.7799598825008227]], [[-0.18552877670293685, -1.3347715263839954, -0.7683221706974714], [0.3377885928870919, -1.4111299246901594, -0.8525098053233544]], [[0.4270635942688908, -1.7071012386640818, 0.3733482936811081], [0.2972545763886869, -1.5903936650471318, 0.6180916645513919]], [], [[0.31812896874386243, -1.6543738637961525, 0.2748244772024293], [0.2922138893275189, -1.523357464989664, 0.4722592915320609]], [[0.07640732905299988, -1.4679881037349767, -0.12056691524545908], [0.370311429979726, -1.450743151629991, -0.09788470268087907]]]}