{"bodyId": "h0", "timestamp": 1630675666924001675, "continuousState": [[[0.4985155048969212, -1.5851117331822124, 0.5428955857004358], [0.17758654765162213, -1.4069581164780316, 0.8007461033301932]], [[0.2150770512501458, -1.5238204771753614, 0.8110790372449642]], [[0.35262153012832603, -1.731638763248308, 0.3951735095652832], [0.11561318893332691, -1.504986074455341, 0.5964151800972661]], [[0.4126582558076499, -1.656635768051791, 0.4303364834045657], [0.251496468233805, -1.6155889552931824, 0.5832276376808506]], [[0.11182480966345627, -1.6516223012241107, 0.18576085903536682], [0.2410950604447912, -1.409180711189563, 0.3475799206803147]], [[0.3224546073654747, -1.5753722381720472, 0.34043439945967385], [0.37246359780108695, -1.5582424869391729, 0.3620079633467715]], [[-0.004412534430337985, -1.473257805347098, -0.028693406423288024]], [[0.3480157871118422, -1.4319487451134194, 0.03308103585798608]], [[0.05102866465162174, -1.5886132516484999, 0.05495221871413196], [0.34262479139495483, -1.385750569184858, 0.18065274423882557]], [[0.3688953910962127, -1.4828403012855313, 0.11253831929642616]], [[-0.039584135897492385, -1.451828162357194, -0.2135626700542257]], [[0.2634876821330115, -1.441492643561904, -0.39202106469966225]], [[-0.23257773458687087, -1.2871963014871575, -0.8390041324095577]], [[0.20073703443203295, -1.427949100157304, -0.8618305075422674]], [[0.40271803252502053, -1.6998651915411878, 0.40748653711776567], [0.20739262765117134, -1.5593051483052274, 0.606965161411431]], [], [[0.2622415327355531, -1.654129034637951, 0.30804867121996626], [0.24629576433929812, -1.5123848332413727, 0.4654037791805826]], [[0.16465562759936017, -1.4673342318213627, -0.050512175378899765]]]}