{"bodyId": "h0", "timestamp": 195908, "continuousState": [[[0.5546281595782128, -1.5762325244824797, 0.5176221748105262]], [[0.26649415998153064, -1.4443601532715886, 0.7954121108107234]], [[0.49028927625240415, -1.6774911369270729, 0.5635224751359318]], [[0.2816861740668742, -1.5263453549713113, 0.8053324348134137]], [[0.388629784328148, -1.748030611288509, 0.33154390538451706], [0.25920022778933527, -1.559324318172883, 0.6306129994322494]], [[0.46219312071331653, -1.6618096513406366, 0.38434445374895926], [0.32269507256705104, -1.619669255673546, 0.5942481417546908]], [[0.17774725881251885, -1.6452853420324862, 0.16584937454787496], [0.2418689960782965, -1.4294410791501764, 0.34250553798951955]], [[0.3320091071459609, -1.5851153224083974, 0.2935034480820368], [0.4118655962161608, -1.5545920598769132, 0.3251922297934739]], [[0.21699703087650551, -1.4153421204596301, 0.005594604519575569], [0.16482568468804562, -1.337950092402235, 0.13004563259245674]], [[0.3705074386340105, -1.3279031730668862, -0.09269538024771327], [0.2968711367754897, -1.3843310486593547, 0.14621599724719977]], [[0.14951631571856888, -1.5660820382714618, -0.03348950016017261], [0.3238094147662587, -1.4379340704483021, 0.10241455550440833]], [[0.14920166349226371, -1.4843282683452281, 0.027899400003117306], [0.37217875080500856, -1.503619878810741, 0.10084803166554002]], [[-0.01901100326070531, -1.4514874784066114, -0.2701198980966349], [0.3797270123271926, -1.4041581136627357, -0.250012923164287]], [[-0.016051225885394045, -1.4235959978446535, -0.2333913582456853], [0.3730418852217549, -1.4477963290016398, -0.27482446030612734]], [[-0.22516377973999702, -1.3176034955692488, -0.8436187919353801], [0.31877157265047684, -1.392646266574218, -0.7865671274281497]], [[-0.18140842033667748, -1.3415369681842448, -0.7557464946607056], [0.3277702206022168, -1.429731388051449, -0.8220254967751127]], [[0.42703095098300453, -1.7072484174495153, 0.37191477217521174], [0.28992210218256353, -1.5927069192306385, 0.6172077667855774]], [], [[0.3199701897629177, -1.6535474966865613, 0.2750969141484171], [0.2822820343226738, -1.5245551674118611, 0.46837683987210516]], [[0.0650953301157792, -1.4679078733759199, -0.1211102490467588], [0.37595288156610057, -1.4538889962367385, -0.0745824457493735]]]}