{"bodyId": "h0", "timestamp": 1630675666924019631, "continuousState": [[[0.5146636452663181, -1.6581963812114184, 0.530536800695098]], [[0.2425184823864106, -1.5948051140839057, 0.8173073485037105]], [[0.38277264624811874, -1.7960621748952785, 0.3700411015654681], [0.13406701100773488, -1.57441235481625, 0.5718339936917057]], [[0.44498156336084976, -1.7210989966511214, 0.4051133542003913], [0.3100772502732984, -1.6842889417434659, 0.6155283710454278]], [[0.11536802864094432, -1.6975970015942765, 0.18214982858595272], [0.18753409736641355, -1.4576156210737783, 0.26882322578956314]], [[0.34083029321243974, -1.654785812405638, 0.25849329127624265]], [[0.01937589328918881, -1.5016086035580578, -0.06742517720345995]], [[0.3263091751078307, -1.4978713005977262, -0.011369909718150438]], [[0.1014124725988093, -1.7200716418123987, 0.2204412294113056], [0.28342352223568423, -1.4470816222682938, 0.006411118973399425]], [[0.20686375746366797, -1.6266450809873836, 0.1853623382577214], [0.33998341718233543, -1.5429462156624527, 0.00957530712946823]], [[-0.00767580484767717, -1.5237208615864906, -0.21737183106562794]], [[-0.023566283012309158, -1.4782333796498703, -0.13405760958751556], [0.21877739795954426, -1.4992863615419534, -0.4216620594364192]], [[-0.18742355476047048, -1.3828127978151523, -0.8609074258845654]], [[-0.1535029637088477, -1.3836656723419585, -0.7731883826539765], [0.19752909124793314, -1.503302359158547, -0.8466069318596999]], [[0.4121734923304603, -1.7591408212399413, 0.4000989693571546], [0.2339089402361658, -1.6298322087721435, 0.5997002626922874]], [], [[0.28017479600089706, -1.709347999122699, 0.293631591393172], [0.24880567381985597, -1.570952281408622, 0.44217579841749544]], [[0.09959397630799541, -1.575182971286937, -0.016004746403953274]]]}