{"bodyId": "h0", "timestamp": 1630675666924198253, "continuousState": [[[0.560563962355168, -1.5659285395220808, 0.5091610592328408]], [[0.2687490919363163, -1.5175159438715404, 0.7974841604042836]], [[0.39233704078191517, -1.741162053735252, 0.3314802086962027], [0.21005924532122025, -1.5673032955487536, 0.5887911544295502]], [[0.45503881982575245, -1.6655943139245817, 0.3923128614801451], [0.3355492462955567, -1.6114309671221498, 0.5990723329144703]], [[0.18041476758998742, -1.6421091424535643, 0.16018060098479783], [0.2458886316250348, -1.4268346594649108, 0.33129283612730637]], [[0.3356527182978036, -1.5825929784584465, 0.28665976007385346], [0.4213112396159838, -1.5436187196109963, 0.32181792636171985]], [[0.21913169952643438, -1.413260413131978, 0.0015582904820132626], [0.15347756148572353, -1.3309359173457558, 0.12307138478626779]], [[0.3668520856873584, -1.3307342092871934, -0.08737651440946434], [0.2876431872662445, -1.3681086590156988, 0.14165170783701933]], [[0.1491225827052679, -1.568920262903605, -0.01704729868655295], [0.3071141030774568, -1.4402557125101032, 0.06760500189412597]], [[0.15441374852133685, -1.4885044501950044, 0.020315500144628688], [0.37615836402307856, -1.5004641090962483, 0.0881557028278628]], [[-0.017175524460230462, -1.4483845169876, -0.273675434773495], [0.37764911358152065, -1.402249027724748, -0.26665616376584467]], [[-0.012789009186918008, -1.4208700962042977, -0.24956833109683613], [0.36278090014954706, -1.4478646869175298, -0.2993983432819639]], [[-0.23123921739402314, -1.3127215695361079, -0.8466457042323732], [0.3416435897226288, -1.3885651854003105, -0.7593486914067109]], [[-0.18700177289151249, -1.331448499016289, -0.7749691356741086], [0.33087153513853923, -1.418462377626226, -0.8418048999175569]], [[0.4288027823325711, -1.7028765224473958, 0.373096017366707], [0.3040660487222817, -1.5906140468163241, 0.6207773772826115]], [], [[0.31772679370786994, -1.653851728189073, 0.27624673123247145], [0.29071893896029577, -1.5191328132935302, 0.46518258452088834]], [[0.0686191120305532, -1.4684444835913022, -0.12667996731443315], [0.3769037388022996, -1.451356568410498, -0.08925023046899094]]]}