{"bodyId": "h0", "timestamp": 1630675666924019765, "continuousState": [[[0.5032840773476324, -1.6633233811340695, 0.547088514690925]], [[0.22663532449877197, -1.59594192481348, 0.806317196930008]], [[0.38125473506810037, -1.8000017445114813, 0.3679628469603585], [0.15170001413389356, -1.5846733682222827, 0.5799203353621822]], [[0.4397514512043777, -1.7296297313721916, 0.40983543172545955], [0.30994759394297783, -1.6838227922620927, 0.615788998625383]], [[0.11284434125445784, -1.7039119859160496, 0.19777678327514808], [0.19883657330473464, -1.462136187598687, 0.2517326328370134]], [[0.3505538996339544, -1.6507751614906023, 0.2681350418396664]], [[0.01768329367262322, -1.5066652726201033, -0.05711484413627841]], [[0.3611785082695808, -1.5027494222846587, 0.0002539528781833269]], [[0.10545671892941368, -1.7230082230545698, 0.21561681576811997], [0.23587989320747307, -1.4454563075644455, -0.050307260121699525]], [[0.24380876355024583, -1.6925598370713169, 0.3269376591868195], [0.3527032290988352, -1.5363531439821945, 0.015882821041346234]], [[-0.009808919588095762, -1.5141550234232217, -0.1992771859289303]], [[-0.02182593742456578, -1.4789753713821734, -0.13352685774539533], [0.16786295023880393, -1.4917382529713714, -0.5368785374332776]], [[-0.1877042802884365, -1.3810522744102804, -0.8757882558964306]], [[-0.15243715627044432, -1.389288743032157, -0.7629670684722696], [0.19996990318849295, -1.4977078676997537, -0.8010109070364687]], [[0.41232126816297426, -1.7637279519525209, 0.3972483113937421], [0.23370770574737548, -1.6362019053209702, 0.5986767637759376]], [], [[0.27629789622941775, -1.7167708586441206, 0.3038061075003038], [0.25439208362385624, -1.5729794899303897, 0.43376081573119823]], [[0.11699992198107503, -1.6033574302472693, 0.0638302366289446]]]}