{"bodyId": "h0", "timestamp": 199660, "continuousState": [[[0.5349979614144726, -1.5721718351535439, 0.5432096193187773]], [[0.28736778180349937, -1.5179948691403407, 0.8046302119042367]], [[0.3712450612790033, -1.7352767241340699, 0.3679544722602825], [0.24740488100628, -1.555042140503091, 0.6138137936103917]], [[0.4654793147841338, -1.6507662217140533, 0.4038755332668029], [0.34119501353804593, -1.6070133870498153, 0.5992661409657413]], [[0.1817421472713233, -1.6284236687978269, 0.15254128955125748], [0.25606272079510883, -1.4210126188134613, 0.34564489962520384]], [[0.33592459840093175, -1.5779217145395192, 0.2950885888490927], [0.40997495334112954, -1.5344413360370297, 0.31362224685764184]], [[0.22060770194370025, -1.3903777132847621, 0.0038530276896278793], [0.1591587594229286, -1.3322083014943487, 0.1237158119907183]], [[0.3759120662263378, -1.3201190681149568, -0.08723086522874632], [0.28228333203952, -1.36234224180515, 0.13985696414667542]], [[0.15692819670761207, -1.5452553672997085, -0.05020792836313103], [0.3027548212880174, -1.4387849322066528, 0.0702252001931206]], [[0.17062970420323517, -1.476948402361138, 0.033121256027063055], [0.37545353194217546, -1.498497403390923, 0.09766681927689547]], [[-0.015113872462770928, -1.4427950547456347, -0.28211103214887157], [0.3743928330563315, -1.399589359559422, -0.26193203953940725]], [[-0.011825293096089921, -1.4105660456190996, -0.26354347542995876], [0.3697260385216082, -1.4474834279675086, -0.28362980744759536]], [[-0.22437878947646708, -1.3205190729536151, -0.8331472393557424], [0.3355131344405972, -1.3901070196773213, -0.753414963598904]], [[-0.1838099664438323, -1.3376793079485847, -0.7559855580338471], [0.3147629547828819, -1.435682137811119, -0.8639514443402111]], [[0.43755171919237335, -1.688426724309681, 0.3781572577387171], [0.3013957547940402, -1.5842014091080683, 0.6156530469637687]], [], [[0.3236107310277285, -1.63959494525594, 0.2782084114090302], [0.2986288671665774, -1.5140130029316383, 0.47245552029547255]], [[0.07775791587023212, -1.4598717285533862, -0.12449488806090425], [0.3749231824992535, -1.4490433814751724, -0.08213261013125589]]]}