{"bodyId": "h0", "timestamp": 202206, "continuousState": [[[0.5541015511994187, -1.4588728468592447, 0.5303740577469042]], [[0.34679377238532905, -1.4184292374480516, 0.8303182251063685]], [[0.3974443869039074, -1.640829661112215, 0.36299828131337997], [0.31175327825813975, -1.4483442522715513, 0.6460977375748298]], [[0.4731172943821509, -1.5573913649783127, 0.3769435983377441], [0.3501301229880198, -1.5311531124836697, 0.6227453068628197]], [[0.2085109107102548, -1.573355430103918, 0.11214559752122909], [0.36646147089541276, -1.3561037619482863, 0.3972898813214647]], [[0.5101982730264246, -1.5007448168442168, 0.40326496140815493]], [[0.09471140184018549, -1.412609545527512, -0.027667863290014565]], [[0.45319711901436904, -1.373543994148751, 0.2017639044135949]], [[0.12441062287811747, -1.459175520974627, -0.012581520625708663], [0.45179646959108277, -1.3678365171082594, 0.21784828824439728]], [[0.10477134663470047, -1.4344114792974285, -0.013361517224700038], [0.4356606252127283, -1.441885424538688, 0.12683623277086212]], [[0.000869854095008634, -1.3421976171026886, -0.2850724019744987], [0.3870206091362711, -1.3534156418085865, -0.30499739052008135]], [[-0.0005407213519158063, -1.3396752991968714, -0.28955489158817793], [0.3535150749586771, -1.4219474425436176, -0.35778010189852105]], [[-0.1699666845337313, -1.1369208773085389, -0.8003903997728976], [0.3536876393244106, -1.370347092297919, -0.7629651963107082]], [[-0.16142423920214144, -1.1396704600534535, -0.7853298905880584], [0.3341461959946196, -1.4138704530386061, -0.84837617862309]], [[0.4748473043238888, -1.5753827955370745, 0.3400185614408422], [0.3261982181705157, -1.4898554440414375, 0.6355766348744823]], [], [[0.3408141025462028, -1.5653733975411153, 0.2445445979294866], [0.3582957969417163, -1.443628437215978, 0.5100175940921422]], [[0.05282060036485455, -1.3883045482000584, -0.14921695959959935], [0.4113406171744997, -1.3976505331736373, -0.08908057887460961]]]}