{"bodyId": "h0", "timestamp": 1630675666924204149, "continuousState": [[[0.238831901220916, -1.209563428604389, 0.7441279337102217]], [[0.09277870321491082, -1.0067221322294013, 0.8278848072342789]], [[0.2959238119695937, -1.353217074555591, 0.5227556979735508], [-0.0067689492738486476, -1.2560652423756706, 0.6167986090096929]], [[0.2642920403542789, -1.2704965191609798, 0.7383256501547805], [0.15786404800671675, -0.9778812948991933, 0.6728092014615416]], [[0.08837730354077275, -1.3653777096690314, 0.28676237891764117]], [[0.2686145943711625, -0.884433378012071, 0.28676668310280595], [0.22210903587306438, -0.8560886226286109, 0.4390254477515939]], [[-0.001007445775273709, -1.091868342480391, 0.19626016224765272]], [[0.07433081192377801, -0.8670451656415421, 0.26881638147644116]], [[0.07297547898482196, -1.292334161954473, 0.25463066359851266], [0.28961589373156493, -1.1629596320650464, 0.21817418749874537]], [[0.11030392066758753, -1.073226868378525, 0.20781179152582308], [0.14128227471982155, -0.9320441486002036, 0.07951905897745928]], [[-0.14969053767214122, -1.054097077683146, -0.18503164069139438]], [], [[-0.17693389158130152, -0.9435686768730479, -0.4535407180042707]], [], [[0.3040685195694877, -1.2779227221577794, 0.5967825686591806], [0.13893703946109076, -1.113732488514624, 0.6763728339319213]], [], [[0.17633467194752583, -1.3179371144150056, 0.5125440145362108]], [[-0.019693308502276845, -1.0636619730308357, 0.011390075417214346]]]}