{"bodyId": "h0", "timestamp": 204283, "continuousState": [[[0.21335822242973598, -1.2162884622470822, 0.7330260420484144]], [[0.033220897076435905, -0.9886607759933355, 0.8342556753860513]], [[0.25613562753762387, -1.3027136233197212, 0.7209141594797609]], [], [[0.2656105798703648, -1.3675087336190737, 0.5225004805655278]], [[0.23082948873229117, -1.2565404368444815, 0.7120763501296832]], [[0.07399679743281666, -1.3794996181143364, 0.2865794875544088]], [[0.19161525153315323, -0.8887347180294605, 0.3161052180910738]], [[-0.021108185225098056, -1.1113757602997072, 0.18932472281521678]], [[-0.002290214828311889, -0.8452424235395176, 0.2728272308638675]], [[0.05998346174041933, -1.296385665500058, 0.2207617186225284]], [[0.07553589986437641, -1.0992016430290046, 0.21467032115265489]], [[-0.15141666581584945, -1.056785837595031, -0.19039098247515107]], [], [[-0.1739569331459497, -0.9488259250100524, -0.444621789326874]], [], [[0.27025436390858665, -1.2827651966262879, 0.5965910206041761]], [], [[0.1524131430825539, -1.318020027479409, 0.49932791884204597]], [[-0.03794038297573652, -1.0779937403120177, 0.012139669338751907]]]}