{"bodyId": "h0", "timestamp": 204752, "continuousState": [[[0.1670646259338978, -1.2629144451476608, 0.7992336328087047]], [[0.008350295867376416, -0.9806319122875409, 0.8202546063225455]], [[0.21752645535421175, -1.3137253066517107, 0.7575780943689122], [-0.6427801724654271, -1.1034192642983163, 0.45928962004622326]], [[0.012769475252026041, -1.0210147707847348, 0.7916647815276288]], [[0.23696141425431103, -1.3651009534336411, 0.5378569105553217], [-0.02740013144560544, -1.267147601442426, 0.6000635419275918]], [[0.19370768185822687, -1.2412416028202655, 0.7083401483190885], [0.152067062293346, -0.9882897916422045, 0.6847374531891185]], [[0.06476830426616272, -1.3431901877907797, 0.2292211244325797]], [[0.17895103491739076, -0.8863924757982151, 0.36574537323961953], [0.13955688155025928, -0.7864300433774453, 0.42461934274256785]], [[-0.022414530360712434, -1.0601724375905428, 0.17908863048024615]], [[-0.011040298468330831, -0.7622862336062947, 0.3103044515618037]], [[0.031546488227304, -1.3036348134327496, 0.23005972570667926], [0.14126197968691326, -1.1522921452150796, 0.12714007014929235]], [[0.07624096429233737, -1.0812942460551154, 0.19484869428538537], [0.20365013216150238, -0.9573691946672929, 0.1517981350611569]], [[-0.15772869156778974, -1.062949847852187, -0.1544087884366827]], [], [[-0.1615277919098322, -1.0680819402752368, -0.1981821761854444]], [], [[0.23752012006561024, -1.280944450660363, 0.6078906609401482], [0.03697801130776611, -1.1137860960541026, 0.6269282500949444]], [], [[0.1292379930621948, -1.2922158953055227, 0.4687806363758341]], [[-0.04074386363772618, -1.0721220469536512, 0.02021995292435133]]]}