{"bodyId": "h0", "timestamp": 1630675666924204886, "continuousState": [[[0.19005140401280937, -1.2212324621712074, 0.7758139935072731]], [[0.03376839385402945, -1.0299764167720453, 0.8088166486721722]], [[0.26693263330012934, -1.3355998901790265, 0.6004676520583937], [-0.05092645376821156, -1.2434931282846262, 0.5874790412891169]], [[0.24145986719474097, -1.1984429144924327, 0.6484484344813837], [0.10996545373314075, -0.9994926965479142, 0.6545537151493184]], [[0.046586624976995436, -1.3452570681924299, 0.2781326716188953]], [[0.2366644711259452, -0.886099960484242, 0.29496687036580466], [0.2487988852844435, -0.879752165054516, 0.4606723977629185]], [[0.0029074697542405374, -1.0014413863328429, 0.1666104372592431]], [[0.05407543672132465, -0.8091198697669472, 0.2704192850205304], [0.14665455290457338, -0.7976871926314483, 0.37546382317961186]], [[0.023496347980877998, -1.2870925797559363, 0.24259822622230262], [0.14922697142066044, -1.1564861064642344, 0.09799131219881815]], [[0.06590639205937225, -1.1068393734779498, 0.22930584215515545], [0.20923846180551253, -0.9825584806204087, 0.14610533979340745]], [], [], [], [], [[0.26571875814430623, -1.2656526779517139, 0.6352936259527642], [0.058120664534602386, -1.1152874460516502, 0.6371886162331496]], [], [[0.1440232460858682, -1.2718499913424313, 0.4632905530501395]], []]}