{"bodyId": "h0", "timestamp": 1630675666924020301, "continuousState": [[[0.5250213867712471, -1.6611340711088183, 0.5042713444179001]], [[0.2303121391859838, -1.6072653973003201, 0.8075164417717862]], [[0.3644421253848971, -1.8061214440475664, 0.35433054964129135], [0.17677497888358107, -1.6030873599560156, 0.5850009583475055]], [[0.4514311586924577, -1.7292244871195226, 0.37855084408682227], [0.2735271074112759, -1.702284393113619, 0.5834029094538207]], [[0.1159674132452721, -1.7151558161577134, 0.2055892660490713], [0.20068703248825523, -1.488645775536008, 0.23416514734510518]], [[0.33002823918449986, -1.674078389874734, 0.22253663945245422]], [[0.02730351501821292, -1.515430979872945, -0.0677299594532019]], [[0.3512489794626056, -1.5419651073357987, -0.09993738262260672]], [[0.10815844041662484, -1.7041786001246302, 0.12095288611518026], [0.3229116384821657, -1.4641807045201805, 0.026050378389759772]], [[0.14536910077926246, -1.620883314615084, 0.1072991208847609], [0.35094010468760123, -1.5485695820694168, -0.01221761691270376]], [[-0.017838508386071057, -1.522420682091319, -0.2554236033826057]], [[-0.025279959659913233, -1.4896320274322612, -0.1423437215517199]], [[-0.18997885614293852, -1.3834260737351716, -0.8640970176611945]], [[-0.15371897835621437, -1.3940575024744288, -0.7588373572703558]], [[0.41195598176268555, -1.767979482702227, 0.38111143464089947], [0.2542683303286528, -1.648210491051118, 0.6026453719751274]], [], [[0.2836992859688649, -1.722190151638618, 0.2920700550679468], [0.23710706994976555, -1.5954650843248135, 0.40878402839946293]], [[0.0637652961965957, -1.5716519983532016, -0.07406224124892241]]]}