{"bodyId": "h0", "timestamp": 207767, "continuousState": [[[0.4208004678276307, -1.2635773332125348, 0.6773804040997465]], [[0.2722724555044283, -1.1538349035025028, 0.8202008601773593]], [[0.35345284334129023, -1.4368984646643048, 0.46150389077056686], [0.2435605581984578, -1.221093192897719, 0.7089737378377323]], [[0.41640742330150926, -1.3542741820091655, 0.5256788021462988], [0.19384417037361026, -1.275031349205617, 0.5781959612821047]], [[0.1279665366732953, -1.4172833642148213, 0.2526482857034514]], [[0.4583482246974977, -1.230759858062019, 0.3141770783288657]], [[0.038239943487910634, -1.2290699823333497, 0.07830374724114836]], [[0.3658424062213362, -1.0521450365612275, 0.126013409184181]], [[0.1146935578734325, -1.374528759305034, 0.2287690109365276], [0.448567110712944, -1.1465939600626867, 0.24027585488575984]], [[0.378839331689378, -1.1933878278768792, 0.10056027472364304]], [], [], [], [], [[0.3990825215062435, -1.3812657415128242, 0.49839117271573047], [0.19909533834165813, -1.2600915150471121, 0.6417587933873883]], [], [[0.27218697998740227, -1.3857787731119933, 0.38916354392487507]], []]}