{"bodyId": "h0", "timestamp": 1630675666924020569, "continuousState": [[[0.5284284320863667, -1.6641705952326822, 0.5069374771168602]], [[0.21570694361510345, -1.6189369973134475, 0.7944032282962747]], [[0.3848713646807316, -1.8091757369101316, 0.36814217957774714], [0.20723978852425534, -1.610969850731288, 0.6049690931999883]], [[0.44704815865697906, -1.7333037066821193, 0.39849577325790003], [0.2622029142835779, -1.7119370852125744, 0.5763258970483466]], [[0.21216067169435202, -1.497644404316073, 0.24550354164266378]], [[0.3557860287890512, -1.6764117937765903, 0.24803503569618898]], [[0.021328272926767852, -1.513287003687186, -0.07641279656452729]], [[0.3500695558679422, -1.546786605239284, -0.0714819302139399]], [[0.12051454060670426, -1.7177513655741228, 0.1431737232588921], [0.29380564129921233, -1.486696613310411, 0.008064741615062076]], [[0.36100887623296785, -1.5869127820084241, 0.04755478904108099]], [[-0.007814056162989403, -1.5280265364845473, -0.2241689867731186]], [[0.24679524462618269, -1.5248296664575167, -0.3889681586334853]], [[-0.18923301333575523, -1.377665296824733, -0.8771446781013428]], [[0.18855399911504536, -1.5137399915258076, -0.7928372127807924]], [[0.4253353202775699, -1.7676232748073357, 0.3785071542964877], [0.26677137041206517, -1.6572851836109879, 0.6126442957290124]], [], [[0.3296044151756655, -1.6154740554990963, 0.3219996574502819]], [[0.17659741003498922, -1.5574696592464856, -0.08830709886601881]]]}