{"bodyId": "h0", "timestamp": 208973, "continuousState": [[[0.6461219399666613, -1.5554149452667767, 0.5138330731278387]], [[0.4019339455323482, -1.528192720489833, 0.7881844807484992]], [[0.49507575576785967, -1.6867090238948972, 0.34515424697629987], [0.3271829411132758, -1.5343134445445028, 0.5777501696879458]], [[0.5292610043493107, -1.6787034827628724, 0.3660711604500946], [0.4157532431747452, -1.6203207407931444, 0.5597813968302425]], [[0.2730713021895154, -1.5964525199838167, 0.182205135119136], [0.38964287722759583, -1.4243434543579236, 0.3553743747970725]], [[0.4803678702538546, -1.581715548667194, 0.272657255954819]], [[0.2999454188667524, -1.371709479692714, -0.0373862743727891], [0.2910849592239622, -1.3674121021409023, 0.13243954302624275]], [[0.4625030338861734, -1.4424628684375473, 0.19233557868452386]], [[0.225667242191722, -1.4947431128649737, -0.061344133343945714], [0.4430564574674818, -1.4281584876037898, 0.16112884062328384]], [[0.2254096440875422, -1.5153418846022677, -0.033743400468196114], [0.4547443468306153, -1.5105281400081312, 0.1065276458372382]], [[0.005021826240327755, -1.3319733312336772, -0.28537214867247374], [0.3775539037310932, -1.3768938918580362, -0.2548623474410217]], [[0.010716762884453657, -1.3662798018271245, -0.27234866420129583], [0.4037422227223183, -1.4525998813065741, -0.24304750367897737]], [[-0.18177858954317538, -1.2393055359788585, -0.8463395188616073], [0.30958684878921644, -1.389506958504111, -0.7741204605788169]], [[-0.1536508859002226, -1.2506816257801245, -0.8083171012581378], [0.2852426130937915, -1.4336906481109926, -0.8321442028171034]], [[0.5053931349640821, -1.6849520666462685, 0.3628044300650629], [0.3556586249433092, -1.5862888448529298, 0.5602077638032527]], [], [[0.4011661532694131, -1.6375780013733445, 0.2741381477846153], [0.4026980602011705, -1.522332097575534, 0.45757788581365755]], [[0.11521573516393498, -1.4236576079179724, -0.15955777457033493], [0.41614912528085424, -1.4437110159330837, -0.07416735080189175]]]}