{"bodyId": "h0", "timestamp": 212055, "continuousState": [[[0.5020419751510482, -1.6143318014316526, 0.5711261671020508]], [[0.2796888275492911, -1.5405988916255322, 0.803390454251965]], [[0.391033395426628, -1.759567476761074, 0.3638417192639033], [0.2167651118319693, -1.5655770807817235, 0.6166301775524939]], [[0.45796124625437895, -1.6692381350784558, 0.36790115181707006], [0.3364638524006848, -1.6261138065254555, 0.5982232847287373]], [[0.1699054058832397, -1.663051250352692, 0.19616251194144024], [0.24576129833416985, -1.4404048819963133, 0.3451417070889372]], [[0.32911118447133464, -1.5902097817758163, 0.29252944982644136], [0.4010547476796905, -1.548311200563159, 0.3124541183821841]], [[0.19488382916263133, -1.4340397677692394, 0.01650091622960963], [0.1595141102154364, -1.3564813035564285, 0.12001374779633875]], [[0.36642157882535736, -1.3306635093354464, -0.09682321655247711], [0.2713150536645967, -1.3849264488757742, 0.11986850817861887]], [[0.13743156255475567, -1.625054538941781, 0.09608113948118785], [0.2915480282680776, -1.4269085437533036, 0.05748120037949025]], [[0.1656528042324614, -1.548845668295799, 0.129476564365081], [0.3337151487776689, -1.500755703576802, 0.042549308918400815]], [[-0.009768527599889752, -1.4571399876110882, -0.29348565603149884], [0.19274260420900646, -1.3519486396423641, -0.4914884267143054]], [[0.0017194965140769228, -1.4246402962823632, -0.2501999088598345], [0.35133785519548316, -1.4516076156409141, -0.31169953179580784]], [[-0.19851112322127729, -1.314506209167594, -0.8592462425431632], [0.2930260144295851, -1.3874644968049812, -0.8000158863259514]], [[-0.1555848833582028, -1.336891508369271, -0.76822122142851], [0.29011170371783124, -1.4330309440609343, -0.8448415058614216]], [[0.4234501330788144, -1.7177666206171236, 0.3763178035365615], [0.28678202783555345, -1.5984162107129927, 0.6135307423644272]], [], [[0.3139333260688093, -1.6661446927155739, 0.2820318318792552], [0.29111257536742735, -1.5332593442608844, 0.47168249590883726]], [[0.07794213831628583, -1.5029928279534435, -0.08200454583320892], [0.2632288764933377, -1.426352171609583, -0.2244695588979523]]]}