{"bodyId": "h0", "timestamp": 214199, "continuousState": [[[0.5116543786179069, -1.5994066718968596, 0.5479406082774427]], [[0.2556605513105144, -1.5287075878000553, 0.7972919863609009]], [[0.3795075746922342, -1.7556104200304963, 0.3570732836100278], [0.19913944888407945, -1.5660370134221742, 0.5899589912983211]], [[0.44453434074373077, -1.671975767592833, 0.3847991398886204], [0.3309418502711526, -1.6185349311229327, 0.6052105277267251]], [[0.16931292933223493, -1.6598311714060596, 0.19259937838984273], [0.247359974134293, -1.4443148591913497, 0.3718487984769754]], [[0.2855404390523681, -1.5656084182736767, 0.2553686022817637], [0.37777025300227274, -1.5620540110743748, 0.3248637821046541]], [[0.18892142577810409, -1.4346240260302678, 0.019283803419851437], [0.14574910396592736, -1.3631522680491408, 0.10682650055794601]], [[0.37426755610748846, -1.3240651643789847, -0.11711600132525586], [0.3094438462629566, -1.4148312841249768, 0.15509529823233062]], [[0.1316728541134798, -1.6017844514114992, 0.04558636927376847], [0.33279808816526135, -1.440673381497016, 0.10507594840846946]], [[0.13840657522830566, -1.5227919646016213, 0.061744468249420155], [0.3389698379080628, -1.5011953213244813, 0.05868536878163695]], [[-0.019305656597151995, -1.4625060167528579, -0.23772908211832258], [0.20653258385421736, -1.360962842076445, -0.4765659441722748]], [[-0.005108659301545345, -1.4344785888758373, -0.22347000935111647], [0.3158424533674972, -1.4483555023792503, -0.36224632782272126]], [[-0.1946834768740037, -1.3135396258986511, -0.8537748221710654], [0.3250474230034129, -1.3807279299645148, -0.7544813638747507]], [[-0.15259289186176878, -1.3395548494848202, -0.7681969797880893], [0.29245740487225497, -1.4283101662341589, -0.8452667727491883]], [[0.4186489793408575, -1.7146693761644038, 0.37684630253506723], [0.27777240380493956, -1.5965803754445216, 0.6090727053179082]], [], [[0.30692363503798287, -1.6659034694994463, 0.28869925913923156], [0.2891509122027228, -1.5314248951571412, 0.48852966310185025]], [[0.05955045931557683, -1.4926489906772396, -0.08799230693445122], [0.27275121088114007, -1.4310790817004633, -0.20894028769531894]]]}