{"bodyId": "h0", "timestamp": 214400, "continuousState": [[[0.5033595979966518, -1.6059946562914893, 0.5534556785159753]], [[0.24842571697592394, -1.5313058394460457, 0.792941704774709]], [[0.37728080776954637, -1.7561456403612163, 0.3541234986646837], [0.1978160418298023, -1.5599947614581033, 0.5846692479327315]], [[0.44856155042666096, -1.6660895220197367, 0.3776893162432416], [0.3314942735453499, -1.6189478420155088, 0.6044167970829231]], [[0.17043721889575994, -1.655645074508942, 0.18404433116207677], [0.24897725128666526, -1.4421696555937817, 0.37348371842724215]], [[0.2861717886538283, -1.5620357283130186, 0.2540588146302989], [0.38720210570450875, -1.5647609790020196, 0.3433786578076754]], [[0.1950624651394733, -1.4234109572700795, 0.004920882887229937], [0.17277802516552107, -1.3625128632698476, 0.1132295265856178]], [[0.37617462666988133, -1.3158861927613956, -0.12662438570949872], [0.309555564899048, -1.4156795732663463, 0.1531391068270191]], [[0.12670321122674028, -1.6103121103687266, 0.062345021710989386], [0.3245162702912949, -1.4408220360948116, 0.10749071191477856]], [[0.13665600459554123, -1.5234629040461494, 0.07482844439976816], [0.37907843950817754, -1.5042466589921837, 0.11811379653533505]], [[-0.02010860224832112, -1.4605265444436013, -0.2554124496279571], [0.20579140195912873, -1.359503405559883, -0.4671101935839108]], [[-0.014247370482953216, -1.4305849603350225, -0.23154054132463625], [0.3511246023809194, -1.4485197832039052, -0.30095334089080983]], [[-0.20141672610247333, -1.3154699705938244, -0.8509784997468728], [0.31624225266115286, -1.3595811586934492, -0.7668066329678279]], [[-0.15773527093386117, -1.3395393689438575, -0.7645563643006317], [0.29451005479300213, -1.4292407073680031, -0.851377921544072]], [[0.4159539806151437, -1.713494463499317, 0.37604099303359156], [0.29483848666625206, -1.5911774130380594, 0.617758377204618]], [], [[0.30949938466121046, -1.6608672982643393, 0.2808668237026592], [0.29023576241600757, -1.5305587488046453, 0.4889502577550826]], [[0.058273701173610054, -1.4919947242448752, -0.09029200261409448], [0.2924349207336531, -1.4318750322760332, -0.17449819852428788]]]}