{"bodyId": "h0", "timestamp": 1630675666924215204, "continuousState": [[[0.5040846038559356, -1.602840668581613, 0.5545729245111725]], [[0.2502750251329387, -1.529491847461292, 0.7925697695957069]], [[0.38235522654207643, -1.7572690318410151, 0.35369584321365277], [0.2585247212334132, -1.5626017147002527, 0.6226135950536498]], [[0.4483522979270736, -1.6669045933832651, 0.3796876104569312], [0.32942305004734906, -1.6134773731879042, 0.6065407061826822]], [[0.16989075770727657, -1.6657716575517285, 0.20497645333722858], [0.2733136496206289, -1.4457868650787877, 0.36443453740959947]], [[0.32408590700342294, -1.5943545187933827, 0.30149766113464604], [0.3879818218068031, -1.5540604700888199, 0.33960480301343454]], [[0.18669292200401094, -1.451930892703438, 0.03200720203906167], [0.17312185796883456, -1.3660495878264143, 0.10222499423531553]], [[0.37149010671198907, -1.328315763636036, -0.11483935037249625], [0.2974807649926738, -1.3984593615833936, 0.13766236667502427]], [[0.13558592216352622, -1.624667084285255, 0.0992239801622079], [0.3301543095733177, -1.4413025009678682, 0.10178326590636334]], [[0.16743480299588823, -1.5438738936684304, 0.12444537219570544], [0.34773941931219154, -1.5004220089710956, 0.07382768811800337]], [[-0.013092505795892861, -1.469758569087829, -0.25594676054967364], [0.25103624415771103, -1.3645547809477534, -0.4097662413648088]], [[-0.001707893664573703, -1.4328351586881678, -0.2204529503503161], [0.37767872187385726, -1.4488062642108606, -0.269500385199633]], [[-0.20018284151115767, -1.313174630865117, -0.8606804197940674], [0.2921940481244362, -1.3803684997294186, -0.7975171224982012]], [[-0.15577010526333135, -1.3387642061835268, -0.7602837149389966], [0.2905584077484193, -1.4328564905317445, -0.8453809969778652]], [[0.41968273404397605, -1.7131641385190683, 0.3757662034655064], [0.2976320615663833, -1.5931057289991146, 0.6203435052780544]], [], [[0.30912152781717506, -1.666338125467497, 0.2923320318970799], [0.30136834983398897, -1.529632119133346, 0.4854876217961408]], [[0.07717114859999769, -1.5068162313781297, -0.06575069417698409], [0.2993878317349513, -1.4324883949594245, -0.16796927662340272]]]}