{"bodyId": "h0", "timestamp": 215673, "continuousState": [[[0.5055440732543204, -1.6042559604526787, 0.5571513247035397]], [[0.2677357723086081, -1.5340803390650535, 0.7970945741389127]], [[0.38193547252986154, -1.7591614572798269, 0.35488292318480785], [0.2577926537660528, -1.5652347108340197, 0.6246669083767381]], [[0.44953963474195435, -1.6756965802128057, 0.38927130090494805], [0.32720615886354537, -1.6170891579774074, 0.6020984287279312]], [[0.17924332824524442, -1.6640392652597975, 0.18508066026654638], [0.2709726015496162, -1.4496605581838165, 0.36502435490638413]], [[0.3270745489785235, -1.5933724667898754, 0.29593051959573746], [0.37623416771176244, -1.5666388724243416, 0.33412520218176567]], [[0.19055271425825077, -1.4480705499738808, 0.022183475265973585], [0.18967378667297793, -1.3759816982570847, 0.11176817795563193]], [[0.3847858324637206, -1.3146507271696737, -0.13274164557975518], [0.3221830073203891, -1.4187387385737265, 0.1609056498896532]], [[0.13040467228886637, -1.622981326171922, 0.09994985230479983], [0.35359648656344894, -1.452539549168605, 0.12846783061593306]], [[0.15539209210413452, -1.5294723756324748, 0.08444971811467485], [0.35903594330295185, -1.5193714348740825, 0.08831572170663003]], [[-0.01766866831027414, -1.4730441176718543, -0.26993727375908544], [0.3439244121710624, -1.3970965194381868, -0.2780554647004178]], [[-0.015681038745045898, -1.4367694988813373, -0.22708430848845568], [0.34262142275933344, -1.4596401578204576, -0.30538778529844013]], [[-0.19750019914764902, -1.321135806237625, -0.8457395192314189], [0.2946542725671534, -1.387277641183487, -0.8004310534186536]], [[-0.15598167036101496, -1.3424210804431047, -0.7535034159451106], [0.2874163469428304, -1.4295463339844472, -0.8488813657238645]], [[0.4183498202705461, -1.7174576980515925, 0.37885009401264574], [0.2867388958180361, -1.597953075798689, 0.6136794635509559]], [], [[0.3143914814935994, -1.6698679227363016, 0.2871759805857472], [0.2990893802065808, -1.533374858080612, 0.4835613918171576]], [[0.06886171189693019, -1.5012582466521645, -0.0927437778222053], [0.3514801777370071, -1.4582339771561346, -0.09486987149689388]]]}