{"bodyId": "h0", "timestamp": 1630675666924021239, "continuousState": [[[0.5324375243864656, -1.6653580689862924, 0.5058531972700147]], [[0.2057412438782135, -1.6202635109841435, 0.7905383799707183]], [[0.37563083893410526, -1.8110578764520773, 0.37084096049132087], [0.23224839311787765, -1.6123931457248566, 0.6217641887653926]], [[0.45501265790722695, -1.7300824520548903, 0.38007129166592357], [0.27161658520007426, -1.7078902050170273, 0.5830902131479775]], [[0.22406569153906958, -1.4986259080622895, 0.26118446125669814]], [[0.35542985166761626, -1.6754813755785667, 0.2601724474658377]], [[0.016542713681919112, -1.5195532291978084, -0.060741219896204714]], [[0.34063200038720104, -1.552794651295995, -0.05726818212807098]], [[0.10983697006305158, -1.713269524222249, 0.12006544054929782], [0.27746125686069717, -1.4943968331904138, 0.00619676016483595]], [[0.14639392710329413, -1.6263459869655668, 0.09647214429004317], [0.36397794161589536, -1.5858481385424135, 0.06857547774236218]], [[-0.014581103973148686, -1.526984213307248, -0.26042359554211064]], [[-0.02330228605432842, -1.4853237047328909, -0.14900694690893534], [0.26369305055626296, -1.5122022677282647, -0.35726942946198664]], [[-0.19043469191612256, -1.3794058126298354, -0.8710303893924775]], [[-0.15128538609778883, -1.3854587223686416, -0.774375056244849], [0.1941193626776244, -1.5022037215160036, -0.8600584447496585]], [[0.4193611739191943, -1.768432772352474, 0.37717772446986353], [0.2597579224756225, -1.6582783920736401, 0.6083323655361076]], [], [[0.33953917472314826, -1.6143541800585899, 0.32062787646131086]], [[0.06590641156507272, -1.5766651001364074, -0.08197572562603374]]]}