{"bodyId": "h0", "timestamp": 215874, "continuousState": [[[0.5286499189542878, -1.5950756766994865, 0.5235610002121803]], [[0.23694007768909386, -1.4527580652523886, 0.7759199988934554]], [[0.4828019393344003, -1.6858362719754387, 0.5604567188023585]], [[0.2574411806875978, -1.5306208823138172, 0.7946163088215468]], [[0.3895222894367807, -1.7638744336616425, 0.3588913368698577], [0.22755931662396006, -1.569030695969727, 0.6184669475740912]], [[0.44931317997110437, -1.6819230315329299, 0.38911648661935966], [0.3253786827884442, -1.6182433820559505, 0.6075002206143723]], [[0.1724663650430835, -1.6746689571600095, 0.21001314198587828], [0.2791848148860415, -1.4567444149094826, 0.3973605785131431]], [[0.32934480889824697, -1.6007963592811258, 0.2951315604270592], [0.3706267186456762, -1.567193811741557, 0.33301803020428133]], [[0.18517786072617629, -1.4587760736067705, 0.038634458002999056]], [[0.3737937033209592, -1.3330433812414229, -0.11389326056883715], [0.32946642080726224, -1.4217655132287137, 0.16898612059583273]], [[0.13597735603571157, -1.6273641761154842, 0.09904432013539372], [0.3494855730976283, -1.4549669938994403, 0.12998374830653642]], [[0.15503093216623642, -1.5376032671541966, 0.09620264868337722], [0.372897014797079, -1.5136131376163073, 0.10776247729543843]], [[-0.015509651250816717, -1.4731485694343678, -0.2806406154686688], [0.35139664547028654, -1.4013397952089974, -0.27046278743235413]], [[-0.010505119048921131, -1.4294072478482303, -0.25239242429067804], [0.3253887504074953, -1.4613997659586262, -0.32954273240452014]], [[-0.2125905707078441, -1.3062907564188462, -0.8740078545247421], [0.28442089155589795, -1.391091932673391, -0.8143026452647093]], [[-0.1558939970567572, -1.3383933781494806, -0.76011795362987], [0.2841900683967906, -1.4339824427984333, -0.8505494788840776]], [[0.41657824623765116, -1.7239023130509958, 0.3829445999551331], [0.28770442158506715, -1.597563338935931, 0.6207244583623001]], [], [[0.31088977250709393, -1.6782959943464697, 0.29956481430261894], [0.30228174883724285, -1.5374938984827167, 0.5024303995637577]], [[0.06976064045770985, -1.5053759182942823, -0.0922189833926458], [0.36214683013368276, -1.4574764664126523, -0.08135015506845786]]]}