{"bodyId": "h0", "timestamp": 217616, "continuousState": [[[0.4924607715460268, -1.590381119040138, 0.5531899809002249]], [[0.24036163196054416, -1.5193809188946328, 0.792581941031731]], [[0.36638473089737095, -1.7468578886932407, 0.35905367285834405], [0.245368933880163, -1.562378480351801, 0.63301450399383]], [[0.45792142160977056, -1.6471801979081762, 0.37011251060778294], [0.323883870966876, -1.609486167034634, 0.6177528858710125]], [[0.16647891081344324, -1.65603274145364, 0.19207249615658747], [0.2419252235369838, -1.437087887777945, 0.3786529608219212]], [[0.32337093782476534, -1.58712002685143, 0.308355948322353], [0.38233353475234777, -1.562001289843513, 0.3813892630823154]], [[0.18860648524442053, -1.4362471245851218, 0.01674247286142804], [0.1517983517187554, -1.3599827831297526, 0.11445855332211295]], [[0.3299954065554923, -1.4239679364030735, 0.18592102663600757]], [[0.1408465951065881, -1.5962274909781526, 0.025394292320632984], [0.34286688870532, -1.4427165831684376, 0.14588899382730505]], [[0.14075938099814084, -1.5162777439192683, 0.06859402113177634], [0.3648804768940759, -1.5021296177780223, 0.14172849309530489]], [[-0.015736171888090213, -1.453418311459302, -0.2509769987866241], [0.32942075457843634, -1.370382316803166, -0.26222925279914555]], [[-0.010992751716342411, -1.4266527865829235, -0.24562936021458426], [0.3575071519703988, -1.448839418777491, -0.26326006601260404]], [[-0.1964153718519098, -1.3109074673117662, -0.8636545026333674], [0.2641741426823478, -1.3740173792116435, -0.8078048875060506]], [[-0.1562115651437511, -1.3393474880350218, -0.7556303345396164], [0.28541662713953225, -1.4288752447142767, -0.8494573559827793]], [[0.417976661412705, -1.6966437257430553, 0.36686807074846095], [0.2807813901406798, -1.5903759115529992, 0.6228682717239618]], [], [[0.3122001662116069, -1.651606469680908, 0.2810925033821852], [0.2829045472519299, -1.5232870274062895, 0.4982029233464669]], [[0.06251160455502532, -1.484848027689285, -0.09119148882742388], [0.3471506157362561, -1.4362559672905941, -0.06025037985192033]]]}