{"bodyId": "h0", "timestamp": 1630675666924217750, "continuousState": [[[0.48763126858375566, -1.5938343151544214, 0.5640344063484972]], [[0.24807904091727073, -1.5205446876097184, 0.7939123894883995]], [[0.36697267933842936, -1.7482235205867327, 0.3598397882967067], [0.2427020315108339, -1.5550305793759667, 0.6362826241104458]], [[0.4577958840832575, -1.6441812578728567, 0.37195947748428376], [0.32375845608934944, -1.6138338952606812, 0.6121138073248651]], [[0.16890693720004082, -1.6558157703359284, 0.18437124383531045], [0.2337797027214815, -1.4332780497640714, 0.373480803561238]], [[0.29979701347224724, -1.5671580136266714, 0.2837423180694841], [0.3677704366761934, -1.5678966670823506, 0.3611762487780027]], [[0.18160620466196592, -1.4456837817968102, 0.035707252553861056], [0.16813322045881318, -1.3620441856577028, 0.12914889918032896]], [[0.44226668863044705, -1.254533237246722, -0.2604355448578531], [0.34407039562259933, -1.4293465624409312, 0.19792539914201643]], [[0.11581574099673549, -1.6122597368764309, 0.10894564467066062], [0.34146258030791476, -1.4306587320752349, 0.14355608905942358]], [[0.16879682558607692, -1.5208770674270908, 0.10958138273720601], [0.3517932986925593, -1.5012987613871032, 0.1226127850851342]], [[-0.017777033549216868, -1.4574915590086224, -0.24948164295100309], [0.2779548881549356, -1.3605402145049905, -0.3516490160362964]], [[-0.013993607638678724, -1.4282274798076602, -0.23384633088834722], [0.3586806031083238, -1.4481507762391028, -0.27448111217449356]], [[-0.19791043059585195, -1.3090423052686884, -0.8567223406946186], [0.3231244688351303, -1.3610736028437271, -0.7513343739389532]], [[-0.1535491207522059, -1.3347842635414875, -0.7617347062894082], [0.2887485406435926, -1.428206506999656, -0.8486835764412042]], [[0.4191050996130529, -1.6955774633159435, 0.36688216829695647], [0.28063028195052403, -1.5892014042217968, 0.6232991010397227]], [], [[0.3133514106416492, -1.6499985141043925, 0.27816536065979713], [0.27876907940541545, -1.5235559725123764, 0.49279730544305156]], [[0.07550989601843003, -1.4891843132178566, -0.06995013010689854], [0.31487409342374745, -1.430919487946047, -0.1145181154755811]]]}