{"bodyId": "h0", "timestamp": 1630675666924217817, "continuousState": [[[0.4943979786789526, -1.5916880976715555, 0.5574342277220861]], [[0.2453980470577235, -1.5253054392828582, 0.789835793564144]], [[0.37171410606704064, -1.7465181650360446, 0.35970983155486896], [0.2098128388282039, -1.560318322881203, 0.5970811588574222]], [[0.45234371756392266, -1.6497052147597586, 0.37451640154713345], [0.3178176192368066, -1.6128918928817624, 0.6018866208016184]], [[0.17322969017861264, -1.6648189930586164, 0.19431110158533466], [0.23412070415253242, -1.436194367571723, 0.36752992922034466]], [[0.30036938889953824, -1.5668355688475786, 0.2763567268986683], [0.3758657602403473, -1.549055336694288, 0.3381390357866014]], [[0.1809232322025701, -1.4550268608182684, 0.03725516244693495], [0.18281072991888755, -1.3534829565116375, 0.1185590395596771]], [[0.4373363415052626, -1.2552504905215311, -0.25846185522476617], [0.31706794420130907, -1.403532883311803, 0.16069637910473306]], [[0.12196804315889369, -1.6083343356760877, 0.0912451226323949], [0.34928658865453394, -1.4312965383686984, 0.1432135970568829]], [[0.13435745533760046, -1.5182664454774313, 0.09399217872589498], [0.35502582022531604, -1.5008177800416673, 0.11855150203168842]], [[-0.01808695882429373, -1.4543226260870268, -0.2727210584186953], [0.21790126328934184, -1.3503574874528197, -0.4348785606201252]], [[-0.012926920507085413, -1.4172842373119352, -0.25527557756566965], [0.36075009123378754, -1.4446903844094765, -0.27644652308975265]], [[-0.2002274890864988, -1.3100691246668799, -0.8626798649284806], [0.27628057423621294, -1.3725229679078412, -0.7886011874491134]], [[-0.15704486525354858, -1.3303075151492787, -0.7727734432504917], [0.28092417603332503, -1.4320557044367965, -0.8525273647373081]], [[0.42037644397775087, -1.6970953085009635, 0.3653248543574057], [0.29499642791664926, -1.5890751389014774, 0.6245452634860458]], [], [[0.31278670387126767, -1.6572621039091875, 0.28441375156623405], [0.2759691616946695, -1.5245431302267427, 0.4847082750109815]], [[0.058135248256653366, -1.486294535782229, -0.08936443984640016], [0.2864635417573289, -1.4255876337472435, -0.1581635292942184]]]}