{"bodyId": "h0", "timestamp": 1630675666924218420, "continuousState": [[[0.48884781449892845, -1.6020234228216377, 0.5713799466926239]], [[0.2483705941444616, -1.5326475834332363, 0.7911007849789192]], [[0.3760441705887359, -1.7514563394339167, 0.35112852580749493], [0.19263464627844268, -1.5584700361854262, 0.581791002631136]], [[0.4509810424575389, -1.655691513624312, 0.37517918023085556], [0.3105162596511118, -1.6222035910513033, 0.5946286496039516]], [[0.17043533248754478, -1.656797317376794, 0.18198527870232442], [0.2361596455295828, -1.4374081543641601, 0.36794621081103424]], [[0.32901499788824745, -1.5818370031733542, 0.2899102432868256], [0.3789973866334178, -1.5560445806374148, 0.33762873876085087]], [[0.1893068296320619, -1.438760821796435, 0.01553824873882104], [0.17781224761204475, -1.3622832864389482, 0.11172514936210655]], [[0.4075301550324613, -1.2835678165385065, -0.19213546352749222], [0.32282317014371054, -1.4133901339850923, 0.16608408622836418]], [[0.13374235903246784, -1.6011593426159187, 0.04190054004409103], [0.3041971924112547, -1.4320859018760053, 0.08285211974329013]], [[0.14309258902214178, -1.5126217255331766, 0.05643690996993359], [0.3829438504539198, -1.501538431778802, 0.11861191044496422]], [[-0.0177791523698516, -1.458689414314134, -0.2515700245340099], [0.12419513821448572, -1.3577243340082343, -0.5719299042946334]], [[-0.014621032651897452, -1.4286657145252506, -0.23184848202694797], [0.36492418536560445, -1.4493661188257114, -0.2843988473800041]], [[-0.19656229474250284, -1.3140509615303417, -0.8525468902005404], [0.316126147459099, -1.3646367533200119, -0.7676750804338833]], [[-0.15647761991828874, -1.3391880890225822, -0.7543615964683577], [0.2877200085149641, -1.4304391406529895, -0.8593019477849023]], [[0.4200429189264486, -1.7045787746705212, 0.36298314559928124], [0.2835246527148445, -1.592242464381937, 0.6123969128674059]], [], [[0.3107081874725418, -1.6562444155005531, 0.27858222946659], [0.2733379525903473, -1.5298058727077317, 0.4812874302074929]], [[0.06265671832614508, -1.4856555699236553, -0.09756655728203815], [0.2535694943342028, -1.4296313828935183, -0.2266589969248346]]]}