{"bodyId": "h0", "timestamp": 218487, "continuousState": [[[0.48437325967576006, -1.6039765503298125, 0.57150552797605]], [[0.26235963333482165, -1.5357538069598924, 0.7987480857601738]], [[0.37506015633855855, -1.7535446119232878, 0.3597869168677596], [0.21740499624717607, -1.545805585878236, 0.5951619149193682]], [[0.45157129289789183, -1.6599340728796255, 0.3701638479203984], [0.3332124703885272, -1.6241115570282547, 0.6093755754496877]], [[0.1707397301496647, -1.6659834174336328, 0.19740877154215422], [0.23748359542317463, -1.430409803633157, 0.3430265051587624]], [[0.3012051707542799, -1.5759493836779086, 0.2736471863843158], [0.38011353919833757, -1.5668148384197804, 0.33894982403338825]], [[0.17971122770879627, -1.459062320023008, 0.04453548579399353], [0.16155069635752262, -1.3556161792037138, 0.09294260315993051]], [[0.3792690226907965, -1.3208664717473948, -0.13198531833707533], [0.33324767738204514, -1.4160894888503144, 0.17675678561173164]], [[0.12623318591830054, -1.6144437728600307, 0.08451752895213872], [0.2856021287116994, -1.4261398989213925, 0.06035926546954079]], [[0.15406799949281197, -1.527397701628309, 0.08765341107916333], [0.3522326038349395, -1.5044757942901794, 0.0820071670261973]], [[-0.017296543732028057, -1.465146694621567, -0.251462845693826], [0.18487914429101557, -1.3586200458922506, -0.5057003253315854]], [[-0.01352918154954176, -1.4359216654500597, -0.22925953737665236], [0.3088553534336609, -1.4489508271568838, -0.3697954580089806]], [[-0.21241365045750912, -1.301911913817003, -0.8843074322642265], [0.3206810147719607, -1.3620690461095655, -0.7648087200306256]], [[-0.15850928128730005, -1.3395772276923088, -0.7584255912827266], [0.2896591431015952, -1.428654739873862, -0.8614370924090123]], [[0.4201051454813333, -1.7058583149053952, 0.36352057235706886], [0.28688605288914915, -1.589285446596373, 0.6135934416997623]], [], [[0.3111555115237783, -1.662958745156629, 0.28378630973127633], [0.2853480329058509, -1.5272606803307058, 0.47620104030422505]], [[0.06838572788039196, -1.496272198124938, -0.08190471730733133], [0.26855587406297754, -1.431547920091215, -0.21184657915269403]]]}