{"bodyId": "h0", "timestamp": 21507, "continuousState": [[[0.5270157094231238, -1.6660662589479356, 0.5075486892338749]], [[0.22868343954442572, -1.6180391186537346, 0.8008757021788266]], [[0.36017350104626844, -1.8095751721437987, 0.35889646966137045], [0.2200821233243537, -1.6094490313868342, 0.6100978497614928]], [[0.4534294046948716, -1.7320170086576128, 0.379238612749185], [0.2750826329720237, -1.7110142539151039, 0.5829278826506448]], [[0.12516592677136265, -1.714677265332036, 0.1742382754043049], [0.2107234312990754, -1.4892296530244258, 0.23591274571076293]], [[0.35091191209595035, -1.6770018542122826, 0.24433577494187533]], [[0.02190909673257596, -1.5150112232853168, -0.07321940747165172]], [[0.33312263554172616, -1.5491488455283526, -0.09940918349358321]], [[0.1079516270065679, -1.7098219450629206, 0.1264644650460757], [0.2744084626787721, -1.4736595067399096, -0.07271181703517982]], [[0.14727183713467656, -1.6236636802691282, 0.09473493247234273], [0.3550750028195082, -1.5666083179338495, -0.011317841518262867]], [[-0.012974724856074715, -1.5263493265097445, -0.25908896868987313]], [[-0.01965916931769101, -1.4897470660839567, -0.16293751709601656]], [[-0.18903490264124223, -1.3862770604612011, -0.8640559020353885]], [[-0.15180660231293136, -1.3966137256030293, -0.7659706914051622]], [[0.4078817524193333, -1.772031994745687, 0.3906882467495448], [0.26751329353962094, -1.6575672045225391, 0.6099914501962647]], [], [[0.2892976657331171, -1.7233471369948243, 0.27673844407674497], [0.24290303213554953, -1.6001219534697648, 0.40942031418070385]], [[0.06714855613930093, -1.5750065033894365, -0.08217701810876521]]]}