{"bodyId": "h0", "timestamp": 220229, "continuousState": [[[0.4954721474140246, -1.6212313291141944, 0.5444272419843232]], [[0.25153839062081146, -1.5349708561329336, 0.7947667295209363]], [[0.38771317185926185, -1.770841618224152, 0.3573478520328035], [0.26643678178781216, -1.5765053931886535, 0.6293373677465317]], [[0.43818860372787977, -1.691234991331034, 0.38200963828088425], [0.3239423245546052, -1.6228724007727828, 0.6034908283928678]], [[0.17656197314224464, -1.6822179975072122, 0.20886841823568875], [0.28292195340581905, -1.4660249501549834, 0.3709845283649916]], [[0.3093386322311828, -1.6059977297951984, 0.2855234408074739], [0.3647936391898993, -1.5777767459803629, 0.3252571330237088]], [[0.19521779650016224, -1.465008155734215, 0.016679010618674512], [0.19183129016567227, -1.3823669674792076, 0.0994988851414405]], [[0.3190939650041521, -1.4261980668302958, 0.1436770218685899]], [[0.13995325178262352, -1.6355545213146436, 0.10138130823996494], [0.33384160123437207, -1.4608248095602892, 0.11116866479089595]], [[0.15052313598729905, -1.5630728604515212, 0.11690928337288528], [0.37417798511784484, -1.5223884614219516, 0.1092731735980833]], [[-0.011446806859432798, -1.475062047024443, -0.2742357942913795], [0.34988788831857753, -1.3944770106398485, -0.27042380248451536]], [[0.0005989686867594628, -1.4456359539317705, -0.2352359508583918], [0.37826508997557495, -1.4563678600914596, -0.25700161686239426]], [[-0.21229989947933076, -1.3070843703821626, -0.871706941164407], [0.27874294051411447, -1.386926502602146, -0.7881015382204225]], [[-0.1556591395872972, -1.344677767343323, -0.7574023693805534], [0.28671012377762894, -1.434011119181845, -0.8439466647829424]], [[0.4171222423153078, -1.7312878610103106, 0.3706090105922385], [0.3054831318670156, -1.6042507982020462, 0.6277010983574608]], [], [[0.30737528843506223, -1.6867264944191231, 0.2954390282582865], [0.30343213898021215, -1.544448675463883, 0.48723767837892973]], [[0.06953816456393312, -1.519067453737982, -0.07866325545924711], [0.3620329367182112, -1.4584327360309, -0.08057531444321603]]]}