{"bodyId": "h0", "timestamp": 222440, "continuousState": [[[0.5086537721771551, -1.5985614591683917, 0.5454272175272025]], [[0.2508382648221375, -1.5290708297436058, 0.7935717178063744]], [[0.37654742647709616, -1.751327149497305, 0.35546339002187893], [0.1837528456053135, -1.5598412739696124, 0.5748811850441927]], [[0.44365451945683476, -1.6681995434793877, 0.38274638425843793], [0.3181606091711453, -1.622576792465676, 0.5912871201484877]], [[0.17052332425658084, -1.662581898655703, 0.20078135969016034], [0.2445271328816982, -1.4329480651685724, 0.3416636556344122]], [[0.32511054651634985, -1.5894015257278868, 0.2986577105881968], [0.3984104127125429, -1.5483745616276652, 0.31912628053467007]], [[0.18462795731849588, -1.4584027861599294, 0.042516983122060086], [0.18261042102743727, -1.3609512649209745, 0.11238806131489036]], [[0.3661763208151139, -1.3371047155290205, -0.10240817166352008], [0.27667481834149066, -1.3832319932313641, 0.11495687476189415]], [[0.12908698094759818, -1.6275930379477377, 0.11736390308333648], [0.2857131353661109, -1.432034389943148, 0.050821262990039716]], [[0.15132615777483824, -1.5435508003191343, 0.10478002098321576], [0.34343612796296863, -1.4980147597321605, 0.0601473450196604]], [[-0.009508750237460674, -1.4491115810793043, -0.273671856432484], [0.33417918549574027, -1.3653720266055627, -0.3083841496719872]], [[-0.0009471684642903142, -1.4309364198038608, -0.230682138891126], [0.3351865250841895, -1.4470141635954232, -0.3326830351887902]], [[-0.20184010502069052, -1.3052937605250743, -0.871118832988775], [0.3143884862054333, -1.3834677784132643, -0.7675892391323366]], [[-0.15996341903316139, -1.3325258145771413, -0.7785207138316241], [0.29130293068321317, -1.432502428529151, -0.84298401488973]], [[0.4187254788888095, -1.710351746808477, 0.3730517888251895], [0.283846711799353, -1.5929840590915525, 0.6085499274520566]], [], [[0.3070889218567078, -1.6653907210675454, 0.29176387197429915], [0.2813438710264218, -1.527762428817124, 0.46647538789144993]], [[0.07090870376868878, -1.4963311906992192, -0.08444591772463411], [0.3388076567293544, -1.4316933931688616, -0.12411840232616339]]]}