{"bodyId": "h0", "timestamp": 222507, "continuousState": [[[0.5007248271965855, -1.6015751908098939, 0.5587232535537456]], [[0.2555179527678781, -1.5235891887176711, 0.7952224481554833]], [[0.36925496682893066, -1.7498903204663618, 0.3600917705166205], [0.22973382161030032, -1.572197767853489, 0.603540266242614]], [[0.44588199356376984, -1.6665372954511664, 0.37981567301029556], [0.32648948666250815, -1.6129015289331794, 0.5956548445970656]], [[0.17265964231514125, -1.6595119663114457, 0.1894557968507388]], [[0.32226013569521667, -1.5898750314376469, 0.30066886770871154], [0.3978137915477444, -1.542667961397412, 0.31447577617153094]], [[0.18732324128362068, -1.4528097767168837, 0.03973162428043293]], [[0.3616042451312832, -1.3452081024727573, -0.08910958498893251], [0.27638061956796695, -1.3813378401546739, 0.11079153187223414]], [[0.1408529061207245, -1.5994707680731886, 0.027283402338171753], [0.32517275762442366, -1.4426338748186023, 0.08986443626246478]], [[0.1349193877814367, -1.5376497025599951, 0.08587175937554707], [0.342940999615226, -1.4962228715087003, 0.05950328731939158]], [[-0.016027683629931004, -1.4503324295398958, -0.2438884745984742], [0.27591022875513477, -1.3635463673985084, -0.3873833097878057]], [[-0.002359723411599191, -1.430692320808535, -0.23794443006936353], [0.38501324175083207, -1.4406279784436515, -0.2674383641210027]], [[-0.21363082012936535, -1.3075938254837642, -0.8569566520307167], [0.30404599049772557, -1.3844303767594084, -0.7840297765039889]], [[-0.15954750346688798, -1.332183187418545, -0.7846633439827524], [0.2910695238261128, -1.4289388263317824, -0.8485331663274603]], [[0.4191811062482788, -1.7060078785102895, 0.36289087854702917], [0.28867867913379314, -1.595794337912618, 0.6099771414330509]], [], [[0.30927081793945554, -1.663024630881306, 0.2846357349305172]], [[0.05944585207575284, -1.4939910660499454, -0.07900835761146358], [0.3094256141851804, -1.4298846194536043, -0.16394001123420707]]]}