{"bodyId": "h0", "timestamp": 1630675666924223110, "continuousState": [[[0.4924191615722884, -1.6063342578107562, 0.5588003823993976]], [[0.22868896826075275, -1.527150008247677, 0.783048978575368]], [[0.3716689210684596, -1.7529756064138131, 0.36875509997266065], [0.26182604444233243, -1.572630750935558, 0.6294815610751215]], [[0.4408915618845337, -1.676172219258263, 0.38925132021670494], [0.31958201009669823, -1.615289524804481, 0.5958509141805478]], [[0.17285476195883734, -1.6578336798520872, 0.18668139301219208], [0.2721198512738179, -1.4488004650023896, 0.3637217591013089]], [[0.3038684540135301, -1.5920235238438343, 0.2979090948747596], [0.3907336847750523, -1.5476538031798472, 0.3110874953190164]], [[0.18308736121438265, -1.4528295229158834, 0.04651442970894914]], [[0.34326157146784525, -1.3470252457625225, -0.10879486444271878], [0.28900132140348, -1.3919125906086325, 0.11869540454949425]], [[0.13872133583883123, -1.634737742440777, 0.11175586238924938], [0.3183090348322039, -1.4463568168978154, 0.0815269459676083]], [[0.16021350809139312, -1.5740590248319637, 0.1630134782577304], [0.34170676403936406, -1.5016003800497952, 0.05508321026423732]], [[-0.010402243728831024, -1.4696812018123315, -0.24906083181066196], [0.21498399802257723, -1.3562854051242323, -0.4585866665636679]], [[0.006057339519977802, -1.4390569924251404, -0.22522992865293873], [0.3734548726691612, -1.4465275139843077, -0.2800253773492529]], [[-0.21403656184535283, -1.3048478112854773, -0.8633562198065151], [0.30152658171488794, -1.386685227223203, -0.7878097345842773]], [[-0.15569167811673684, -1.3436811429089484, -0.7515014512479083], [0.28494596498847363, -1.4355643959673412, -0.8469151829317041]], [[0.41548455513354876, -1.7148448917861605, 0.3828281007422986], [0.2836680251304556, -1.5985510397829423, 0.6125841430041721]], [], [[0.3068731619216855, -1.667002949555175, 0.2879663566144485], [0.29585093068525803, -1.5320449949034352, 0.47978633664092835]], [[0.07490563218128105, -1.5218701133221475, -0.04302367677646578], [0.2783453810309706, -1.4289428925870138, -0.20175172814971531]]]}