{"bodyId": "h0", "timestamp": 223780, "continuousState": [[[0.47195996003682633, -1.5991498804926594, 0.566101316895117]], [[0.23854019530572124, -1.5164888934980223, 0.7955071497155547]], [[0.3679173664979598, -1.7464068524397218, 0.3628689198389327], [0.2444766348049959, -1.5759846969183893, 0.6347064932268957]], [[0.4419788183496123, -1.6887021018732735, 0.40562787318311827], [0.31021166593331395, -1.6030877155621586, 0.6037940044475378]], [[0.16235450567175183, -1.6600863064628923, 0.2069014584259353]], [[0.31654259185939626, -1.6122248015785512, 0.32531423157091466], [0.3681308580371203, -1.5597242862130738, 0.36071619305160585]], [[0.17110590139620974, -1.4704134634684392, 0.04946329331511379]], [[0.3020772969293791, -1.4145601211542724, 0.14000018557563612]], [[0.13146478757687147, -1.6456152940748738, 0.1441752940696806], [0.344221511334137, -1.450918008358862, 0.1392119614162034]], [[0.1542706436659165, -1.586922635408566, 0.18567764809454912], [0.3499035425840418, -1.502509297923877, 0.11987482837181665]], [[0.0038730474224398675, -1.472045349355075, -0.26081130460046303], [0.33456620858689895, -1.3711978930098907, -0.2542368929200566]], [[0.006309832341489823, -1.4477870566352922, -0.22803090308984839], [0.35541348168341824, -1.4496463147869738, -0.27057957376453035]], [[-0.19708587569191177, -1.318115827608648, -0.8580921244173283], [0.2966030497428517, -1.3901723807218904, -0.7887452666699721]], [[-0.15472668133611683, -1.3509463929536953, -0.7397485798434122], [0.2827388012390977, -1.4399603419400928, -0.849886136387144]], [[0.4144205205604048, -1.7160828548725708, 0.3867026841374086], [0.286586206600399, -1.593112693461392, 0.624700574521247]], [], [[0.30216666201068204, -1.6743942041680828, 0.30626466580452677]], [[0.07907184554417819, -1.5294839923818204, -0.03756682825295696], [0.3422348755854704, -1.436853595466884, -0.06718103227411996]]]}