{"bodyId": "h0", "timestamp": 224517, "continuousState": [[[0.373061349414066, -1.6111153853245732, 0.5924046336187095]], [[0.12137834231621264, -1.488451450280187, 0.794257726196857]], [[0.23112409083522148, -1.738638403359413, 0.39971227915701457], [0.14495273371587064, -1.553267224035644, 0.629398142114449]], [[0.36161268297206905, -1.7018790981780756, 0.44318535823015304], [0.21979855876938836, -1.5657230686615755, 0.6241906843622244]], [[0.03872630984333927, -1.6197158155504308, 0.17054471177669825]], [[0.25039410974565707, -1.6127793080536081, 0.3501166882232958], [0.2850271997728989, -1.5053329151879107, 0.3176786173429173]], [[0.08213182328149463, -1.4245490987095533, 0.02872541143562307]], [[0.09724447762453542, -1.3056506497483764, 0.07408530360554755]], [[0.03709339105370264, -1.5772860893636056, -0.0726139469609809], [0.2132999340281699, -1.4531984508911855, 0.07896524721891751]], [[0.25280839775964276, -1.4814633860350004, 0.09797211584284538]], [[0.27025177040265635, -1.3969047722319705, -0.29160148362259725]], [[0.2741511644244051, -1.436999473829816, -0.30304762701578786]], [[0.27570986819749393, -1.4011747668039916, -0.7246836700087286]], [[0.2696811414290551, -1.4445115258319339, -0.8487811687297778]], [[0.3267617985036187, -1.709479247124933, 0.40761827676265805], [0.1883426756516608, -1.5634998641372801, 0.6289836455952952]], [], [[0.20016949640770415, -1.6607974568642532, 0.30686503500342566]], [[0.2615300840811495, -1.4391840791334856, -0.09681468388987594]]]}