{"bodyId": "h0", "timestamp": 1630675666924000134, "continuousState": [[[0.48850900395931973, -1.588352613494534, 0.5416411528570303]], [[0.2314534557311158, -1.5228038016145717, 0.8197688163404373]], [[0.3945857032447107, -1.7362031648563865, 0.4072581683559308], [0.1256237804873224, -1.499886739646915, 0.5779979613101375]], [[0.42434839990441564, -1.646252481626834, 0.422610410188709], [0.2434904318253357, -1.6170934980138971, 0.580089569210008]], [[0.10534066669909782, -1.6560964368563456, 0.21744340087495426], [0.25274651353930266, -1.3984973583564821, 0.34459323013163656]], [[0.326140711353495, -1.5762516372466884, 0.3406811199226163], [0.3685610126529532, -1.55059866261999, 0.34558299991842384]], [[-0.0014183015167122334, -1.4720497825347312, -0.03411268169707409]], [[0.35226189541692565, -1.4268511819463117, 0.04342069799501996]], [[0.11356483364186261, -1.6611203437860216, 0.23614609871486072], [0.2717051241243828, -1.3843344620506801, 0.09814376056100059]], [[0.36672437141022873, -1.4813691150779977, 0.10741864004534796]], [], [[0.24589828931156377, -1.4314020162844654, -0.4182565610088907]], [], [[0.253210626313366, -1.4186484427647557, -0.7928370474924937]], [[0.41611309046717837, -1.6977909120576036, 0.40731146863894946], [0.2158001731795489, -1.5580020081445607, 0.6046210919944469]], [], [[0.2648445333017567, -1.6511744592415898, 0.3200269055318316], [0.24811847268231918, -1.5077954281851897, 0.4623413996708223]], []]}