{"bodyId": "h0", "timestamp": 1630675666924226795, "continuousState": [[[0.19494938534271114, -0.9887753606002488, 0.8429001899893505]], [[0.18347942902383624, -1.1204297689303186, 0.847566665397908]], [[-0.03710946109506381, -1.055468426135656, 0.5780083751874062]], [[0.1901981789676695, -1.2477154443778906, 0.6573368155376695]], [], [[0.3589268117538497, -1.21347428233001, 0.38644517601980555]], [], [[0.30499220307661085, -0.9799587385904945, 0.07763332649910444]], [[0.24117130291248548, -1.3466811174429962, 0.47417265552977916], [0.32046336763898786, -1.0310719171119502, 0.1754950077730946]], [[0.36350169943221433, -1.1591855780022127, 0.1501591563888835]], [[0.03863056632919324, -1.2299352733058075, 0.2337892808179506]], [], [], [], [[0.3518616603871937, -1.3589336227348856, 0.5910345368933573], [0.1941062486662229, -1.1815060227159868, 0.690264647271008]], [], [], [[0.2010661328807038, -1.19456042565401, 0.19197421860341707]]]}