{"bodyId": "h0", "timestamp": 227532, "continuousState": [[[0.4434849606819683, -1.158587334729009, 0.7035503712259438]], [[0.2596918066373946, -1.0778971003217899, 0.8188376090364274]], [[0.3986367868428592, -1.3293376045522147, 0.520807229612768], [0.1825531645900769, -1.2244137000355457, 0.622610870848235]], [[0.3009669974662611, -1.114663791879141, 0.6023798851070056]], [[0.1569124831222719, -1.346517986523825, 0.38993513738502317]], [[0.2670423332213625, -1.142519419623975, 0.3425032623632903], [0.4789866269154443, -1.02890786235778, 0.4070680296365292]], [[0.10308847035769111, -1.1158816196136585, 0.14200874583775067]], [[0.34150658167093395, -0.7747619243613983, 0.005589044821653715], [0.3085643824585543, -0.805987809707896, 0.08179503992337868]], [[0.14092977279612795, -1.2542404616225018, 0.1901968712907262], [0.3730505955967285, -1.1441904620117422, 0.027617240229225216]], [[0.15234030765434908, -1.2119185444838414, 0.2634928652304179], [0.3251289249836361, -1.0038946861631453, -0.0368150663554859]], [[-0.0325621739696156, -1.0678275562932624, -0.18687732817237407]], [[0.7392828637040929, -0.936889251328296, 0.021812812378113222]], [[-0.17840063957624544, -0.9055002661271639, -0.7099585063332897]], [[-0.16327930390831039, -0.8886022233247034, -0.6772001632190345]], [[0.43589024814199917, -1.2665314316192158, 0.5297161554478395], [0.24447806260563992, -1.171426210305205, 0.611081706456828]], [], [[0.2289397402942665, -1.230590889201483, 0.49615751124601437]], [[0.05988906684236674, -1.139873050388552, 0.03830776852902193]]]}