{"bodyId": "h0", "timestamp": 1630675666924228470, "continuousState": [[[0.2592133018156506, -1.2242383410156645, 0.7438717207899522]], [[0.13017536809323474, -1.0545329180706018, 0.8259727103403516]], [[0.33504303140612846, -1.389758792224668, 0.4968834323287956], [0.04996595281973509, -1.2833424538264537, 0.6171287177591405]], [[0.2848970609008066, -1.2499326132135389, 0.6960514343388181], [0.1974977684991461, -1.0277479744696971, 0.6544719606540484]], [[0.1272085504010596, -1.3674333622878043, 0.2484651301506051]], [[0.25084739191262834, -0.9095576377415248, 0.31983911511649377], [0.2905535135531634, -0.912109201795465, 0.46775758859462846]], [[0.009396129729157736, -1.120366073049726, 0.2011975294936169]], [[0.044864127983408934, -0.8753269915060239, 0.2821402018260067]], [[0.09721247447534745, -1.3050715590360014, 0.2089857471890839], [0.30629909171042097, -1.2005720289286361, 0.15794939424053883]], [[0.16996405411938922, -1.0741059589069186, 0.16777875961721794], [0.44993336354923874, -1.0582772701639567, 0.29405762166291993]], [[-0.022864098244365038, -1.0683704445819122, -0.12748205649759917]], [[-0.047260936158631354, -0.8731560939058584, -0.040398722909847945]], [[-0.16280741761757872, -0.9217403552024335, -0.6017447733883143]], [], [[0.33685425658082996, -1.2866648088587298, 0.5625962265748712], [0.17257790747032165, -1.1571735170076554, 0.6637546353582573]], [], [[0.2060528056509331, -1.3086829877506716, 0.4722582822447116]], [[0.0735499779375121, -1.0712382017444155, 0.020148351559809388]]]}