{"bodyId": "h0", "timestamp": 23115, "continuousState": [[[0.5313070111216346, -1.6576763936227512, 0.5074757656886878]], [[0.25389619625261867, -1.6040913141841877, 0.8188610111635992]], [[0.380265911223884, -1.8056169563646967, 0.3651178136905964], [0.16601501588685438, -1.609209535847679, 0.5762672178831055]], [[0.45147272030986046, -1.729273720006147, 0.383825167300417], [0.2858004415054197, -1.6963754190064273, 0.5901470213914052]], [[0.12848521425783252, -1.7032362714146356, 0.14914748600079292], [0.20102220278641766, -1.4867861123810102, 0.2406752144816046]], [[0.3643438160855858, -1.6645131073858739, 0.2656895665862503]], [[0.01701162406381627, -1.5149619791368654, -0.05885202271424305]], [[0.3178995183282404, -1.5479473591172987, -0.09764398195601143]], [[0.11971476367876357, -1.7109362980490923, 0.13783045373845856], [0.28446267735455627, -1.4858250140016227, -0.002725448653037574]], [[0.3588625757254645, -1.5655795125047127, 0.013567869957874337]], [[-0.018901053672931028, -1.522837493894117, -0.25498393501971034]], [[0.20050583540583283, -1.5254865456540918, -0.48716026136421237]], [[-0.18941938425894272, -1.385703785997454, -0.8718338742346333]], [[0.17432032547193307, -1.513627511802477, -0.8483819791502157]], [[0.41794427790843597, -1.7657080479058787, 0.37678249932003155], [0.2591792231303614, -1.6490129873313604, 0.6043752701742919]], [], [[0.2899789672838465, -1.7162549957103912, 0.26648632665060495], [0.2434113221459187, -1.5915807656937186, 0.41541111793650487]], [[0.16998076102626672, -1.5442085031994148, -0.120708032530918]]]}