{"bodyId": "h0", "timestamp": 230949, "continuousState": [[[2.7801222458416546, 1.0382490412286072, -0.5067371106368794]], [[0.28757504923963667, -1.1015950349171504, 0.7929747890558914]], [[0.5345866997008514, -1.2218994722536412, 0.7724500752092716], [0.2231370321894749, -1.2590459966556746, 0.6028350129780891]], [[0.3458373117140711, -1.1217574224356488, 0.5974096686415842]], [], [[0.4621263463292596, -0.9701501548058604, 0.2780564215436293]], [], [[0.3098035423162455, -0.7753494981446968, 0.042043166629370944]], [], [[0.41003414460433557, -1.0346308748295974, 0.003742265732648093]], [], [], [], [], [[0.26427652434584614, -1.1929628254675553, 0.5878452403815545]], [], [], []]}