{"bodyId": "h0", "timestamp": 233964, "continuousState": [[[0.4325602161845267, -1.652657797950896, 0.5896331585779129]], [[0.19359855887048888, -1.5742628404164936, 0.8170605867103186]], [[0.3024739391968264, -1.7799690159124846, 0.3312995511600593], [0.1747206102457319, -1.569418585816917, 0.6059137406569596]], [[0.4346159291162027, -1.6852583292378907, 0.38773194136733924], [0.26630242027156625, -1.6427552895320752, 0.6030390588095909]], [[0.1090876728085546, -1.6866087347236705, 0.1393379402112073], [0.1712569226627436, -1.4267231614241556, 0.2877719512443193]], [[0.38329812973259597, -1.5786652843699627, 0.29963352015885036]], [[0.15042705859641756, -1.422938219428935, 0.02168507463765286]], [[0.2964831795638893, -1.362110096320197, -0.0187177491711484], [0.18371551730634475, -1.3533240424204032, 0.11086035017079303]], [[0.10863034710129904, -1.5926721893700777, -0.09394198035597992], [0.28821134838625767, -1.4407081161824138, 0.06392026748894045]], [[0.10131872988556603, -1.4566854958555953, -0.12204523439651006], [0.31636594780189126, -1.5104909476777078, 0.039922462665740795]], [[-0.04246992482188702, -1.4861057099795625, -0.3190382168046383]], [[-0.03724312639386517, -1.4438805090887192, -0.21900699351679329], [0.2916196461470288, -1.4517991324509767, -0.2923799704337464]], [[-0.18790768493671342, -1.3642377581840561, -0.8149661726930485]], [[-0.15745542774975105, -1.3639659258699632, -0.7351337252340222], [0.2198587704125241, -1.4826856685266512, -0.8137201936496024]], [[0.38894325587685186, -1.7324375317033207, 0.3483078700353692], [0.26678429278164734, -1.6058727658792036, 0.636111718599461]], [], [[0.27185180096237865, -1.6859335319807807, 0.26353494078927325], [0.21877967146715493, -1.5347392254781154, 0.4454055050269551]], [[0.029424402531839505, -1.4713956029175788, -0.22054172560057417]]]}