{"bodyId": "h0", "timestamp": 1630675666924234031, "continuousState": [[[0.4409118864751967, -1.6514941433281687, 0.5819995057870361], [0.09041111303003868, -1.4646111918245164, 0.7879987382833729]], [[0.2035662345775361, -1.5790552114690295, 0.8196910325352904]], [[0.2957705333796811, -1.780427529684062, 0.3376960922925182], [0.15844690966312056, -1.5488154988349512, 0.5981609545443693]], [[0.422826704858008, -1.6901279440721295, 0.4002503106924623], [0.2455225350737685, -1.6557806462497429, 0.5861041075900603]], [[0.10601850627007514, -1.6787116682628658, 0.1307349230106031], [0.10963729724310997, -1.4154218766995645, 0.25439144599230507]], [[0.3815356163182073, -1.5937195022766495, 0.2972282708435307]], [[0.1489165705529658, -1.41186355587894, 0.027900706112487343], [0.09044808652944539, -1.3111102688464609, 0.14575511602050686]], [[0.2829475632405005, -1.3594098173596176, 0.00820029725609652], [0.19959503176029034, -1.3707243693580309, 0.13454032083674156]], [[0.09208091598112725, -1.5843799883758618, -0.11668404241422695], [0.28127826039718684, -1.4378146653193404, 0.06192913884505129]], [[0.09060227598946921, -1.4668151688168434, -0.10303054045978183], [0.2930808839294061, -1.5245510644172595, 0.022718288565994497]], [[-0.045875580164011324, -1.48873463114888, -0.3226888774197305], [0.3022511205762794, -1.415550943724759, -0.2642823077686412]], [[-0.045474510878074, -1.4397657966740716, -0.26602535138762096], [0.30987093026782736, -1.4565306248018457, -0.2626335729424261]], [[-0.19103104363774032, -1.3654443352859387, -0.8201842257294265], [0.19796210969616185, -1.4630033532972204, -0.8045750943354444]], [[-0.16081081662513325, -1.361442254687365, -0.7420596298593186], [0.21898080092832764, -1.484259500831094, -0.819474493867646]], [[0.3776683760976936, -1.7357420108823287, 0.35948433327797374], [0.2527017582915184, -1.6013240176687504, 0.6272333900719802]], [], [[0.26442260556404157, -1.6844198061674978, 0.2654926168515327], [0.17757991615843924, -1.5356012614746537, 0.42024777679118264]], [[0.022363347912728943, -1.4777748999828617, -0.21285970893975617], [0.2976660022528428, -1.4700510040710093, -0.12078200960132335]]]}