{"bodyId": "h0", "timestamp": 1630675666924234299, "continuousState": [[[0.46942861605519925, -1.6556324289383806, 0.5865861889953373], [0.17022092910743664, -1.476556792575117, 0.8241180782033144]], [[0.21151508932568278, -1.5949168011875636, 0.8111979618029294]], [[0.2962969893317598, -1.7695661529290854, 0.34363181712878643], [0.15971078393557764, -1.5511337803567842, 0.5960684662100013]], [[0.41781392707999254, -1.7145518425589767, 0.3870026268062095], [0.2849842092244392, -1.6532285366173975, 0.6048084655400184]], [[0.0830325859109052, -1.6712891109606824, 0.14068958622186234], [0.05289251987307603, -1.4035834882730651, 0.2443990591164197]], [[0.391851061646139, -1.590419468321777, 0.304323949449416]], [[0.18435378512945955, -1.4189721338000636, 0.06891709648847495], [0.09050538647367648, -1.3037973947974395, 0.1964047941958015]], [[0.3185355612206293, -1.3880892119600576, 0.013049413890542155], [0.1983661343619276, -1.360801254788529, 0.18244486494363446]], [[0.07918099973909863, -1.5821409759503822, -0.09497570958058191], [0.27817047911617054, -1.4144995661305528, 0.05420356766362852]], [[0.09921561097693068, -1.526185766584253, 0.03428448965550751], [0.3262316447675541, -1.5174219335013264, 0.05538717908156923]], [[-0.051966021706253175, -1.490268429028991, -0.31134456047459774], [0.2806003871069543, -1.4057796882091564, -0.300133188990555]], [[-0.049282108629135395, -1.456926031960871, -0.2778887758203418], [0.3016358211430263, -1.4524422497253997, -0.28405146372923196]], [[-0.18894962869305298, -1.3699853182600523, -0.8179266129097896], [0.22362323110299848, -1.4535521639275528, -0.758521107869143]], [[-0.16456450073247036, -1.3731492042399358, -0.7319150896507463], [0.2089004960460243, -1.4810379076591693, -0.833768226114006]], [[0.37382408768035597, -1.7385029203687938, 0.3607775427310669], [0.2651536769299123, -1.6023092814217024, 0.6307181212793821]], [], [[0.2504232564954489, -1.6929204767598296, 0.26384610651403595], [0.1689383645487576, -1.5284060124452314, 0.42460376232821906]], [[0.023624794635338755, -1.5082270978066221, -0.13853003540954512], [0.3034160159372542, -1.4616008108552414, -0.1223730049544929]]]}