{"bodyId": "h0", "timestamp": 1630675666924234634, "continuousState": [[[0.14769207073419444, -1.4879784859131997, 0.8130391586163702]], [[0.22115824865146214, -1.6099144270384877, 0.8105496070105425]], [[0.3380663583817921, -1.7677496373726789, 0.3557267301306163], [0.16238704520235547, -1.5472032887001501, 0.5884920661432682]], [[0.4180817631690922, -1.7335721702080302, 0.4000718335515512], [0.25616437315548435, -1.6648412317171795, 0.5787995462548088]], [[0.08555078377526218, -1.6911131409389895, 0.15982658185631748], [0.08369860196803279, -1.413639264139164, 0.2290148696269164]], [[0.3241405520240575, -1.609343551145911, 0.303819409005456], [0.37658794824515074, -1.5974837863017473, 0.2732841240566243]], [[0.1933764536504006, -1.4459950459777287, 0.09908910997428143], [0.11787594050085182, -1.2999903899498786, 0.18494731506222276]], [[0.3699967432131827, -1.3840988989491916, -0.027284271557061174], [0.19579212273249597, -1.3387527721716055, 0.13437676958932387]], [[0.053000631209219703, -1.6600882441025373, 0.14238872205086658], [0.28101329557093707, -1.425430039708983, 0.058196439944244734]], [[0.13516015959922167, -1.5860522712544447, 0.13425749001359055], [0.37345040809724084, -1.5162372116780876, 0.09503041019488023]], [[-0.046609073144863344, -1.49523877262184, -0.2903030606439954]], [[-0.0351959438319181, -1.477191951561657, -0.23518406129307617], [0.3043439875315262, -1.450284307659019, -0.25426654180324887]], [[-0.19255733038285, -1.368304718249839, -0.8255379370277397]], [[-0.17410105343972312, -1.3699358808704316, -0.7525350475416503], [0.21812279705977336, -1.490168475568447, -0.7768760830934286]], [[0.3830833151593022, -1.7486275132047928, 0.3939795104056393], [0.23421741290942213, -1.6053780225700007, 0.6009431968644806]], [], [[0.25181627347217717, -1.7123426555735097, 0.27994920770393433], [0.16993148756175858, -1.5392402479281717, 0.4039072079408626]], [[0.044275543227179165, -1.5406455219381423, -0.07802278531520243]]]}