{"bodyId": "h0", "timestamp": 1630675666924234768, "continuousState": [[[0.19767726710203556, -1.4853970511816685, 0.8346296652708803]], [[0.2182741204666304, -1.6146399491675847, 0.8050996979310694]], [[0.33326295068305234, -1.7642166572886584, 0.3657760073954028], [0.14865445120896037, -1.5454002255028445, 0.5769691265524466]], [[0.4050204328868552, -1.7397643021538582, 0.4110086119553505], [0.26192409739026584, -1.6634534405752637, 0.584803626510195]], [[0.08266972295779322, -1.7070551008429518, 0.15323970110808705], [0.04723052932214773, -1.423987422647025, 0.19668169461199908]], [[0.30170003554490055, -1.616217368829747, 0.2970159334835298], [0.37604966948304286, -1.6009382829385455, 0.2765644792082469]], [[0.18704045231360505, -1.4624278160439301, 0.09283252326504111], [0.10874927731782327, -1.3429179355144194, 0.1847616556717014]], [[0.34829902099507676, -1.4084395457832883, -0.040877019818367444], [0.2191184061718973, -1.3554047803508842, 0.13713639708921618]], [[0.0905056976632041, -1.6141128558804763, -0.04287291539447756], [0.28890674778307973, -1.437457141780174, 0.060396828795337344]], [[0.12201365149950362, -1.596796969759693, 0.14751293811093955], [0.35667825258301467, -1.5277467437509549, 0.07817044708505409]], [[-0.04829093120678706, -1.4848363859157527, -0.3176281225192563], [0.25109916931423776, -1.4019670602535288, -0.3254435877947483]], [[-0.04482536289871527, -1.4714704195849118, -0.2687772731250138], [0.2991136180834094, -1.4612199220837416, -0.28257418934456313]], [[-0.20579114543006735, -1.3518401638661697, -0.8609400438382422], [0.2273532079429558, -1.4599187934827393, -0.7366918706349763]], [[-0.17718160121793528, -1.3653142383457826, -0.7698433915857786], [0.21782633539901963, -1.4926792183290343, -0.7868504286417017]], [[0.38326003193321406, -1.7476536403445837, 0.38282087548039523], [0.2223994720029689, -1.604583695760089, 0.5933211065225705]], [], [[0.2438450779223242, -1.723409701498405, 0.28212415653171874], [0.15457731335620678, -1.5437204316111444, 0.3907426605610971]], [[0.03686136014635828, -1.5408166778377228, -0.08505759220415839], [0.30388871094862624, -1.464856902002242, -0.1236365703548471]]]}