{"bodyId": "h0", "timestamp": 1630675666924235840, "continuousState": [[[0.506733694628624, -1.6375182343981305, 0.5603169988838639]], [[0.2278989510679137, -1.5615825081309092, 0.8181758424667044]], [[0.33734596072982886, -1.7873673173075244, 0.35463798832504356], [0.25677956351053716, -1.6083998969312567, 0.6517558255051124]], [[0.44371435813045124, -1.6771986262661636, 0.3743800756350663], [0.297791458217157, -1.6240930949628483, 0.613900056063864]], [[0.10430200510671563, -1.7351552360724094, 0.18208606592605475], [0.20971137554512984, -1.4656971700195294, 0.35358811550656855]], [[0.423676433866839, -1.5710570245567443, 0.2984762324011476]], [[0.20733374035377766, -1.4965222067096364, 0.12102980366583392]], [[0.366768221776762, -1.3950761472614226, 0.01664215923076017], [0.22559126714563218, -1.3720689644813284, 0.1927651628468416]], [[0.09732440672354864, -1.6248965788963123, -0.0352712899713008], [0.32646686646882767, -1.481220431028319, 0.1132655858196315]], [[0.1227505525803441, -1.5147940372728486, -0.01744923415827634], [0.3541802594762278, -1.5191820092224728, 0.1126586616506022]], [[-0.03994297420395489, -1.4997178869160463, -0.3210088261122976]], [[-0.029818544557747826, -1.453248562686455, -0.26032641918884153], [0.31747950621450605, -1.4593553283374776, -0.24672216495116642]], [[-0.18846710647404274, -1.3718566506395282, -0.8333705548008016]], [[-0.1724587940906538, -1.3641638147249568, -0.7637370257881817], [0.21578508949580624, -1.48618320281306, -0.7779917967460371]], [[0.3822584646333845, -1.7415765145579387, 0.38481139865035197], [0.24491567020254912, -1.6166806256839206, 0.6160985655084033]], [], [[0.2740081816185834, -1.7061769311692865, 0.27823307078056053], [0.25375141688114344, -1.5448951324911888, 0.48374408578521627]], [[0.04140378918819461, -1.5072559620944475, -0.16922903013528695]]]}