{"bodyId": "h0", "timestamp": 23785, "continuousState": [[[0.5282663438674267, -1.6574356728089763, 0.5032318580584185]], [[0.2297918975658631, -1.6050962077782747, 0.8069806469446061]], [[0.3823345213529291, -1.8054987888867302, 0.36506835711945335], [0.16604290100874344, -1.6030071508532717, 0.5791217242745748]], [[0.4559129769874738, -1.7293310554223225, 0.38371339879851096], [0.2770819819629112, -1.701295995010762, 0.5888793550771511]], [[0.12395485682362653, -1.7068040922827377, 0.17197550004142637], [0.1880173625895718, -1.4844535659633429, 0.2266810288266554]], [[0.3734997061414556, -1.6689222816514713, 0.2760082085178215]], [[0.020251544968596193, -1.5079043714235538, -0.07755113434281406]], [[0.35993887192486135, -1.5416725476643929, -0.04703012762465687]], [[0.12098043014378004, -1.7121024247689722, 0.14441770859988243], [0.29792289297458363, -1.4687944007801292, 0.0030892485547385604]], [[0.3617376636458066, -1.55294364717283, 0.010771697186227584]], [[-0.01453561376788764, -1.5245572304329458, -0.24563934077950397]], [[0.1837263797507228, -1.5154797398756061, -0.5834060944928722]], [[-0.1883061323745179, -1.3824105788060488, -0.8756849864826868]], [[0.20755029993419977, -1.495921687088649, -0.8563700016135742]], [[0.41720291714789814, -1.7664186649892795, 0.3877833502576575], [0.25661738076999496, -1.6474371304409088, 0.6063462132370164]], [], [[0.28993391690555015, -1.71806757385253, 0.27784444941996866], [0.2325496722762415, -1.5928747804870524, 0.40778019195190324]], [[0.1736010249389595, -1.5387504388028879, -0.1174338217966382]]]}