{"bodyId": "h0", "timestamp": 1630675666924236041, "continuousState": [[[0.5127232328685781, -1.638682554184609, 0.545866954888187]], [[0.2472891316483781, -1.5581311400855522, 0.8267624523044732]], [[0.3353605922715689, -1.7910091768431653, 0.35776198141751114], [0.22630694554146588, -1.63739534708221, 0.6309402462722223]], [[0.45021061484794356, -1.6724876186994895, 0.3520993293215247], [0.28797002205213673, -1.615725614330208, 0.6118012418531775]], [[0.08182494856095951, -1.7121329593048147, 0.17855139567031983]], [[0.3651836929833992, -1.5616026637345355, 0.23397095323346093], [0.42829744782521767, -1.552819644309085, 0.3241126017247773]], [[0.2005437067947377, -1.4817413835474986, 0.10808041555117984]], [[0.21996518402828405, -1.378135427305347, 0.18728896451005836]], [[0.07774061818466066, -1.6145783318019422, -0.08355862243239176], [0.39920342902274686, -1.5284235429215123, 0.1809361272450624]], [[0.11831584484885992, -1.5175309431722213, -0.03100684081066106], [0.35427193012667774, -1.5190129363261833, 0.1125747801694738]], [[-0.04566158116039631, -1.5017172087311097, -0.33087488050024966], [0.3024667264871275, -1.4367945836238303, -0.2491359835186022]], [[-0.045435866637871386, -1.455847317885913, -0.2987439321768388], [0.3005404668638937, -1.4509442064103604, -0.25771530568639106]], [[-0.18627220178593087, -1.3776701155988278, -0.8239391013613522], [0.21634298063531765, -1.4799048805660773, -0.7593867196241629]], [[-0.17276395673021863, -1.3616924101335444, -0.7755360591147447], [0.21618448271156399, -1.4898832285778771, -0.7858172645891257]], [[0.38166961872138444, -1.7404810896497656, 0.37460863258345306], [0.2571514318887375, -1.6248580866037392, 0.6266219312578303]], [], [[0.26601778170445156, -1.692310289002152, 0.26532536249592226]], [[0.03632713184423181, -1.5096240759516655, -0.18094086065545537], [0.32836932830690263, -1.477903759975007, -0.0682806016745642]]]}