{"bodyId": "h0", "timestamp": 236108, "continuousState": [[[0.5129424658173307, -1.6386011166630614, 0.5420844016164836]], [[0.22667991022267756, -1.5630072975961817, 0.8178153956427214]], [[0.34025644373877734, -1.7910244808415883, 0.3539790209113016], [0.23615124788481717, -1.6462281673642678, 0.6394827840531807]], [[0.4529626706204691, -1.6704085672931297, 0.35634080552465547], [0.2724687813719006, -1.612860499352846, 0.6126174227231546]], [[0.07317889955113929, -1.71065196072337, 0.18638722860088]], [[0.4269175635650056, -1.5464602925564748, 0.3288095758624088]], [[0.19063314588095892, -1.48691095355913, 0.11885148659477546]], [[0.20690854516572563, -1.3674837957094776, 0.19309497172466855]], [[0.07881594341397817, -1.6156490769978156, -0.0770203076699438], [0.3958911504550165, -1.5371464309738014, 0.17687391498726082]], [[0.12543613005730653, -1.5122655912686622, -0.042008534689920454], [0.35286869276679067, -1.520466480142825, 0.1124454834335113]], [[-0.042688869980080514, -1.5068789099908437, -0.33246088738881324], [0.3058862269334488, -1.4419349173680236, -0.24471924423083716]], [[-0.04643316003804733, -1.4660538142154946, -0.2768030219878374], [0.3074809428664571, -1.453517982727867, -0.25238591333534144]], [[-0.18629875921011083, -1.3802003051545235, -0.8216125638788553], [0.21305098740361997, -1.4799734134219547, -0.7584493112320027]], [[-0.15970868055817578, -1.3782897777933814, -0.7363607673315441], [0.2149682022707775, -1.4889872092284235, -0.7824306244418056]], [[0.3889294585527097, -1.739271799858283, 0.37165508452068957], [0.2676494626316621, -1.6222230492891319, 0.6399156853671976]], [], [[0.26307078508580417, -1.6905302640082498, 0.27136401706276775]], [[0.04137363003861301, -1.5095722506297529, -0.18723471103936684], [0.32937745985011974, -1.4812006987554243, -0.06613688039866293]]]}