{"bodyId": "h0", "timestamp": 237247, "continuousState": [[[0.47252727439962616, -1.6278440531706373, 0.5480630734168181]], [[0.1735665774356669, -1.4734304921109413, 0.8237272444348086]], [[0.42122973184372386, -1.7046199435864808, 0.5841585321825588]], [[0.18449074811161267, -1.5690298196778218, 0.8101293662062176]], [[0.2754817839611637, -1.7711324849726373, 0.37945784991720577], [0.12646972660464847, -1.5485543803283748, 0.5950209493820316]], [[0.3712137066063081, -1.7186210816447451, 0.41821064955632337], [0.24347302219191808, -1.6518184305108479, 0.5977466761505198]], [[0.05143407239466689, -1.7207816981662458, 0.17394040602219524], [0.09724117182783243, -1.4499897984414414, 0.28800337300115325]], [[0.31756103558487614, -1.602050361092768, 0.3139286627717718], [0.37233376124633993, -1.6035216426038335, 0.3317171619388205]], [[0.14707158667231623, -1.4731926876596009, 0.07605053676577359], [0.11126931412506315, -1.3542790750401603, 0.2383341787304687]], [[0.26867231589744967, -1.4445763468173392, 0.06428022430915939], [0.1746473204969068, -1.3877318707169048, 0.21081698081977446]], [[0.04778988255049654, -1.5964092683657762, -0.11564565553335887], [0.2564458065423967, -1.4511055698714173, 0.05507881456488326]], [[0.05845197947260209, -1.5401860678278387, -0.022000367204875602], [0.36577174140101126, -1.5341366388435373, 0.1407051563579164]], [[-0.06377102956689407, -1.4919340359103657, -0.3033868190079311], [0.2761423934979632, -1.4294252065385387, -0.31393439018061714]], [[-0.057978156049466094, -1.4535228774180207, -0.26489017050534697], [0.2870479647581913, -1.4719273736715284, -0.3135353534344356]], [[-0.20492596207825084, -1.3585169547065243, -0.8422659263576011], [0.22355244685376532, -1.4610294449212704, -0.7517268651312281]], [[-0.18021462074492967, -1.3584712925782674, -0.7592934044708286], [0.2292401046109526, -1.4878424207951397, -0.8120505771668161]], [[0.353280862766844, -1.7366584797730262, 0.37253475703169125], [0.254961216396048, -1.596059235772469, 0.6418039251687162]], [], [[0.2113238895004875, -1.7197013899054956, 0.2960755277892593], [0.17035709700987525, -1.5509041144761446, 0.4428750245758365]], [[-0.002659525047145988, -1.5160600518691023, -0.16269359310640333], [0.32095706744948727, -1.481780922691038, -0.08661461691135038]]]}