{"bodyId": "h0", "timestamp": 1630675666924237448, "continuousState": [[[0.45747158395268156, -1.6309071186129518, 0.5585297385143502], [0.1316304736743998, -1.4473168128868532, 0.809051752757074]], [[0.19740802083312678, -1.5677181276319008, 0.8200447404672596]], [[0.2474355843028481, -1.769953587596366, 0.39305569202262225], [0.11142992740985597, -1.5352484437122373, 0.585853583705916]], [[0.3736106631608423, -1.7276870985954125, 0.4190747497189234], [0.2678774351268307, -1.6497750488257368, 0.6061666516934558]], [[0.04160364353937985, -1.6963968572894914, 0.1653812742103496], [0.12586966117063206, -1.4412236683062591, 0.3054768302928842]], [[0.3130891391594767, -1.6052331059806004, 0.32647329452665647], [0.35350961015324855, -1.5913959958373995, 0.2762872797914974]], [[0.1569787700807824, -1.4581593291691328, 0.1191273251080338], [0.11467314011993267, -1.3147572386906914, 0.24683740390884373]], [[0.3367795441199284, -1.4067984587853757, 0.040666761076529154], [0.20940335756327455, -1.3690451206978707, 0.25688137642614606]], [[0.03757307995518488, -1.5931280158015377, -0.11152658403620126], [0.2744772872949043, -1.4314952868919166, 0.05553266247758802]], [[0.05930328567689344, -1.5323022571193008, -0.042871392512905684], [0.35490998895619486, -1.5264966373216657, 0.10203886900055455]], [[-0.07594695670683296, -1.4858615553165642, -0.314458738661014], [0.20165752839215678, -1.3987467943097567, -0.39909984470505216]], [[-0.06416186048300586, -1.447216990994118, -0.2815932228875174], [0.2819593764182971, -1.4594420152568182, -0.31268466823094015]], [[-0.18793480222339956, -1.3745625324263668, -0.7912198888350308], [0.21943978783476858, -1.4462079472760307, -0.7533029455448057]], [[-0.1760069052809972, -1.3605132252171692, -0.747605269010357], [0.21572150412353744, -1.4801645575740456, -0.816099243470563]], [[0.35050506377463997, -1.741473588345371, 0.3797328589299648], [0.19999854570977618, -1.5940706554558801, 0.6029105979912575]], [], [[0.20760715335011107, -1.712041977942452, 0.2922280119646365], [0.19687354814873137, -1.545499358565998, 0.45582174099317]], [[-0.008321835514969761, -1.5090819062179324, -0.17866506558695983], [0.2782837586741758, -1.462621715815711, -0.14853048785224882]]]}