{"bodyId": "h0", "timestamp": 1630675666924024120, "continuousState": [[[0.5356611067123056, -1.6579752155300205, 0.49395509522126574]], [[0.24304997852141036, -1.6056730831420327, 0.8111523032442313]], [[0.3852852876626314, -1.8057100022827668, 0.37059965599976274], [0.16586087757655674, -1.6100243219338446, 0.5877933930014817]], [[0.45357701882494855, -1.7312567665252208, 0.38509233408346927], [0.2861208621635749, -1.69583100850877, 0.5931278634573739]], [[0.12660952572103842, -1.7074568535563077, 0.17309171426800776], [0.19590145137992498, -1.4909503846362813, 0.24642387480996353]], [[0.3677069668180034, -1.6312125706629808, 0.29783116732488407], [0.3666058685012595, -1.666630647508618, 0.26727861234714057]], [[0.022122656047858357, -1.5113215750932518, -0.07997757671737213]], [[0.3543293294096918, -1.543570802135684, -0.040196519556855034]], [[0.12487117981414764, -1.7139097438493802, 0.14022739427418332], [0.2681401671564581, -1.4930746580808982, 0.039795176989578296]], [[0.22727036283434432, -1.6740725866706303, 0.25262743751593963], [0.3666524647000726, -1.5814688659734897, 0.08243382731988232]], [[-0.01188997632737886, -1.5293195200196004, -0.24055642812455857]], [[-0.021901319136444157, -1.4836245674398019, -0.14050755882670593], [0.2894624387362653, -1.5163193333462623, -0.3239365168059587]], [[-0.18788020477830214, -1.3825512151586288, -0.8808106954101022]], [[-0.15169756136854637, -1.3855053058476205, -0.779924870111177], [0.17847232821611989, -1.5135963897571165, -0.8389412470786404]], [[0.4184711188933724, -1.7678724683188376, 0.3889061204476709], [0.25469497503270533, -1.6467282035948196, 0.6089617984232629]], [], [[0.2900932722729935, -1.7193568100407641, 0.27909202417573853], [0.24101115677174995, -1.5933906965725257, 0.4197758691336687]], [[0.10769019325348272, -1.6016960533451154, 0.00603550469569053]]]}