{"bodyId": "h0", "timestamp": 1630675666924240329, "continuousState": [[[0.3717239035694219, -1.6534560878998168, 0.5618901640618319]], [[0.08927018647202203, -1.5806199159507186, 0.8005871533075211]], [[0.15643511057554735, -1.8061079018481716, 0.4097611115542629], [0.024949060073992994, -1.5646660134074593, 0.576255469170324]], [[0.13230793642408775, -1.6679044614345813, 0.5831838067007218]], [[-0.06116683536704852, -1.7470056380491612, 0.20696762773728689], [0.07303174847584068, -1.450292032742537, 0.3256508440296332]], [[0.16777103337008611, -1.6142040220438696, 0.3093830812455476], [0.27002061203034305, -1.6270552321028497, 0.3288939353517362]], [[0.030370757840883982, -1.494635509993284, 0.1388188027911276], [0.009087653779432003, -1.3558383577087982, 0.1905145558756858]], [[0.1828580636144968, -1.4386158500283521, 0.046236388008761425], [0.07451177112824212, -1.3949887104741243, 0.1789187891150209]], [[0.07247422460355755, -1.4318212070921374, -0.06228091365416753]], [[-0.08321488079118913, -1.5105436374443406, -0.1258248141628444], [0.09026636298715153, -1.54635044138605, -0.07210725891228208]], [[0.2207253754668866, -1.3952174948430909, -0.30307255215592044]], [[0.21621964051017176, -1.4391702868297878, -0.3274674448540754]], [[0.20236037104996127, -1.4415986535002756, -0.778014541584075]], [[0.19698709524626815, -1.4660167005006326, -0.8482535811257992]], [[0.24192910666702586, -1.7670542290443654, 0.4353045033789167], [0.1354246681346765, -1.6166914798902452, 0.6157521712608118]], [], [[0.035570550528519616, -1.7074550497418712, 0.39507571721900436]], [[0.06875524733784873, -1.4528805661437159, -0.21444868315938242]]]}