{"bodyId": "h0", "timestamp": 1630675666924240798, "continuousState": [[[0.3608323788509892, -1.6551355727913892, 0.5677259772134947]], [[0.08229950846473298, -1.5668173535020848, 0.7991989077312059]], [[0.15247826481243304, -1.8046196859167323, 0.4150294403262027], [0.051329724921157546, -1.5627210514609093, 0.5919637329815949]], [[0.29856257419049126, -1.7122076530131298, 0.44767677551117574], [0.13659567631694314, -1.6639224245402147, 0.5850368126747819]], [[-0.06127203650748942, -1.7424794877561038, 0.20452203791926513], [0.07414649976804935, -1.4513605381257075, 0.3289268994867448]], [[0.18388635864169708, -1.6118631444880438, 0.31359149056455204], [0.2621008837881832, -1.626195990714684, 0.3162704952377212]], [[0.039718445349678805, -1.4861047353717272, 0.1338352164917949], [0.016851211619274636, -1.3583385396572731, 0.2046502328683864]], [[0.08310749419745661, -1.4005653644186993, 0.1897229567183024]], [[-0.14593020846857654, -1.4853711544362291, -0.6332011851120383], [0.0700128845768279, -1.43494841629172, -0.05646096216052752]], [[-0.16818728404916464, -1.4613949066472345, -0.30588447216185616], [0.0808977734753505, -1.5437737278004702, -0.0710292756987103]], [[0.22250610620853625, -1.4066096774623809, -0.29452302066765673]], [[0.21368783954510537, -1.442475089400464, -0.31995090511086094]], [[0.18279849043914487, -1.4518061490011214, -0.7926655532587336]], [[0.19271962156384007, -1.4753390557802106, -0.8462826602545495]], [[0.22876091570431084, -1.7655155852802478, 0.4326413477467493], [0.12367360264756189, -1.6158879839327802, 0.6080459024796928]], [], [[0.11864526884150092, -1.7273435703846167, 0.3260994067152204], [0.10537108804249624, -1.557641481332961, 0.45698185608076336]], [[0.027159411079685808, -1.4340022920548077, -0.30020374641475644]]]}