{"bodyId": "h0", "timestamp": 241401, "continuousState": [[[0.3578089927790008, -1.653594155800572, 0.5669654921286801]], [[0.09053486420946638, -1.5675889569112684, 0.8032254627464034]], [[0.1533970363275617, -1.8060337416100303, 0.4080530024083605], [0.017200260464738677, -1.5576716403459616, 0.5712141085787502]], [[0.295171518568021, -1.7105049150117007, 0.44548663044503506], [0.1254145122676248, -1.667635048606174, 0.5756882677623268]], [[-0.06125148895815266, -1.745444383343185, 0.20395664695455162], [0.07152389850113218, -1.4510273597249257, 0.32580070667699307]], [[0.16308154372732117, -1.6157496611339448, 0.31360664278664374], [0.2569697028871119, -1.630988375416247, 0.3186227091670048]], [[0.034282381069318774, -1.4830989119835225, 0.12997694799209034], [0.036859842886075286, -1.3561435528251804, 0.21875519001362523]], [[0.18633929202511115, -1.43911781568154, 0.04264493652434999], [0.0856673335433352, -1.3992333464727362, 0.19326512175803237]], [[-0.1507143825657988, -1.4925443852894211, -0.5811366179723898], [0.07554077183419781, -1.4381307184006453, -0.05107871752808205]], [[-0.16842342362569435, -1.4578455380114475, -0.310351382038971], [0.11455192827957149, -1.550122835335966, -0.03843796402054818]], [[0.22886746031128335, -1.4059144701443935, -0.28122374655170257]], [[0.23328016209350563, -1.4395503402906151, -0.2903881729721063]], [[0.18181455428916501, -1.4496190152257573, -0.7958846776604148]], [[0.19492264566623066, -1.4721985621446338, -0.8452008358623905]], [[0.22736155650357529, -1.7669813590431918, 0.43089452927921557], [0.10371020554140842, -1.615161527489516, 0.5944709071589543]], [], [[0.11696001480493416, -1.7279746491774428, 0.3247216386997933], [0.09846920538437848, -1.5593312041655498, 0.45074448721966]], [[0.030222018342794504, -1.4318800040779205, -0.2957875642953368]]]}