{"bodyId": "h0", "timestamp": 241468, "continuousState": [[[0.35653277386876986, -1.6564363139558842, 0.5670497682448028]], [[0.0510643555238828, -1.4743436467711268, 0.7956099881117096]], [[0.32070878556215443, -1.7534009480023147, 0.5912419579141532]], [[0.0899325202644029, -1.5615412128332857, 0.8035761141997031]], [[0.1478722624829127, -1.8045083608809782, 0.4164004427313756], [0.05540694036033551, -1.5634385611246895, 0.5964248364924049]], [[0.29728940147636745, -1.7258658202097887, 0.4553648887364144], [0.1258981474595571, -1.6640210121840973, 0.575793731381495]], [[-0.06119118598701448, -1.7448697705113663, 0.20303882713267127], [0.06766846156827683, -1.4538689045759483, 0.34660508783845195]], [[0.38634309039395776, -1.5679367580812855, 0.1893256821349155], [0.267701962040396, -1.6192142679239416, 0.3285299393424957]], [[0.03142473289257657, -1.4860156335026464, 0.14098374879258085], [-0.052796917897406044, -1.3551905066510521, 0.1586135097548838]], [[0.09957145100187655, -1.3990618110041115, 0.206606657618986]], [[-0.14335509448875114, -1.491469453779959, -0.6039255166180266], [0.06920861725259442, -1.4355371852666432, -0.05554493430047887]], [[-0.10450951761431201, -1.5043384226710532, -0.15396518938847611], [0.079808048588161, -1.5443097821251774, -0.06973544040199021]], [[0.2162663246077857, -1.4027017485100293, -0.30376855958569127]], [[0.1908315199928743, -1.4420370491428758, -0.35120485377650085]], [[0.1918930588471976, -1.4398943425691568, -0.7888325026829268]], [[0.20014830518665463, -1.46457027989432, -0.8454619501641116]], [[0.24120896691164462, -1.767010715929862, 0.43491621578377443], [0.12135163963237801, -1.6150062503110172, 0.6062851280389512]], [], [[0.11804910774467649, -1.7353677953605775, 0.3292018579345428], [0.09678330451391697, -1.5589449583800228, 0.4611994096099735]], [[0.05587840349673684, -1.4535200855905412, -0.2288668744870837]]]}