{"bodyId": "h0", "timestamp": 242875, "continuousState": [[[0.3575438590944563, -1.656259469640817, 0.5677472236682815]], [[0.06669685252563408, -1.4753198695859793, 0.7999303560833181]], [[0.3295061287913067, -1.7453746830148609, 0.5882583421114949]], [[0.09105151959238629, -1.564118407721434, 0.8016178592587808]], [[0.1541489395180408, -1.804345404202042, 0.41088859241393766], [0.00866703550386046, -1.5586286432849863, 0.5672227090380163]], [[0.29608432470087115, -1.728287047786578, 0.45047787827802144], [0.12618510284490708, -1.6670061944845118, 0.5797487444884168]], [[-0.061884226313239254, -1.7457409166400226, 0.21396485177271257], [0.04154183901596207, -1.4521006515596222, 0.3034086038337164]], [[0.15714635212708675, -1.6315787927836436, 0.3304157629173103], [0.27665544702995454, -1.6317818255485825, 0.32597455285465843]], [[0.04198468367944463, -1.4828197201907063, 0.13460648757307672], [0.024091430869976647, -1.3544451560729227, 0.2076126200724816]], [[0.1923063976836819, -1.4362217254898277, 0.03078084681092173], [0.08178179024416522, -1.3992716828295009, 0.18676359037736914]], [[-0.15010221375035007, -1.5037895386183726, -0.5457259258016736], [0.07624227535493401, -1.438193567058219, -0.05199374081201699]], [[-0.12806525093802554, -1.4950176173857734, -0.20254525904468937], [0.1618994731225846, -1.5521975240499704, 0.00530853729992441]], [[0.24311201642598051, -1.4016281751200919, -0.25435810200498393]], [[0.2405524660271533, -1.4388888696344602, -0.27005895511809647]], [[0.17880840798161307, -1.4464471842515223, -0.7995877262273873]], [[0.19242753847128846, -1.4677422273319831, -0.8246770809948004]], [[0.23721960990491853, -1.7690652494834427, 0.43789817572291895], [0.09372380312654854, -1.615567716503002, 0.5908179702636269]], [], [[0.11710004919381595, -1.7370139822133002, 0.33222136502536703], [0.08386347093043457, -1.559553423022067, 0.4415786741610666]], [[0.05752338274397749, -1.4483228962529326, -0.22845168052483666]]]}