{"bodyId": "h0", "timestamp": 243344, "continuousState": [[[0.3594779192662416, -1.6539569429441174, 0.5663772339241054]], [[0.08492037846566132, -1.568664095879334, 0.7970975002109555]], [[0.15756332948716578, -1.808440593522842, 0.4089199931666519], [0.031905789047043526, -1.566084293593298, 0.5817965804876969]], [[0.2976230167925914, -1.727051096707485, 0.4415944732227049], [0.13450680579791902, -1.6676330246663855, 0.5836933737309623]], [[-0.06116206903200188, -1.7495019135088585, 0.21593624634410366], [0.052066211637010154, -1.4579158540644082, 0.3116838516799428]], [[0.15655315673049564, -1.6306488221107074, 0.33330912893678327], [0.2727315652779391, -1.6333725008855882, 0.3208515240271108]], [[0.03968860588933416, -1.4876275905101175, 0.12888188671160583], [0.02591484136296458, -1.3564373156486789, 0.21143285426308103]], [[0.19002155869722384, -1.440031356243913, 0.0349448589304659], [0.07413712572956888, -1.3981233728500038, 0.1820530458719511]], [[0.07883871329541034, -1.4409346781789496, -0.05260207079182533]], [[-0.10332092055377165, -1.5055079323988403, -0.15930872696449727], [0.16180802591484325, -1.5540737717594375, 0.001765031059691637]], [[0.21866878721309058, -1.3973433401012407, -0.28607971764429474]], [[0.21040649537253284, -1.4368405909307786, -0.3096705294674207]], [[0.18913747250473104, -1.448490932786092, -0.7886602678663319]], [[0.1901966030697854, -1.4699541853446385, -0.8485199378465661]], [[0.22914957602178715, -1.7686540217810591, 0.4255753234377939], [0.133611725904899, -1.6165617593396817, 0.6148269329840946]], [], [[0.11823047388029476, -1.7382765051081717, 0.32876535978340427], [0.09328650871746458, -1.5627744393653968, 0.44768861270545257]], [[0.05767393332965946, -1.4514256362500406, -0.222694222304396]]]}