{"bodyId": "h0", "timestamp": 244349, "continuousState": [[[0.3556714071770858, -1.65360257338977, 0.5736476107479641]], [[0.08687263447735905, -1.5693819459657832, 0.7993668359761257]], [[0.14970627613900853, -1.806146002292294, 0.4124506854857721], [0.02209694034772383, -1.5559739283292622, 0.5751073391068134]], [[0.11739662136597895, -1.6733254225382823, 0.5750061618907025]], [[-0.0653569694030224, -1.7408926682892638, 0.2084590082742284], [0.004342537516773746, -1.4510348718822603, 0.2726721980225991]], [[0.24904820528813093, -1.641009687289846, 0.3153029946837546]], [[0.03191058272642135, -1.4984884846005628, 0.13724245786349729], [0.03633937491322468, -1.3529330062542273, 0.21514592357119658]], [[0.08837266788309876, -1.4053111109465801, 0.1984117953248458]], [[-0.1380555551006212, -1.5440135823152796, -0.358519649614331], [0.07208546740272982, -1.4348647260775307, -0.059110155262574605]], [[-0.12453188816140298, -1.483853398802005, -0.21580540494133038], [0.14815664877051382, -1.5500006571039748, -0.011047076506666599]], [[0.21099208915636428, -1.4098500215277878, -0.3230487839312661]], [[0.17175196065464637, -1.447366274067931, -0.38683635932762966]], [[0.20247004268961633, -1.4424975994919924, -0.7816200031295455]], [[0.1955244308991264, -1.4638856374353288, -0.8590767124279385]], [[0.24965805267193916, -1.7671742404606483, 0.43573255999744365], [0.0934878217723467, -1.6172979116203394, 0.5907731971868224]], [], [[0.026019825981478277, -1.7071090454137732, 0.39173258508246545]], [[0.04323010049748065, -1.4468517101648963, -0.26942709443629825]]]}