{"bodyId": "h0", "timestamp": 244818, "continuousState": [[[0.36450673784843335, -1.6502263521881182, 0.5663891718814745]], [[0.08932929344267404, -1.563385212717221, 0.7990557166344917]], [[0.16893269589875184, -1.7968940938731854, 0.3753439922274497], [0.011577197242500233, -1.5607597667886957, 0.5646919226821978]], [[0.29566989515195513, -1.7304382955737503, 0.4594251004308602], [0.1301236739118981, -1.6640566403822403, 0.5802013339658476]], [[-0.05960854527624104, -1.7431923664944118, 0.1997451943527799], [0.0060211987069105815, -1.451368383137268, 0.26880402478264614]], [[0.26364840056563293, -1.6123155165625462, 0.315818096533083], [0.2444188847637613, -1.6303432712976078, 0.2987796650380933]], [[0.03320930847435, -1.4930117324368029, 0.14017794762528002], [0.05950369617349861, -1.355089914540579, 0.23416569872001242]], [[0.07365216879897253, -1.392682301918334, 0.18377226682387823]], [[-0.12854469815472738, -1.530249027381158, -0.4670158264993413], [0.07840187167944442, -1.4415687159262185, -0.06037631495872688]], [[-0.12321494209833475, -1.490969845757712, -0.22224027860635806], [0.08020756313921357, -1.5522171962993436, -0.08497492037762276]], [[0.22215176777961257, -1.4120979246115364, -0.3050223516622013]], [[0.19993240253260114, -1.4460148538892237, -0.34893713467613974]], [[0.18378137011222997, -1.4478890617767433, -0.8046332110046968]], [[0.18931803355744478, -1.46830587829722, -0.8585498964430432]], [[0.2487250266206658, -1.7658101381660947, 0.4321051502538062], [0.10525843034920808, -1.6146046193163248, 0.5942331893613343]], [], [[0.11803067493785704, -1.736815331034081, 0.32958514739182004], [0.06807243630940435, -1.5577125117597541, 0.4245026793742469]], [[0.04946841284063891, -1.4515338851846242, -0.2636313151342797]]]}