{"bodyId": "h0", "timestamp": 246158, "continuousState": [[[0.37194495244594994, -1.6460076452841164, 0.5681058242284774]], [[0.08341207826961272, -1.4758647072487807, 0.7996614060985517]], [[0.3304796455596286, -1.73761219862231, 0.5990711924868072]], [[0.09848688108315377, -1.5654212243894636, 0.7983580078273781]], [[0.15888285686665507, -1.8020032320258377, 0.41116189890874716], [0.03902891329325667, -1.56143025146196, 0.5768542031824558]], [[0.14637904018297035, -1.6691889772062896, 0.5812420631196382]], [[-0.06059312635644639, -1.7502484690990803, 0.2197485361309605], [0.03590897469660672, -1.4512849886746337, 0.2861930058787727]], [[0.27763699245933526, -1.6321019528240996, 0.3131555706212891]], [[0.042348194014555245, -1.495463495533051, 0.13200555416815427], [-0.019372610001000566, -1.3484028096556677, 0.1728030337521177]], [[0.22372670835900949, -1.4400409338823148, 0.03064734454541849], [0.08986314288327867, -1.3883854022847508, 0.1949769286626397]], [[0.08642866990395691, -1.4330941804868058, -0.057503451420976716]], [[-0.10126864133475849, -1.504224123011685, -0.17050562844007003], [0.1685821642181104, -1.5440796503944603, -0.006578476607325456]], [[0.22386399763652434, -1.3986520247595713, -0.30123450412376884]], [[0.22651209350329646, -1.4420236775423567, -0.3166558897680768]], [[0.1804469450659142, -1.4486219627190808, -0.8070583822426076]], [[0.1966685019986535, -1.471716132529136, -0.8473494736499404]], [[0.2502494345285076, -1.765449130202232, 0.42793529110241707], [0.10397880400449253, -1.619016480742389, 0.5867824953794852]], [], [[0.042892956913261976, -1.709718723152685, 0.40049529962529934]], [[0.061297678150882925, -1.4514380738856283, -0.23587006628191942]]]}