{"bodyId": "h0", "timestamp": 1630675666924246493, "continuousState": [[[0.3713937191117259, -1.651739982379232, 0.5654386887537391]], [[0.09478563448898239, -1.5651247252544715, 0.7949702280289409]], [[0.16216896208760279, -1.8039107778060979, 0.4091989437196846], [0.022603692669608565, -1.5659252392432859, 0.5675269604208751]], [[0.2974011312684149, -1.7324660284441502, 0.4551662693252144], [0.14706689213960272, -1.6662598592751237, 0.5825886514037745]], [[-0.05991373174809493, -1.7512810013372915, 0.22344160848460978], [0.0267202019017127, -1.4549165894529676, 0.2841481142594423]], [[0.14997860017171427, -1.6432997704234888, 0.34518075018639477], [0.2717410713836632, -1.6398474719280285, 0.3076884455667332]], [[0.045483218041530334, -1.4873124530194168, 0.12450933113502083], [0.00031680462591339166, -1.3561847285728075, 0.1853100494840221]], [[0.221769884246098, -1.4408167563988286, 0.029020002449178493], [0.08638471825125497, -1.3989163734642736, 0.19076443105073645]], [[0.08607257498138052, -1.438547178674973, -0.05157637685891905]], [[-0.0856081703479191, -1.5223133040640566, -0.09116611774702778], [0.14859183471022858, -1.5508636525662722, -0.01834743176237066]], [[0.2256562469926248, -1.396879633609668, -0.2851243677829427]], [[0.22976173569118782, -1.438409806680187, -0.29548290430867974]], [[0.18447468934190625, -1.4422549446881996, -0.80439078699166]], [[0.19528821578905148, -1.4645289165636126, -0.850693840793723]], [[0.25191422080143483, -1.7671809975419803, 0.431750161844696], [0.11051504259089756, -1.6184186693903082, 0.591628676225866]], [], [[0.11874369976015997, -1.7418735148907207, 0.3393039389049121], [0.08689354702065771, -1.5605882243640457, 0.4333683828316084]], [[0.07002403832235285, -1.4595964688368623, -0.18814524276498523]]]}