{"bodyId": "h0", "timestamp": 1630675666924250647, "continuousState": [[[0.37251036043974417, -1.6485713933460462, 0.5628302263402664]], [[0.10222445415443598, -1.5699131397544412, 0.8024961385780238]], [[0.1955967879407154, -1.8050943712156031, 0.409271550350634], [0.02457114709618236, -1.5601021164336764, 0.5710935818896963]], [[0.15752253113673167, -1.66993971816943, 0.5880987937313994]], [[0.019933434507936, -1.45353444271367, 0.28330621543138046]], [[0.1856932035705886, -1.6196249835494978, 0.30306525360580555], [0.26821006235304956, -1.6416820386895834, 0.3069360641228752]], [[-0.018186607650944552, -1.3569558239151043, 0.1728389415808001]], [[0.19471799530707024, -1.4399764522811307, 0.02448932911674751], [0.09506972946957512, -1.4062496523451296, 0.19453327832620812]], [[0.07989718893175404, -1.4335046666864297, -0.06067633468152508]], [[-0.08241987941679821, -1.5171588264767795, -0.10979273220945537], [0.13286146503894655, -1.5487036781003756, -0.037078932982641165]], [[0.22421099012524723, -1.397808443980866, -0.28837738326113915]], [[0.23766642284645537, -1.4378190795059924, -0.28418991195342574]], [[0.17272073801968804, -1.4503209984222607, -0.8040287414546576]], [[0.16690207212506403, -1.4723683505274405, -0.8535171282124168]], [[0.26570658565879746, -1.7670823496431292, 0.4331810616032426], [0.1144949367010388, -1.6181939966444316, 0.5947629440888513]], [], [[0.08872798282233384, -1.56173708044155, 0.4357025045813899]], [[0.07089555535422451, -1.4574836352288227, -0.19908505773529728]]]}