{"bodyId": "h0", "timestamp": 250848, "continuousState": [[[0.36395743456626445, -1.6533724019766372, 0.5772626297493256]], [[0.09197073443838803, -1.5704788102699778, 0.7958715450965058]], [[0.17781044812810773, -1.8033219161230527, 0.406730322412059], [0.034660201728038825, -1.5660843837768537, 0.5700449322048237]], [[0.30730323350064653, -1.724998506088027, 0.4696293278495357], [0.14684371281396694, -1.6654861830208514, 0.584673197761299]], [[-0.060170511318515904, -1.7502523798315124, 0.21602888064565967], [0.05784925539325604, -1.462619977865912, 0.3016561592266428]], [[0.2609572066708661, -1.6392200369268883, 0.3019859949945744]], [[0.04363604886589616, -1.4947919074514935, 0.12789779163609524], [0.002805921884301597, -1.3620828541962449, 0.18584590143292054]], [[0.08653773483190162, -1.396784768002187, 0.19099673723575097]], [[0.08266845530532191, -1.4407981305719402, -0.060784332879163]], [[-0.08184653371491896, -1.5189776201047356, -0.10666419771347115], [0.165310974424051, -1.549298600264494, -0.00670471619412865]], [[0.2274390633508708, -1.4002720629983347, -0.28645893463572586]], [[0.233483115636114, -1.439538629546359, -0.29393029212340227]], [[0.19046419801273487, -1.4515068964072637, -0.787690652315461]], [[0.19522995069719967, -1.4704076924439733, -0.841952184104139]], [[0.26797841359737307, -1.7641217843825145, 0.43110698506865003], [0.10516091779342947, -1.6193596764288392, 0.5868345101194925]], [], [[0.12356636109106531, -1.7376254429597697, 0.3428291042475977], [0.1023464841036115, -1.5640530804433816, 0.4431646784939709]], [[0.07279626481797592, -1.4596248415515352, -0.1965615661745985]]]}