{"bodyId": "h0", "timestamp": 1630675666924025192, "continuousState": [[[0.5347740399362383, -1.65474504966871, 0.5060736424037439]], [[0.2362674537582825, -1.5966364381713631, 0.8085625491786423]], [[0.37912250425426947, -1.8038267106619836, 0.3669234107345258], [0.16164533753846513, -1.6091374129946516, 0.5884694402338019]], [[0.4547183003330859, -1.726883667112633, 0.37270543516498744], [0.2772487384172205, -1.6918904660931253, 0.5938417915216778]], [[0.12051368635643211, -1.715194832645403, 0.21215275856594598], [0.19754017011140013, -1.4870578265467844, 0.2549498129126807]], [[0.3604837973328845, -1.6660746375054054, 0.26705707581495197]], [[0.029296365197545297, -1.5180776070938922, -0.06563147263921246]], [[0.3613571286294869, -1.5433838223211682, -0.03606536081844661]], [[0.1194367982918696, -1.7079145651122012, 0.1422448371138114], [0.2533103099781806, -1.493150471398853, 0.03423054594911787]], [[0.1995425186535151, -1.6334756095640879, 0.16883700503900922], [0.37110463225690704, -1.5799454407930547, 0.09835569807724619]], [[-0.009306489674288173, -1.5200880225293527, -0.2833320783424233]], [[-0.020350842367954272, -1.4827861979063424, -0.1535999951113172], [0.29316242463344383, -1.502701405392847, -0.3111790273566578]], [[-0.19259225737541658, -1.3810103619643905, -0.878585987320218]], [[-0.15356587948066738, -1.3811541226243307, -0.7768990082855116], [0.2015026618337829, -1.5118873775307784, -0.7976286624241936]], [[0.41741227341837983, -1.7645565345120844, 0.3758916622832735], [0.25245136182482814, -1.6428502277824923, 0.617553676350418]], [], [[0.287615993344759, -1.7210392498790181, 0.2924290968654667], [0.2373944542643103, -1.5894741463199549, 0.42439580221717926]], [[0.09511801448961346, -1.5767818160467204, -0.05724753665170704]]]}