{"bodyId": "h0", "timestamp": 25393, "continuousState": [[[0.5291647817167807, -1.6579768685106555, 0.5113273565406065]], [[0.23653315286006546, -1.5986936699439325, 0.8078066061628509]], [[0.38496368994059826, -1.8027456178726238, 0.3723112101013189], [0.16308271901199534, -1.6088705967457946, 0.5817490828786902]], [[0.4573331657407991, -1.7282239817794047, 0.38128129924490806], [0.28662324268767564, -1.6901883861636875, 0.5985427263653758]], [[0.18907176825395935, -1.490237083933774, 0.24221911732732973]], [[0.3409973812494061, -1.66903919337669, 0.25540885296849136]], [[0.031231797083399897, -1.515385126045345, -0.07863516638308102]], [[0.3527864797219152, -1.544184935600735, -0.04326064658984023]], [[0.12449621089308106, -1.7092862112726128, 0.1337268837135589], [0.2652754399122528, -1.4915407437434447, 0.03229705856571331]], [[0.2042128334156517, -1.6341732949930792, 0.1658074040092722], [0.3695453755629494, -1.5739442831588177, 0.08515253899451364]], [[-0.012136442633343507, -1.5270701432357583, -0.2617068376099223], [-0.012872311276462597, -1.4571830557619632, -0.6980112549066855]], [[-0.019885877511638797, -1.476969642005994, -0.16545380649085586], [0.2495539827926848, -1.5068830733727723, -0.38397868474590835]], [[-0.19041322828984153, -1.3825037546204602, -0.8782826823216856]], [[-0.15199296933549858, -1.38324788283303, -0.7812915910032211]], [[0.4170852846344232, -1.7659535860092457, 0.39329487368748506], [0.2551413220466886, -1.643944915265671, 0.6105896850739759]], [], [[0.3232024669973792, -1.6092305328565892, 0.3117502082861189]], [[0.09603819539115409, -1.5806217191144187, -0.047949716800325046], [0.1783365321432434, -1.5155636694603905, -0.30642935795608595]]]}