{"bodyId": "h0", "timestamp": 254332, "continuousState": [[[0.3477670028313924, -1.6612341373164672, 0.6011680359315049]], [[0.09969846063942578, -1.571286386310696, 0.7923353162745507]], [[0.17837609088051812, -1.8014175971187594, 0.4148783406792969], [0.00417305566593609, -1.5628402534968882, 0.5540968445246838]], [[0.30763304881754944, -1.7404366279674224, 0.46522036639917086], [0.1736796506345106, -1.6717319156292152, 0.5932217519805708]], [[-0.050410477359325315, -1.746034053133381, 0.1873960604219178], [0.0480788138510502, -1.4511278975679145, 0.2968373866619065]], [], [[0.04608373892285192, -1.4924265088852087, 0.12290348514466268], [-0.00130927019957403, -1.35452491744578, 0.1795273612200151]], [[0.08749650533228283, -1.4009512814537683, 0.19220803725302835]], [[0.0799989823169035, -1.4256194689379957, -0.07235345831129075]], [[-0.08194894890654268, -1.5215489517203438, -0.1123305567072614], [0.17092119785015802, -1.546814609066063, -0.01342127896856482]], [[0.24461348058290697, -1.397969228519981, -0.2998789032583295]], [[0.23092204234791916, -1.4410839258684531, -0.3106474471399324]], [[0.19999690034385867, -1.4460404106138391, -0.7840770641874981]], [[0.19230356102825114, -1.4687184643491393, -0.8493397158780838]], [[0.27141073249332925, -1.7661904591369046, 0.43440720663456706], [0.123898213374443, -1.6196148843583307, 0.5955147386028994]], [], [[0.12861128572911207, -1.7432353405504015, 0.32630821341054433], [0.1108792322427804, -1.5614299065985648, 0.44502956932123866]], [[0.08133226583818215, -1.4597590901201625, -0.20610472998279544]]]}