{"bodyId": "h0", "timestamp": 1630675666924025460, "continuousState": [[[0.5313442324663422, -1.6600171831471207, 0.5059990221947107]], [[0.23797757976847994, -1.5966887296693866, 0.8096356319525921]], [[0.38469625367753935, -1.8027378433786585, 0.3721616460069804], [0.16287491222053246, -1.6089580472542386, 0.5819987869829465]], [[0.4574261629591163, -1.7286662134843562, 0.381051982420606], [0.2503607905426604, -1.693417063966949, 0.5755868806367094]], [[0.12211897073450939, -1.7130987295866638, 0.20385838564718142], [0.1944098567720025, -1.488954117095609, 0.2454610502619005]], [[0.37256311807148795, -1.6214513116054716, 0.28575787823685483], [0.3717236897241166, -1.6670836132433118, 0.2835880433468326]], [[0.0346326106799184, -1.51507999454241, -0.07383376547856187]], [[0.3571274039281998, -1.5519822879151053, -0.0323555586313314]], [[0.1246079814534043, -1.7077119085620673, 0.13083775979413076], [0.26709772894627165, -1.5039432389560088, 0.04058973478560824]], [[0.2072924739826476, -1.6267025806844497, 0.14992099651266313], [0.36598715969179035, -1.582308985893054, 0.08968732034167601]], [[-0.006371247584599985, -1.52200475896455, -0.21684002316346118], [0.04069304328005956, -1.464393237637325, -0.6124039864976637]], [[-0.02062359093657466, -1.4832729483485245, -0.13558279076248142], [0.30290333727287816, -1.500329653207181, -0.2986060734161465]], [[-0.18907038267341758, -1.3843985399206162, -0.8681558520870662], [0.19566514931343248, -1.5077351923923605, -0.7186904126910051]], [[-0.1505246328161506, -1.3900175331846316, -0.7623283723854497], [0.1974138198212188, -1.5101469458987746, -0.8117191042869866]], [[0.41573167410969364, -1.7662884736271194, 0.3949392388680253], [0.25459738558816253, -1.6431117625337377, 0.6114571023641036]], [], [[0.28977256684681285, -1.72088247153551, 0.2924551840338937], [0.22238532365733146, -1.591185590531279, 0.4105239654493049]], [[0.10046061319902382, -1.5743536698244998, -0.03345951332539902], [0.20334010148592496, -1.5233511117651894, -0.26135833307799383]]]}