{"bodyId": "h0", "timestamp": 1630675666924257615, "continuousState": [[[0.3392491039198704, -1.6548701617156905, 0.6174851517314064]], [[0.1167873411554283, -1.554255147945257, 0.809899500134534]], [[0.15882757481640203, -1.7951473150410928, 0.41683862538337985], [0.03809737474008216, -1.5688392187974276, 0.5814860097820245]], [[0.30991120471145045, -1.7419946876493244, 0.4681804710032974], [0.1356899752410484, -1.6626970777599435, 0.5782400135501143]], [[-0.059608930902917676, -1.7446943317917316, 0.21330862071149204], [0.046169746827886, -1.4566352774800644, 0.2981843399067111]], [[0.27557100274284424, -1.6349275960121716, 0.31524426970916647]], [[0.044119971303206856, -1.4844373496341603, 0.12160045030418132], [0.03450373259838966, -1.3583554983993027, 0.20984869763516623]], [[0.08391846091656703, -1.3935552126086748, 0.18516595624210733]], [[0.07970502430978968, -1.4397257784007476, -0.061681587245216635]], [[-0.08206774493727596, -1.5221644009378936, -0.11279313008927716], [0.16436506078330784, -1.5490727668593218, -0.005442486652827256]], [[0.22401409411167333, -1.3950170818040557, -0.2793536234286544]], [[0.23221465747018782, -1.433303501028289, -0.2861182483974171]], [[0.1850762297416427, -1.4581135801967697, -0.790298494728883]], [[0.19822643470636148, -1.477877605878833, -0.8029844918844553]], [[0.2706296580293712, -1.7635199149794003, 0.44358790003833976], [0.10070391233524015, -1.6189447608318286, 0.5893678462042414]], [], [[0.12515113690426638, -1.743344509720528, 0.3407445458573947], [0.0909298610344672, -1.559666177620004, 0.43821217672841273]], [[0.07097317458719868, -1.4585907413709747, -0.19607337675896577]]]}