{"bodyId": "h0", "timestamp": 1630675666924025795, "continuousState": [[[0.5291843200543681, -1.6559637162350351, 0.5126271906917391]], [[0.24665791506122742, -1.594260032704264, 0.8104506710487723]], [[0.38665672554450525, -1.8055286747687442, 0.3675468497480101], [0.16276154630255907, -1.6103866504462836, 0.5818570058557525]], [[0.4514887067463439, -1.7284619107161792, 0.389635832698601], [0.273079567641232, -1.6876969990687463, 0.5885570522992071]], [[0.12908449724947166, -1.707546123040304, 0.1810670322627516], [0.20369376825038377, -1.4784728419308986, 0.24876254552291538]], [[0.3686512616939881, -1.6629893736724135, 0.26373890604878647]], [[0.03408760552896632, -1.5186155944623396, -0.07377079767490569]], [[0.3483781605294344, -1.5415909335814928, -0.07646875082263364]], [[0.12503228267577884, -1.711387938011642, 0.1366527842245839], [0.27958808101751265, -1.4857909804742613, 0.003551780724621267]], [[0.20647700761202764, -1.6327421504132553, 0.16671134347419114], [0.3792037172834464, -1.5778968849766453, 0.08178313621415532]], [[0.0003729033553080399, -1.5321842320548853, -0.24058563565607755]], [[-0.01751421358309392, -1.4844221290742594, -0.14640565099226932], [0.22773398208825005, -1.5025329873658073, -0.4404036867469317]], [[-0.18956940628483981, -1.3831498448483603, -0.8676449738224314]], [[-0.1518721152646448, -1.3906185184662299, -0.7648121492139589], [0.18535554246980337, -1.4990036381687184, -0.8267988021710303]], [[0.4292398799371652, -1.7635084051636223, 0.37415402855840624], [0.2553332556094399, -1.6431606642187078, 0.6105006799703554]], [], [[0.2902866019979078, -1.7180040168782416, 0.2853514324806763], [0.23838666794580787, -1.5830849204998225, 0.4186597989110612]], [[0.10342495548366784, -1.5824631912340703, -0.0369371460909432]]]}