{"bodyId": "h0", "timestamp": 258888, "continuousState": [[[0.4739184322783554, -1.6192997524557113, 0.5635790366309134]], [[0.1919514114543499, -1.4507747034820055, 0.8112060454828888]], [[0.4341596555622314, -1.704351633947891, 0.5878405666609701]], [[0.2187118921207657, -1.551293719874975, 0.812364394692823]], [[0.31403553197095624, -1.7713901401819798, 0.36459880644775355], [0.03415424795823628, -1.528847379890698, 0.520732680938135]], [[0.4024027884333637, -1.6941595424189901, 0.416238162744418], [0.23617092899252976, -1.653164099258328, 0.5789597388042357]], [[0.0877942305308365, -1.713618849987562, 0.2510338281892243], [0.2155818427200852, -1.4386509146753672, 0.3038722496370808]], [[0.3101543607127541, -1.610885012703335, 0.34492801742131657], [0.35178663508707453, -1.6186149407146488, 0.3189915986059909]], [[-5.673424945752004e-05, -1.506456688625222, -0.01573482767022756], [0.19037938465072649, -1.3717825185845918, -0.03112240870194387]], [[0.3336592098457388, -1.4584538709999353, 0.0511375176631168]], [[0.03187081847322696, -1.6318600818559477, 0.10071011210242113], [0.28102862600817935, -1.4524813216467567, 0.09213164480718637]], [[0.054437300320855114, -1.5354038045475435, 0.03287930666300463], [0.3491075523134184, -1.5538487271340018, 0.11384643925466799]], [[-0.0588416952277164, -1.4768752890054107, -0.29089981955775623], [0.25863557733677295, -1.4225200949714378, -0.3162918449400895]], [[0.2745226639682228, -1.482629534976701, -0.3127117960241751]], [[-0.21093650537616987, -1.3481722550406268, -0.8549633676189972], [0.1928348535691848, -1.4233587755346155, -0.7850733049919189]], [[0.21244890893901583, -1.464829132365158, -0.8383529250090085]], [[0.3775144545434104, -1.7321057597861105, 0.3868114557427741], [0.1754144142766097, -1.5919804454800193, 0.577495225734901]], [], [[0.2450985094821001, -1.703889196203276, 0.33363599546682116], [0.22587638585630748, -1.5459075069668478, 0.44141599422065825]], [[-0.002202197453430643, -1.506139546776477, -0.1290102564473758], [0.3038715648250957, -1.4881844110527198, -0.10122270284271076]]]}