{"bodyId": "h0", "timestamp": 259960, "continuousState": [[[0.4849339178568466, -1.6158545651714173, 0.552342742317754]], [[0.21596515092958066, -1.5506458467495072, 0.8061778325093089]], [[0.32873391107056005, -1.7753624817310518, 0.3745112026265458], [0.1603661320175395, -1.5415054099599605, 0.5889553366270373]], [[0.4160030636682116, -1.6879921026353368, 0.4042765589531816], [0.259406391790111, -1.6437792331683703, 0.5887196700380776]], [[0.11350168892021799, -1.7005879799731827, 0.19236148147763082], [0.21795677579066092, -1.4420243632558887, 0.303421546865932]], [[0.4037409328032511, -1.5982752792507209, 0.3662498564420548]], [[0.007972298918050796, -1.497055450177876, -0.02752553111590987], [-0.19336701414786672, -1.3260468518734165, -0.495251570684248]], [[0.37282303004044365, -1.4704906941473834, 0.04594579143888541]], [[0.06129231636390278, -1.632005528201272, 0.08592756164988259], [0.3136163838923212, -1.438230979820847, 0.10069111788933059]], [[0.3795053571230358, -1.5307321680164716, 0.14506664337508846]], [[-0.046036414076795325, -1.4684388796907433, -0.2820617145616377], [0.28015076274077316, -1.4112813690091046, -0.29409560480429603]], [[0.30105545339556716, -1.470200191728138, -0.2786714386613987]], [[-0.19390018781316962, -1.3597203539811427, -0.8194989319400143], [0.17843099939353374, -1.4292576349942523, -0.7972833369194033]], [[0.21046775806046436, -1.4713147700019882, -0.7944258621607212]], [[0.3755969019176127, -1.7338299608218848, 0.39780433181023184], [0.23214779071619182, -1.595197447132342, 0.6023715851157042]], [], [[0.2647523762942148, -1.6942900413042596, 0.29831902021540624], [0.23868158379038595, -1.5429017982121294, 0.44607060845200475]], [[0.16673447152312024, -1.4995855238536073, -0.06849753559327462]]]}