{"bodyId": "h0", "timestamp": 1630675666924260362, "continuousState": [[[0.48424554225532807, -1.6179577363763655, 0.5558806158802508]], [[0.22167951957768242, -1.5443431396940506, 0.808304616830645]], [[0.34954685966893084, -1.7716422969996626, 0.38099656094174317], [0.15652216948882233, -1.5506508663753782, 0.5920587975297041]], [[0.41912663465488487, -1.6836468577358679, 0.4101832243138981], [0.2751052031008519, -1.6368864651562167, 0.5994640443896103]], [[0.1146238566771487, -1.7084743499598845, 0.20248716504366665], [0.2299107541324777, -1.457196195815359, 0.31946608635057144]], [[0.33119758957543644, -1.6041153252517304, 0.32180740640769706], [0.3505772440840369, -1.6037669324408041, 0.3087611569156347]], [[-0.0061723950821887, -1.5406477961971905, -0.050396449484526554], [0.23813039034181066, -1.3472036792791644, -0.0958066194695657]], [[0.36415528223997423, -1.466533269397825, 0.011924417282180001]], [[0.09755706715916022, -1.663919873279978, 0.13267217789258212], [0.3245714037450921, -1.4487432806780394, 0.1501511121535025]], [[0.3695455595981196, -1.5271095446574041, 0.14547397857911643]], [[-0.056873195513409885, -1.50742040266415, -0.1838699024880184], [0.3198372770453143, -1.4239352838104533, -0.23934084174084022]], [[0.3102637660876792, -1.4681019676679223, -0.26218503829512335]], [[-0.19209398422564256, -1.3571331124136035, -0.8220810239457478], [0.2072884085137955, -1.4398179776778333, -0.7626530103059224]], [[0.20938939971806075, -1.4667903196488825, -0.833170485983039]], [[0.40113388290591356, -1.7248106861823698, 0.3773998949407703], [0.2338602195730366, -1.5954167654051568, 0.6066914895836389]], [], [[0.2668752456660168, -1.6960606038478763, 0.30633519467878234], [0.2525079786166648, -1.5470413304857877, 0.4594650653700909]], [[0.15633618204235483, -1.517264973660777, -0.01919796195445099]]]}