{"bodyId": "h0", "timestamp": 1630675666924261032, "continuousState": [[[0.4885895641933118, -1.6124541392831262, 0.5553112190659932]], [[0.23889153598136273, -1.5373871900707419, 0.8105483981076044]], [[0.36749393842207717, -1.7719178334956223, 0.3951524322761975], [0.20905864503523436, -1.5749875429092777, 0.6180819526937354]], [[0.42791565278632204, -1.6809075271676877, 0.4077721920243709], [0.27434320473490403, -1.634480160237555, 0.5992869667495981]], [[0.13096364407645852, -1.696995337111995, 0.15589471135063446], [0.23809438397381086, -1.4619668557571435, 0.2948450992276146]], [[0.3507304259970112, -1.604900776320341, 0.33127142499290835], [0.37344760686886685, -1.6019223250261219, 0.3388148814542185]], [[-0.001081148593583805, -1.52075155698224, -0.03868095314618813], [0.11138358265801049, -1.3620653645013943, -0.18529853236074517]], [[0.3598593735048278, -1.482071396217067, 0.015963959090086972]], [[0.1156691146694024, -1.6867552744452858, 0.1522904688452636], [0.30232810859871345, -1.4693595919152318, 0.12700356114360625]], [[0.3770018152263858, -1.5415636156964319, 0.15431496972448552]], [[0.3691242412494125, -1.4386453965395989, -0.1595902422814661]], [[0.3248701704821244, -1.4712623087443983, -0.20116650855954413]], [[0.20100803845945325, -1.4561393208585793, -0.756218458812886]], [[0.20224373238423504, -1.4739083162644986, -0.8319785666819719]], [[0.39732625622305623, -1.7297957390962861, 0.4103020647527344], [0.23358189755947023, -1.608574808371938, 0.6027588087773368]], [], [[0.2794396484313903, -1.6889514321398413, 0.2818334516875027], [0.25621879435435746, -1.5482235079973492, 0.44706603298860637]], [[0.37306302823789916, -1.4901045061180154, -0.002637636278490285]]]}