{"bodyId": "h0", "timestamp": 1630675666924261702, "continuousState": [[[0.4814786796931185, -1.6185444135487397, 0.5657903431552049]], [[0.22268787572524754, -1.5374486965872678, 0.8001870023076373]], [[0.3562872049700077, -1.7655240934774916, 0.3425916464031293], [0.22570716229443383, -1.5832815261148692, 0.6278306805113082]], [[0.43292383447521066, -1.6786296043598743, 0.3949583142484539], [0.2802001494921408, -1.6311965874127254, 0.6022642395127003]], [[0.12945667681788053, -1.709741691979857, 0.18779952537414785], [0.24053243616172154, -1.470075936461008, 0.29335982117703885]], [[0.33846662751767886, -1.6001297180570635, 0.3153543722476534], [0.3789401772035137, -1.599164728420555, 0.34543838265203475]], [[0.005995609934113531, -1.5458145022030536, -0.04139026444445426]], [[0.36148282760803546, -1.4813314849113655, 0.009099493498407128]], [[0.11448801829658993, -1.6840236712939114, 0.14939499595798839], [0.3356745224520953, -1.4782508971084032, 0.12664483406315594]], [[0.1628949317462263, -1.5863063592281545, 0.14219889748397485], [0.3753007311126328, -1.5425006082477601, 0.14646427234182716]], [[-0.04522810064826425, -1.5244008185857716, -0.15763876247215922], [0.3656483346505172, -1.4388554565271532, -0.1765035062943791]], [[-0.04645842332053195, -1.4770560729918378, -0.14521201756728783], [0.3048461502372229, -1.468139776482149, -0.2617905856525699]], [[-0.20506829122227527, -1.3455853874094388, -0.8644416151335986], [0.18340781001875872, -1.4483667088279062, -0.7943986171108416]], [[-0.18170583560483822, -1.3528534415719893, -0.7922116139348045], [0.20456667841460513, -1.4679751221353399, -0.8403390026588342]], [[0.4011778087131117, -1.7249007871015531, 0.3826494262161202], [0.24665812694466127, -1.6106986451413081, 0.6101363615778314]], [], [[0.2811902556465456, -1.6941856481698656, 0.2913789198113009], [0.26036629282693113, -1.5506362619368668, 0.44781203034486955]], [[0.05883341554898103, -1.555353588906963, -0.007719932494092183], [0.370474532881575, -1.4906780323874567, -0.015019616976275976]]]}