{"bodyId": "h0", "timestamp": 261769, "continuousState": [[[0.5011726802862332, -1.6111349983418264, 0.5370177166925988]], [[0.22869940265978425, -1.5368231950336098, 0.7991468943271139]], [[0.3751520795113934, -1.7695043723829376, 0.38791797246190096], [0.2191235678338553, -1.5937586362746161, 0.624339913751538]], [[0.4319436759683923, -1.67695921502452, 0.40338380345456815], [0.2682413666020564, -1.6324053647419132, 0.5911366424210526]], [[0.12783051611975185, -1.708025802574839, 0.1879581118282465], [0.24336407698879656, -1.4747574487125907, 0.32653410157193935]], [[0.35631937882615355, -1.5902784582670502, 0.29368297166086993], [0.3757312487860029, -1.5998628627659028, 0.34450048457754157]], [[0.005039508251221661, -1.5394313773842732, -0.051061701919391224]], [[0.36384198919264304, -1.481519501415696, 0.017518897820757048]], [[0.11948311762378376, -1.6921081198797137, 0.1629523570146257], [0.3375169743454435, -1.4796407249958268, 0.16832105110065324]], [[0.19572944406928786, -1.6138631546285194, 0.21087770171925013], [0.3764410633401681, -1.5488271646610419, 0.1584990951943139]], [[-0.04228238363400846, -1.5290881855829093, -0.13120721669273439], [0.3797434028416037, -1.4401981680471219, -0.14237028281027914]], [[-0.03994285882657874, -1.4718647030394953, -0.14208550618776394], [0.3623910865239773, -1.47118202196232, -0.14927091564104059]], [[-0.19292903749489518, -1.3509611055016613, -0.837099459924033], [0.18434126541745333, -1.4564441343975447, -0.7791667577576912]], [[-0.1789517444527395, -1.347499167591139, -0.7937953415743659], [0.19911668075145394, -1.4722960490847647, -0.8341983583114864]], [[0.40977972571781796, -1.7252371349182, 0.3953275593903934], [0.24744233626049708, -1.6116957654701898, 0.6105685670547532]], [], [[0.2798870960440721, -1.6924925087996794, 0.29567095764140733], [0.25580272179542646, -1.553581406727252, 0.45883537199649593]], [[0.0767235302176397, -1.5714756701057144, 0.039835242513257874], [0.3780922330908859, -1.494512666354082, 0.008064406192017384]]]}