{"bodyId": "h0", "timestamp": 262305, "continuousState": [[[0.48220054145496255, -1.614860836448443, 0.5659242880875232]], [[0.22905904656710527, -1.5392248886054878, 0.8014841690679584]], [[0.3554998819659565, -1.7700104878865937, 0.3762378417681755], [0.21777275900140194, -1.5764669307210442, 0.626275285869619]], [[0.4294283326789767, -1.6827338866004606, 0.40351595802995144], [0.27010721759302236, -1.63227978396472, 0.5953286296563779]], [[0.12426526302188654, -1.7076933036881916, 0.20063572218295644], [0.2288656851983476, -1.4685780161299637, 0.3283692270827398]], [[0.3341384386065315, -1.6041748517937564, 0.3287505182661498], [0.3802824529944155, -1.6005404160365324, 0.3516433324163268]], [[0.0032811017649877956, -1.5297367075986248, -0.04719306941473951]], [[0.3634473143063367, -1.4786837635024208, 0.02844770684888681]], [[0.09984034586647471, -1.6716068798935904, 0.1383146054736276], [0.31764401867118547, -1.4707533428189832, 0.16612291411716457]], [[0.36285249051058033, -1.5455237207388748, 0.18649387346625781]], [[-0.04729027975187853, -1.492099049845479, -0.24511207829973977], [0.3837395949113059, -1.4280634858818924, -0.08924979889402448]], [[0.3851211565203521, -1.4619204210636543, -0.10112647998130046]], [[-0.19466197255154408, -1.3529292569576914, -0.83011740860941], [0.20364519778984141, -1.4558044659656715, -0.7365594536270703]], [[0.184067709754941, -1.4812954091159831, -0.8182937637370303]], [[0.4044812786037027, -1.7272445946156245, 0.39362181702770954], [0.22805834963735583, -1.6087222424629748, 0.5999840460177627]], [], [[0.2768467978504316, -1.6952135951443261, 0.30207584010645394], [0.24948645139568498, -1.550428900047342, 0.4618489283695588]], [[0.1577811053793509, -1.5188113852921767, -0.02930910241674098]]]}