{"bodyId": "h0", "timestamp": 263042, "continuousState": [[[0.48740945703176775, -1.6051238698173844, 0.5619620260445061]], [[0.2026180044677983, -1.4433943559799667, 0.7858373833302195]], [[0.46074220705299734, -1.6851744888324944, 0.5692601771421975]], [[0.22974949553057558, -1.53280143984875, 0.8002474893745726]], [[0.3418234812143052, -1.7610028687883086, 0.36881844312407247], [0.21250119319234795, -1.5638718391440838, 0.6208166136175657]], [[0.43315186752719903, -1.6757183079300102, 0.3969534974041071], [0.2794662658122781, -1.6279287984065143, 0.5972993169053389]], [[0.12731143491037727, -1.7024570070811518, 0.1912225349555472], [0.21471540543458628, -1.455704015736377, 0.3031953362439242]], [[0.32447671647880777, -1.6059055339266706, 0.33790512289031105], [0.38116644553088075, -1.593435371603875, 0.33716127010619357]], [[-0.00699145838490756, -1.5305189938286257, -0.025900317810944443], [-0.1378665335400892, -1.316633176136405, -0.5007222730862152]], [[0.35970528804559787, -1.4706549817052665, 0.008610300569406718]], [[0.10388110406579323, -1.6567530930433532, 0.11318421617543459], [0.2672503494869095, -1.4553894902302156, 0.11091139244305281]], [[0.37988423953746586, -1.5374054072417254, 0.17114479316240544]], [[-0.05710579659370581, -1.4967141993728512, -0.2022403096067819], [0.3761202510396963, -1.4156653677919089, -0.10650343509081744]], [[0.3441967583896692, -1.4625687732725, -0.16189204848092323]], [[-0.1914908565303118, -1.3583006459021754, -0.8211593416418714], [0.21225898282166328, -1.4471818643901246, -0.726203319712946]], [[0.17258723372378473, -1.477307976398722, -0.8355573381053344]], [[0.40076262761164294, -1.7178467007479732, 0.3842836589052347], [0.2384833742816943, -1.5977235365172955, 0.6035635589571725]], [], [[0.2802316512187881, -1.6890876575055809, 0.29408801617982716], [0.2470908356234322, -1.5418164070714457, 0.4502473265746315]], [[0.16138922147188003, -1.5170598033072884, -0.015547758222188235]]]}