{"bodyId": "h0", "timestamp": 263243, "continuousState": [[[0.5026070029939395, -1.5893655690937913, 0.5451780791868501]], [[0.2272043745396379, -1.5310553604352264, 0.807156307421974]], [[0.3557851283989196, -1.7566741951435487, 0.38229782853888855], [0.20865894573838364, -1.565655180877382, 0.6188331976390191]], [[0.4326851269134446, -1.6824539425829315, 0.42010210648994495], [0.27459511131404657, -1.6271137076218143, 0.5971625423377854]], [[0.13256247742941832, -1.7006849801928259, 0.19142973775545782], [0.22124333712334693, -1.4547398608241453, 0.313051070189073]], [[0.32166754008894616, -1.6149087870068874, 0.34372371679128216], [0.3892162588528699, -1.593771616277623, 0.35136437212029725]], [[-0.0014103039042794876, -1.5314343723018915, -0.025902010463809803]], [[0.36212900545536036, -1.470149763036119, 0.01872793214909848]], [[0.10952319638191722, -1.664887058809804, 0.1270837533837398], [0.3286461917807358, -1.4543399415245015, 0.163483291787981]], [[0.19535731957804933, -1.6071953771905259, 0.1964440972083023], [0.3788331342422125, -1.5347922569682604, 0.1631727221674048]], [[-0.05005955958368904, -1.4945428172965765, -0.2258287649052438], [0.29549412099397976, -1.4195667746286231, -0.24326535531962487]], [[-0.05795304200525712, -1.47057187409745, -0.18335625972930847], [0.33676578771735216, -1.462309308550042, -0.17854835361172627]], [[-0.2075333159442676, -1.3434341534774665, -0.8697709440137892], [0.20127117564867195, -1.4516926750457098, -0.7425280986117825]], [[-0.18419623235428376, -1.352221219512045, -0.7985278671515671], [0.17799421678283125, -1.4773485343687078, -0.8228202504732797]], [[0.4087661707589471, -1.7170436213375784, 0.3973453217057843], [0.24472282290573685, -1.5999285044665432, 0.6082272532893289]], [], [[0.28262380217143146, -1.6915694613878787, 0.3057659221227014], [0.24791922421869675, -1.5409267842229797, 0.45510680626342925]], [[0.07264887999718014, -1.550869097243551, -0.014692333848470754], [0.33716362761809615, -1.4771795157984418, -0.04004631657611003]]]}