{"bodyId": "h0", "timestamp": 263377, "continuousState": [[[0.48612424887492106, -1.5914938540513297, 0.5607002405127031]], [[0.20485221526019382, -1.438127114799371, 0.7889489552793227]], [[0.4445556756368373, -1.6829115472217315, 0.590405083029534]], [[0.23857750040972314, -1.5334056023739233, 0.808470521696116]], [[0.3432082334820714, -1.7505487072105759, 0.3697076797034281], [0.1678532441744319, -1.5565743621717862, 0.5927077323591525]], [[0.4318818246329152, -1.680639413963184, 0.4221197784340003], [0.2761424764129968, -1.6273594937434446, 0.5984060360756535]], [[0.13287158711960906, -1.6973526252144027, 0.18845945698050673]], [[0.32605834004458784, -1.6040254122648567, 0.3373815636685572], [0.3747515945522216, -1.59179137258212, 0.34410220239225897]], [[0.005635156704105953, -1.5188600066700264, -0.05735735347585569]], [[0.3550664910514836, -1.4687585912468397, 0.011675734166029997]], [[0.10553552205172718, -1.6543718914456362, 0.12886890028428502], [0.3338369562274208, -1.452473255914947, 0.16867395314283362]], [[0.16005269829748137, -1.576094947880475, 0.14973334259610283], [0.37633151960296, -1.5350461790355596, 0.15813099898076075]], [[-0.0505419615062346, -1.4938688460216758, -0.20983068507265398], [0.344595919973671, -1.4309373548398239, -0.18722982702181776]], [[-0.04770371928798113, -1.4718405191976802, -0.1531569777495133], [0.3209357201523574, -1.4716284676964224, -0.20110430668800677]], [[-0.20687964941762285, -1.3409207676298656, -0.8585413101749768], [0.20431766057906975, -1.4534301862551062, -0.7402298852530927]], [[-0.18164755213549785, -1.3518095004663915, -0.7783051999822992], [0.18808681266507368, -1.4782922673873609, -0.8113671571946991]], [[0.4009504098475042, -1.716022107644702, 0.41064866295511343], [0.24748014927629788, -1.5940419447278922, 0.6107906037837063]], [], [[0.2823767058762621, -1.6889960195887932, 0.3052896177072535]], [[0.05475536839562338, -1.5349818969510753, -0.03004867123827558], [0.3604637197883155, -1.4829917669376917, -0.014549414020528506]]]}