{"bodyId": "h0", "timestamp": 263712, "continuousState": [[[0.4743759272936274, -1.5800742385571578, 0.5519774634288221]], [[0.19560890820951635, -1.4146222792900258, 0.8055709907278195]], [[0.4345348051558712, -1.6731585166118592, 0.5816138089754838]], [[0.2207745017562263, -1.5011154586292472, 0.813246305808208]], [[0.2975573638702646, -1.7456964644139334, 0.39264959962376567], [0.13432895190070462, -1.523429974881774, 0.5899694039960582]], [[0.41739450133976796, -1.6726389037808944, 0.44263717103403316], [0.26131277224958693, -1.6183788927892409, 0.6028729805612972]], [[0.1097371929622048, -1.6923566735065356, 0.19677514355355083], [0.20872617398350007, -1.4408265453941653, 0.31389466029145113]], [[0.3670853844352375, -1.5797266747451322, 0.3580341220096752]], [[-0.006893614834130062, -1.5178106079424996, -0.045439161600006855], [-0.11732553880804585, -1.3247760973684062, -0.43849050022474945]], [[0.35107939561592094, -1.4507144930818119, 0.023720553916797144]], [[0.06544956662028165, -1.6251612903542718, 0.08346742215467316], [0.2765447249333561, -1.4400023793221386, 0.1381709455130365]], [[0.3965784284869337, -1.5390659806530518, 0.22813795656207458]], [[-0.05296287827010681, -1.4958997176693727, -0.17951815072619115], [0.3450799403852225, -1.403649243426179, -0.1331076183391558]], [[0.29086511086675, -1.4687105718139064, -0.22422069915996282]], [[-0.18612989550890643, -1.3656784363989587, -0.792413257644926]], [[0.2049759213563914, -1.4708719515111535, -0.8250315705265104]], [[0.39098011912552, -1.7067924681306412, 0.40155161369471487], [0.2367233920420365, -1.566963120039198, 0.6284372620031348]], [], [[0.2635658471509864, -1.682497788643715, 0.319706157293792], [0.2350194731165435, -1.5296027190917032, 0.45838382042637416]], [[0.17180777510841344, -1.5174828491612122, 0.024309902917941717]]]}