{"bodyId": "h0", "timestamp": 1630675666924265387, "continuousState": [[[0.46223461410669886, -1.596416476926311, 0.5741150869325577], [0.21187000759023225, -1.40822594942819, 0.7892248495710811]], [[0.23544790747184038, -1.518835390136295, 0.8039375921505629]], [[0.32889216729904736, -1.747087284121324, 0.3900596434340564], [0.14205455681422155, -1.5125725847403255, 0.6101264726192864]], [[0.42382515463451825, -1.6870267555901681, 0.43978495873325607], [0.27150662680770277, -1.623762866416572, 0.5919597420766561]], [[0.11932753775106601, -1.6868937091957485, 0.19921137029375247], [0.21290982563899682, -1.4424498372649055, 0.3246033176809242]], [[0.3770030965272972, -1.5824183881128455, 0.35130151483309624]], [[-0.0005551479010259186, -1.5138938342182697, -0.03662853578414502], [-0.2675700116221267, -1.3233015706754114, -0.5732694916754884]], [[0.359770627042848, -1.4563677267249864, 0.0491617931717592]], [[0.09646058970058993, -1.6503022389090174, 0.14207516433780507], [0.23928580016378373, -1.443944026392296, 0.13441211917985948]], [[0.1536754915842086, -1.5727325531015046, 0.1574435471195859], [0.3834751450236815, -1.538307528250735, 0.21887861875845668]], [[-0.04923746392627433, -1.480265318619375, -0.22281748848662072], [0.37088285487597705, -1.407475758166793, -0.09647592786627843]], [[-0.061126944221502756, -1.4702461379721576, -0.15329092208780934], [0.3180653245168021, -1.4643168468815642, -0.17952297471892006]], [[-0.18969546810168247, -1.35471163409893, -0.825747396787675], [0.18754483804006486, -1.4391731568589239, -0.7617518671402483]], [[-0.17965746037073899, -1.3562686640240527, -0.7773684441145465], [0.18394287599998166, -1.4762424140830601, -0.8220410256528019]], [[0.3935647527744531, -1.716686200597507, 0.42576255857241824], [0.2319981556985506, -1.5701581473735786, 0.6190969410385192]], [], [[0.27157634619279214, -1.6869602323929582, 0.31949816451350427], [0.2422082262233498, -1.5331063518407388, 0.4582815298787902]], [[0.05221901382896713, -1.52649893586044, -0.032686970683517405], [0.3771789999498293, -1.472891643208764, 0.06120134544608913]]]}