{"bodyId": "h0", "timestamp": 1630675666924265722, "continuousState": [[[0.4696046945134339, -1.5790163706404128, 0.5525383782237865]], [[0.20562289170344525, -1.5108253243455396, 0.7979474945541141]], [[0.3440602143732901, -1.740238441607784, 0.4098105871704581], [0.12060322171596, -1.5046698354478212, 0.5982685025874296]], [[0.41996634417913337, -1.6656587330588772, 0.46443653477847474], [0.2658834224378249, -1.6110818047515343, 0.5968209332561862]], [[0.0918075688181504, -1.6853669552916117, 0.22257913177605132], [0.20892271241743834, -1.4193096099209646, 0.31469024909980226]], [[0.3107715574767686, -1.6000818360619429, 0.3799289283016249], [0.3632693357317428, -1.5641740247488547, 0.3414483521589168]], [[-0.020811124254399148, -1.512490419679133, -0.005180797026789605]], [[0.33086947833524233, -1.4280192969541508, 0.024735667988740488]], [[0.08932796854660614, -1.6604704338490073, 0.1723793317998045], [0.2624323117864565, -1.4276716102140363, 0.15716501581088688]], [[0.15122087723623315, -1.574735360755831, 0.1745500251914848], [0.3686634404398251, -1.535454149784025, 0.20731352562361213]], [[-0.05773225293386429, -1.4931681623055728, -0.09469625388259419]], [[0.2956502625313135, -1.4601492507897202, -0.20566857639943192]], [[-0.1829070084835637, -1.3596756166573825, -0.7840677951381333]], [[0.21596913489238226, -1.4719973353872962, -0.7753726265624425]], [[0.4009045441091573, -1.7061929500402124, 0.43143843782363317], [0.22803155348062956, -1.558694808886014, 0.623223733767999]], [], [[0.2558869564986419, -1.6755128441752445, 0.34350783327726303], [0.23740306742763162, -1.5151957073362494, 0.45575559117799425]], [[0.04674431215118443, -1.533951761530702, 0.039926885654445306]]]}