{"bodyId": "h0", "timestamp": 267263, "continuousState": [[[0.5704673386330653, -1.205862890501844, 0.6317893125404125]], [], [[0.46617784284013014, -1.4034472437527574, 0.43053338047628986]], [[0.5321220009521564, -1.287575446592433, 0.453014061396609]], [[0.22902666431664317, -1.3692120557853378, 0.2599471816467658]], [], [[0.10897272000618512, -1.1780722166538398, 0.12144858015114664]], [[0.3675923378259327, -0.8478072069703418, 0.03200935610080296]], [[0.16742169531860607, -1.3080164845777595, 0.17636723804123175]], [[0.23703398887212843, -1.171779294469621, 0.15986406968550704]], [[-0.05091563324006896, -1.0827278118823196, -0.20569967028676706]], [], [[-0.2482086293878504, -0.8748236453749177, -0.6910490294503943]], [[-0.23458817711720886, -0.889518684828206, -0.6767386297030603]], [[0.48765230323705605, -1.3554886305383154, 0.4643959139398258]], [], [[0.3805743326343998, -1.3283937511888855, 0.35648062152168736]], [[0.09305917781602974, -1.1272535531759704, -0.02291780030063001]]]}