{"bodyId": "h0", "timestamp": 267330, "continuousState": [[[0.5639610609907145, -1.1988987218252292, 0.6311666563774806]], [[0.3824798145477089, -1.1745539318398341, 0.8351528738406142]], [[0.4553768189090391, -1.4015391578206582, 0.45060185257423846]], [[0.5397221641126019, -1.275474973850833, 0.44798502979030264], [0.3850712307319816, -1.2344884600050294, 0.612898523842915]], [[0.22741830267069604, -1.3561122619207322, 0.2687229211640756]], [[0.5283543647228817, -1.1532302532935947, 0.34316129199951]], [[0.11884083568001672, -1.1482016721981116, 0.1291040644637185]], [[0.3641700275896953, -0.8086956864800116, 0.026015570324710552], [0.2948868478143361, -0.8625065313865627, 0.051893048362827814]], [[0.14712970577207232, -1.2761907506336114, 0.15596180794322687], [0.5003735176210868, -1.1605378974295564, 0.22336266356299167]], [[0.21118209798688814, -1.1599769665872046, 0.1524795708744905], [0.44795204937744804, -1.1436127050201148, 0.12674787289882716]], [[-0.05579726305824866, -0.9694024733991999, -0.3881920732091594]], [], [[-0.24973092514521153, -0.8439549629473923, -0.6853753537708439]], [[-0.2362427185666918, -0.8512463341682021, -0.6888502902757332]], [[0.48955812177515606, -1.346752428170189, 0.46844801526698554], [0.3636643612498583, -1.2603078104237568, 0.6516540592020599]], [], [[0.383570233391649, -1.3157936178857828, 0.3583539754771891]], [[0.07769241746431974, -1.0646897199932024, -0.11785625116733445]]]}