{"bodyId": "h0", "timestamp": 268067, "continuousState": [[[0.27047738338851635, -1.1967497314497266, 0.753450197093248]], [[0.2302989068805714, -1.075465355974357, 0.8948955840697747]], [[0.2904475972466942, -1.3332914354306387, 0.5270630625119045], [0.03257938824908524, -1.2414276344255737, 0.6397235272038497]], [[0.33887688189490045, -1.223820404166372, 0.5696575581344936], [0.19081162348736574, -1.084697120165657, 0.6778748156858481]], [[0.08085202497967811, -1.3273900538456027, 0.2816396790048834]], [[0.2876948116953703, -0.9217941693712519, 0.2170995439178671], [0.3359663538870411, -0.9631112122413357, 0.38922332197736526]], [[0.019593384193038334, -1.0403707532922983, 0.21999893588746364]], [[0.1272382693806984, -0.8418591954423187, 0.20591225831071483]], [[0.03854881060765683, -1.106763641938006, 0.04056595022733336], [0.33784496925357027, -1.1318364266050172, 0.14598401167714314]], [[0.03760652164295936, -1.0597033400350202, 0.20350890680604494], [0.38314498590596124, -1.0187393314784052, 0.18600014912766027]], [], [], [], [], [[0.3206390824724981, -1.2801419357513428, 0.5534398380623814], [0.13430997278423365, -1.1482649762527113, 0.6770143906861569]], [], [[0.20986445343728927, -1.2756052290059874, 0.4256486185696885]], []]}