{"bodyId": "h0", "timestamp": 1630675666924269608, "continuousState": [[[0.4065317313987791, -1.1697606268929526, 0.7040950362580782]], [[0.22955766421365412, -1.074162619373553, 0.802534157366081]], [[0.35426801637130934, -1.3358687089451582, 0.5306016914624844], [0.09426439545919789, -1.1522498442410058, 0.6144466506331041]], [[0.41487869929595245, -1.2423433974479017, 0.5726699571391611], [0.14998854688281585, -1.1279695551552353, 0.5575049310897727]], [[0.12352590594082347, -1.2804226467558129, 0.29542712725506454]], [[0.4195082306010818, -1.0242223395972792, 0.2858743340141368]], [[0.13094459742599038, -1.0116434803961756, 0.18521094871915694]], [[0.24888654086828454, -0.8151706099830303, 0.104177654750393]], [[0.08076109422086404, -1.1468841706623902, 0.07361083324427319]], [[0.09422816016105873, -1.0610920888839952, 0.10857565589600654], [0.3646265703689819, -1.0395930115437517, 0.048019123839837904]], [], [], [], [], [[0.36037829938302995, -1.3000510937028857, 0.559698999332475], [0.14416253346796679, -1.1489345227293002, 0.6051044961298603]], [], [[0.26920230261838796, -1.2613830221018572, 0.43404854219711286]], []]}