{"bodyId": "h0", "timestamp": 1630675666924270144, "continuousState": [[[0.49545432499400394, -1.1305561440580068, 0.6788980131587463]], [[0.3183454844826813, -1.0952398133006158, 0.8006407935829104]], [[0.41251653632755036, -1.3461757291292937, 0.48635938983835125], [0.1916654129908909, -1.2358757240368583, 0.5675392690399556]], [[0.3289719134550453, -1.1167547418776271, 0.5692185595925544]], [[0.1955698414229506, -1.3477268925672754, 0.2688907332595079]], [[0.24527827766653099, -1.2295860158886116, 0.41284637748303477], [0.47407104445322806, -0.9874006709651652, 0.28056077580826516]], [[0.12344283378170809, -1.1287663520794695, 0.16665092055876993]], [[0.3645773737415688, -0.8086123721176344, -0.01991162788170823], [0.2826089432565893, -0.7798873353655701, 0.012084551857493351]], [[0.12273053263621574, -1.2148908353527381, 0.1401642411628802], [0.28770381114941573, -1.1505634835305218, -0.11342014171727874]], [[0.13753685872972563, -1.1586880588737718, 0.1873344116580911], [0.4373452798212322, -1.055353226255521, 0.04159920592751928]], [[-0.047487069124763026, -1.0554097132897338, -0.19415587704206222]], [], [[-0.20972416503917998, -0.8521785923996329, -0.6820457563147341]], [], [[0.42161752535113833, -1.315191904954575, 0.5391796108481186], [0.22300432641859197, -1.171735105063778, 0.5434231102209708]], [], [[0.26227087743899796, -1.2322408172224513, 0.4190546464260312]], [[0.0450248948024813, -1.1070488860817527, -0.0034107326919855657]]]}