{"bodyId": "h0", "timestamp": 1630675666924270211, "continuousState": [[[0.4967726851230518, -1.1278815387793437, 0.6813717536540825]], [[0.33023288153405744, -1.098444899821483, 0.8093299079838632]], [[0.41235744786994, -1.3531146015797235, 0.4923897827955444], [0.22994335153642828, -1.2360402014309821, 0.5888611095162348]], [[0.5074135272298207, -1.2052763723842759, 0.504617182816217], [0.3273112883020851, -1.1183241358147573, 0.5628302075366814]], [[0.19649961468546034, -1.351201943962948, 0.2777673967687101]], [[0.48168560072461697, -0.9906773349616822, 0.2914483869690694]], [[0.1297853051919211, -1.1187915559621588, 0.15029137236622434]], [[0.3456480478894428, -0.8104471258223428, -0.009576723833785309], [0.28683498282613007, -0.7744831623562961, 0.014303231329722166]], [[0.13350924940904685, -1.237107301406656, 0.1757478833969576]], [[0.15011210601415256, -1.1360873120699804, 0.16945337861969573], [0.3682041028766273, -1.03265522277981, -0.048763251759817196]], [[-0.03893937928047865, -1.0628006781968804, -0.2071517515250464]], [], [[-0.21520479045576518, -0.8448433046214026, -0.6897609192783679]], [], [[0.42584817693551064, -1.3136869326340683, 0.5412671499346908], [0.2869752430374085, -1.1811659252222273, 0.5823641495373959]], [], [[0.35195657095764055, -1.278239158173612, 0.39119228979246357]], [[0.055586363366836956, -1.0994439951334303, -0.01884918645267533]]]}