{"bodyId": "h0", "timestamp": 1630675666924270412, "continuousState": [[[0.4884694744636626, -1.137392152574704, 0.6850112863438453]], [[0.2954647181005762, -1.1233289308798444, 0.7784505171646415]], [[0.413337898497002, -1.352302977085404, 0.48423265230909274], [0.2026991681548593, -1.22923911756168, 0.5399068765677539]], [[0.4938658859035699, -1.2159918636618958, 0.5176595272164691], [0.3440804553927651, -1.1297775395857772, 0.5619374509679339]], [[0.19635717620183443, -1.3558839671442815, 0.2760087535833234]], [[0.47471644271560537, -0.984875845619807, 0.2802388762736255]], [[0.13059756132969477, -1.1258544802457044, 0.14888093594386145]], [[0.3436794421185885, -0.8069588009561018, -0.019045189452675686], [0.2530837392842577, -0.7821107147797403, -0.01276846341474743]], [[0.12522236648695145, -1.2205189302077397, 0.1472450167609004]], [[0.15375378721146205, -1.1211227113910605, 0.15736785373856857], [0.39699952954579, -1.0422414312170152, 0.0009182638016206966]], [[-0.044581350239138826, -1.067754667333214, -0.19641696447064122]], [], [[-0.2312496154702203, -0.8328055200047547, -0.7111344366627159]], [], [[0.4383822084311507, -1.301421746952481, 0.520708256411978], [0.30982439239306403, -1.1881601273381353, 0.5991737878379053]], [], [[0.34511153105270215, -1.2859379154030885, 0.3968341403998963]], [[0.05458621848616161, -1.0944386893621372, -0.019524555366036325]]]}