{"bodyId": "h0", "timestamp": 1630675666924271484, "continuousState": [[[0.4844481941259842, -1.166879380497975, 0.6981457013880483]], [[0.3224787141761374, -1.128518192496757, 0.8132499978413713]], [[0.3898962069151839, -1.3788571419195406, 0.4959448943027531], [0.27886428340586306, -1.2142868627837264, 0.6501561335425672]], [[0.31602790356326727, -1.1868133214800696, 0.6111655768640567]], [[0.18473677094043847, -1.3676136007471782, 0.2683883780796339]], [[0.29214805393079674, -1.1607231460268896, 0.3123479174789463], [0.4942055505919182, -1.0689121013037812, 0.3564537843629016]], [[0.11824493929319163, -1.117963372096597, 0.13094821947996388]], [[0.3487852829064721, -0.8065367192491886, -0.01318366900471483], [0.2646020871712585, -0.8222275653688772, 0.008664714850187239]], [[0.11404026715605732, -1.203359453769121, 0.1385619430440229], [0.44923332361861185, -1.15043218145098, 0.13193534159472733]], [[0.12472747489080893, -1.1086762604567033, 0.14063854045307084], [0.4567119444780183, -1.1148175086734382, 0.1229184745807729]], [[-0.05784430211617371, -1.0584113023436013, -0.1743325473863372]], [], [[-0.20302347159961198, -0.853187828217872, -0.6695764967960012]], [], [[0.4493329797296001, -1.2952955939325892, 0.4953050968145168], [0.28627153002214184, -1.2015513123626342, 0.6366250273441906]], [], [[0.2503823372518529, -1.2772134611136239, 0.4397769774718453]], [[0.03344158638731761, -1.0835437814001523, -0.016847003466633176]]]}