{"bodyId": "h0", "timestamp": 272087, "continuousState": [[[0.5483793018896972, -1.2434725960560296, 0.613439351690835]], [], [[0.40193241485487424, -1.4710842209378132, 0.45707354637655273]], [[0.45364389614448936, -1.3721034821261888, 0.46183887476023155]], [[0.20694717792036374, -1.4540851407545625, 0.24832336394540516]], [[0.273523603681608, -1.3075869448961843, 0.27360631208700786]], [[0.11842152445097417, -1.2337178594740543, 0.10185558466250291]], [[0.27428524698397444, -1.0230392013171858, -0.07596838418128732]], [[0.11532621981719751, -1.3504510723106617, 0.13098672973839529]], [[0.13151173759669404, -1.2690685454411141, 0.11056139958190192]], [[-0.052767989535873853, -1.1339948283350063, -0.19204780908603403]], [[-0.04856139861096619, -1.1624712003534252, -0.18539593123547773]], [[-0.15963903424537706, -1.2034401011557578, -0.7392853136624685], [0.45433687942697704, -1.1920748343808367, 0.11698689905967853]], [[-0.15608663148795085, -1.2036252460299062, -0.7294283047224595]], [[0.43511062966322817, -1.4206578419360982, 0.45966507644303284]], [], [[0.33029553703242653, -1.4130943114403758, 0.3550811193528184]], [[0.03937187403041009, -1.2015316868880603, -0.04074320475206605]]]}