{"bodyId": "h0", "timestamp": 1630675666924272221, "continuousState": [[[0.5258420250344893, -1.2882834089950228, 0.5638115400760213]], [], [[0.37676628440727933, -1.5065851247856965, 0.4409355583121487], [0.28593387703514533, -1.3874353494805944, 0.5815782255904085]], [[0.4387680271092996, -1.414015712167927, 0.4567867310133216]], [[0.1739153903373554, -1.4689759654277754, 0.20914097279036922]], [[0.2249092287185988, -1.3651187821099993, 0.2615082940248119]], [[0.08627714213631497, -1.2641658441378398, 0.0809579773236419]], [], [[0.11040978416586739, -1.363655828055826, 0.06951657762296236]], [[0.11529821401101782, -1.334976778073868, 0.11842733635876812]], [[-0.042673254486593745, -1.2311548480337593, -0.19294389571682655]], [[-0.043002135383656964, -1.2533158698613875, -0.21392065989328127]], [[-0.17623332092962507, -1.270095579169465, -0.7453222344827214]], [[-0.1687424874858419, -1.2866603871093298, -0.7133029256937184]], [[0.4049189119969807, -1.462550278101935, 0.4669024866149997]], [], [[0.3063417087233275, -1.4414958387978514, 0.3329638519018454]], [[0.03631247976221204, -1.2830658130538137, -0.03725827967902921]]]}