{"bodyId": "h0", "timestamp": 1630675666924273293, "continuousState": [[[0.43522671196156826, -1.6120260097881778, 0.577567269196175], [0.11576325727453105, -1.4160747649057148, 0.7947094133449567]], [[0.16651894485695176, -1.533630904866805, 0.8108230364161592]], [[0.360604486518638, -1.7605958389085203, 0.40898172959324847], [0.13532731089234357, -1.5042117775801285, 0.6138963707633729]], [[0.37664889234832943, -1.6664500353507055, 0.48907598051566353], [0.21772976230889027, -1.6205016696510872, 0.5862730765826425]], [[0.07757732241182902, -1.6934520003177354, 0.25275613369092526], [0.27305315895226545, -1.4198005411049954, 0.3897016720035604]], [[0.3270884068304081, -1.5790819700853114, 0.35543727616285514]], [[0.03438640053606912, -1.4925472108384608, -0.005415003867842415], [0.22229246116545687, -1.3673202053225386, 0.08304521905303705]], [[0.31703010428335776, -1.4525146552386563, 0.09999113452963093]], [[0.08157175736134718, -1.673224810923352, 0.20991101637246015], [0.25739562745899414, -1.4168467477851259, 0.11985542757542884]], [[0.16694095784299787, -1.610512019499475, 0.2914597086504159], [0.33587898597944355, -1.5277812114982154, 0.17222829560234118]], [[0.05790956715657626, -1.636491974120914, 0.1550466659072133], [0.2661700042733603, -1.3729029032010407, -0.30614444484184744]], [[-0.01574311057772013, -1.4699095099609942, -0.15986140152407666], [0.3137001674174458, -1.4499701082750531, -0.26131338010483157]], [[0.2682549493512613, -1.3844346372195802, -0.7839590030681963]], [[-0.15046643764763337, -1.3371738494601695, -0.7707260198454299], [0.26988671456067254, -1.4561587710382606, -0.8579572615965587]], [[0.3728695534963276, -1.716546382962456, 0.4376613422423873], [0.1976066116163879, -1.5617612664500349, 0.6157754057030204]], [], [[0.22711310738007923, -1.6799510178342203, 0.3709160571032944], [0.24539146063057787, -1.5201511053780412, 0.48798737429310146]], [[0.11242526249978707, -1.6235019968101945, 0.2232531872788146], [0.30102449512640195, -1.4503420573496282, -0.06695807461975313]]]}