{"bodyId": "h0", "timestamp": 1630675666924273427, "continuousState": [[[0.4533038555522168, -1.6301301044897254, 0.6081164515456132], [0.1985601048518231, -1.4225682586348112, 0.8280840459261041]], [[0.20818398473166325, -1.5409585122129197, 0.8115704861611758]], [[0.3652592281248722, -1.7501891577288562, 0.42625516736416014], [0.15356043303170555, -1.513906413686655, 0.6032660256262907]], [[0.39459756019450715, -1.68350065179274, 0.5043797583979854], [0.2476226396583338, -1.6267352720725, 0.5777581760808899]], [[0.10841423278329523, -1.6868135120584342, 0.2444540894816612], [0.23011042949775742, -1.4340634347312946, 0.33864169455692333]], [[0.3368796558108297, -1.6079490165888826, 0.35168703487209907], [0.3784582466630859, -1.5782631060750323, 0.36996670589732117]], [[0.05902762394172299, -1.4953641166178049, -0.007503866611418971]], [[0.34229645799315495, -1.4542285391669234, 0.08848719138572869]], [[0.1039019304489534, -1.6529081818390718, 0.1433867830553893], [0.3078228339330283, -1.4431534443568201, 0.14655350373746637]], [[0.15364456456330675, -1.5821865662296217, 0.1764631526102967], [0.3664222731989653, -1.5329470788999962, 0.16309170588669394]], [[0.004981311657985486, -1.48665337404734, -0.24971411740046665], [0.3164193154294596, -1.4051465656688111, -0.27877106685916053]], [[-0.0025038690495259174, -1.464768102817602, -0.23871108970960586], [0.31691753893073815, -1.4598108326239005, -0.3101174818373609]], [[-0.17348609083059585, -1.3158458974604361, -0.8509246236220597], [0.2567165719267305, -1.3950685541183072, -0.8106585030881271]], [[-0.14933393159312544, -1.3361253447326298, -0.7826050296024123], [0.28683068361509073, -1.4484819400748083, -0.8404482074553319]], [[0.4064045807491933, -1.717405141343669, 0.44460608416926245], [0.16191278721728986, -1.5763409195995928, 0.5684607568239255]], [], [[0.2515058964889012, -1.685157081925587, 0.3744169239398233], [0.23886653457804563, -1.5303993534018971, 0.45819993531890657]], [[0.07931293811064612, -1.5344199701384809, -0.03662548239508498], [0.34142079431421246, -1.4690468222844038, -0.057839680486233294]]]}