{"bodyId": "h0", "timestamp": 274097, "continuousState": [[[0.5776764444166372, -1.5798556934967962, 0.5339035801203249]], [[0.30675496318508455, -1.5142353005229918, 0.8214912518858329]], [[0.40631339332344585, -1.7382599409763426, 0.35461864050475944], [0.30390136363220654, -1.5654554183369902, 0.6539631658269104]], [[0.34165965371925267, -1.5992819405155234, 0.600224960207792]], [[0.19551485182245892, -1.6646071682764507, 0.17959480006894227], [0.301533923215002, -1.4489681141924264, 0.3373435089185941]], [[0.3415568956146678, -1.5691623245774233, 0.2999884535825827], [0.4637281656246755, -1.5511901995415682, 0.3625917242010353]], [[0.10378016694306978, -1.5035888461727343, -0.031803040457195265], [0.33338431109955374, -1.3741073279886804, 0.08653062569083067]], [[0.3446471233319501, -1.413862872956251, 0.016429768978859102]], [[0.13432533120955184, -1.6272274857006164, 0.10742035695101163], [0.4636902712135752, -1.4541122297636562, 0.24920621198278173]], [[0.1746138568263968, -1.5167128481892358, 0.04430361252167836], [0.43563598453129726, -1.519999071211593, 0.168601676183456]], [[0.01940271740155987, -1.443295650849293, -0.31002211553418624], [0.3630543509166955, -1.3638319558296592, -0.24507331524729262]], [[0.018718119277704885, -1.4150474341429544, -0.28573481196743294], [0.40412104349103106, -1.4288231711873416, -0.21083905663982705]], [[-0.17832227797469397, -1.3003387102750108, -0.872843684117091], [0.3008060530523535, -1.3957517646440107, -0.7788579469341855]], [[-0.15264729093621546, -1.3167444773736716, -0.8183306236351751], [0.28953815735327837, -1.4476901848289756, -0.8289961915372621]], [[0.45659986509037737, -1.6862795498735388, 0.387897803551846], [0.179579830140289, -1.5984228578779902, 0.5363642955325436]], [], [[0.2685872527708558, -1.6319445543959872, 0.38990988013836714]], [[0.09700828711397833, -1.4800042495192645, -0.13285925150625394], [0.3993451677239964, -1.441915513520626, -0.038235819531918305]]]}