{"bodyId": "h0", "timestamp": 277648, "continuousState": [[[0.5234773338972123, -1.5518445537823609, 0.542960791472978]], [[0.24921532704039304, -1.4986032475893734, 0.7919429020430205]], [[0.42935177586777107, -1.701567761585376, 0.41650549589026387], [0.20189146448409678, -1.4777404048196805, 0.6353873363091452]], [[0.4680893245670239, -1.62417503810788, 0.4356083214184256], [0.33499718452004823, -1.6080513493767088, 0.6152382040766949]], [[0.15527562077424414, -1.6472201217451563, 0.17803466522666372], [0.2648038766139925, -1.4199895876281494, 0.3592323525675454]], [[0.3483405216311772, -1.5554318471426165, 0.31269679503077713], [0.413573494813176, -1.54379376071182, 0.36292843533475955]], [[0.025051267622273485, -1.488756008879854, -0.08761005995772962]], [[0.4277914899754301, -1.4234473042942524, 0.12753694241935729]], [[0.27975746308207494, -1.704348765631116, 0.30847434710368565], [0.3574379476243007, -1.4119889451221825, 0.15303227166862712]], [[0.2950859969747794, -1.6065957361311958, 0.30463422376072], [0.4264536094204698, -1.5196117041204638, 0.18869982277777625]], [[0.33826931796734355, -1.3498169099446564, -0.3006636384457108]], [[-0.005683703574898686, -1.4438199293290646, -0.14395179474705355], [0.3556521808951329, -1.4488374047333803, -0.2986327554914151]], [[0.30705142696074356, -1.385622440116053, -0.7914191806262545]], [[0.2852644274753236, -1.4510052277307235, -0.8586419237232874]], [[0.4474191990663511, -1.6714291567959858, 0.4224683200737529], [0.28605289265283157, -1.5500311515080505, 0.6406266406781345]], [], [[0.31168247267063404, -1.6356975799265183, 0.30682149332254466], [0.2999005305670204, -1.5140204685024292, 0.48723527832212016]], [[0.31667765747106147, -1.478206323037926, 0.001985292657504606]]]}