{"bodyId": "h0", "timestamp": 277849, "continuousState": [[[0.48627214723299317, -1.5661562340490223, 0.5796442805927354], [0.3041404302292733, -1.3868511286513299, 0.861991483735031]], [[0.23604978908734528, -1.40740656799752, 0.8223129345558315]], [[0.46539027649047504, -1.6424604155017026, 0.5821198788090681]], [[0.24696166749230952, -1.5012860300702675, 0.8205690484171817]], [[0.36851061494956894, -1.7160062394774898, 0.3787086690203951], [0.1845246582499567, -1.4659139813487623, 0.6305571355647228]], [[0.45355528765773606, -1.634404969861309, 0.42594372836837513], [0.31825769281633687, -1.6014482769047953, 0.6282499537366898]], [[0.1082310819379897, -1.6724549159242297, 0.21392501694064572], [0.25591696750013354, -1.4058625265140818, 0.3488824211774518]], [[0.3376737524680934, -1.5677382089894176, 0.31978334499957534], [0.4025599817072953, -1.5448761555417914, 0.37851932999814564]], [[-0.002756460358554932, -1.4964859617899846, -0.038642543796007206]], [[0.43457201544070334, -1.4341537812828669, 0.14949355550508586]], [[0.09662442465040397, -1.6359424143137926, 0.16060420898637312], [0.3212428004620986, -1.4008484709189517, 0.14929971254427504]], [[0.1617498263493357, -1.540552823175522, 0.14441322936408732], [0.4196391210122072, -1.5125013445929785, 0.1956136126635995]], [[-0.03287339818604687, -1.488542194238317, -0.0826522677337623], [0.06795754689406931, -1.3188091422729467, -0.6411500653980604]], [[0.35999504143292166, -1.4490553351758504, -0.2796374406962777]], [[-0.1759208048538968, -1.3115238229807744, -0.8680515096287945], [0.31346537098522254, -1.3746681097747924, -0.7711970618372345]], [[0.29455454643223516, -1.4459718463917224, -0.8367447297697219]], [[0.41781197681546134, -1.6777633748213998, 0.4197916098746164], [0.24903245413188368, -1.5374889555690872, 0.6349544712969155]], [], [[0.2808931847978629, -1.6534299428927692, 0.3199343726545104], [0.2870873301582352, -1.5036554017094386, 0.4885661874570708]], [[0.06443821408164442, -1.5145475087069196, 0.03088048081516251], [0.24379833395313824, -1.4156552434329626, -0.22276822636723045]]]}