{"bodyId": "h0", "timestamp": 278117, "continuousState": [[[0.46821023342156987, -1.577039257195849, 0.5794071471139391]], [[0.2117541960974513, -1.512587426241237, 0.8143313920182628]], [[0.3814801037488564, -1.7188173189393428, 0.4042107480975626], [0.08138952605167697, -1.4706454447980295, 0.5816836676629089]], [[0.4303547644118321, -1.6630702311298013, 0.4813395556282527], [0.27544490537221306, -1.6028257835391493, 0.6239429618572637]], [[0.11540356970956771, -1.643968322191577, 0.19140744728342293], [0.2459083803608137, -1.4071955251787582, 0.34999654989971984]], [[0.33060944513962165, -1.5801526937861103, 0.33548467516803043], [0.3697987345466895, -1.5516078519594099, 0.38647202963996236]], [[0.009010273458600978, -1.4564176956942005, -0.0458104747793584]], [[0.4360343520650242, -1.4461524380082826, 0.16653907822236647]], [[0.245323038768388, -1.709823248534581, 0.320724393186287], [0.2819473174835598, -1.3791194015714243, 0.12377795596092074]], [[0.25041745650992964, -1.6251556943849688, 0.3461698795699749], [0.4454254029802039, -1.498759927819885, 0.24237031375711218]], [[0.19030273508413212, -1.3172349474517102, -0.45673575666639293]], [[0.3366556058552633, -1.4383186209595478, -0.2786459087926951]], [[0.33611083508295814, -1.3556103256329672, -0.7275384357117307]], [[0.27710445273778395, -1.4543715027837918, -0.8521065516869077]], [[0.4232533912692844, -1.6904292054244716, 0.43859723383359167], [0.24493000601597306, -1.5371619254427733, 0.6485059684816726]], [], [[0.2728791670606999, -1.6535192766606892, 0.33637350145583783], [0.2606766428665134, -1.5050106543589536, 0.4869697558784918]], [[0.22036009579703086, -1.4711953209183395, -0.05528293854820901]]]}