{"bodyId": "h0", "timestamp": 278385, "continuousState": [[[0.18190181088934515, -1.3921425636631481, 0.8080281305107021]], [[0.20210630073933158, -1.5174251372152492, 0.8126342716665902]], [[0.3875974589543011, -1.7199060941935118, 0.43345792109208764], [0.1112020712257106, -1.476882653887538, 0.5929718350818632]], [[0.4432692476225304, -1.7222384732751914, 0.4245218163489109], [0.2628849777143748, -1.6163627420982574, 0.6143901267039912]], [[0.07502963549396469, -1.6505507499608711, 0.20083659883639712], [0.24096348975085266, -1.4033950718126547, 0.3489139364507207]], [[0.3334908184354779, -1.5719156517762838, 0.3453609331547732]], [[0.013297658802717023, -1.449252418426989, -0.003094470951381936]], [[0.34773767065991684, -1.4352767658822494, 0.07052800112897216]], [[0.17204037017626836, -1.7064397312507025, 0.32543851821854036], [0.27411752555458496, -1.3814887356710237, 0.09889691209955685]], [[0.1905255012115929, -1.6361224218960813, 0.3533982460869768], [0.3642458588576537, -1.4922751968621843, 0.13796190945844022]], [[0.30194277432890815, -1.3232129064918057, -0.32081450196100675]], [[0.31983634666019295, -1.406399827176082, -0.2883439463602842]], [[0.2593037305039518, -1.3850353709792855, -0.7955495216222923]], [[0.28128734841665026, -1.438909408880223, -0.8297487479530866]], [[0.40151717830889155, -1.7025945049221107, 0.44994114008373093], [0.182706689226173, -1.5502171440215606, 0.6027900108419149]], [], [[0.25914944155824754, -1.6863946116180313, 0.312679207592654], [0.25192423373261374, -1.5098789069554561, 0.4816520315773559]], [[0.24623413777025052, -1.4796676641939435, 0.01629187206298502]]]}