{"bodyId": "h0", "timestamp": 278921, "continuousState": [[[0.4102509368090406, -1.624444044730467, 0.6159274035167164], [0.05937629101528478, -1.4016245472424835, 0.7437399525100429]], [[0.1625896755962724, -1.430955897070583, 0.7938637225133599]], [[0.40033028849586405, -1.6774681974699237, 0.6171899846445498]], [[0.17828930254987313, -1.5301008905294424, 0.7980347513784]], [[0.42209800127034686, -1.743840276793874, 0.41166587342435085], [0.12617239407549347, -1.4955023605876283, 0.6044422066065469]], [[0.3707775125982641, -1.6722406857996475, 0.5017835953817338], [0.21920336023420714, -1.6281384777641705, 0.5811983760644353]], [[0.033797497046370154, -1.6679761588638389, 0.225277370916403], [0.21132740542972306, -1.423966080166722, 0.32707660543051453]], [[0.31999532619677307, -1.589535268029965, 0.35899805822539677], [0.3272136348588087, -1.5925991092585134, 0.34106297016610393]], [], [[0.30529081949825626, -1.4546782130751705, 0.04077952695693625]], [[0.18387892888209842, -1.724441219844687, 0.3471665383750033], [0.24403524329898324, -1.3910940647198096, 0.07163264034619284]], [[0.19152147699514432, -1.6363121159350134, 0.3604546361327507], [0.3230824936975839, -1.5014191458056283, 0.10370237480572064]], [[0.038901972343701685, -1.6581973249791941, 0.23052473745665475], [0.3119939639679208, -1.3379416665943948, -0.27924926387485904]], [[0.059567936050442596, -1.579961544286459, 0.18426526195952397], [0.3109297870469816, -1.411316890384158, -0.2877272402611179]], [[-0.09868679214358698, -1.5108352381521437, -0.039879293696003515], [0.27884554142103435, -1.3888472811187664, -0.7672780462568455]], [[-0.09355756015541558, -1.510799278700458, -0.03425139891789445], [0.27222095703034166, -1.4394468206505684, -0.8428200726337329]], [[0.39104764404180725, -1.7180862916921695, 0.4709482479419315], [0.21130474803723315, -1.5594624837725142, 0.6199599327093358]], [], [[0.2022875048223171, -1.6701084223317433, 0.3635304831490684], [0.2152653828319651, -1.5260522789654463, 0.4541374907474749]], [[0.115211724669423, -1.6472547204571037, 0.2954896867947027], [0.31753822883275235, -1.4196804062000115, -0.0877734445345692]]]}