{"bodyId": "h0", "timestamp": 279457, "continuousState": [[[0.49834119230732876, -1.6020631670151169, 0.574199425548297]], [[0.2385729170593661, -1.5372000404382582, 0.7978622870549613]], [[0.36852513470391585, -1.7437605982930457, 0.356991164468657], [0.21645850934747432, -1.5323774918764146, 0.6269917603546872]], [[0.4393692073124252, -1.657432319848588, 0.4201731462295079], [0.28462643954652594, -1.6306285746902733, 0.5819095433185817]], [[0.11125802977024171, -1.691968770811205, 0.24939998534963706], [0.26606207839208784, -1.4263468401518142, 0.32021652135073125]], [[0.399446528558017, -1.5683378042445482, 0.3466085626284796]], [[0.03616267378542091, -1.4721137250754357, -0.03752576975928719], [0.03973459756907164, -1.330568350578361, -0.23947128036241908]], [[0.3702266166515617, -1.446097597001555, 0.05091309194843188]], [[0.09028763343877665, -1.6080856535389647, 0.07705887178782724], [0.3147706966935234, -1.412563887642603, 0.107657019392964]], [[0.17709710719821534, -1.5247570877958487, 0.07624203698235192], [0.38033605761862554, -1.5142325390870732, 0.14731980569817824]], [[-0.016626553004246772, -1.4510832912953682, -0.29357195713944245], [0.3094247849726999, -1.3595263788855618, -0.3098405797639898]], [[-0.018127084725673343, -1.4243019453641803, -0.28389958344606314], [0.3604815404391759, -1.4542002822357263, -0.2583151596356779]], [[-0.18063867775137216, -1.3040031059858388, -0.8738867687469797], [0.2614513312669583, -1.3936157021563151, -0.788547528812938]], [[-0.17106667551227953, -1.3090372621139055, -0.8517708639420889], [0.23456446339583772, -1.452868866332316, -0.8906604249298887]], [[0.4156441364477194, -1.7014801599726572, 0.39279503764225365], [0.23882493561498927, -1.5838053852428293, 0.5993593936147459]], [], [[0.27531361854133346, -1.6747005453298964, 0.3347865657895725], [0.2753442589693069, -1.5284877074210437, 0.4510630323346565]], [[0.08023527709698428, -1.4879201895456085, -0.10866496007854526], [0.3448804212956627, -1.4368794589863176, -0.08126038703290579]]]}