{"bodyId": "h0", "timestamp": 279591, "continuousState": [[[0.527990387045372, -1.5909639345097857, 0.5509002956805048]], [[0.2415868494282463, -1.4497780631385992, 0.795168192580127]], [[0.4891445765081839, -1.6748018363833417, 0.5672232313003822]], [[0.26833944264184445, -1.5350107320531687, 0.8076226772145356]], [[0.3653877315625063, -1.7446995302751014, 0.36646130662429344], [0.22547061520636022, -1.5562912496779238, 0.602376278176712]], [[0.45118707344811587, -1.6592758892022876, 0.41261765138091167], [0.3236889720555273, -1.618008385080203, 0.5998708394676978]], [[0.14100478707049785, -1.6779310486540446, 0.19370622948900473], [0.25664931123171164, -1.429673346027507, 0.29061219962865836]], [[0.3418457736613686, -1.5851282828947735, 0.30314071569306544], [0.42171927488649547, -1.5574037626719632, 0.3267263597000158]], [[0.04464062980665744, -1.4782672171879099, -0.024681241811834072], [-0.018143886260751516, -1.305484264113997, -0.37831680192855244]], [[0.3838099083943789, -1.4445281985958152, 0.020622703070645003]], [[0.10423319661395913, -1.6297508696272012, 0.11746624630423298], [0.3351517573679864, -1.426631220671152, 0.11144213812449698]], [[0.1745913845724216, -1.5328939174577336, 0.08543145881219016], [0.40310622136056484, -1.508825350544985, 0.13225190357965722]], [[0.0021130966840970018, -1.45391397379187, -0.2990799110677117]], [[-0.010777085379530206, -1.4248287703799931, -0.30111680105011623], [0.3558721531860724, -1.4428409513796385, -0.2615909920032325]], [[-0.18028626331292263, -1.3006448713882501, -0.8768154609347589]], [[-0.15729387362909183, -1.320856813011568, -0.8144046601260816], [0.27800075264982116, -1.4456526991774867, -0.8170284123771069]], [[0.42131281449571717, -1.7032754612900107, 0.3922807153809069], [0.25344101395904706, -1.5931858864662185, 0.5918033257824341]], [], [[0.29609593025930686, -1.6686034689281661, 0.3031619404349582], [0.2901691416436195, -1.5238408655538551, 0.4452415195481781]], [[0.0883522406282593, -1.4934039456248018, -0.10682422612776077]]]}