{"bodyId": "h0", "timestamp": 279658, "continuousState": [[[0.509803171266948, -1.5968214465074066, 0.5736142177023684]], [[0.23535354860436677, -1.442457628964237, 0.7849596215971406]], [[0.4989891665672723, -1.6721266852978818, 0.5627401817783091]], [[0.27920170458624805, -1.5285663652307868, 0.8080811656353696]], [[0.36664299921692073, -1.7429993791150395, 0.3709157861506642], [0.21717334533626148, -1.5518545635023697, 0.6123008640185021]], [[0.46303723871877134, -1.657302362097837, 0.40620354741531717], [0.29107640003320423, -1.6214052767399, 0.5820363796846618]], [[0.16353093761619175, -1.6649830270836055, 0.14238569209964272], [0.26765681497969446, -1.429068391020344, 0.3077670158130802]], [[0.43199089986897754, -1.5587249740089244, 0.3477233965657615]], [[0.04789056271768004, -1.4756053394729316, -0.043547201592956525]], [[0.3925184234325191, -1.4509583279982305, 0.03275166443532885]], [[0.1372913007573358, -1.6360900787532402, 0.09025710485072318], [0.3320125005564237, -1.42580558685886, 0.11564650046723841]], [[0.17513999974913053, -1.5496688768697133, 0.10010009262291783], [0.4126575722256077, -1.513998351272148, 0.1731004694380729]], [[0.010814129953443, -1.4585798327243147, -0.289115661485989], [0.27281378186815824, -1.3338103061736983, -0.3527881611703322]], [[0.004843982794732085, -1.440035176923389, -0.2859776358639749], [0.3684354625913413, -1.4404687813946515, -0.25100680472737646]], [[-0.18183734949530292, -1.303438090201153, -0.8781791495537254]], [[-0.15468196473827828, -1.32763389032311, -0.8066694643749843], [0.2720330414999255, -1.4488762445543142, -0.8510435118738648]], [[0.4252064279610534, -1.7019448091453953, 0.39802328232021844], [0.2555996924042281, -1.590378605766789, 0.5978002257949426]], [], [[0.31328408816748154, -1.6611426945907213, 0.27429461975747993], [0.27936660750644937, -1.525236833880122, 0.444901697748871]], [[0.09297706485128676, -1.504124354797014, -0.09450778443153558], [0.342735677046883, -1.4239043287229232, -0.08984384586612965]]]}