{"bodyId": "h0", "timestamp": 1630675666924279859, "continuousState": [[[0.553210400253668, -1.5760836097735078, 0.5261414082005027]], [[0.2950229920972704, -1.519916720682526, 0.812454870670275]], [[0.37732327547602157, -1.741983423247907, 0.36453320112294385], [0.2403446687434598, -1.5530243467224925, 0.6052430815630857]], [[0.46792105027271697, -1.6657196295879775, 0.400997209742869], [0.3143628104995939, -1.6134622200056212, 0.584873688426982]], [[0.1660261368841176, -1.6695784654575874, 0.15541119599354805]], [[0.43900397806013214, -1.552250733533103, 0.3449307250124252]], [[0.04213205013739696, -1.4940571177123616, -0.04548055492186609]], [[0.41434007597429584, -1.4334649729642874, 0.03775411850859814]], [[0.1158791680317725, -1.6218601512476392, 0.09491470104495739], [0.34910857781948174, -1.4075713320886722, 0.07434224038390289]], [[0.1805346204643584, -1.537356645057503, 0.08204801724287313], [0.4244732517692087, -1.5004280870168274, 0.13600791996033945]], [[0.011249922152354146, -1.4545350226493863, -0.2928771764200021], [0.3642970575338145, -1.367214608183157, -0.25720308500649547]], [[0.0013990856526530137, -1.4418172600345447, -0.2587384860951206], [0.37232508593027547, -1.4404828327040793, -0.262579823127149]], [[-0.178535570458035, -1.309549798677089, -0.8722603381410495], [0.2634863911186278, -1.3955391159843182, -0.8342368564855853]], [[-0.15163667918090926, -1.3247631271804858, -0.8241995268879091], [0.27294319798273453, -1.4435547669313618, -0.8412927249007341]], [[0.4261643951384569, -1.7058868389685522, 0.40133552379955767], [0.273755273497153, -1.586837368759914, 0.5981428103363414]], [], [[0.31697359357841726, -1.6676490475227825, 0.2782042028682085]], [[0.09589227130835627, -1.4959458338534446, -0.10541457958856448], [0.3943851546515116, -1.4338213475999924, -0.06059758252307801]]]}