{"bodyId": "h0", "timestamp": 280060, "continuousState": [[[0.5504630369610395, -1.5782041461878935, 0.5258374545467717]], [[0.2867447948201534, -1.5196541628787834, 0.8083809427069578]], [[0.3886015954929042, -1.7472418094374371, 0.3663643199708415], [0.24843575731234774, -1.5475449331471225, 0.6107136746557037]], [[0.47801585926961476, -1.6474567230013233, 0.3960722555470009], [0.3243284605187343, -1.6186738105893637, 0.5890640471999363]], [[0.17149964227925352, -1.6810777622503126, 0.16441838154470678], [0.2641628332913403, -1.4311470943176245, 0.28229228022867325]], [[0.36640632139546514, -1.5819892343493172, 0.29821514500618945], [0.44239891885735394, -1.5528449895851029, 0.3273104081131662]], [[0.05561956539860796, -1.5088761886953785, -0.0669786376070233]], [[0.4173406324868388, -1.4252309315552372, 0.019135025833400734]], [[0.1386966215774015, -1.617502161481823, 0.07919843055980096], [0.34260237914982555, -1.4026036144620009, 0.06401105669146682]], [[0.19120602255364946, -1.5118767515944138, 0.05566648340449933], [0.4321822371532653, -1.4971807607447596, 0.10868656101395437]], [[0.001776126607275387, -1.468664633653696, -0.20175915261830096]], [[-0.0009353511972412889, -1.4449412336372052, -0.19870517535140447], [0.38731421937877325, -1.4381824175016291, -0.23543005115556503]], [[-0.17883825333294162, -1.3027363135892829, -0.8786378252637842]], [[-0.14774762727748644, -1.3235178860779204, -0.8158733549978542], [0.2647411187189914, -1.4469367017193797, -0.8429148697305797]], [[0.4509466800688681, -1.6959194703066784, 0.37714045525476514], [0.2828498878658486, -1.586253730830742, 0.6029786121530076]], [], [[0.32475775077443414, -1.6642672426258178, 0.2802453185458538], [0.2942456469050373, -1.524910452453494, 0.4356781637143048]], [[0.09649107458046242, -1.4902706926240548, -0.07304633460690081]]]}