{"bodyId": "h0", "timestamp": 280127, "continuousState": [[[0.5310729146735625, -1.5874652746075841, 0.5522800123150823]], [[0.2878815995132329, -1.52114772566753, 0.8099013520312554]], [[0.3701356016309441, -1.7497269380069544, 0.37126886490131417], [0.20645397360754897, -1.5432066215518763, 0.593354806358705]], [[0.48180234583366777, -1.6475074341661209, 0.39162557654109376], [0.31946417126934035, -1.6203440425399882, 0.591701503592833]], [[0.18444079344893213, -1.673952090899505, 0.13156195127780643], [0.264687316979444, -1.4318982139870748, 0.29131663061252333]], [[0.36974967743709813, -1.5843287284590626, 0.3026110719281212], [0.44498280290810976, -1.555814585189777, 0.3365224577753313]], [[0.05610109796563091, -1.508014803119566, -0.06878994852841129], [0.205291766990327, -1.3178366417696876, -0.1625721990632444]], [[0.4192187351247353, -1.4263519594758072, 0.02306028465048371]], [[0.14126032781302494, -1.6296255632288488, 0.10197015413034341], [0.36760483825348617, -1.4074078820489735, 0.0949087410153386]], [[0.1985276652006235, -1.5146158113854695, 0.056823730440667304], [0.44162998674601384, -1.508830062131905, 0.1500062819714417]], [[0.006540028080083289, -1.4706851405346508, -0.1884154519832614]], [[0.002055924621281349, -1.4516208571338953, -0.17220201753687206], [0.375089346539597, -1.445731528501862, -0.255700334639532]], [[-0.17708098594434551, -1.304954545054928, -0.8711194531293108]], [[-0.14656650620687586, -1.3257791256005194, -0.807394986980587], [0.262457402643739, -1.4505041898469613, -0.8521873848709258]], [[0.44110481781140887, -1.6994014048712478, 0.3903518716097835], [0.2762539475540325, -1.5846470203070961, 0.6068615695875779]], [], [[0.33312156964129996, -1.6607297625328128, 0.2615937639094501], [0.2920757441243922, -1.5261211282635316, 0.4415090671026782]], [[0.1025338466403534, -1.49265047596006, -0.06579586077129705]]]}