{"bodyId": "h0", "timestamp": 280730, "continuousState": [[[0.5243095114402109, -1.5861304790820354, 0.5492260766553597]], [], [[0.3800594863095666, -1.7429319925033275, 0.34834128883286847]], [[0.4763918520938718, -1.6539657570230508, 0.38568580078395576]], [[0.16926848968792116, -1.6739643827564048, 0.13995255293700803]], [[0.3598993582279759, -1.5918206330302709, 0.3079691503496629]], [[0.04660729485374668, -1.499323572142559, -0.06475172415947668]], [], [[0.14234755444581337, -1.615344617153187, 0.0694845695084382]], [[0.19417385619500635, -1.5112838688982433, 0.04851777016831193]], [[-0.003887648753155645, -1.4695045928249482, -0.18840372812714487]], [[-0.006711336443001812, -1.44558883570549, -0.1866119263132582]], [[-0.1810543199137369, -1.2941094300080993, -0.9021261987227245]], [[-0.15110737597469745, -1.3205387996520035, -0.8211898299976119]], [[0.4288467728779213, -1.7031366019644474, 0.38880042633500717]], [], [[0.3228301708908965, -1.663965069889728, 0.2628191768604819]], [[0.09514310372092535, -1.4903942308615958, -0.06994297897941647]]]}