{"bodyId": "h0", "timestamp": 280864, "continuousState": [[[0.5308740743065905, -1.586515078616877, 0.5448505678743808]], [[0.28914561889246104, -1.5177746485750616, 0.8138795826657996]], [[0.371056843803733, -1.7448198339693421, 0.36041706555121866], [0.2286874847379979, -1.5370257331984445, 0.6037585575416047]], [[0.47639815037721, -1.6536388007073803, 0.3898600768232416], [0.3298112634071549, -1.617266278803365, 0.6019951359705004]], [[0.16546589214194318, -1.6746551633839841, 0.14787668477948226], [0.27279283551114053, -1.4272673443218458, 0.2949561271110767]], [[0.4475764271895489, -1.5544644156776104, 0.34330822821818585]], [[0.04627651465324402, -1.4966129131932704, -0.06981014972429944], [0.25872479951690935, -1.3185153141152024, -0.09518024869852752]], [[0.41409277032013075, -1.4227883981959608, 0.030371427284902438]], [[0.14298801467926767, -1.6139756955310884, 0.06544904185425093], [0.3091306407273755, -1.4011579029897614, 0.033481348674602944]], [[0.189535653095834, -1.516567357913659, 0.06490351081867539], [0.43532154813142415, -1.5088881318223186, 0.14169232484828648]], [[-0.006316356729492043, -1.4713266082243548, -0.18305065336479015]], [[-0.011052601602957964, -1.4510753193805057, -0.1715049815911782], [0.3554968060660676, -1.4541399745874553, -0.2896501804290033]], [[-0.18742816627933234, -1.2986523407292103, -0.8743853054213455]], [[-0.1535650132721395, -1.319951081776669, -0.8209133650826316], [0.2763896215178042, -1.4468082549677614, -0.8381724608817478]], [[0.430195127389546, -1.702623467202232, 0.38858756793566135], [0.2772628128898232, -1.580842964409976, 0.606329664733267]], [], [[0.3209320212595766, -1.6641469820456822, 0.26886838080136194], [0.30130204945914774, -1.5222668115626052, 0.4484756315407885]], [[0.09160964818317098, -1.4939469830690069, -0.05907357127305738]]]}