{"bodyId": "h0", "timestamp": 1630675666924281601, "continuousState": [[[0.5176658707015319, -1.5926827072355116, 0.5583590672922465]], [[0.2732074191331319, -1.5191917661950554, 0.8029038018367163]], [[0.36371517755675276, -1.7440762974893123, 0.3632528062196502], [0.2309132396216846, -1.5424802058849927, 0.6080059091352482]], [[0.4727435281019121, -1.6643833750339243, 0.38879374934840394], [0.3235182594414075, -1.6178226314825426, 0.5968444197347621]], [[0.17010313228312976, -1.6753140441852763, 0.14353235404626638], [0.26325165727867783, -1.4301843225830393, 0.2902250065964206]], [[0.4365857630781459, -1.5588786953569171, 0.33685678788293694]], [[0.0475779143411068, -1.500693065121715, -0.055824222488721265], [-0.1273400525477375, -1.2930669771417014, -0.5177270351425816]], [[0.4045330444647227, -1.430003667855415, 0.021515418483783605]], [[0.13969476458935212, -1.6185493458623017, 0.07382313343230294], [0.3672895631649308, -1.40825469749453, 0.10663574428200673]], [[0.18458812719610573, -1.5257102133701241, 0.07071754213261125], [0.43127685625423373, -1.512692527885224, 0.15105437469323055]], [[0.0002110171218978394, -1.4646696961211343, -0.21463155464654438]], [[-0.00498045991671421, -1.4494771858157454, -0.20394596888603406], [0.3715319441237575, -1.4484704666202943, -0.24675060447803093]], [[-0.18195942461344292, -1.3073615754429997, -0.8635950578522925]], [[-0.15053806771865855, -1.325460348660848, -0.8213700413392544], [0.2686516974031524, -1.44785083775061, -0.8464875249735394]], [[0.4269047988822209, -1.7045473997289233, 0.3867752415050422], [0.27768767533064853, -1.583291906194245, 0.6085735343436616]], [], [[0.32142333019252095, -1.6698487096096004, 0.2661630516973352], [0.29338495836004264, -1.524003477032791, 0.44353471316559134]], [[0.09239957215900178, -1.495189954745629, -0.07195700625696656]]]}