{"bodyId": "h0", "timestamp": 27939, "continuousState": [[[0.4752292788886273, -1.513537666093019, 0.5699695221052722]], [[0.21515674327101397, -1.4606697592591213, 0.8187649848181693]], [[0.39685994727654345, -1.6463606640225978, 0.4528726497592323], [0.15079672256420099, -1.420017643496232, 0.6093058337400387]], [[0.4219135392563258, -1.6361379270363385, 0.4686114496773961], [0.29306767862567973, -1.5608789492014152, 0.6261359553120185]], [[0.10073096870804943, -1.5836630122587168, 0.2717052221819365], [0.23613239338004677, -1.3463025000844642, 0.30423751002560495]], [[0.3747303077837378, -1.5109657235614429, 0.33577592005467705]], [[0.004600199046238174, -1.366381751845935, -0.00393476645099895]], [[0.3626799674788938, -1.3763757482363337, -0.005786430667678587]], [[0.2757068849950112, -1.323552653007309, 0.05598165685074696]], [[0.23908979785549223, -1.579205228482704, 0.37959891660256173], [0.3678211636872729, -1.4354205834739895, 0.10540797470683333]], [[0.3063204140284376, -1.321013315165514, -0.2882435869219962]], [[0.28749038947299027, -1.3824152646703196, -0.2993671928549572]], [[0.19971241888385452, -1.4346129737527467, -0.6993252917556622]], [[0.17678074881965836, -1.4791210806842536, -0.8216161717302637]], [[0.4074564047509072, -1.6219515086735024, 0.4534920167666246], [0.22913183366083467, -1.4937478161265016, 0.6266750782913247]], [], [[0.2613222539821876, -1.6099004696475276, 0.3701583359296663], [0.26460003600286325, -1.4535907246429396, 0.4651867326688117]], [[0.27270510594196495, -1.4501092718241089, 0.04567766484028277]]]}