{"bodyId": "h0", "timestamp": 283879, "continuousState": [[[0.5312962263474794, -1.5829637927799778, 0.5381243750736034]], [], [[0.37933962578327063, -1.7461287583269829, 0.3485200900905365]], [[0.46969662518821254, -1.663029239313006, 0.39054071241186944]], [[0.18181886691407573, -1.6756651267970384, 0.1355526721590302]], [[0.36310046189420614, -1.5932833895829048, 0.3049213146639506]], [[0.0479063281914726, -1.5069833775869925, -0.05305836717565171]], [], [[0.1431269148757142, -1.6249766922068, 0.07961525291146813]], [[0.188922652625674, -1.5261119386020903, 0.07164469952114177]], [[0.0006515878191647743, -1.4698583107436063, -0.19525027695573657]], [[-0.005701110579233216, -1.4547730364284266, -0.173420258424557]], [[-0.18085488666515062, -1.2964404730584755, -0.8902984218073784]], [[-0.14889602679944974, -1.3257061156280885, -0.8113352980866839]], [[0.4354742422663831, -1.7045609291082544, 0.37719350442496036]], [], [[0.32575774605114416, -1.6693471830550222, 0.2630466922854498]], [[0.09478712022241939, -1.4979851246728484, -0.0618027887172974]]]}