{"bodyId": "h0", "timestamp": 1630675666924283946, "continuousState": [[[0.5295785211644934, -1.5843301562109355, 0.5375776812509604]], [[0.28068599345557527, -1.5160977115640493, 0.8103237770175107]], [[0.3747212368199724, -1.7466787931287768, 0.35474244161254365], [0.21698182301649216, -1.5422080044061126, 0.6013556427203212]], [[0.47237464508831356, -1.6654350086337726, 0.39186883973148884], [0.33337814958961826, -1.619851001179804, 0.6083784909313145]], [[0.1856906326201439, -1.6739985367468184, 0.12829308896289968], [0.29575792160746756, -1.4344174876663511, 0.31651035225788404]], [[0.43151313010630565, -1.5727455753597772, 0.33402339187317126]], [[0.04942710081558351, -1.5018182422950839, -0.06471902135673895], [0.277889673074455, -1.3319930641211686, -0.0634447273427304]], [[0.4065299345931721, -1.4413486848292172, 0.03472150634017453]], [[0.1440129803086922, -1.6402339940669253, 0.10073209982181948], [0.36892217972130154, -1.4090931712588946, 0.09451661550192467]], [[0.18918560027179188, -1.54285132780793, 0.08617102514837006], [0.4428450172784278, -1.5107755482597234, 0.14969337975005395]], [[0.0006069659930164448, -1.4779024943084578, -0.1621316591856214]], [[-0.0035748972485499736, -1.4582410792519396, -0.14932273497335996], [0.3672909505830876, -1.4536433345664013, -0.2669622362238247]], [[-0.1812124783022449, -1.298497971680224, -0.8865401686743231]], [[-0.14950162056059743, -1.3242522725127992, -0.8160365132719617], [0.27774603790194463, -1.4457982103354665, -0.8429973372319229]], [[0.43925193807622687, -1.7054114755344463, 0.3761911648291721], [0.27938923404257937, -1.5848488235309406, 0.612638134546508]], [], [[0.32903263885422873, -1.6697167726902955, 0.26008096434719424], [0.3145680355985429, -1.5271342444230775, 0.46244442159459925]], [[0.09489628313240416, -1.510376911058194, -0.03798031701862566]]]}