{"bodyId": "h0", "timestamp": 28140, "continuousState": [[[0.39194491963211525, -1.5016052105751756, 0.6364373130752387]], [[0.16518301341195502, -1.4151169074669852, 0.8265506366121771]], [[0.3746707096751556, -1.6197640861476605, 0.48744435074275566], [0.12184435554257653, -1.3994289223852052, 0.6080089739896339]], [[0.3904376629734881, -1.6119558098586588, 0.5094759298652755], [0.2604816006167127, -1.4964102838511681, 0.6416306450346053]], [[0.0444401838422466, -1.5570885447539955, 0.2720319085679946]], [[0.3191596365400294, -1.4815509788581747, 0.3360202526787587]], [[-0.03368454346245849, -1.353652910777171, 0.004537064243326313]], [[0.3510538072414165, -1.3173061802108756, 0.04240285551270517]], [[0.17208938810734803, -1.6187938601650633, 0.39609070122859996], [0.25447359817003234, -1.279263787116467, 0.03803485707716845]], [[0.1781750287129961, -1.5573692521706985, 0.4085524848096279], [0.33942199487913377, -1.3636262381239685, 0.1022163540404024]], [[0.47190456933745484, -1.2681697836307688, -0.11957690771562329]], [[0.29595511686587295, -1.3039397236773653, -0.3240075976055316]], [], [[0.1856672167429342, -1.4216841880425686, -0.8001417473343803]], [[0.37033463908914277, -1.6111446365680722, 0.4957375236020415], [0.1856487248048602, -1.4510269101681614, 0.6189746482893225]], [], [[0.21743892340786736, -1.5845221773063272, 0.39075391921663505]], [[0.32503979902522545, -1.4127695179007338, 0.1444877885470023]]]}