{"bodyId": "h0", "timestamp": 285420, "continuousState": [[[0.5359164627493328, -1.571946463896574, 0.530680088098836]], [[0.2891170684250581, -1.5059247856310525, 0.8130185259605556]], [[0.3737715505639017, -1.7421340243835963, 0.3584230493394896], [0.2107207305998188, -1.541823379318942, 0.5996367261012815]], [[0.47750544802355516, -1.6457164165612528, 0.3942503061790396], [0.31737660854676325, -1.6146350215317309, 0.5906110460975658]], [[0.16852254501861655, -1.673219180057386, 0.14924166171087427], [0.31366516806432515, -1.428005540376064, 0.29969155892480465]], [[0.3637113402645243, -1.58378888210584, 0.3034286683169314], [0.4331235316160689, -1.5594114464510465, 0.3198609684885994]], [[0.04740047819397836, -1.5019344539855168, -0.054080412879632604], [0.2900816304416385, -1.3330479146920244, -0.06292301736257355]], [[0.536750339797225, -1.24667803958148, -0.28135729966254464], [0.4095728150134728, -1.4255925151442683, 0.014278924171911286]], [[0.14543176159805882, -1.6436485392171767, 0.10464824983493849], [0.3913703077043438, -1.4077124026669208, 0.1266618010654315]], [[0.18872003356218084, -1.5441511628810187, 0.09695410948036147], [0.4426091260093126, -1.5080006742645693, 0.15712227626079198]], [[0.0009053947984853039, -1.4744528774269923, -0.17031487564855025]], [[-0.0033683195326817098, -1.4559424989272634, -0.15169349067918575], [0.36235525602723967, -1.450277086244804, -0.26321897862614785]], [[-0.18544094283118437, -1.3011656783602643, -0.878807029642035]], [[-0.15163884834228566, -1.3228431481717406, -0.822971873331197], [0.274706244993873, -1.437770292078019, -0.8259790122627271]], [[0.44105404405372073, -1.6942860376766633, 0.38039214095179297], [0.27998954503877077, -1.5779562405398349, 0.6148952593116489]], [], [[0.32301399652108587, -1.6594677983093193, 0.27174598394495697], [0.3155208883055442, -1.5213202809538975, 0.4451513025111852]], [[0.09481271418033307, -1.5093020201540055, -0.03668038308409439]]]}