{"bodyId": "h0", "timestamp": 2479, "continuousState": [[[0.4950283949966313, -1.5856941004851004, 0.5510714160199672]], [[0.226860285420247, -1.517536589582142, 0.8119622413615996]], [[0.3813249621697786, -1.7301228013948526, 0.3955644255211512], [0.156695865597384, -1.503640233385602, 0.6062247139391757]], [[0.42301988989081946, -1.6516222653525992, 0.4236875398229113], [0.24885196474784083, -1.6114975488695038, 0.5792445242297681]], [[0.10883845925352188, -1.6584625883513688, 0.20474559728296118], [0.23952263641529475, -1.408657297031319, 0.3464245535806881]], [[0.323228291390642, -1.5794709057786238, 0.3448603480416489], [0.36163166326690044, -1.5524890863102707, 0.35411590200374826]], [[-0.002008106683599408, -1.479139207851822, -0.0323889092047425]], [[0.34264350659270915, -1.4291430072167386, 0.025781113085650304]], [[0.05038188585071805, -1.5923153795186138, 0.06409297002992616], [0.29613645850338277, -1.3846469485807302, 0.1388889195043505]], [[0.35905758296130286, -1.4830849036436213, 0.1415608702670852]], [[-0.03678969655798994, -1.4577599278360318, -0.2078218542775635]], [[0.3257770834008868, -1.4398670819846857, -0.2666058966315654]], [[-0.2295272307161257, -1.2930300993435249, -0.8383344608244235]], [[0.22833688240527225, -1.4284684205886486, -0.8137108327296904]], [[0.40807607405804425, -1.699518409884943, 0.4160865064097322], [0.21602503534040285, -1.5562018792324808, 0.6096193621859681]], [], [[0.2659291745721707, -1.6550424268519839, 0.3142165685529362], [0.2441873005815678, -1.5100774229504115, 0.4628345389052281]], [[0.16113394320165647, -1.4704224157398267, -0.033130492005239154]]]}