{"bodyId": "h0", "timestamp": 1630675666924286090, "continuousState": [[[0.5185018827871176, -1.5587786335805833, 0.5448906223469704], [0.30477879711245554, -1.4048071877348338, 0.8181544749001877]], [[0.28028590756689187, -1.5035452802894123, 0.8084403772516671]], [[0.36704642466446663, -1.7260589995327729, 0.3661463587765495], [0.22228055423015827, -1.5047771829227934, 0.6349093987379775]], [[0.4638133786130297, -1.6513044214673582, 0.4091706499339073], [0.3109258186987258, -1.6086005868047613, 0.6001238003268154]], [[0.16500825262479282, -1.658051894695122, 0.13315072917203338], [0.2724811030959172, -1.4245615045283995, 0.30739379784035736]], [[0.3309568169844004, -1.5934971277411665, 0.31658049465583643], [0.42201341890079014, -1.5482215126207783, 0.3396885068303097]], [[0.04071848163896715, -1.4890685429615291, -0.052347578950970954]], [[0.4087567540489101, -1.4281572122811863, 0.032871081291179736]], [[0.12569745535867657, -1.618105644375292, 0.05809594128560184], [0.34707180367403134, -1.4007829521472392, 0.13086342350319]], [[0.17867724781666441, -1.5381506519392132, 0.0817869595207012], [0.43393107165041034, -1.5055230072064758, 0.1671422876724175]], [[0.005357069206708104, -1.4524505289352005, -0.27514138366889074]], [[-0.010279578897759904, -1.4430974726246473, -0.19896332797862534], [0.35679168018727864, -1.4500812095602587, -0.2658731362500521]], [[-0.18753189320570982, -1.2999865814006153, -0.8832219705618204]], [[-0.1565127524883257, -1.317141680618419, -0.8287412755234177], [0.27686861450351513, -1.442341872069712, -0.8346060205181373]], [[0.4397244277712388, -1.681767500000335, 0.37707282344943543], [0.2715144113088172, -1.5600287071863461, 0.6244812207010141]], [], [[0.31441081561891127, -1.6546781580812402, 0.27116068955297035], [0.2917034608973215, -1.5165810456665803, 0.4537587990835864]], [[0.09201715851168626, -1.495300590437207, -0.09667721207409477]]]}