{"bodyId": "h0", "timestamp": 28274, "continuousState": [[[0.3656885038238435, -1.4845150098107003, 0.6176786253738793]], [], [[0.3471779049613655, -1.5474217856191077, 0.667072393212524]], [[0.14073785873830796, -1.3813568392101678, 0.8368829942350905]], [[0.37936891161555597, -1.6005226917663073, 0.53152494766517], [0.11727970899325874, -1.3852411171942032, 0.6430042360170355]], [[0.17033152403687177, -1.4779738005775844, 0.6250442401214698]], [[0.3383899823017675, -1.548952774454904, 0.49199609444674686]], [[0.31376556771168407, -1.4655016535221201, 0.36424867041422887]], [], [[0.3241592415935117, -1.3193723070233052, 0.06509046312891996]], [[0.1600871469334645, -1.6140344657844992, 0.4423786947673583], [0.19556938548144512, -1.2238474138008542, 0.0001924829487174975]], [[0.17357102028047847, -1.5382264071077842, 0.4419128260992873], [0.3240796659248731, -1.324949724258851, 0.10511259680892568]], [[0.032217196892657, -1.5285166546856914, 0.2872179205918465]], [[0.08456001785823548, -1.3964632514365471, 0.13129391147171487]], [[-0.07372600222674612, -1.3518758835175668, -0.045193362983139196]], [[-0.07069609252185376, -1.3542474421113704, -0.011949084463949702]], [[0.36466554600083917, -1.598113274024167, 0.5509797577887332], [0.16639960401624443, -1.430622478233297, 0.646201658841391]], [], [[0.2543607531693196, -1.5134632875162444, 0.5585201672841082]], [[0.10289410858656774, -1.533371530896738, 0.3645653733455669]]]}