{"bodyId": "h0", "timestamp": 286224, "continuousState": [[[0.5240554838895898, -1.5544570586038284, 0.5336999853000814]], [[0.2571516199978614, -1.5062325804219077, 0.7933318420828769]], [[0.3674796011485177, -1.7260261290687644, 0.3664177125526191], [0.23844191916290128, -1.5291126206929087, 0.6404135804254031]], [[0.4639625079291504, -1.6467819219930062, 0.4042287810097143], [0.30916262837894853, -1.6100088295562278, 0.598824939788848]], [[0.1648086663600285, -1.658915291816746, 0.14172595086397427]], [[0.32830231666852905, -1.5931492605089275, 0.32187149981164637], [0.4267416576739156, -1.5441965861930342, 0.36068397669876096]], [[0.04041846633160691, -1.4874431371453438, -0.05280103823606055]], [[0.4033155788624274, -1.4260474894089514, 0.041936707562866334]], [[0.12424535922122856, -1.6113285232144392, 0.06423552756356093], [0.2837211032282839, -1.4105289043520604, 0.12009798683925738]], [[0.17830719834666223, -1.5291794154244378, 0.07939254965601958], [0.4277224098804543, -1.5155272876062738, 0.20102363585345506]], [[-0.0014339978670123515, -1.4492851315913275, -0.23610551074678596]], [[-0.01615906027630285, -1.449544497250201, -0.1629123315457307], [0.3556361525686973, -1.453763758815143, -0.22901060284420305]], [[-0.18416252602262645, -1.2956518678750417, -0.9141527409513424]], [[-0.15598195800241393, -1.3214900873236444, -0.8206541673949141], [0.23374732472358847, -1.4491412612897545, -0.8839337479838388]], [[0.43377142549254194, -1.680785449958229, 0.38350458804289816], [0.23858305244819394, -1.5711258696510846, 0.6005814864094352]], [], [[0.3143855871445894, -1.6528486069048762, 0.2729773659368443]], [[0.08843660023982494, -1.4892322735078827, -0.07835648054538319]]]}