{"bodyId": "h0", "timestamp": 287430, "continuousState": [[[0.5246409984768721, -1.5621099225893538, 0.5331013806303582]], [[0.25349174487184517, -1.5135062660565788, 0.7916502164614394]], [[0.3698018026325005, -1.7295607441920975, 0.3641767858055284], [0.2639952869341437, -1.5254427816563942, 0.657533281958465]], [[0.4717021124169339, -1.6522703368517964, 0.41707233758116685], [0.323925717617248, -1.6127741004721676, 0.6104703065930966]], [[0.1630876682062369, -1.6674779017259562, 0.1405326689031733], [0.27194642409767245, -1.4253180371394456, 0.30792926967281276]], [[0.35704645665431, -1.5883796840742976, 0.30984345543349107], [0.4242741825086218, -1.5617063916717573, 0.35704947973807655]], [[0.04581738401953538, -1.4929368993198326, -0.06904303730651327], [0.2758133366016525, -1.3295199411695307, -0.058634260313188864]], [[0.4061352739764011, -1.4436561144424611, 0.047898278708258205]], [[0.12665841668881184, -1.6201012381527657, 0.06925802743057125], [0.37381152575015675, -1.4300792429548517, 0.20548849337850697]], [[0.1824786239484422, -1.5338462331336384, 0.084097804964425], [0.43308219151325805, -1.5263236284353778, 0.208372664246805]], [[0.0034495710303127113, -1.455736166237772, -0.2664625693857831]], [[-0.006349435584002834, -1.4419192512738697, -0.22234721967449286], [0.3411681691495446, -1.4493401592232305, -0.2439851287909935]], [[-0.18411160857897482, -1.2971695372109202, -0.8847242643829559]], [[-0.15582430097553965, -1.3218781470908054, -0.8208114465747172], [0.2727854987047554, -1.4545867409329025, -0.8367440198311844]], [[0.4412932103719641, -1.688633205886413, 0.3973530587544999], [0.24075519589798136, -1.570082777837413, 0.6029224874414504]], [], [[0.3173948903115854, -1.6598741192888764, 0.2788025032421701], [0.2979360708574602, -1.5190460688058067, 0.4591997881329547]], [[0.09296409748937745, -1.494791199685705, -0.09118238221067906]]]}