{"bodyId": "h0", "timestamp": 287631, "continuousState": [[[0.5048170287773335, -1.566629086067091, 0.5504442992461746], [0.27311267412510687, -1.4087444812727248, 0.8022771775505838]], [[0.2312830326756889, -1.4239303496914082, 0.7807919730951681]], [[0.4831079784128305, -1.6490912171041074, 0.5656663413211754]], [[0.2534702086505015, -1.5008568418609487, 0.7975079255348493]], [[0.3608396330269773, -1.7312930007608318, 0.367132351625736], [0.18965599521478702, -1.4964612902748533, 0.6309403239778919]], [[0.4579051784251815, -1.6517008144675682, 0.4068232858182837], [0.3007694635276041, -1.6120903910213773, 0.6141274379483409]], [[0.1610839629933663, -1.6631439966388353, 0.13290559983034292]], [[0.420210364149538, -1.5549576172645658, 0.3652772988654226]], [[0.032693898398928695, -1.4982407387729952, -0.03908724776451481]], [[0.4048366794138797, -1.436224185473498, 0.059273439180963575]], [[0.11604454343157727, -1.6118334395666585, 0.0657757134171252], [0.316994773234851, -1.4085100780339312, 0.17784724199080415]], [[0.17600216930560653, -1.529930989478382, 0.077579514997258], [0.4309197781508276, -1.5269571164100773, 0.26191957809631594]], [[-0.012790507097117938, -1.4541114458816924, -0.2101048318330952]], [[-0.02252811324220414, -1.4462626077622271, -0.19750349275103984], [0.33254748830878067, -1.4495663752162544, -0.2312998579247269]], [[-0.18279555347628804, -1.301462797035375, -0.8853912720378603]], [[-0.15541297748901045, -1.325179200127172, -0.813443458349654], [0.27115362981912766, -1.4531115469952034, -0.8015137979360373]], [[0.4254287359274811, -1.6865163287852352, 0.38293830175797666], [0.243158092663336, -1.5560020472768819, 0.6338586934112654]], [], [[0.3094945707092739, -1.6574224055532016, 0.2698644428243133]], [[0.0816058311042443, -1.4920212176800371, -0.06626265841791859]]]}