{"bodyId": "h0", "timestamp": 287966, "continuousState": [[[0.45351763081732105, -1.5812484400956044, 0.5985932210410824], [0.26209320329966, -1.3969371789308886, 0.828679229021747]], [[0.23857805363157264, -1.4950190444971816, 0.8129144250015267]], [[0.33697127095922114, -1.7260288904088101, 0.3791569110919513], [0.1328174546024227, -1.4918336758054378, 0.6097666373565391]], [[0.4388759553157533, -1.6543602910714446, 0.4376998635118788], [0.2668540625241753, -1.6067877519358762, 0.6095704855173842]], [[0.11053786455401626, -1.6710312255301214, 0.21220789757437866], [0.2426350777953212, -1.4091953028249151, 0.34887941043827914]], [[0.3833901635086847, -1.5550392849998276, 0.37978997518158847]], [[0.0028227865318796717, -1.4831890954758247, -0.041432702336091094]], [[0.383229398377872, -1.4353302383004007, 0.0856059678104516]], [[0.06324967447933103, -1.579263775464328, 0.015180295488367619], [0.298688728197149, -1.4025865016558232, 0.1533363921579007]], [[0.1699601842941903, -1.540867389753492, 0.11594494390812679], [0.4026903251164201, -1.5210393867353187, 0.22883024170177738]], [[-0.028525092170417, -1.4607163497608913, -0.20625883439733456], [0.32424141313398697, -1.3319786403894893, -0.22977664399075115]], [[0.30820848214805185, -1.4409975791084872, -0.26393479274344805]], [[-0.17846943628083545, -1.3058454570085543, -0.8790942934762804]], [[0.2720777195854496, -1.4484130603506211, -0.8395157993959813]], [[0.4012703032089399, -1.6916427902684446, 0.42643780865453207], [0.2557646208060851, -1.5475065812668163, 0.6505451505390617]], [], [[0.2747069099348848, -1.6626957583007829, 0.32495388054312874], [0.2547445701597483, -1.5079915273803957, 0.47922494797783166]], [[0.07071754606188665, -1.5007918697571916, -0.04515694524460388], [0.3634658691252035, -1.426509013562404, -0.0004732011444868872]]]}