{"bodyId": "h0", "timestamp": 288770, "continuousState": [[[0.33790559073313303, -1.5721120659406642, 0.6234632520616976]], [[0.09885799448122498, -1.3651785508789116, 0.7987927908395289]], [[0.3424755269020556, -1.6238083140093922, 0.6339492796763915]], [[0.12731742151310574, -1.4605745108231112, 0.8119307403279411]], [[0.3607873216783624, -1.6933196504864334, 0.47723700235390915], [0.017268766202259485, -1.4335125567096514, 0.5961218330306669]], [[0.34447108176669605, -1.673684791026996, 0.529232892290858], [0.18052974104190617, -1.5684807757833272, 0.6314641363839844]], [[0.015885476431760536, -1.63424106985916, 0.2272761524412076], [0.1694446205246545, -1.3745686827810664, 0.3941801657802289]], [[0.2789582977087514, -1.528409075719999, 0.3520319517070272]], [[-0.07993895909701891, -1.4714306265722612, 0.010700721675917294]], [[0.279586933198819, -1.4026076492398345, 0.07611778790633662]], [[0.13211724916178702, -1.7089991703255567, 0.41957132976849265], [0.19555241990338026, -1.3255979012843102, 0.10449936226562567]], [[0.1523803642372003, -1.6199595908812212, 0.41300554029162323], [0.2882471805644518, -1.4427000001757881, 0.1389915957418739]], [[0.018143093358221847, -1.6248616449494149, 0.23458415547388312], [0.4077924794226008, -1.2815201343848233, -0.13337199180555945]], [[0.05678066762517159, -1.5131615107645067, 0.23201310158096863], [0.21307616490582995, -1.3535344130735938, -0.38334369692448284]], [[-0.10143621392127505, -1.4613334682265007, -0.01506564997290502]], [[-0.09342907077517686, -1.4490105027620752, -0.005192094304617285], [0.27245282160685885, -1.3504464510488654, -0.7546073606472612]], [[0.34504831960656673, -1.6708218913319919, 0.494426159000114], [0.1273904907172846, -1.5029543195182187, 0.6309257756303452]], [], [[0.1801782790992283, -1.653962930443078, 0.3782545223660328], [0.17498718078328035, -1.471524729282197, 0.5128221510821066]], [[0.08526172879771107, -1.622410617915318, 0.32379484788275315], [0.3480198299935263, -1.3621100672803057, 0.0028098019681572217]]]}