{"bodyId": "h0", "timestamp": 1630675666924290847, "continuousState": [[[0.4156268593862855, -1.2457804251608522, 0.6831410200523628]], [[0.2577212749657681, -1.1340009537346392, 0.8675371619221535]], [[0.37185231562199234, -1.4151920281979893, 0.47150465810006076], [0.2202927871229133, -1.2081362149179713, 0.6922613162445616]], [[0.40919376913312655, -1.3295643236427155, 0.5399671013329431], [0.23161217542780604, -1.248035372780721, 0.6220587712807205]], [[0.11386310003789521, -1.3528084423578572, 0.25143467216964427], [0.3840187004737334, -1.1251384018561952, 0.4655295922714872]], [[0.4036902481227787, -1.140999931525351, 0.42225673049281454]], [[0.024497610113145187, -1.1493347002585985, 0.09763002543627636]], [[0.3566965975978964, -0.8465302253454827, 0.039735057343785685], [0.2587627746601718, -0.8480356126865416, 0.0815736523781909]], [[0.09341555343046003, -1.3277146315419006, 0.2305918629442533], [0.3483882663170182, -1.0810337118631133, 0.08518975511489817]], [[0.17100994142333933, -1.2222594151890833, 0.26106018832070255], [0.3280175157660951, -1.121903736169088, 0.042422339106777146]], [[-0.013532794859333194, -1.1504279854992223, -0.013516391983872836]], [], [[-0.19058961346875355, -0.9788336258626665, -0.6715081309923876]], [], [[0.3830866629743149, -1.3787958565952192, 0.5237400811763596], [0.2553913185907411, -1.2342599179831832, 0.6796127084130931]], [], [[0.2615284345855109, -1.3411863830002864, 0.39570088675129367], [0.3078154379507697, -1.186586887318458, 0.5437941817761038]], [[0.07873857328200307, -1.1863437003441528, 0.12377189816841486]]]}