{"bodyId": "h0", "timestamp": 291182, "continuousState": [[[0.36214183796479094, -1.2172107886029468, 0.6890069827517693]], [[0.14343200371637999, -1.013017018799914, 0.8533957352030785]], [[0.3866367745163464, -1.3300736875671944, 0.686381343828798]], [[0.22526187394569253, -1.0967272548693634, 0.8872442109374574]], [[0.3347807829838112, -1.416706325267979, 0.49664968861060416], [0.18184358729906672, -1.2933862548266193, 0.7081402933881227]], [[0.40083514966918, -1.302907663679053, 0.5759671225114494], [0.28400069399754807, -1.2111808770006856, 0.690142014097818]], [[0.11122149886369011, -1.3704379202651553, 0.27031514088807923]], [[0.3692229774413195, -1.0965770033977458, 0.40658494967472575]], [[0.05875565849303996, -1.1378855300545356, 0.1551249665988505]], [[0.27494841361209155, -0.8753152609943936, 0.09027197355218732], [0.11598639589709432, -0.8227269777050794, 0.04048877690222571]], [[0.08633178203827055, -1.3352904231970184, 0.2520199221439354], [0.30626023269882696, -1.1461129158556573, 0.03270163684096587]], [[0.1585555283588803, -1.2011673713944393, 0.24491580482350037], [0.29391779590146416, -1.0954261329403376, 0.0062479410778225886]], [[-0.07339168687477945, -1.1340579816577538, -0.15778989241862543]], [], [[-0.2158697088174315, -0.9565063014052931, -0.7338869237230644]], [], [[0.3715437093140469, -1.3569104356262465, 0.5403211149596536], [0.20751299264901876, -1.2279673760442569, 0.6915743780267539]], [], [[0.25602832426643507, -1.3366727919721042, 0.4231411316997643]], [[0.042581920742050416, -1.1676126765260966, 0.04356295620243747]]]}