{"bodyId": "h0", "timestamp": 1630675666924292388, "continuousState": [[[0.20290358374744993, -1.3245617892039485, 0.7395512089496554]], [[0.03551494467683619, -1.0663921622330528, 0.7893885056928698]], [[0.23417778478780685, -1.4596808384778437, 0.5126840372590682], [0.03331866988822708, -1.3259123257732432, 0.613555483563107]], [[0.20039072888585013, -1.3212592578906657, 0.7441743261777259], [0.12727363978104222, -1.0547664325795563, 0.6457873446366138]], [[0.08971552644644021, -1.4365685297358977, 0.27233954785987863]], [[0.19742544240416351, -0.9415627854107056, 0.391285779940657], [0.09080671163710236, -0.8145811068942621, 0.4028592883842837]], [[-0.019639268403436348, -1.1974819648794273, 0.16675108709944061]], [[-0.016846211151510034, -0.7656045065733913, 0.31142782725589563], [-0.22818780197613137, -0.5717275724543621, 0.20047844205858587]], [[0.02213580985314303, -1.3217745737311515, 0.16151337104261937], [0.16260467498794082, -1.245476986876293, 0.08256778177034152]], [[0.11710090983130522, -1.0227695273541115, 0.039824969375936006]], [[-0.1695735721447441, -1.005947293241915, -0.44431826627374926]], [[0.20901836428018372, -0.9548308581718975, -0.15666991971880656]], [], [], [[0.25485886479610276, -1.3564200391507388, 0.5841258873671662], [0.09927533035935267, -1.1914155213216573, 0.6395169368377271]], [], [[0.14505312766614517, -1.3789138938132817, 0.5082569370188023]], [[-0.026236331156719445, -1.0143584102980132, -0.20224664844890664]]]}