{"bodyId": "h0", "timestamp": 1630675666924292857, "continuousState": [[[0.30477470872339196, -1.2673988137022751, 0.6633470671199817]], [[0.13341644478952752, -1.0957580931210678, 0.8512633067027956]], [[0.22848026061434326, -1.4330089060579039, 0.5211815672690132], [0.017919827882271647, -1.2980898374687426, 0.6323980313358091]], [[0.28639730032172855, -1.3459107531310552, 0.5549385948807264], [0.13923000919268885, -1.1373637950215838, 0.6466129201222086]], [[0.07030098791171094, -1.3719956747704092, 0.2813241000291159]], [[0.1508012136149618, -1.2412610297331044, 0.40095655960255683], [0.33940325525895015, -1.0367124726461197, 0.36998481740404304]], [[0.035074260649296606, -1.101667764338188, 0.17386529978356158]], [[0.12343814496225514, -0.9838126094976757, 0.12738223506562713]], [[0.030324464914113208, -1.2841467049035447, 0.20881581514970163], [0.15487226883333255, -1.181356247646335, -0.060389074975561695]], [[0.07206515001266416, -1.1668456618798508, 0.18521375946610738], [0.24330542524344104, -1.0617090798798998, 0.019039124321094506]], [[-0.09145835964772832, -1.1210980092033964, -0.15993467334688352]], [], [[-0.1814204264317994, -1.0043844119698728, -0.5861705566145227]], [], [[0.2454389324288233, -1.3918892218606507, 0.5361731793714408], [0.10036686756026711, -1.2061710811166184, 0.656484410065277]], [], [[0.17834914411671976, -1.3589532139507323, 0.41813134745492114]], [[-0.009696604817532081, -1.1439718355416235, 0.01263954305961193]]]}