{"bodyId": "h0", "timestamp": 292924, "continuousState": [[[0.3268986826665852, -1.2378895425236103, 0.6606875524827329]], [[0.1413974943062319, -1.0783243429615295, 0.8592821076408914]], [[0.23051943891535331, -1.428068225098388, 0.5268427237764568], [0.05152681760316705, -1.278444918416774, 0.6505827001302771]], [[0.332824325913314, -1.3147544980955472, 0.629438341647515], [0.13174708259379916, -1.1816496551462345, 0.648964517683879]], [[0.07230478314400825, -1.3756003387484796, 0.29469979980786254]], [[0.3701911161493174, -1.0674718941359644, 0.35702280528211533]], [[0.046813543764240365, -1.0911620676120588, 0.16888688154146553]], [[-0.07650533951331703, -0.8077772927247756, 0.0399270056647199]], [[0.04193838177694351, -1.2354818677557131, 0.11463009650221762], [0.2531023439416799, -1.115728088013607, 0.043171254086618316]], [[0.06621691280784386, -1.1926385165610662, 0.216822993553453], [0.25744131829848377, -1.1151547960198367, 0.026213348157308018]], [[-0.08156627513243551, -1.1285164137603343, -0.15236442149402774]], [], [[-0.18343043342835233, -0.9991412186759367, -0.5918988110680391]], [], [[0.32276532879036524, -1.3578040715546336, 0.5762644191218601], [0.10913391388977062, -1.2018133461514866, 0.6625013804933331]], [], [[0.20256455452866112, -1.3451774184220135, 0.46206907072768877]], [[-0.007674681162295825, -1.1605774651607002, 0.03222928602971263]]]}