{"bodyId": "h0", "timestamp": 1630675666924293393, "continuousState": [[[0.4155009517434697, -1.22184816848659, 0.6878227718032002]], [[0.24347028307189544, -1.114359579042122, 0.8143045467375118]], [[0.37237235149128123, -1.3981701352287124, 0.4721366073304391], [0.16574630000156731, -1.2480196914645634, 0.6542531368002024]], [[0.4280589035988842, -1.2831374034915368, 0.5356891588300935], [0.25584432238934435, -1.1799651204810617, 0.5914583835045835]], [[0.1646508638084374, -1.3795657220847577, 0.25573373613989997]], [[0.27209681165767863, -1.2227801680744406, 0.385163491304402], [0.41940690083465754, -1.065722186302864, 0.3745104761786113]], [[0.09280339267743795, -1.1589422291472806, 0.14943803120112262]], [[0.3776641752491951, -0.835969611434922, 0.013715342801670659], [0.2395171199047295, -0.7925215066165188, -0.003979939773109663]], [[0.11967458801878388, -1.3332306055092757, 0.24883756730549772], [0.34492083379999255, -1.1559866861585923, 0.02366757367632408]], [[0.16832151372896237, -1.228483653023702, 0.2660863926540551], [0.3400989643461046, -1.082590919319497, 0.008528735447394183]], [[-0.04647956727572398, -1.114294298839133, -0.14543396025357447]], [[-0.043020261050075816, -1.08583620470071, -0.14502682566043176], [0.6568480660678641, -0.9295527337295386, -0.07424260928781086]], [[-0.21476555107134662, -0.9576237165120077, -0.7339640928047202]], [[-0.19338507291843268, -0.9728841866186202, -0.6957245891179896]], [[0.3886600659918543, -1.350862658643964, 0.5237124429516606], [0.2005224110525105, -1.2117484316470923, 0.6217465949560583]], [], [[0.2963548837036608, -1.3313515627881474, 0.39571144748499676]], [[0.0609209732266192, -1.1713889759314173, 0.06032621620024031]]]}