{"bodyId": "h0", "timestamp": 293594, "continuousState": [[[2.8280988413332984, 1.0587998375607255, -0.5252800983477769]], [[0.284970547404708, -1.1099312789072682, 0.822555780901791]], [[0.15739463431785408, -1.2612016279254548, 0.6524921682890668]], [[0.27163388227184554, -1.170161322792153, 0.5846133215669167]], [], [[0.47155740453220324, -1.056479907127613, 0.3946566347597986]], [], [[0.2431998519247004, -0.7823419437390159, -0.018159751125451748]], [[0.3510339176023274, -1.1574768932803594, 0.013862367534610485]], [[0.35648513338774207, -1.0709767884275865, 0.006205805810760012]], [], [[0.6963054689564481, -0.9584157349982365, -0.040515117735927336]], [], [], [[0.18523735449423476, -1.2128879089877573, 0.5952112013899439]], [], [], []]}