{"bodyId": "h0", "timestamp": 1630675666924293929, "continuousState": [[[0.44131999910417224, -1.2107038926076652, 0.695350556563301]], [[0.28753070527153707, -1.104375393903774, 0.8187393649934733]], [[0.3670604664566557, -1.4224052367486246, 0.4892073808393243], [0.09941360252688423, -1.2738381331361266, 0.58826985498213]], [[0.4596237781897864, -1.2707377859952493, 0.5341361682465874], [0.2793670005217507, -1.1614875370551847, 0.5747704302598398]], [[0.1867131088102948, -1.3897137212075386, 0.2633076855639747]], [[0.4568573160771739, -1.0381031601770008, 0.36965609777734815]], [[0.11392635260666237, -1.1461412896769358, 0.10777614397803904]], [[0.37670616558401426, -0.820745975667353, -0.014066899371772705], [0.28060411507876276, -0.7888916655474175, 0.01941749624921272]], [[0.13983707323734604, -1.3010853070314015, 0.1793886255560574], [0.3117849808648166, -1.1598430329956861, -0.03462889248061083]], [[0.1806993861602328, -1.2046044090355152, 0.22514143951995516], [0.3603895577782992, -1.0734427853493491, 0.003970349668679319]], [[-0.03975477807072179, -1.094593709250319, -0.1817565580547114]], [[0.6704252202966988, -0.9359744051275432, -0.06344954502960218]], [[-0.2149873402562726, -0.9513316068280726, -0.7419490024648685]], [[-0.19141686825504373, -0.9680360621884061, -0.6994068698944429]], [[0.3930928938009978, -1.3615312608155645, 0.5313295063645664], [0.22048332171450055, -1.2207157140758513, 0.6057567517753251]], [], [[0.3231684435000406, -1.330225753601394, 0.3987219269052811]], [[0.0704723040447555, -1.149599059142917, 0.021692440732621887]]]}