{"bodyId": "h0", "timestamp": 1630675666924294532, "continuousState": [[[2.8335787259711678, 1.0674695975890707, -0.524487039232713]], [[0.2750766073559073, -1.117353528590399, 0.8190131299384696]], [[0.5047429412157072, -1.260115454275235, 0.7848826270988831], [0.1641066272898024, -1.2602688678760072, 0.6555379968914888]], [[0.27896541944726505, -1.1836135930862102, 0.5905330164763839]], [], [[0.44585217242079533, -1.052516482993173, 0.38091072415184724]], [], [[0.24475562191842096, -0.7843644533362533, -0.01235964595902442]], [[0.324401879087148, -1.140764527995822, -0.007616660623225243]], [[0.34046889115042134, -1.0835074682518473, -0.00198186590827504]], [], [[0.6682131779636786, -0.9536532970574422, -0.0658049506061193]], [], [], [[0.2222673293917642, -1.224577908836654, 0.6289516534201989]], [], [], []]}