{"bodyId": "h0", "timestamp": 295336, "continuousState": [[[0.45362537274974096, -1.2162569984439788, 0.689663799849253]], [[0.27725339267821847, -1.0343101785431283, 0.7984556245082947]], [[0.4711334107895066, -1.296263091975159, 0.672340228941731]], [[0.29511360253188806, -1.1252192737269884, 0.8212059338188947]], [[0.38908831129480204, -1.423507379778141, 0.4576559089636346], [0.22070951058140895, -1.2572484695939763, 0.7113886244502627]], [[0.4658046694128456, -1.3141641185435982, 0.5191554526073705], [0.2938606376584737, -1.2094260351668942, 0.5875183085836506]], [[0.19301813710952012, -1.4055633411485753, 0.2739722577238983]], [[0.484690652215613, -1.0907192008420343, 0.29042620454032453]], [[0.1128518592996233, -1.183409850476987, 0.12555557099719955]], [[0.3576588541573558, -0.9041845722109068, 0.04168189108243064], [0.3156036646227442, -0.8518558525084295, 0.08320639880867384]], [[0.1354580103850523, -1.309947198968535, 0.16986552635143312], [0.3545666612468876, -1.1299919594472962, 0.013209658446337699]], [[0.16705809568129956, -1.22444238651388, 0.1847543368440008], [0.39467949329718816, -1.1162494111413686, 0.003778589463306389]], [[-0.04594087649943134, -1.0992411491653764, -0.19094680867304806]], [[-0.04190994472446326, -1.0992785314565185, -0.17279597251774748]], [[-0.2224072491748462, -0.9505811391623153, -0.7351926746091799]], [[-0.20169145519552167, -0.9692588545694075, -0.7100881528138034]], [[0.4205269667410037, -1.373547766078469, 0.5011980101779678], [0.21843658463326732, -1.2231246575770713, 0.6079045759183296]], [], [[0.32941140326118284, -1.3598637298460867, 0.3965638551656344]], [[0.06055860959093411, -1.1618417678396282, -0.0030962359145236262]]]}