{"bodyId": "h0", "timestamp": 295470, "continuousState": [[[0.4841078588214403, -1.2039994884549918, 0.6741898378171122]], [[0.3104695650185429, -1.148563955900473, 0.8131702503981013]], [[0.4146345299543851, -1.4301397193136172, 0.46025016151676995]], [[0.4834376884612133, -1.299557398299573, 0.503041780274823], [0.28519143569217, -1.2210424953554566, 0.6045397171736908]], [[0.2187911129037985, -1.4103703361115159, 0.26730224156177745]], [[0.30332798018703655, -1.2193556962773797, 0.2984457301864052]], [[0.11872172241696319, -1.201903195769884, 0.1091878907929979]], [[0.2872897951774326, -0.9745804930248818, 0.006138018886139435]], [[0.15998974026445062, -1.342045975041628, 0.18462343346317972]], [[0.17590040867534776, -1.2629288442629667, 0.2391756537618046]], [[-0.03695689691996324, -1.121327347501215, -0.1629191639506919]], [], [[-0.2245051219091418, -0.9905442675986811, -0.7157679442375806]], [[-0.2017090898252735, -0.9832201365359016, -0.6992276196715088]], [[0.44426294993056975, -1.3677334250067266, 0.492226494482608], [0.25286751442256855, -1.2500289667234856, 0.6961015803815475]], [], [[0.3511144006825059, -1.3549638672055444, 0.3851720109183002]], [[0.06947175587769226, -1.192128095882091, 0.03812824490555636]]]}