{"bodyId": "h0", "timestamp": 1630675666924029882, "continuousState": [[[0.6669871142523052, -1.0149652377623235, 0.6235664318812366]], [[0.4052899052200564, -1.0889623894729947, 0.8230427764457443]], [[0.46743945695983274, -1.2909327021858772, 0.5019583257168769], [0.3728496685558605, -1.2051639010802884, 0.6131810701160952]], [[0.5287440909225473, -1.2003513443890947, 0.5134932792348057], [0.415458051105604, -1.1243793547264018, 0.6140368503419533]], [[0.2539524380789481, -1.2920811194488806, 0.28542619972880834]], [[0.5248167418444343, -1.0544516223529237, 0.3084967158256959]], [[0.08331103957049998, -1.1443497790032975, 0.0568996900952518]], [[0.3434484639213183, -0.8486252106691853, -0.047179912223293055]], [[0.1382904456418928, -1.1266826189999866, 0.10790081374495321], [0.2999954855998406, -1.0937791284224323, -0.17690087669390733]], [[0.18141990857003287, -0.9729676770893436, -0.01043246435695437], [0.4024544781399877, -0.9874674393273718, -0.07551502527864659]], [[-0.09425239890751243, -0.8028078827155509, -0.24436224209062607]], [], [], [], [[0.5095464331067736, -1.2383069459888734, 0.49659215260232986], [0.39560116295329817, -1.1683769543425773, 0.6143048210483965]], [], [[0.39134826450074767, -1.2462162319189876, 0.399459739481807]], [[0.04358375483126022, -0.8878877799024473, -0.12739735322379023]]]}