{"bodyId": "h0", "timestamp": 1630675666924295671, "continuousState": [[[0.5417419840184896, -1.19645256524379, 0.608008780612665]], [], [[0.43471038705844134, -1.4410033071572939, 0.42924550819822443]], [[0.488380264484531, -1.3398687636601165, 0.4761347218168428]], [[0.21818695246100128, -1.4379122683907708, 0.23347910194112842]], [], [[0.07298847728996015, -1.272223828296556, 0.07208276090013055]], [], [[0.14300540662177827, -1.3470992204993468, 0.11083358736143555]], [[0.16339470131493197, -1.2411957774654616, 0.09532782270798726]], [[-0.04501406801445552, -1.16983394317826, -0.18409733026360278]], [[-0.046852051739676964, -1.1830239991018776, -0.17379506785965715]], [[-0.2244197566168882, -1.1023839053580784, -0.7886234548082361]], [[-0.21059910210314542, -1.1042286726300077, -0.7342814743673194]], [[0.4339083900631751, -1.4098888238871965, 0.4935927473181357]], [], [[0.35328360847276613, -1.3888905160254437, 0.3548069118789856]], [[0.05919031665023823, -1.2055148603218608, -0.04438475377780776]]]}