{"bodyId": "h0", "timestamp": 1630675666924296609, "continuousState": [[[0.3205823873421695, -1.6270091244110703, 0.6113267003537098]], [], [[0.3122054294065832, -1.748349195363855, 0.4469525589274269]], [[0.31606609698910043, -1.6869877795591715, 0.5175086359984971]], [[0.04114030301958394, -1.721043503688737, 0.24176995497831671]], [], [[-0.09019689292765741, -1.6074310243381535, -0.0043688727718908926]], [], [], [[0.12743002206527979, -1.6198303893236476, 0.31548183230236215]], [], [[-0.04011551659708016, -1.5098872330545128, 0.005137022678378571]], [], [[-0.15526145553382206, -1.5152624012520202, -0.20480964968066154]], [[0.30482184564712855, -1.7150035409558915, 0.47855420607426535]], [], [[0.17860320000434218, -1.7040156416239542, 0.3796392954884069]], []]}