{"bodyId": "h0", "timestamp": 298016, "continuousState": [[[0.6371375552884583, -1.72489158980272, 0.4107293239035569]], [[0.3553708089494239, -1.731652845998258, 0.7693603700598233]], [[0.45925624823646505, -1.8937792036516419, 0.29359275002626667], [0.2553771534637012, -1.72517502795987, 0.5857244639279836]], [[0.5428295389322825, -1.8211216372919108, 0.2669098404176555], [0.3644397853317257, -1.8433068621685298, 0.5579121535061704]], [[0.22915221945795422, -1.8079072987169282, 0.10863181194454569], [0.2784242470647564, -1.6295266850031127, 0.3126613510409052]], [[0.36436270588443354, -1.724202069740657, 0.1333840817244668], [0.4459765584375584, -1.8164970421076796, 0.22858700364776063]], [[0.14035144961312465, -1.6226258374619196, -0.12251344055123217], [0.27860472243431716, -1.5549809650304596, 0.18132508390676913]], [[0.45385562696957593, -1.6934866933607506, -0.07691602911349946]], [[0.177175054959671, -1.7117702070417706, -0.028888048509645842], [0.4169157480839192, -1.6325289850379663, 0.19957826573717877]], [[0.20600762114327115, -1.678277902341112, -0.04756928540088302], [0.4495889209219515, -1.742073536763978, 0.15847976488637663]], [[0.05033349389668348, -1.4510721525746428, -0.3657896014428825], [0.10933450000051516, -1.5245211585280873, -0.04298948007421336]], [[0.03328389426735174, -1.558274874671091, -0.37295377028343885]], [[-0.19539768177804806, -1.3187706945857653, -0.8813039273558011]], [[-0.011604164289977575, -1.450243770989431, -1.045432445994476]], [[0.4891130710375249, -1.859516240235148, 0.30108529669850304], [0.32321875357147994, -1.7800413341733596, 0.5859137989755463]], [], [[0.3859908791951183, -1.8145144680044196, 0.18777082618110058], [0.321432016198241, -1.7364167735858214, 0.4352867522735378]], [[0.1281705575199773, -1.5646750274578776, -0.20667944342188274], [0.27946171046123336, -1.6332973476460326, 0.05774514240608164]]]}