{"bodyId": "h0", "timestamp": 1630675666924298217, "continuousState": [[[0.6430071283428525, -1.7387147848756057, 0.3999915745414976], [0.341152265178579, -1.6262147266255829, 0.7826098617511762]], [[0.3547577297096916, -1.7446949148695758, 0.7740901730508102]], [[0.46109914945407415, -1.9007996843313097, 0.28752322833831795], [0.25399150656505415, -1.7258934923738762, 0.5972124617523509]], [[0.5480308323155868, -1.8232453199769107, 0.26195388741235615], [0.364121595734937, -1.8524172864490873, 0.5597707419399551]], [[0.2267211052453253, -1.8155270419643583, 0.11027258667270758], [0.28070078382931773, -1.6318076988906425, 0.34867465879328324]], [[0.3608242663056491, -1.7208481729218492, 0.13348606951193687], [0.45631712765365184, -1.8246943979547854, 0.24482763186170406]], [[0.1457169386738454, -1.6186569140723364, -0.1287566802142942], [0.12221910101405364, -1.5634698636070166, 0.0278142616942539]], [[0.43994484909200265, -1.6956815378900725, -0.0528971178452905]], [[0.1775546528171568, -1.7151121647427807, -0.04269184925468744], [0.39075992527266273, -1.632215317419263, 0.21686958844904847]], [[0.20800941672693898, -1.6515492251200632, -0.09796814301032623], [0.45243359014877116, -1.7445040965267817, 0.1625397610838402]], [[0.04005507621005802, -1.4640634487767288, -0.38136476947626713], [0.09907450842984895, -1.52093081486201, -0.06190295219700465]], [[0.032642179204581054, -1.5575386159145548, -0.3728533388472374]], [[-0.19834810233795427, -1.3153677672896256, -0.8887534932673293]], [[-0.005727279604174498, -1.4530306768317462, -1.0649475086241782]], [[0.4885094599458841, -1.8670400489668255, 0.306484422653451], [0.32489284026969495, -1.7824259923301893, 0.5964139156595979]], [], [[0.38737596878045605, -1.8193861809706346, 0.18611323704253185], [0.32241118978212735, -1.742112492669865, 0.45422270036661916]], [[0.1240322464684985, -1.557806336948396, -0.2396664562432967], [0.2757540492893101, -1.632717455694396, 0.05031840444341777]]]}