{"bodyId": "h0", "timestamp": 298753, "continuousState": [[[0.6431426021890441, -1.7423220748047834, 0.3937996033808438]], [[0.35444814444862255, -1.7455630797905628, 0.77431362435036]], [[0.44841601035046225, -1.9162586622747053, 0.2702994556498236], [0.2554424177123551, -1.7375989883385792, 0.6011980611445902]], [[0.5486729888390535, -1.837302157214882, 0.2572890690891572], [0.3392215408076129, -1.8640430252274487, 0.5402089687168418]], [[0.23683639301506385, -1.8324847632917132, 0.09470014661430173], [0.2847423082638245, -1.6368466066057552, 0.32276099473769887]], [[0.42547988865030445, -1.832327879213944, 0.21072293927109764]], [[0.14191762778179703, -1.6412894028326204, -0.1335542643171748], [0.09845839154191367, -1.571730490405038, -0.0023858564305990057]], [[0.42792702616020617, -1.6911378348896458, -0.07099919858144245]], [[0.16628765416527863, -1.7194850878493615, -0.013708337796572323], [0.406523379389296, -1.6402891436201679, 0.22780112873038866]], [[0.21084350490092924, -1.6455918176122646, -0.10968323766146909], [0.4279926745826208, -1.7538714900872567, 0.13463350724409087]], [[0.034443425209364026, -1.4580543917100952, -0.399247700115199], [0.0852124887673026, -1.5371803875924506, -0.07525207859004582]], [[0.02668677474924772, -1.5529462258777627, -0.37995757413884096]], [[-0.20938407596903882, -1.311789843419483, -0.8888792622537667]], [[-0.013098217820586115, -1.4591990803127364, -1.028259573200759]], [[0.4861916896419038, -1.8768177073182668, 0.2909640371680355], [0.3118337417731232, -1.7973971723795754, 0.5872144437644081]], [], [[0.39275469092705867, -1.8348934602532976, 0.1759946078517295], [0.3119819245357187, -1.750444815916602, 0.43148498172727034]], [[0.12264346505514663, -1.55182310466118, -0.25446546888833405], [0.2566025816749617, -1.6455259388398535, 0.029690714327022527]]]}