{"bodyId": "h0", "timestamp": 298954, "continuousState": [[[0.6316562748724971, -1.7489425661459845, 0.39877006011529603]], [[0.34265660078734483, -1.7523218473560156, 0.7651369808020023]], [[0.44678611787392475, -1.9233601579062474, 0.26481220604109557], [0.25541094149596394, -1.7429003407724144, 0.5985295709995464]], [[0.538846906767209, -1.8457419884562847, 0.2726180578500221], [0.33922461769925233, -1.857255497843908, 0.5399297784452322]], [[0.21951234313977538, -1.8337068520769846, 0.11163663528484859], [0.3023825912496484, -1.6370941370941532, 0.36404629219010143]], [[0.44139607025901456, -1.815908046020421, 0.21818058650589978]], [[0.13444454232642783, -1.6409917583388791, -0.13768213745404545], [0.1205091638973588, -1.566083117664317, 0.024562600343378562]], [[0.4205271885270513, -1.6844807612725348, -0.08804928249549585]], [[0.1761771444232572, -1.7160597078688962, -0.057298887494555174], [0.3976257167471047, -1.6305966022133798, 0.1820964630502699]], [[0.20820293787433117, -1.6500276768189983, -0.10876652074610184], [0.42033177983197195, -1.7439210189449887, 0.1300741962879847]], [[0.034918760691927446, -1.4720160419913162, -0.3801798079197074], [0.06993203753351122, -1.5336339507869279, -0.08935808784128199]], [[0.022834999587837614, -1.553330822509705, -0.3454567898950884]], [[-0.20886841557693198, -1.3145823405256492, -0.8771641104132555]], [[-0.052553712383399245, -1.4517006644149912, -0.9366620642196513]], [[0.481666778714062, -1.8841121828703717, 0.29424399517827443], [0.31450939068075445, -1.7949348174538087, 0.5875517893410959]], [], [[0.3791796249534922, -1.8397244202666347, 0.19212734656743533], [0.32080360447445033, -1.7471748174690305, 0.4519880353176668]], [[0.12156084928312931, -1.5610218594051573, -0.2444731643329046], [0.2451319086827416, -1.6387774848659582, 0.02035805422335135]]]}