{"bodyId": "h0", "timestamp": 1630675666924299155, "continuousState": [[[0.6337229911588383, -1.7481913260219524, 0.3938428967585012]], [], [[0.4658642339979875, -1.9267958500077953, 0.2208194086057706]], [[0.5261293856142529, -1.856811634974873, 0.2859134124897016]], [[0.22487946819261173, -1.8327528814729441, 0.0915804901464553]], [], [[0.134743406471226, -1.6443579984731964, -0.1343822225919105]], [], [[0.1643371388380031, -1.7198117999487958, -0.028249122027965312]], [[0.20124107200239394, -1.6564479432196006, -0.09445113671015361]], [[0.044743710126403755, -1.489716092159579, -0.34489742782375427]], [[0.030423254356518614, -1.5596811308611953, -0.36626372432975246]], [[-0.2075873843023051, -1.3172402294566758, -0.8741637075899471]], [[-0.05132673571871979, -1.4476264234282383, -0.9795611887206838]], [[0.4896224750363716, -1.8891213679596985, 0.2745077929162817]], [], [[0.37550442690343233, -1.8447822582239084, 0.18874695131807845]], [[0.12299239106439885, -1.5730820176895897, -0.21967428226695393]]]}