{"bodyId": "h0", "timestamp": 300294, "continuousState": [[[0.6339952516399266, -1.74128438110018, 0.39181882953930813]], [[0.3499004599089592, -1.7510507548750767, 0.7692084682915256]], [[0.44351640423125666, -1.9265021248099796, 0.2635526283165102], [0.24611996247535511, -1.74597927434518, 0.5918022997716539]], [[0.535791836360311, -1.8563489227139243, 0.2746271939772114], [0.3479377221919344, -1.8631343982334057, 0.540671875437628]], [[0.21813190792875406, -1.8375956153696686, 0.11099079619728969], [0.2817511938440948, -1.642504441801624, 0.3451699963663505]], [[0.43594253819462003, -1.8263725626525675, 0.21980553297134134]], [[0.13434209972371827, -1.647298879324329, -0.1338555599598501], [0.07206251067628977, -1.5700678316168692, -0.01898996202418107]], [[0.4152051685437091, -1.6988592457570466, -0.08738146939390481]], [[0.17507607909463224, -1.713921286057156, -0.05656642308496907], [0.39958041860173626, -1.6282310927715586, 0.18169998808325044]], [[0.20449668027267795, -1.6561206540874045, -0.10028309888293006], [0.419774830921996, -1.7448406714500113, 0.12239695039452544]], [[0.037775635025141696, -1.4708174206972233, -0.3751208372971591], [0.06435278421783164, -1.5324838212720544, -0.09179996768488718]], [[0.02650560692093211, -1.559202976627237, -0.3642601566498158]], [[-0.2098712966677547, -1.3086116418480083, -0.881844739736845]], [[-0.01508069119464767, -1.458531513221589, -0.9933256013075702]], [[0.49186209646752577, -1.888717486299387, 0.27606048630021335], [0.32648210515671056, -1.7981794736702796, 0.5928397805447344]], [], [[0.37696187214453253, -1.8469722690417965, 0.19280899508725055], [0.31484445801801464, -1.7528194200175147, 0.4429209359019892]], [[0.12113615764890982, -1.563469037392314, -0.2377019680900446], [0.24206380756991383, -1.638662246361033, 0.01529849135481913]]]}