{"bodyId": "h0", "timestamp": 1630675666924002613, "continuousState": [[[0.4945518345253087, -1.5843887476069298, 0.5476701753775772]], [[0.2221871868864739, -1.5262900764275669, 0.8112860481076778]], [[0.3579856209429234, -1.7274625612238805, 0.3903825879013466], [0.12735512843518382, -1.4965467741834422, 0.5879352033549217]], [[0.42768222275533624, -1.6522766600767416, 0.41671967118577186], [0.25337443343667587, -1.6165496731915077, 0.5789768222032919]], [[0.1089826978895607, -1.6543308262653067, 0.19955080579553625], [0.235297298018329, -1.402331728999397, 0.338357891910108]], [[0.3209208125898594, -1.5787178262841552, 0.3453294250978131], [0.3619245448622185, -1.5566089037947597, 0.33320929134670335]], [[-0.005657887578225427, -1.4811587234630954, -0.025226944749425457]], [[0.3457937089977702, -1.4326918643682418, 0.03086465848602734]], [[0.04617281563171713, -1.5881555718717963, 0.06432326184352428], [0.29362115776556813, -1.3781978705084748, 0.136855961745493]], [[0.05357066087500948, -1.492453412834936, 0.017614908275936158], [0.3649772443758777, -1.4931258206357092, 0.14834178688696967]], [[-0.040652203870605176, -1.4475595123031302, -0.23521584193826198]], [[-0.052975736048805996, -1.4236141915949838, -0.2336128627177509], [0.34278040188286857, -1.4411988507124087, -0.2509868072984832]], [[-0.23230220423072492, -1.2771707697950752, -0.8720415853199601]], [[-0.22138735882556174, -1.2905891455608056, -0.8307479502546408], [0.23194251875876398, -1.4225635557930278, -0.8204435351454878]], [[0.4036761338832859, -1.6995572006553474, 0.41616004534618084], [0.21681110997266478, -1.5555097950145105, 0.6087475358145727]], [], [[0.26833246032244845, -1.653303743171024, 0.30813523849065405], [0.24433586572750243, -1.5094407010954525, 0.4586673570567]], [[0.006459228502202152, -1.470006462569033, -0.10880046683116291]]]}