{"bodyId": "h0", "timestamp": 301165, "continuousState": [[[0.6301735607761221, -1.7451565911925435, 0.3924137950652771]], [[0.3327136202193762, -1.7533891218911424, 0.7645785082137645]], [[0.4443642450212298, -1.931098279275962, 0.2637416422276847], [0.23893377290863463, -1.7452931251427344, 0.5880506638425479]], [[0.5410770587163954, -1.8539885195225818, 0.26334665372054017], [0.3470931526790623, -1.864735851849075, 0.5430775756953469]], [[0.22723349724243921, -1.8379715831313765, 0.08563912486749882], [0.19851193129894887, -1.6506845102952004, 0.24045875193525468]], [[0.4314541715287423, -1.8269517285455061, 0.21725396563804816]], [[0.1340432693294373, -1.645995112236077, -0.13583465815482942], [0.09325609300919245, -1.5730095008898914, -0.009085074614124323]], [[0.4145787165029606, -1.7038262623661562, -0.0826504908597949]], [[0.17673462935247927, -1.7171271168910793, -0.06030085826954519], [0.39098232799641847, -1.6242123680369958, 0.16566010694971214]], [[0.2046500916391244, -1.6588316349721393, -0.09796828273850701], [0.4497325044328527, -1.7311627867868886, 0.14571628762955696]], [[0.03793522526404223, -1.4715292317375746, -0.37944558445024656], [0.06172929658677094, -1.5267002826722762, -0.09546945267773117]], [[0.026032759455401788, -1.5584802950727568, -0.36539128859225]], [[-0.19735287479474525, -1.317017654997582, -0.8760298778771917]], [[-0.017997602817863823, -1.4554784332144337, -0.9956979093916852]], [[0.4887270394143293, -1.8909665088345944, 0.27809117073201833], [0.3194635096866441, -1.7997250793200545, 0.590064967573019]], [], [[0.38415527797941734, -1.845980051326979, 0.1744928892940195], [0.2728025419890056, -1.7577101810721376, 0.3917681638153008]], [[0.12129265845158331, -1.565180433354857, -0.23870693359437678], [0.2557309005098118, -1.6289315347295825, 0.025123417475912894]]]}