{"bodyId": "h0", "timestamp": 301500, "continuousState": [[[0.6302124345759387, -1.746063657190738, 0.3944965887769765]], [[0.33216505478741626, -1.7556772307154793, 0.7598983891246627]], [[0.4423472897967967, -1.9295010773310257, 0.2649188920654965], [0.24299616931375567, -1.7491712010485656, 0.5836860160208476]], [[0.5415828269787771, -1.85941199111244, 0.264128917981604], [0.33426136822477975, -1.8631019935690247, 0.5336452361368679]], [[0.22108818002108546, -1.8375004874090344, 0.09559407982666676], [0.22261534997957574, -1.64501053515988, 0.25820534779773696]], [[0.43861001906827685, -1.8218092424523, 0.22221805905988548]], [[0.13512240534723513, -1.6462999351461567, -0.1406879948868832], [0.09134662608879922, -1.5702055326834377, -0.0027809470907609467]], [[0.4207439931294705, -1.6949914496399323, -0.08223566515376933]], [[0.17262277848358298, -1.7158894906991466, -0.06188476691779101], [0.4113979640620073, -1.6209190743508093, 0.18110433576524224]], [[0.19888450774165967, -1.6660277186574577, -0.09798319021793576], [0.4291954168811867, -1.7328835156379783, 0.12417805707154912]], [[0.03588484758591517, -1.465559545940106, -0.37945034802880195], [0.07166639248819343, -1.522585687931647, -0.08279798567222178]], [[0.024503067524415088, -1.5571207246045822, -0.3746482059317025]], [[-0.20859175697504695, -1.3131389068475274, -0.8694780795539655]], [[-0.057698595067988266, -1.450862101646087, -0.9166506153237747]], [[0.48967654103791786, -1.8927079372766407, 0.27752522464480806], [0.29194327071815906, -1.8043478871636593, 0.5654332442817201]], [], [[0.3813355034999313, -1.848456239260737, 0.1798614989041354], [0.27843835910217773, -1.7540562643644524, 0.3959252919673024]], [[0.11738467766378742, -1.565793632298782, -0.23871676912336887], [0.25043090468469004, -1.6277346017848127, 0.02069003569966367]]]}