{"bodyId": "h0", "timestamp": 301969, "continuousState": [[[0.6281582743861809, -1.7490499912796276, 0.398000407411404]], [[0.3315929103203689, -1.749743619944968, 0.7651123313268507]], [[0.44064765648399423, -1.9322305183584036, 0.2648306406981055], [0.2515249051463174, -1.7490106881819203, 0.5973730696736752]], [[0.5336859154783236, -1.8587139815834075, 0.2784987573862595], [0.3405891152797512, -1.8593085059411423, 0.5459697845617864]], [[0.22894836838304097, -1.8407273419501857, 0.07694349087301544], [0.1749985239111302, -1.6535715076722701, 0.2225142797105741]], [[0.4349074836719801, -1.825588842819787, 0.22293644709840374]], [[0.13123406000629875, -1.650644176026409, -0.12854958361473906], [0.08347544631694609, -1.5725194138506227, -0.014463948555682919]], [[0.42465404501850434, -1.7002566635115064, -0.06862485190400594]], [[0.17442650670445603, -1.7139050669460507, -0.068815494525453], [0.41229711482259107, -1.6264434225162312, 0.18211896610213466]], [[0.19987435038134663, -1.6584836472222115, -0.09654388639277295], [0.41426634527439615, -1.7356987921825464, 0.10998101261913484]], [[0.031021404719987572, -1.4733122660508902, -0.3621343175493305], [0.061770233235619115, -1.5259417801271427, -0.09372770347975529]], [[0.025534828872603044, -1.5524535778604953, -0.3869101832405263]], [[-0.2069540695451139, -1.3150407873978098, -0.8776717791305759]], [[-0.015372302653734493, -1.4586180477973116, -0.9948699536168788]], [[0.4895337244389263, -1.892683244782767, 0.2774585016362314], [0.2796377885943343, -1.80826795035726, 0.5656977152477871]], [], [[0.3813171419306823, -1.8497206617667965, 0.17772112412963748], [0.2577938195954407, -1.7564400068067063, 0.38424203213618024]], [[0.1154478775506671, -1.565897956636551, -0.22933910197105173], [0.23801828925500762, -1.6308202861548446, 0.008126654569689779]]]}