{"bodyId": "h0", "timestamp": 303175, "continuousState": [[[0.6203047071387419, -1.7621791177622028, 0.40750642306212603]], [[0.3236876283278523, -1.749561511824581, 0.7605425121023704]], [[0.44234065802728134, -1.9323685307964877, 0.2551569817835375], [0.29663229129979823, -1.7465369812249336, 0.6186495803927449]], [[0.5492941622512503, -1.8569162485097752, 0.2741437727143484], [0.35609981643633526, -1.858457537690505, 0.5540980852425317]], [[0.21771196986436125, -1.8440685053655497, 0.10924598511872113], [0.24053907114691903, -1.6523514643987032, 0.2730724223723596]], [[0.44853119104393224, -1.8278193375833027, 0.23615510564324382]], [[0.13638611967356798, -1.6466457186387051, -0.14414043420186953], [0.11790839317343194, -1.5760796983325174, 0.01932872739857271]], [[0.41435969994081095, -1.7069175170486506, -0.08299109642873577]], [[0.17693307147345466, -1.719280804625633, -0.06552604608823777], [0.33503470644884303, -1.6474925011263073, 0.09996276395601057]], [[0.2120318701711417, -1.6581251631029927, -0.1209800223754421], [0.42641062975529076, -1.745652078222227, 0.12190624282928661]], [[0.03755758361926087, -1.4821384331353682, -0.3798520890319976], [0.07891606989105139, -1.5363968478806498, -0.07684524350782135]], [[0.029130509067705417, -1.5600937872139873, -0.38047942041415966]], [[-0.19628787589821542, -1.32255145541588, -0.87631552959381]], [[-0.016991771025131813, -1.4650507989596482, -0.9933208678714518]], [[0.4889206419022937, -1.8922332644579916, 0.2800331517699312], [0.3025873100257836, -1.8073046024432855, 0.5757717391705828]], [], [[0.38350306605780576, -1.8504923769376624, 0.19169487891653478], [0.2983194437916271, -1.755404501044604, 0.41358525380744565]], [[0.12479472689520128, -1.5701317981191805, -0.25041605570371983], [0.25266334982317107, -1.6410244630514383, 0.02253049966073263]]]}