{"bodyId": "h0", "timestamp": 303242, "continuousState": [[[0.5977539205620092, -1.7783849645061236, 0.43031841868462106]], [[0.3213461396931084, -1.7331497779284846, 0.7685001911792986]], [[0.43034754765319216, -1.933717869452216, 0.25924709419388864], [0.25057871905488627, -1.7502227745322039, 0.5917793461598724]], [[0.548370454093909, -1.8561194247633597, 0.27279956284376317], [0.34989587163863917, -1.8638164556711045, 0.5462242460209472]], [[0.23583382193207472, -1.8388230662750729, 0.05837297929111128], [0.1753974606417628, -1.6516326573508473, 0.22731655874620105]], [[0.4497187621730459, -1.828148053036406, 0.2362030155769096]], [[0.13697981564954415, -1.6507447600447613, -0.13981873245904514], [0.0791886421272759, -1.5746776295752885, -0.007742459560680118]], [[0.41721973399454076, -1.706047423034639, -0.07664466829393746]], [[0.17467547610074807, -1.7187984978194588, -0.06256054567634624], [0.3786356794388437, -1.6360246755394872, 0.14797160662895636]], [[0.20731325416445243, -1.6542558091925161, -0.10802553786399563], [0.435737357125862, -1.7382886456197153, 0.13109179472735333]], [[0.048372979924123795, -1.4926399302215827, -0.35919666525072785], [0.054446768425797924, -1.5357105483959854, -0.09284073288027025]], [[0.026570626954574437, -1.5620005758549012, -0.34620640346679626]], [[-0.2078612164474165, -1.322518215554469, -0.8526115475336187]], [[-0.05546612069202652, -1.449903544892774, -0.9424765728477723]], [[0.48415018815148353, -1.8933573122260245, 0.2805184084587222], [0.28741723421426835, -1.8083532800839512, 0.5655237711687919]], [], [[0.3921021380129919, -1.8474712455192162, 0.16558627106743723], [0.262646666140201, -1.757724556510976, 0.38677040238357413]], [[0.1278431170442881, -1.5734478697070493, -0.23361110155736176], [0.24509206277582996, -1.6369995970078504, 0.019125530923541537]]]}