{"bodyId": "h0", "timestamp": 303510, "continuousState": [[[0.5740943269959002, -1.803186650482028, 0.4403855313197238]], [[0.30992722153494195, -1.7222609949281746, 0.7673221649461004]], [[0.4307409839342359, -1.9411094632439008, 0.2521024515195295], [0.2838816049652087, -1.7672549896766983, 0.6226717731013236]], [[0.5567721553688729, -1.8412752524028666, 0.27395121053548405], [0.3537637003749537, -1.8493080265541209, 0.555661699618187]], [[0.2292435378708447, -1.847718040909082, 0.05943502451330255], [0.2485735426774995, -1.6658686612217182, 0.3207591644972206]], [[0.4542475776665669, -1.8166985182552138, 0.2326824620334944]], [[0.1314323414729487, -1.667837748271702, -0.13811951532881925], [0.21606267377056815, -1.587767823178232, 0.12055479250103712]], [[0.41732751996722617, -1.7018449422409379, -0.08250408922284828]], [[0.1682644237697283, -1.7425068892809719, -0.09332417523208687], [0.40605231630326966, -1.674238876893527, 0.1772462422907772]], [[0.20163508135938718, -1.668140852750361, -0.0977462868826667], [0.4468946426877567, -1.767600406689632, 0.15680641883885324]], [[0.03744555007226433, -1.5216020334079983, -0.3576396410273553], [0.3752990616019563, -1.606817637867689, -0.17676419695700837]], [[0.031078115735569498, -1.5406603341654959, -0.35239034936014013]], [[-0.1925118767827506, -1.3315592242525462, -0.8548104359805343], [0.11394107564284105, -1.5830584333377888, -0.9012528297452411]], [[-0.17023484600961103, -1.3601659211638808, -0.8298770930602067]], [[0.48362858537421133, -1.892173048215877, 0.27965454458702493], [0.33059372228731626, -1.8060385038719806, 0.607310827759986]], [], [[0.3930078466198588, -1.8444966466559745, 0.1666931175243933], [0.3011686215262266, -1.7575883438879196, 0.4382104320577038]], [[0.11954031571582575, -1.5948714430791795, -0.22769296395501099], [0.4110968521448565, -1.6872090222786604, -0.009978889059077567]]]}