{"bodyId": "h0", "timestamp": 303778, "continuousState": [[[0.5694965987462868, -1.8133028995029516, 0.4299332072736548]], [[0.3043897057047252, -1.739064682699558, 0.7546452940618908]], [[0.41910652833384093, -1.9575825358173025, 0.24539922233687753], [0.30754072989851444, -1.7757006381517753, 0.6348638924096716]], [[0.5746724142012992, -1.83129189277065, 0.21277817506211408], [0.37195323483543163, -1.8537524210774696, 0.5756950970394646]], [[0.2261107755791388, -1.8695738077518316, -0.0065416070519404455], [0.2514335365911363, -1.6908905544479134, 0.32681815527975483]], [[0.47396192480440186, -1.811796368685721, 0.2592029118537657]], [[0.04976685958123994, -1.6199985376539199, 0.032471771348422634]], [[0.43175482964637146, -1.7093930237765362, -0.06482285736421772]], [[0.162047041698768, -1.7514073375813466, -0.12110015143703685], [0.410657280977887, -1.6846222748956232, 0.18236594446034565]], [[0.213136993621128, -1.6491511912229717, -0.16609524421095442], [0.4596233978019616, -1.7562450851479823, 0.1230185458805729]], [[-0.020822707502164178, -1.5300372011146857, -0.4019912911455367], [0.10984609723535141, -1.5673523985831335, -0.04570358034131482]], [[-0.00808404350682963, -1.531103020488702, -0.3728646108259304]], [[-0.11832101257510871, -1.5428753334352865, -0.9260669242938697]], [[-0.1020599230340521, -1.5461757850057154, -0.8276714438942094]], [[0.47141498469477977, -1.8997864082316525, 0.25716014901856377], [0.3223658396654334, -1.8237720556400838, 0.6011908861636787]], [], [[0.400391594890219, -1.8504328502612408, 0.10311828400508681], [0.311693385713284, -1.7723214877626914, 0.4512566261596097]], [[0.09615714305948192, -1.5895941961688287, -0.28404326767824556], [0.2847347475186565, -1.661798741865558, 0.03865748276962904]]]}