{"bodyId": "h0", "timestamp": 304917, "continuousState": [[[0.3947013926412599, -2.0104686827932334, 0.4734210837119497]], [[0.09829188290026787, -1.9115100258433604, 0.7666930701168324]], [[0.2492153202846294, -2.170734209534072, 0.24847757541202417], [0.16660371182800326, -1.9473815071588512, 0.599364274073378]], [[0.39504381389734244, -2.027096536788767, 0.3626215310048703], [0.19583148038109288, -2.048219170567598, 0.5710174275414438]], [[0.08352416578482774, -2.114040858784434, 0.0252824943391804], [0.2753308992445266, -1.8911141607123145, 0.3148702116114937]], [[0.4116375147744893, -1.9781667426408531, 0.12887390799034393], [0.28351645913142487, -2.1031418815982224, 0.2550883377304569]], [[-0.04069582348282554, -1.9692993647885702, -0.2839690815380502], [0.3096755406642144, -1.8542475687637585, 0.0975258762144822]], [[0.34635765574992367, -1.9928415379500497, -0.020245939049768368]], [[0.06964649300124534, -2.0708069662423427, -0.01184398025953874], [0.32830495138049515, -1.9537752822736092, 0.04367489955906172]], [], [[0.3571999725570493, -1.9252989188180485, -0.35057776557825854]], [[0.3304709303444215, -1.9874291953045051, -0.4009383430823402]], [[0.339922242237159, -1.9977840138314626, -0.8682911400166429]], [[0.3383275329788382, -2.0125375045549614, -0.9348781934661277]], [[0.3598289226822274, -2.1050659421396025, 0.25407381839629783], [0.1776823429682238, -1.9982285643216526, 0.5830853499506083]], [], [[0.2392839898410851, -2.0705686977866007, 0.19395201267202536], [0.23558118981280973, -1.9696666656399562, 0.4429438195764688]], []]}