{"bodyId": "h0", "timestamp": 305587, "continuousState": [[[0.47338748587644885, -1.9576954234473685, 0.7181556506716205]], [[0.5167355025272224, -2.041427258787322, 0.7358322433150308]], [[0.5598640583769577, -2.1710822712871343, 0.1478293515386838], [0.3451152730401409, -2.050004196002215, 0.49026461154387196]], [[0.7831988553324551, -2.072455147248603, 0.045551371423794534], [0.5589109088575623, -2.1702059078897253, 0.5128262274326248]], [[0.37743715278124224, -2.105784482581197, -0.08877242429300464], [0.3584940001174946, -1.9792899170212244, 0.29685354952402326]], [[0.6639869206092619, -2.166319267215819, 0.2733763221739007]], [[0.3171322276756212, -1.9390123957178773, -0.34302782570543716], [0.1581942620426655, -1.9662179135547457, 0.0006003652118033642]], [], [[0.3080444958233657, -2.0050880442965737, -0.266449069743031], [0.4234396149860972, -2.0104249504327814, -0.08518007767913537]], [[0.3484115146157828, -1.9083408539003857, -0.26702793471982045], [0.6155878144691048, -2.0730871294482194, 0.08352220132843172]], [[0.11788341526810762, -1.8579550422215294, -0.6479268115391247]], [[0.1332513852825233, -1.8386121374415938, -0.6649588152670172], [0.6419185419444766, -2.000934014882297, -0.18371951500995623]], [[-0.13296992708160327, -1.7420376866936833, -1.0461628663967317]], [[-0.10485037564843981, -1.7504874860644715, -1.00627215014498], [0.4507951514312399, -1.9982548191555922, -0.8747444283555835]], [[0.6832578982756304, -2.1239151441768915, 0.08162568253762492], [0.45556560121579015, -2.11408639659786, 0.5109495071206049]], [], [[0.5803180040568487, -2.0891198149149, -0.02161052643460505], [0.45870245448752844, -2.074747912455475, 0.4048398884783241]], [[0.23314746494194521, -1.8831479480609574, -0.45747737312947256]]]}