{"bodyId": "h0", "timestamp": 305788, "continuousState": [[[0.5095064669371652, -1.9715908965329636, 0.7033727909420403]], [[0.6104341051019244, -2.058239741593707, 0.7432558756443717]], [[0.6375898739402144, -2.174362827619347, 0.10085317891484714], [0.39441730909002015, -2.0757840659335116, 0.4971739336484172]], [[0.8341247012124706, -2.054200465501939, 0.03120433903814569], [0.5933965524215942, -2.1782999866324317, 0.49146210489080433]], [[0.43796298322146054, -2.1259797470245947, -0.09841422022637994], [0.38516337105007276, -2.015417381769788, 0.3209427058815779]], [[0.7167610076153335, -2.1663094499788436, 0.2859365374325241]], [[0.3457346932820178, -1.9705504700731042, -0.32159736201268085], [0.18715944374957097, -1.9977072497090749, 0.007894741777036871]], [[0.7105475640875449, -2.121067374990128, -0.08768847387528718]], [[0.36189288434746875, -2.018864189976495, -0.31149311773659066], [0.5071504317009087, -2.030707623326362, 0.07393752184377876]], [[0.42276090183552145, -1.9158188041312465, -0.3608963488501006], [0.5998819430658666, -2.13863971018217, 0.07575279412796544]], [[0.14560981811119336, -1.8567521055819072, -0.6179303786733753], [0.5297282866686873, -1.9817222663854246, -0.2752261402995698]], [[0.15607064892262634, -1.8278980047319953, -0.6198261592858164]], [[-0.08970890066945651, -1.7859123797727765, -1.0637716816786584], [0.43772929073195566, -2.0097028948901694, -0.8700922866598036]], [[-0.04624469808070012, -1.7891898992560273, -1.0579192610806374]], [[0.7322240467668263, -2.117120651673974, 0.06937461992024328], [0.4920487776313935, -2.131392957678916, 0.5015782649655596]], [], [[0.6360438422169656, -2.0900901062632666, -0.03360494059411712], [0.48927996173583344, -2.09685868420111, 0.4062024053861911]], [[0.2841853599733574, -1.8862854548565768, -0.48941336376173794], [0.564805114867277, -2.0601809882837974, -0.0997366730858022]]]}