{"bodyId": "h0", "timestamp": 306123, "continuousState": [[[0.5373440216203348, -1.9700151004671862, 0.7433999609465417]], [[0.5991672280606526, -2.073474426787102, 0.7563235269553151]], [[0.6446500913657812, -2.1936810132073905, 0.056915857478747056], [0.427961136236454, -2.062187742763624, 0.5486979452244329]], [[0.8120145872747891, -2.0719139617833444, 0.040101444136004145], [0.6158144252324109, -2.1684587207307304, 0.5450499453371772]], [[0.42095412310217895, -2.112119823449992, -0.10993534742780457], [0.40255283238940953, -1.997375743896764, 0.33339854109187855]], [[0.6217508112547525, -1.9848798717148077, -0.09204360028163341], [0.7094835752606803, -2.1586954818648176, 0.3148893813562063]], [[0.31454662919138665, -1.9760793131624164, -0.3220311749531952], [0.1734130009560788, -1.9868049566738746, 0.016280238305611875]], [[0.7555114072216077, -1.8360889070015283, -0.579740708367553], [0.6315878254968402, -2.08584297465686, -0.05618829255677338]], [[0.344387184411144, -2.0310319200964644, -0.26865612783032405], [0.48145182998163116, -1.9963782269344374, 0.0416708192768333]], [[0.4341887033271502, -1.9137329907670877, -0.3688031036267089], [0.60792797704955, -2.0927940050175153, 0.09597474963655236]], [[0.16264565785915613, -1.9046419198751197, -0.6493022006574193], [0.6290549720922572, -1.948770108698689, -0.14353728248529818]], [[0.6542951110878102, -1.9782118516642266, -0.1474560685296558]], [[-0.05195754954039594, -1.8060704938948449, -1.103716030987748], [0.4558546427152512, -2.0077980911112414, -0.8848156106205664]], [[-0.010169431742901509, -1.8011725160562713, -1.0949197733015612], [0.4593078175419671, -1.9974147179369544, -0.8920922826510675]], [[0.7052293472709803, -2.129233799146529, 0.07771324676810763], [0.5430337325064332, -2.1064472048575067, 0.565786073430528]], [], [[0.616484355188484, -2.0920168926166682, -0.03491695164590021], [0.5091836288109102, -2.082917232313747, 0.4392242432145279]], [[0.29841718059315314, -1.9091874553211037, -0.5090526521420641], [0.6184914745709036, -2.0207820568581023, -0.023781266424372907]]]}