{"bodyId": "h0", "timestamp": 306190, "continuousState": [[[0.8257305345712082, -2.0281236803433544, 0.2714831344584059]], [[0.5811548577227181, -2.0674621421329924, 0.7659285755730595]], [[0.6562435936724501, -2.207509025948976, 0.025714460589624424], [0.4125132120139649, -2.061054425354142, 0.5359632558871199]], [[0.8122327772514218, -2.07460111760973, 0.038507578699688336], [0.6031888262371344, -2.1705106066147324, 0.5395354783978541]], [[0.4074235845231717, -2.1156999884554866, -0.12004561136348366], [0.4027928681479075, -1.9918223685967247, 0.327640965856682]], [[0.5965454310002005, -1.9865497615000542, -0.06938438709088474], [0.7040952343713259, -2.153974031427994, 0.3096374960182056]], [[0.3033247211884647, -1.969406109476551, -0.3282059423142223], [0.18753949861937236, -1.9836984673824596, 0.028284881315173607]], [[0.5986658364366237, -2.070235186918826, -0.07964892397571839]], [[0.33833595652819254, -2.0331070909163724, -0.26423793687622876], [0.4810306366253176, -1.9874698319741229, -0.04957111929345933]], [[0.4264217064085755, -1.9165103677178223, -0.3565826573974507], [0.6201271404344575, -2.0665499866478667, 0.05437358487611209]], [[0.15645548144254853, -1.9211610553868061, -0.6132752515310718], [0.5642566429604692, -1.9400394850142757, -0.23408951332513084]], [[0.17848075202027724, -1.853625543024276, -0.6523935368016374], [0.6447039257556856, -1.9666790394195868, -0.18040620951719233]], [[-0.05455497236977229, -1.8053532798849952, -1.1021170019924784], [0.4438415844122901, -2.009350611452537, -0.8893757740229382]], [[-0.01040113139515887, -1.7921285952850317, -1.1051104420324651], [0.45221610751011054, -2.010825669445303, -0.8856698555054888]], [[0.7039996316606741, -2.1336871331250493, 0.07283177762047126], [0.5480769155318547, -2.097331763165352, 0.574267607031564]], [], [[0.6098281808872967, -2.0951505530326084, -0.04076901633189766], [0.502990847192521, -2.0811664876057288, 0.43358822212726805]], [[0.29143859392556204, -1.9188357115523142, -0.4849289544642612], [0.5921918916974633, -2.003294735831071, -0.08985796422450937]]]}