{"bodyId": "h0", "timestamp": 306994, "continuousState": [[[0.7062250119533112, -2.0668651804991964, 0.3096743539366421]], [[0.4209334808986089, -2.0925414105857802, 0.7453482368157829]], [[0.5130658941770234, -2.2366314391396562, 0.10656061281522033], [0.3254612727888366, -2.081844925592781, 0.5403284788559849]], [[0.5219137877099826, -2.164310631857878, 0.5616038678176895]], [[0.33632934423624355, -2.1401463263913088, -0.10811155448553222], [0.2818616738033693, -2.014889672894686, 0.2043906704165572]], [[0.5859016673445887, -2.000636143042684, -0.03569431969984589], [0.5857954066329462, -2.1596623570851214, 0.24888591867861737]], [[0.2179515416486339, -1.9908522221191594, -0.30675730037717497], [0.13162452727481833, -1.9826348286326332, -0.03091184044430429]], [[0.5501355163474454, -2.036355508085749, -0.082636860956909]], [[0.27788488380614096, -2.0403984223279767, -0.2272506291108034], [0.48435729930342336, -1.944694858201875, -0.05508905552321312]], [[0.37305829675222063, -1.9238387336336622, -0.2666665669857223], [0.5222180606057425, -2.0767094168128177, -0.07455013518419946]], [[0.14354111590303, -1.927068482412132, -0.5901872274159603]], [[0.4786549909643511, -2.0083985932620907, -0.4316041923342189]], [[-0.05619942965964992, -1.806316477896935, -1.115567864314286]], [[0.4380806877769678, -1.998704902044099, -0.8880306334220106]], [[0.6472573595144181, -2.171127875522479, 0.07549882136827045], [0.43338202065320913, -2.117000589810243, 0.553673742295115]], [], [[0.42912156597311313, -2.1522284791245934, 0.2267461566660786]], [[0.25829970632762533, -1.925453608022897, -0.42842689720084126]]]}