{"bodyId": "h0", "timestamp": 1630675666924308066, "continuousState": [[[0.7350126282493468, -2.078259990607077, 0.2741206646045739]], [[0.4169285840650664, -2.0887191133746374, 0.734852346556764]], [[0.5162313195684699, -2.2559638722009563, 0.12242490313406892], [0.324645035932552, -2.104775695221055, 0.5613875615757359]], [[0.48262449773936894, -2.202523970958732, 0.5322149969098378]], [[0.3409870479376415, -2.160005650783079, -0.11284945680287774], [0.28492163249110014, -2.044141205621651, 0.21590774307660376]], [[0.5717594377562432, -2.192751534402468, 0.24878743141081214]], [[0.23672677520741597, -2.0267248584659905, -0.32282997812843656], [0.13766665981500387, -1.9934300248394492, -0.026082020379972162]], [[0.5214885514663479, -2.0944992623981364, -0.10181878626983325]], [[0.29497632961943515, -2.0494831306514474, -0.2628026186660286], [0.46418956218396557, -1.9797851629753764, -0.06904505119251507]], [[0.3700208384249107, -1.9313972049996992, -0.25741422743692827], [0.5165393262554494, -2.1049865836681376, -0.04338746571492857]], [[0.13978672054942126, -1.932005385271262, -0.583632571510098]], [[0.5038209992500438, -2.014925968876359, -0.3470875213705565]], [[-0.054875774606166036, -1.8034794082208803, -1.1143075313520485]], [[0.23243600603349454, -1.7630617159061706, -1.2617690285535716], [0.43832294686044315, -2.0119916877096893, -0.8795252362137315]], [[0.6277833840341007, -2.1870847124594572, 0.09892770499330891], [0.4400276163187059, -2.133700208362147, 0.5663888498302613]], [], [[0.4118057728385052, -2.181264810870905, 0.20968277005348002]], [[0.25490377948716597, -1.9317012951354806, -0.42052339947351314]]]}