{"bodyId": "h0", "timestamp": 1630675666924308602, "continuousState": [[[0.4048381317179874, -2.040351349407485, 0.724024695917161]], [[0.45754011528665545, -2.1537811080396385, 0.7302569276600084]], [[0.5243411937587484, -2.258926820082709, 0.10936933264773574], [0.37142520828753206, -2.0507970263135076, 0.638490785098652]], [[0.5196852662071342, -2.1870066944664397, 0.5566178926173759]], [[0.31856272123102425, -2.155386444224674, -0.10172368309590456]], [[0.5749156094930791, -2.187196033605647, 0.2458459679362479]], [[0.19972455194658403, -2.019802442390357, -0.31073123607858066]], [[0.5447955453780412, -2.0581790350408675, -0.10971208072644345]], [[0.26859264737870653, -2.036916770683332, -0.2700053890435688], [0.4155000268131946, -1.9729505331716166, -0.019813249004978162]], [[0.37593266368308803, -1.9273890042248916, -0.2884052606853177], [0.5079433554265292, -2.1067756071532826, -0.03269031140420975]], [[0.12167844920528023, -1.9287880664607233, -0.5880759361316313]], [[0.26708199007527544, -1.7259145321245735, -1.2338174875526238], [0.5375114375915468, -2.000978811596073, -0.2841895361791292]], [[-0.05405732911260043, -1.7988487832285704, -1.1187934232677468]], [[0.4318498759060351, -2.0053540995477177, -0.8780709183042689]], [[0.6399117823787173, -2.186289686027472, 0.09324052059962787], [0.4408221063781157, -2.1292252644185856, 0.5711928828649083]], [], [[0.4191239937190792, -2.1711965693455566, 0.22744710476073568]], [[0.24880555644418412, -1.9280885353428074, -0.4382405984084745]]]}