{"bodyId": "h0", "timestamp": 309473, "continuousState": [[[0.39713012071604814, -2.028494903598847, 0.7166262953850112]], [[0.4649663944851184, -2.132770752673723, 0.7315008719451146]], [[0.5190588458265128, -2.253061381096192, 0.115352951744474], [0.36831458617359636, -2.0530209996937057, 0.6092102637019643]], [[0.516581341977291, -2.182016492927557, 0.5550484008682506]], [[0.32420980959633544, -2.1491610903448715, -0.10371903187572275], [0.2409991344589705, -2.0617222791245213, 0.21961632351029858]], [[0.604629986016256, -2.011194695274638, -0.03427105091823091], [0.5792778530708217, -2.17549252439523, 0.2590078623196682]], [[0.20987259122592036, -2.016183683911356, -0.3051917844292593], [0.09381412822053858, -1.9975492487656015, -0.03617033551881878]], [[0.5287067387329744, -2.0744832573250362, -0.1054324641009839]], [[0.2826974611138996, -2.0392484727454088, -0.23561769350505937], [0.39615308778366626, -1.9847002931648308, -0.013709073908260734]], [[0.3544679324343253, -1.9279189327870385, -0.20739574023539648], [0.5280591413259501, -2.085380777460672, 0.05245204656499982]], [[0.13641430667278467, -1.9226320046937098, -0.5756204331610575], [0.5052024442887366, -1.9522210671700193, -0.2426635216663967]], [[0.27428884715863433, -1.7605225207432271, -1.1712564955107223], [0.5928416891828331, -1.9759593587687172, -0.14839627609220293]], [[-0.0576133944134499, -1.8014434316982868, -1.1159067895628894], [0.42409775804948435, -2.015172573034755, -0.9111183662611781]], [[0.22759656425959543, -1.7589182308980789, -1.271156632267784], [0.4377250199727655, -2.00564320965371, -0.9053870020899151]], [[0.638755669736635, -2.180114741501865, 0.09652480325072565], [0.43843150043311063, -2.1250207036853768, 0.5685476567278078]], [], [[0.4203955757868132, -2.165588791636214, 0.22566468449626392]], [[0.24544111955355497, -1.9252754687403741, -0.391508086698227], [0.5166307928073434, -2.0188009223153456, -0.09510573755069844]]]}