{"bodyId": "h0", "timestamp": 310545, "continuousState": [[[0.7596064487981384, -2.0708883618194234, 0.26135980054451763]], [[0.4356504557932069, -2.112064341432739, 0.7372622016005214]], [[0.5227619156537332, -2.258188693556344, 0.1062882716967738], [0.353658245998907, -2.072720502032668, 0.5994717680907921]], [[0.4985108447447849, -2.190422674185767, 0.5421250188782706]], [[0.3232872922788177, -2.1533887531075186, -0.10563763089777263]], [[0.5839663857436797, -2.0134374902838093, -0.038404030297602275], [0.5848825691537479, -2.1741711248532867, 0.2619145594441013]], [[0.20463910379822603, -2.017594950874917, -0.3038374792321815]], [[0.543178067181336, -2.0676492538697904, -0.09476266762067757]], [[0.291254969310435, -2.0463370955501663, -0.2695416509585759], [0.4178412480278478, -1.9893752417830115, -0.0031476215455700186]], [[0.3581356984197597, -1.9291180218001625, -0.22056878472007793], [0.5522149378415615, -2.084884840290877, 0.06580540847521502]], [[0.13439592021244692, -1.9274766568838337, -0.5746058372124635], [0.5355143619728667, -1.9525769610577923, -0.2012829934756012]], [[0.2720977166263031, -1.7538112914786197, -1.1642656866663423], [0.5985772717581549, -1.9808657300854757, -0.14034487940209625]], [[-0.058699432790029274, -1.7972487004924633, -1.1323358398685772], [0.4450791766094676, -2.009276974522866, -0.8712524513216124]], [[0.23004658871752492, -1.7587488636961273, -1.2603892771257905], [0.4394262562982424, -2.0060847957980252, -0.8961723325369741]], [[0.6253849822919842, -2.1803090259833353, 0.11112181573813609], [0.430642072875374, -2.1297735363382717, 0.5661187116991596]], [], [[0.4108990685118013, -2.171905713646643, 0.21824369399024898]], [[0.2462658093161033, -1.9282973393419982, -0.3975873109662707], [0.5438646499072142, -2.018730900674335, -0.06773879250019309]]]}