{"bodyId": "h0", "timestamp": 310746, "continuousState": [[[0.7562958777901533, -2.0704333511027544, 0.2597379950910399]], [[0.4286421589521456, -2.1089602795688736, 0.732126807441147]], [[0.5224924971194278, -2.25927057004123, 0.10544011713971077], [0.3666536550741471, -2.0603450578980618, 0.6098722946079397]], [[0.5160010835328385, -2.179751944008136, 0.5595341207395143]], [[0.32204428564240695, -2.151226521104524, -0.10761285774415637]], [[0.5870475573727628, -2.012450275581558, -0.04391439835896312], [0.5826473706370462, -2.18178597337098, 0.2714652749015668]], [[0.20277223836586517, -2.0163991188821075, -0.30283040071689427]], [[0.5198124301429816, -2.0924465682076625, -0.09760777231980955]], [[0.29053491773345214, -2.042766538316252, -0.2676723580768703], [0.4149173695143154, -1.9853674878054615, -0.010071615282580751]], [[0.35950905237728165, -1.926739343711915, -0.22485495083559454], [0.5723371249735976, -2.068679471673936, 0.08750999511488818]], [[0.135273838135476, -1.9281779070599083, -0.5903928250586109], [0.5367744417567806, -1.9540666714532826, -0.20977061184810214]], [[0.276075267381663, -1.7582141867561762, -1.2030785402864144], [0.5905346242296933, -1.9844545998735188, -0.16191422739419226]], [[-0.05823271011565595, -1.7991068580805538, -1.129294113775753], [0.43234047426411554, -2.010576240019599, -0.8994537804145013]], [[0.23183232611048657, -1.7636253552359753, -1.2505945426207137], [0.439035709753093, -2.006321558071522, -0.9055678528363822]], [[0.6210098489089564, -2.180675278435487, 0.1136410027759714], [0.42920074779138484, -2.1270416519613002, 0.5668810237421485]], [], [[0.4190226845876227, -2.1654892325563297, 0.22596063149767895]], [[0.24739144525637882, -1.9274586253859116, -0.4076238879471027], [0.5545557833651891, -2.011373071563609, -0.06113030836660698]]]}