{"bodyId": "h0", "timestamp": 310947, "continuousState": [[[0.7434066576332905, -2.0716415418126886, 0.27264380918118675]], [[0.4292559354827338, -2.1000895518550666, 0.7396899682197488]], [[0.5154093254141273, -2.2563467672016877, 0.12038437552861546], [0.3648313176459776, -2.0601741812369028, 0.6089674273247487]], [[0.5007551681509608, -2.1878036156109713, 0.549615562422839]], [[0.32169219022801354, -2.152424421634893, -0.10066032255125197]], [[0.574785953465085, -2.0121357659266486, -0.030991741913287116], [0.5776840766399498, -2.1840366644760514, 0.2708298162090889]], [[0.20401844996003132, -2.0205245865682024, -0.2994690065565801]], [[0.5102669794356014, -2.097628774175825, -0.10443114014615981]], [[0.27685747619191065, -2.045734948737822, -0.23522140078828851], [0.41691147005480456, -1.9940268421639826, -0.009454898265301609]], [[0.357442275661702, -1.931603919712405, -0.22256061542886413], [0.5404034528371601, -2.0890743534202385, 0.0473214315645896]], [[0.13236638558062083, -1.9280714533302135, -0.5788002369541186], [0.5403930092751396, -1.9550784066616, -0.2047787659793862]], [[0.28150052322667174, -1.7288046761238067, -1.204887763154265], [0.5844682904479894, -1.9878923135435436, -0.17122000684104954]], [[-0.052640442161336266, -1.8088925311355306, -1.0689441966523132], [0.45753524893015035, -2.0016821010550285, -0.852912060502559]], [[0.23791362542133168, -1.7624313048566684, -1.266122966165059], [0.4543940688377836, -2.002219007461226, -0.8768885168743461]], [[0.6230329864818386, -2.179848773795262, 0.11269819508027672], [0.4300846604934925, -2.126610443595669, 0.5691142346907934]], [], [[0.41122367918948716, -2.1701140186229324, 0.22447761993579354]], [[0.2449043306211614, -1.9298376865213092, -0.40068042619149136], [0.5403982310561498, -2.0220763800409194, -0.07872866720739831]]]}