{"bodyId": "h0", "timestamp": 311416, "continuousState": [[[0.7560813498980032, -2.0729069015270976, 0.26463307419296167]], [[0.42601194586130486, -2.091823594365509, 0.7455269466463786]], [[0.5161187948665583, -2.2571268178843296, 0.12029506694709789], [0.3149927528324265, -2.089196219605339, 0.5703733161475288]], [[0.4894251304457828, -2.1894834495818123, 0.5441511728592091]], [[0.3311828893218829, -2.154224076366387, -0.09896884477359026]], [[0.5856834168253194, -2.009084066961283, -0.04122763889731709], [0.5808376930005698, -2.1804343515592803, 0.2674984218369375]], [[0.21508842763422825, -2.0177142409612245, -0.30975969600815595]], [[0.5370977283029544, -2.062671225202884, -0.08429741036822475]], [[0.2732417701958838, -2.0498674949308913, -0.19638085160621632], [0.418769261842438, -1.9843417891788677, -0.01153654538101091]], [[0.36266122919066485, -1.9332524938645936, -0.22720226410363512], [0.5347586988571336, -2.0864069670520267, 0.007510049125778096]], [[0.14115816408342396, -1.9227731950404243, -0.5822127091645614], [0.4931433870535227, -1.962145617179908, -0.30959306538704484]], [[0.2746388769944215, -1.7586621174610717, -1.172504362363672], [0.5810373839585875, -1.977903861975874, -0.1762877505613676]], [[-0.05950515735181182, -1.795673539067912, -1.1370750509641285], [0.42998582344318154, -2.0117596956302286, -0.899946568531266]], [[0.24805827710341322, -1.7578179536790257, -1.2058102294303217], [0.4389808717743226, -2.0107672897094417, -0.901467217423439]], [[0.6122557076554421, -2.180620148972225, 0.12314263732715153], [0.4285848812580382, -2.1267245508921913, 0.5693787802847928]], [], [[0.41030400988383287, -2.1718537629740995, 0.22259116404280943]], [[0.25190969663704443, -1.928012844452509, -0.4047074866340982], [0.5139510429553281, -2.0242762921159674, -0.15104150813063338]]]}