{"bodyId": "h0", "timestamp": 311483, "continuousState": [[[0.7480851368756407, -2.072936807203695, 0.26791598273990846]], [[0.4233034242222866, -2.099492183660086, 0.7425420565902616]], [[0.515653962851206, -2.256370782523513, 0.12051036998387395], [0.3333210631733375, -2.07474888032389, 0.5907480959910061]], [[0.5099551971990729, -2.179822955936831, 0.5640134669389419]], [[0.3333339748416153, -2.154134473316663, -0.11219347184690628]], [[0.5837891194241653, -2.008852493127807, -0.03689223392258691], [0.5832829619756951, -2.174524811604233, 0.26390099006860535]], [[0.20674252953373742, -2.0119209984079944, -0.2963494023866049]], [[0.5481675596199331, -2.0514176125694483, -0.07657090362367626]], [[0.2879517403496839, -2.0517153422601226, -0.23659967944620486], [0.41353760482700797, -1.9859687419330645, -0.008417816914101877]], [[0.3666753927165082, -1.9329332990389048, -0.23524197901986305], [0.5337675694583456, -2.0901247220992984, 0.014603333657927124]], [[0.14325221345604786, -1.9241997731048024, -0.5766339262406839]], [[0.28062010795679915, -1.7529156710264076, -1.1614086083262556], [0.5831626762988273, -1.9766508780093628, -0.17220252247559983]], [[-0.05903047959592158, -1.7976446935842059, -1.128819234459791]], [[0.23312505431716063, -1.7501330610506745, -1.2464934327699784], [0.460473802275535, -1.994844185864266, -0.8520320061515744]], [[0.6201579403633323, -2.1823436761379704, 0.1120808411670041], [0.4192044918897752, -2.129423057816946, 0.5694099287903923]], [], [[0.4216445860203441, -2.1669787146267474, 0.22590999754601782]], [[0.25496380308627803, -1.9285665360718536, -0.40593795263027344]]]}