{"bodyId": "h0", "timestamp": 311550, "continuousState": [[[0.7559782935087473, -2.0768508595881228, 0.2646900509161035]], [[0.4281951946446036, -2.0952867966740705, 0.7469464502807673]], [[0.5162371967190336, -2.256827939768497, 0.12055478718325867], [0.3528636750513138, -2.069350686629642, 0.6011722697815901]], [[0.5153940313929809, -2.176732308126236, 0.5674897312595663]], [[0.3291930853152759, -2.151553838546897, -0.09576864044180593], [0.2966702742207476, -2.0343765338253745, 0.2323115449148711]], [[0.5874986006548397, -2.0113825055981764, -0.03636804620247244], [0.5784964818116441, -2.173292021353268, 0.2571725675253911]], [[0.20946810541754643, -2.012418969441915, -0.3016954117877206], [0.13152223621060172, -1.9912732040522638, -0.034161051981446235]], [[0.5572527518209709, -2.0427525709848426, -0.07337943441864854]], [[0.2831726865510447, -2.054467104503437, -0.20811122931385695], [0.417847554242717, -1.9845641598602062, -0.010395685935567826]], [[0.3785229826648935, -1.9389948444895768, -0.2507618856792803], [0.5199562832966617, -2.0939090921566264, -0.012718594325795947]], [[0.1475639228017555, -1.9281360362459454, -0.5766618246765907], [0.44615721602288727, -1.9753025296239697, -0.3847798431230328]], [[0.2743100050736545, -1.760017832506835, -1.132628052065964], [0.5916884533321993, -1.9753720668255563, -0.1976874451407166]], [[-0.0604543241977579, -1.7977783090637138, -1.1350093557636283], [0.450415329308737, -1.995264515022649, -0.8720121324308154]], [[0.25269900620292385, -1.7481153433969638, -1.2193659955453378], [0.4443714452334557, -2.0001293086772454, -0.8980511408795772]], [[0.6166286614177873, -2.181670948160478, 0.12103564347847737], [0.42625609442722634, -2.127257293920844, 0.5722671344761519]], [], [[0.4222935583541284, -2.1641430733365663, 0.23586054540888016]], [[0.2630434527333245, -1.9335654403677611, -0.4137118551779355], [0.48305674965977446, -2.034605810890298, -0.1987492187244144]]]}