{"bodyId": "h0", "timestamp": 1630675666924312153, "continuousState": [[[0.7462040208295336, -2.0755717662878883, 0.27570606238219963]], [[0.43069760815549013, -2.0975071795455307, 0.7416387861519601]], [[0.5210308985465408, -2.2555265074814126, 0.11623513784032298], [0.3263563848558681, -2.0804417354372204, 0.5821438835066824]], [[0.48882431147093824, -2.191259413734056, 0.5429247849696556]], [[0.33404334723809637, -2.1493074425432175, -0.10341213396905596]], [[0.5841936747375057, -2.006971940073864, -0.03413433168993083], [0.581158090060791, -2.1695720806284333, 0.25778115271592084]], [[0.21601834946571608, -2.012162060899678, -0.30566858939894676]], [[0.5405941605107705, -2.0464016533515195, -0.08716129993476351]], [[0.2876655426766983, -2.049523414733612, -0.22611890740834928], [0.41241829646654854, -1.9799666775121147, -0.020545010654139786]], [[0.36718242320030564, -1.9323912965268324, -0.22799979836358625], [0.5276237684185119, -2.087984168618278, -0.0066134135258257625]], [[0.14481164166677463, -1.9279595892862769, -0.5715370427057669]], [[0.26906953487247953, -1.775916839786392, -1.114141751555239], [0.5171517885433334, -1.9977226753276236, -0.31316258940601027]], [[-0.05605442783956508, -1.8015936026684827, -1.1137815920105067]], [[0.2627661640135844, -1.7515474024524926, -1.2659226151380216], [0.44387606776629446, -2.0025703700853543, -0.8765631906428117]], [[0.6220361645252523, -2.1791732364986274, 0.11651592348353756], [0.41504355759241573, -2.131809041994668, 0.5627900121783131]], [], [[0.41143382935451733, -2.170283428138637, 0.2197563255002998]], [[0.2559970324335401, -1.9301754429065547, -0.39976842053467654]]]}