{"bodyId": "h0", "timestamp": 1630675666924312488, "continuousState": [[[0.759334744411894, -2.0771389447515856, 0.25984293799210056], [0.3527776453859531, -2.0241461203113977, 0.7466450799293354]], [[0.44256331262663956, -2.108546262818775, 0.755345475427666]], [[0.5063084097754114, -2.2510325481635918, 0.11852676969327217], [0.3159042686443477, -2.082484271661525, 0.5689103507823368]], [[0.4937330240104884, -2.1860476060008462, 0.5425848842017464]], [[0.3262056773211778, -2.1419023163319064, -0.09791963240877817], [0.33061902223582706, -2.01519182392806, 0.2696644069635379]], [[0.5848408648055752, -2.0050837650117073, -0.032551797048760815], [0.5821001444715276, -2.164172393806475, 0.25601471851469476]], [[0.2085334192153353, -1.9981373369482187, -0.3062989336876735], [0.09633393951954917, -1.9991973407973147, -0.039743459871837784]], [[0.5405898026220596, -2.0397052266719427, -0.08252415213739824]], [[0.2913752139014641, -2.0493895825790003, -0.233132764803893], [0.41278004552247466, -1.972601572382929, -0.03594464067907893]], [[0.3706541376425969, -1.9309456694759637, -0.22770925673866962], [0.5215482121965377, -2.0822204956703043, -0.05838093065500993]], [[0.14617337467635513, -1.9231608029082872, -0.5716399936272271], [0.46549163594610193, -1.9432336317712517, -0.37036019304384965]], [[0.4850362678960719, -2.0041358592975556, -0.3700028829604037]], [[-0.0586426658518983, -1.8017414378567944, -1.1100900319398328], [0.4580089145365016, -1.9861146570155275, -0.8553124141253845]], [[0.43321087282782084, -2.0012115860055797, -0.9167468590982218]], [[0.6372363521868262, -2.183338030718949, 0.08830192707629339], [0.3784783161520686, -2.1472089732102266, 0.5262813905623468]], [], [[0.40996935066583307, -2.1639749611663763, 0.22233262589648414]], [[0.25841375615947604, -1.9270532361921253, -0.39967462518294833], [0.49351992407131984, -2.012727063720778, -0.2143705618494298]]]}