{"bodyId": "h0", "timestamp": 31423, "continuousState": [[[0.40744365620317724, -1.2521424563920192, 0.7456447406594896]], [[0.2194666819515187, -1.146680645664467, 0.8764335881353519]], [[0.42728786644730865, -1.3677906290349575, 0.5642488765092546], [0.19725294112599953, -1.1384430022938163, 0.6981698432189035]], [[0.2040693465350232, -1.2489097930887902, 0.6326865403258107]], [[0.0981715005729273, -1.3307837734558992, 0.27627114129931285]], [[0.3929370895840746, -1.222718423021726, 0.4179955618528238]], [[0.002435615747163013, -1.1844322307875872, 0.04921215126778543]], [[0.3962234423408072, -1.0493078927810364, 0.11212988448418036]], [[0.2507412597941191, -1.4046405503600408, 0.49146188318416806], [0.3847017783498877, -1.0492130254953935, 0.19263793462034165]], [[0.25006937058681744, -1.435973230862462, 0.4776210184003398], [0.40993415437977776, -1.1509124677481122, 0.19059918305990187]], [[0.09429679462626069, -1.3409952778708494, 0.3084302012492478]], [[0.09474267349930728, -1.333229175663204, 0.3189404673280244]], [[-0.026625875941881417, -1.1641152028982193, 0.019013807153768766]], [], [[0.41735968348212377, -1.3594434176740788, 0.5836613526222478], [0.21236426916255233, -1.2034633735333513, 0.6787752359310579]], [], [[0.15112042355397526, -1.2898467832723446, 0.4544788408125618]], [[0.17218308260653906, -1.3884842543666558, 0.39302560982479384]]]}