{"bodyId": "h0", "timestamp": 313627, "continuousState": [[[0.7410780848443922, -2.0824432317027766, 0.2749481021466584]], [[0.4312019300595541, -2.0817457696249786, 0.750729982428557]], [[0.5118926621610896, -2.2463774424125282, 0.12209232658474797], [0.32743089950991566, -2.0812205088592703, 0.5740380912108844]], [[0.5069836157107952, -2.1804827891854526, 0.5496443315469723]], [[0.3383653036788173, -2.1490321492080566, -0.11130208791004793], [0.294498109592138, -2.031846366385768, 0.2372567635874018]], [[0.5787263523653169, -2.004290014273133, -0.027654340463440348], [0.5867691953814894, -2.1666506788814743, 0.2593600403853286]], [[0.22469278344295396, -2.012535968988004, -0.3140998671232919], [0.11005749252292685, -2.0011338454441887, -0.028235755095764717]], [[0.5478330609659915, -2.0427231050730166, -0.08259876222367439]], [[0.28560662340470705, -2.0470886382826174, -0.23235253454757776], [0.4218828654219478, -1.9741178154199852, -0.024975324437670907]], [[0.382368609577928, -1.9297485253224067, -0.27827370967827825], [0.5049073602162609, -2.0942875798561054, -0.04925476188225639]], [[0.14660956759301053, -1.932311926011948, -0.5812065928341699]], [[0.2776306140179158, -1.7818671975472484, -1.176385086902766], [0.49526428968285224, -2.0036770991821995, -0.351874821755408]], [[-0.05978395098706312, -1.8075715395245957, -1.0827902520967478]], [[0.235459243991366, -1.760943236744534, -1.2679092484934522], [0.4271852638109251, -2.0071120450654107, -0.9200340071142525]], [[0.6155523345204544, -2.17150163919633, 0.11635903757808978], [0.41499096677581543, -2.1304127440853553, 0.5516468311703897]], [], [[0.4226744596948062, -2.1647574691967546, 0.2191711218184622]], [[0.26448908858546927, -1.9310302256671772, -0.42974015125622406]]]}