{"bodyId": "h0", "timestamp": 31490, "continuousState": [[[0.40794051021050276, -1.2680711675038392, 0.7529023879176532]], [[0.2206453685624026, -1.1601013617539015, 0.8722155253337236]], [[0.41960722202682627, -1.3735833683319743, 0.5785505651285925], [0.15978657154650727, -1.136453762689548, 0.6909467588256358]], [[0.2019121002854904, -1.2538794010258596, 0.6377444107075034]], [], [[0.3768377208958243, -1.2328876051087903, 0.4087485332307999]], [], [[0.36739925910245436, -1.0532392519900842, 0.08603126730914142]], [[0.2550628290186549, -1.4007960313899226, 0.4977403257325718], [0.4037891251455744, -1.0794002607838065, 0.2572267187193304]], [[0.258820250941887, -1.4364318257985487, 0.5008706227039558], [0.38890043763377957, -1.1629608071956468, 0.18403766902895405]], [[0.09734387019704054, -1.331522414912561, 0.3122928417384919]], [[0.08915241017663811, -1.3596539457396564, 0.3304874884146045]], [], [], [[0.41592984117696863, -1.3641358148869478, 0.5864339510766376], [0.20848034818649444, -1.2109890501313962, 0.6822561927860324]], [], [], [[0.17808206056946377, -1.3839771203555549, 0.40658173222122385]]]}