{"bodyId": "h0", "timestamp": 316575, "continuousState": [[[0.7325764302986534, -2.071328904635746, 0.2943151278619728]], [[0.4337706526475224, -2.086539712095904, 0.744818910519883]], [[0.5244952301627891, -2.2501915139020077, 0.10580630527103221], [0.3255571902520169, -2.0884304293070817, 0.5684299851533845]], [[0.5293382959642684, -2.1698423105069216, 0.5706402578795275]], [[0.33475702648581224, -2.150923867296335, -0.10799570573345796], [0.2767586107990278, -2.03556836522792, 0.21335869581212114]], [[0.5884314364873469, -2.0060399264452022, -0.03901168672702102], [0.5817912235813166, -2.173736282307454, 0.25612838735984655]], [[0.22074191892863876, -2.0240328963745684, -0.30789620585097055], [0.08254767572459833, -2.010534945564239, -0.05055944602889736]], [[0.5431972285685024, -2.053076422533888, -0.10006202176460874]], [[0.28322970298280625, -2.046934010065854, -0.241549813865573], [0.4587085129273828, -1.9785761962053838, -0.07652652437651636]], [[0.3732799419524153, -1.9310328523433922, -0.26982272014717773], [0.5184252053485031, -2.1021265197963874, -0.035387322231143346]], [[0.13836541836335822, -1.931490709615121, -0.5920471859701384]], [[0.25911506880283586, -1.7757336324042217, -1.1290199405444468], [0.509558496736249, -2.0113082941042246, -0.3291139925076136]], [[-0.05642605597533378, -1.800897148787223, -1.1214732941633743]], [[0.2321773576682519, -1.7570668586126241, -1.2527995872434476], [0.4295344852845344, -2.0078627102685713, -0.9002231546917362]], [[0.6482448699735018, -2.17762431599505, 0.07851360625511325], [0.40938960726435153, -2.1373791010575154, 0.5443159572494619]], [], [[0.43204766122504035, -2.1603830889016282, 0.2313222760730348]], [[0.2558226801578868, -1.9312617809792565, -0.43093495305865803]]]}