{"bodyId": "h0", "timestamp": 1630675666924317379, "continuousState": [[[0.7237720821070766, -2.0746985850230777, 0.30291611139869656]], [[0.4309910370010689, -2.0987467655519825, 0.7426534876554095]], [[0.5189198307674507, -2.2491423715791723, 0.11514012339780674], [0.2750650254827585, -2.1059781066766363, 0.5411951804315343]], [[0.5081754245204575, -2.1815242447857432, 0.5528267106963656]], [[0.336306532679565, -2.1530122956792748, -0.11900067319678624]], [[0.5913982918326701, -2.0089065506367763, -0.04705481208005017], [0.5893705528027435, -2.168074600288961, 0.2655773803024804]], [[0.22202305163921177, -2.020396783541329, -0.3127512803057748]], [[0.5221153844178507, -2.0704853634669096, -0.1027157150718374]], [[0.28057187933192146, -2.0476167558561325, -0.24748402337172662], [0.472384677373698, -1.9657300308524615, -0.06034009322667862]], [[0.36531291954057743, -1.931820020261728, -0.261725820284204], [0.5141202029303236, -2.096508833510905, -0.04513572557931775]], [[0.1407499759623672, -1.933020949973437, -0.5969305180854201]], [[0.26669308795191904, -1.7861785313068284, -1.1590558578444274], [0.48397477752238727, -2.0202045033147447, -0.3685889952145249]], [[-0.057619417021211976, -1.8007048354070034, -1.1246807044050857]], [[0.2326128333806301, -1.761891172797283, -1.2450721705023533], [0.43505758904517644, -2.0070938648784673, -0.8776222576683597]], [[0.6406778016740938, -2.1769605565067733, 0.08777030748350603], [0.4138293227691909, -2.134974357262149, 0.5522227487285045]], [], [[0.42224097860001125, -2.1672682702325092, 0.21691301874978966]], [[0.25303144775147235, -1.9324204851175826, -0.42932816918481204]]]}