{"bodyId": "h0", "timestamp": 1630675666924317580, "continuousState": [[[0.7256831447241013, -2.073272680366953, 0.3075740125037203]], [[0.43379045455845905, -2.0906173349676718, 0.7439725269625997]], [[0.5223649424458064, -2.251296857626609, 0.11047008482970432], [0.3062656753895551, -2.088738211169849, 0.5652744430910227]], [[0.5122874593857453, -2.182594462024897, 0.5555303122020289]], [[0.33719251843170744, -2.152891007215551, -0.10520652020684293]], [[0.5859474097352588, -2.0063049005773954, -0.04457806618458744], [0.5818463624005074, -2.1752690452388497, 0.25574888265792745]], [[0.22649127984305112, -2.0276874311947046, -0.30559256697077697]], [[0.5205744910942979, -2.0759763917819964, -0.10676418059126877]], [[0.2811688144848901, -2.044024655709148, -0.23559672739691973], [0.45658479779136724, -1.9712569843708727, -0.0739629022809429]], [[0.35474383414071603, -1.9303547746815317, -0.2272817649756082], [0.5192499513753439, -2.0979693763839005, -0.033969598501964814]], [[0.14007979434419543, -1.932028995820723, -0.6006442391570126]], [[0.26734872241420377, -1.7837526856572203, -1.1663674832250917], [0.49245763020100003, -2.01841897390201, -0.3545157701710068]], [[-0.058036447266639014, -1.8042480933428084, -1.098139593727311]], [[0.22907495761411678, -1.7617620891674408, -1.2549566676140436], [0.44160609998764355, -2.0047299382653954, -0.8757197168631204]], [[0.6448257360131445, -2.1778504946190376, 0.08167488151060706], [0.41124176898562337, -2.1366169148645744, 0.5502954206018719]], [], [[0.42473998890872633, -2.167742734620224, 0.22516189599759295]], [[0.24741181424245573, -1.9311918852511274, -0.4139630020663104]]]}