{"bodyId": "h0", "timestamp": 318652, "continuousState": [[[0.7284760628947181, -2.071695288166688, 0.28907027885859454]], [[0.4423506721272695, -2.0890976527373266, 0.7464007791412527]], [[0.5190681051118843, -2.2482085974810655, 0.12242575224414327], [0.31419187966890605, -2.0823779587845834, 0.5662093496155997]], [[0.5224866787207562, -2.176676955240604, 0.5600190393156531]], [[0.3363997341702031, -2.152870195170181, -0.0845240416386082]], [[0.595877565214992, -2.0068273375870485, -0.053699237329421064], [0.5833186169249173, -2.169294766550809, 0.26162463434409594]], [[0.23389013191849511, -2.029625708630234, -0.3104804261604527]], [[0.512184329360488, -2.076727248634825, -0.1125398111880163]], [[0.2881333464618859, -2.0469363070834583, -0.2400381277841873], [0.41937936181646523, -1.980420524714325, -0.02302384152843456]], [[0.3749806874146887, -1.9317903335623867, -0.2666838564959992], [0.5236314783505284, -2.0919338923363506, -0.020331897290135657]], [[0.1394884305226014, -1.9307806203884157, -0.5803801051920436]], [[0.16406494344027356, -1.8467017288293486, -0.6681762475367077], [0.4954998160142886, -2.016589419411063, -0.3514939010277083]], [[-0.05823995017120066, -1.8026070867977197, -1.1222954808899739]], [[-0.014355810240089226, -1.800084458309973, -1.1190902107031462], [0.43129318860867805, -2.0042390437117987, -0.8951891008058129]], [[0.6379060147393321, -2.1747110376411753, 0.09817207791919032], [0.40944698148352515, -2.136321392527905, 0.5444550936879589]], [], [[0.4294432064454796, -2.1647735752053925, 0.23774749883852245]], [[0.25723455896864506, -1.9312854769754013, -0.42353198084402144]]]}