{"bodyId": "h0", "timestamp": 318786, "continuousState": [[[0.7270637103287044, -2.070828674510223, 0.2888088263491718], [0.3858042601772224, -2.0039970283044477, 0.7459773479179672]], [[0.43940447215113365, -2.1014970279912015, 0.7460526265383054]], [[0.5167404674473283, -2.2467069611344743, 0.11940093971468718], [0.33927243112707245, -2.0740914832506077, 0.5865083840751256]], [[0.5157074942285221, -2.1788117317666367, 0.5584593553780728]], [[0.3345746620662226, -2.150823844389562, -0.10275524696178877], [0.27174402917290535, -2.044353135770095, 0.21968228701255657]], [[0.5956980059492062, -2.0095099941831673, -0.05287915635545801], [0.5797092525083988, -2.1746476704166224, 0.2602647288258943]], [[0.22627099700393574, -2.020562224420762, -0.31172291711432126], [0.10330705840305746, -2.003781802388049, -0.03486085070805029]], [[0.52238152986807, -2.074329302295794, -0.09562340923505736]], [[0.2954014313490505, -2.0526249355835815, -0.2698497410107257], [0.423297102799964, -1.982473615670572, -0.00713454588859372]], [[0.36235914871575964, -1.9354058121537203, -0.22875508261011168], [0.5388618751259672, -2.0884186504496145, 0.01660232865708167]], [[0.13908113738694614, -1.9311360721433093, -0.586124792951091]], [[0.25893412026545526, -1.7954530858122886, -1.110055278777377], [0.4980019374034118, -2.011568717418521, -0.3340012413852428]], [[-0.05732894761710804, -1.8031729647460522, -1.120810793257143]], [[0.44245786787495195, -1.9984023551767738, -0.8837500268767323]], [[0.6372948299670214, -2.1735165927936912, 0.0972629647248059], [0.41007233439564494, -2.136183338356935, 0.5486035867215917]], [], [[0.42514107814737234, -2.1648177880780994, 0.227852054208142]], [[0.2507201430513529, -1.9332709421485148, -0.40743993778060134]]]}