{"bodyId": "h0", "timestamp": 319456, "continuousState": [[[0.7283846306533537, -2.0742517311293494, 0.2966243426886665]], [[0.4348864778932791, -2.096887822185639, 0.7445836991072056]], [[0.5164619730405877, -2.250603576263213, 0.11938684057422688], [0.31414104510767993, -2.0878478370361018, 0.5700986529361478]], [[0.5262297004257748, -2.173058377251257, 0.5657829749013626]], [[0.33880774662002144, -2.1522543748955396, -0.09594293466373392]], [[0.5957740992762528, -2.1642432752720726, 0.2712452226320859]], [[0.23189626861591517, -2.0248133944932545, -0.3032705949773263]], [[0.5329069826788239, -2.0661882799261404, -0.0845398680327337]], [[0.29252534696808796, -2.0507509107415074, -0.25578721548212957], [0.4195937468095967, -1.9785677308956642, -0.022926606527180867]], [[0.37853210844044277, -1.9301914113035719, -0.27285141049286654], [0.5184739667996241, -2.0937783876700977, -0.025560865731815964]], [[0.14680629787517382, -1.9362819652033452, -0.5981589859933959]], [[0.27686642763696273, -1.7903249839853037, -1.1967651935074501], [0.48944243865447495, -2.0105051922398385, -0.35068570877298816]], [[-0.05821375033548247, -1.8089202090833285, -1.089348405067617]], [[0.22819993249180515, -1.7636977430858667, -1.2421762468545126], [0.42312956542362146, -2.007391424687639, -0.9066647289650088]], [[0.6335862376093626, -2.17652947617254, 0.09583239885664444], [0.4156485715469839, -2.133424325547713, 0.5534780442638815]], [], [[0.4325187235228981, -2.1626563760733983, 0.23492002011881435]], [[0.2626692031578083, -1.9332366882534586, -0.4355051982431312]]]}