{"bodyId": "h0", "timestamp": 1630675666924319791, "continuousState": [[[0.7432114740589034, -2.0777961944154497, 0.27783483952431903]], [[0.43990443013328556, -2.0920108168656566, 0.7489609913075213]], [[0.5187166231642966, -2.251293174881122, 0.11760741311719539], [0.3150593430626207, -2.089333526946265, 0.570260015746959]], [[0.5045924266574398, -2.185145448786751, 0.5484981066914109]], [[0.3360462016001773, -2.1519982675605043, -0.10265661017418824], [0.34469576867360613, -2.0230596178307514, 0.2745985769299673]], [[0.594648460476981, -2.0022667201826874, -0.05016994974886552], [0.586365372621517, -2.171662744924139, 0.25722875314860355]], [[0.23850876742860766, -2.031742105142875, -0.30652522663893433], [0.12083331701304746, -2.0088219630561963, -0.023944426623419987]], [[0.549549359534322, -2.0538248095196487, -0.08375809965260987]], [[0.2886086482728238, -2.047742305013439, -0.2495225425360318], [0.4218838603314712, -1.985099927410528, -0.018979010454881973]], [[0.3647679614314142, -1.9284932260076824, -0.24142500660515542], [0.4930531841391107, -2.1099800198623933, -0.05686596598961091]], [[0.13954566327761336, -1.9336154160172723, -0.5768796612023596]], [[0.27150131440255626, -1.7892944213133715, -1.1661944774232083], [0.5010137948413985, -2.010867858633875, -0.33445099994118394]], [[-0.051589617638076075, -1.8074496217542213, -1.1162702387554782]], [[0.22293179146152994, -1.7679484625248862, -1.234736666321416], [0.4481548453737698, -1.9970473896133085, -0.8645382018013863]], [[0.6513493433177289, -2.1802700909261925, 0.07597318060980957], [0.41645716897727425, -2.135009710354258, 0.5537604483219618]], [], [[0.4203193141288085, -2.1685718581736277, 0.2229207482586113]], [[0.2521568123545138, -1.9310543210124773, -0.4091523339037575]]]}