{"bodyId": "h0", "timestamp": 1630675666924319858, "continuousState": [[[0.7527039851408306, -2.0788467666214987, 0.27604546021885584]], [[0.425650026412221, -2.0929147521923914, 0.7408477092846334]], [[0.5182011194107277, -2.249985228846273, 0.11682623787241436], [0.3214090557148108, -2.0881383569327734, 0.5754663928758634]], [[0.5149559696880792, -2.181070399795156, 0.5606130572244638]], [[0.3388008769871555, -2.153509831111226, -0.09146865645771458], [0.349491900226182, -2.018531057944348, 0.27919105604811056]], [[0.5894179168204664, -2.0093971527968004, -0.044551840366635134], [0.58735686042507, -2.17477452356729, 0.2618937180058972]], [[0.23367801604897995, -2.0283498385209136, -0.30714545284104317], [0.1315243588805406, -1.9970719348543124, -0.030406074515415868]], [[0.5463728085213222, -2.0588349712053913, -0.08888915813852373]], [[0.29089249176138227, -2.0477529640287893, -0.244248263141842], [0.42300464812283756, -1.983912736680484, -0.02018171562914472]], [[0.36378825436052503, -1.9325054953113339, -0.2353160599341886], [0.5089289092465867, -2.106588433032318, -0.042128909345646434]], [[0.1414470405629607, -1.933728344708673, -0.5930191265795504]], [[0.2536217930732283, -1.798268676564439, -1.0951203859029424], [0.4857917877921925, -2.020008431751645, -0.36596169600268946]], [[-0.0571538937485706, -1.8011713194787753, -1.1167875490638652]], [[0.2340090897776293, -1.7640209696042577, -1.2786399021734056], [0.43584016883072674, -2.0031226814065, -0.8860379614225479]], [[0.6424901757434058, -2.1795982453744474, 0.08712931647772826], [0.4245959234433228, -2.133010360754923, 0.5617525265350277]], [], [[0.4268784233376174, -2.1672901154531914, 0.2345722003833746]], [[0.25261764746174287, -1.9331169200100033, -0.41416759325686947]]]}