{"bodyId": "h0", "timestamp": 1630675666924003551, "continuousState": [[[0.48947729553414554, -1.5833628465928744, 0.5506762706573047]], [[0.2233511515034238, -1.5175982131895005, 0.8131803570107088]], [[0.3796360412287348, -1.7250597043149072, 0.4017905323332145], [0.1314189548039435, -1.487165569362405, 0.6125053689875851]], [[0.43802302665875376, -1.6457734571339455, 0.43610083080162065], [0.24368455776562153, -1.6051187053344615, 0.5740421114849451]], [[0.11135183732364425, -1.6491355644464047, 0.18972012492145904], [0.22705241753274572, -1.3929230336724927, 0.33115730303607277]], [[0.32736639386344113, -1.5713855299695414, 0.3379017313803436], [0.37931663394663223, -1.5459896579136756, 0.3474508720587312]], [[-0.003494140598350498, -1.4720764092121466, -0.03664971989305468]], [[0.34504071073872183, -1.426252494541505, 0.03148794481873938]], [[0.052077514033946386, -1.5813746126693535, 0.049627850857711334], [0.2929253073027014, -1.371111426492953, 0.13261089148150448]], [[0.2479563246400797, -1.6184189813221335, 0.34641870385473705], [0.3716499434565794, -1.4838083638907755, 0.14820106232586658]], [[-0.03606248598369066, -1.4568213285731804, -0.21076223118115217]], [[-0.05259852641797639, -1.439406520838215, -0.19068478427990546], [0.31438490799074836, -1.4393286484357248, -0.2846774118106896]], [[-0.22995831210450624, -1.2923703846480141, -0.8275976687268971]], [[-0.22062880207464058, -1.3014051581274804, -0.8081825361548386], [0.22038140215010027, -1.4355322751501836, -0.7737071060581441]], [[0.412460625677232, -1.6933201344370468, 0.42522835033235357], [0.21084416522414084, -1.5437226896203682, 0.612229215995038]], [], [[0.274687431991199, -1.6474545107901752, 0.31291047786153986], [0.2353684876491836, -1.499020869503477, 0.4525997072605089]], [[0.10594691932819451, -1.537620154947657, 0.06782823633679244]]]}