{"bodyId": "h0", "timestamp": 33165, "continuousState": [[[2.9379023871012957, 1.1142255273571802, -0.5742442131986213]], [[0.12058948482668598, -0.7274394021261453, 0.7055079261877933]], [[1.2687647038072567, -0.521638820481564, 0.18580926793141703], [0.15592326022402245, -1.071198295078776, 0.6072678778242971]], [[0.26009595173392447, -0.7808622284510864, 0.5547012553512561]], [[0.12452089060288608, -1.2206772217868604, 0.35817928278636374]], [[1.01249976177065, -0.08968587057271747, 0.3987105365646125], [0.40385515534350563, -0.5380314616921452, 0.30374596635068907]], [], [[0.41541462052817885, -0.20402159341434525, 0.10822237895618536]], [[0.44354529627081873, -1.0385048807047679, 0.5467250669942557], [0.37963127469700386, -1.199061027420469, 0.08690749874641505]], [[0.4321215724454703, -0.9846817024377632, 0.05597950891497703]], [], [], [], [], [[1.2004759750193663, -0.4798689723603359, 0.2879629392844081], [0.26327543192147324, -0.9484752652718472, 0.6235781485040327]], [], [[0.19230842116840527, -1.0007697251189733, 0.45644026906880997]], []]}