{"bodyId": "h0", "timestamp": 34304, "continuousState": [[[0.23489591529089177, -1.2373818981081082, 0.7280092898246151]], [[0.05465255006667553, -0.9834886389445046, 0.7666859652811973]], [[0.30634763686986416, -1.3351335509103786, 0.47301059368912035], [-0.016821838855589022, -1.2608266704590747, 0.5598198362520541]], [[0.26642780113255826, -1.2799663613166898, 0.7268962508021393], [0.21200288338826045, -0.9935755562179117, 0.6640352767859625]], [[0.15264839411436332, -1.3594177635637947, 0.2247212368338437], [-0.06400072001636227, -1.2777682713545846, 0.16726995091065214]], [[0.4636777716291601, -0.6767803824865027, 0.6789669667494234], [0.3508759441893644, -0.9250281889630932, 0.40890386332227036]], [[0.07650090057762378, -1.119221767338176, 0.19317063659302447]], [[0.4519024167031419, -0.5547079533105714, 0.7318101287136709]], [[0.11004149018353576, -1.2726715943713114, 0.15790983087670157], [0.3084846226748564, -1.211494748343164, 0.10861305461264874]], [[0.12464324716995254, -1.110551331449038, 0.1697601627860986], [0.35808243332666756, -1.0121117490931382, 0.15062172216988778]], [[-0.033654102693513974, -1.125109634735755, -0.21889061366390752]], [], [[-0.1695699022820513, -0.9208079972993982, -0.8097262353014844]], [], [[0.3274597148855068, -1.268655281271907, 0.5502083752753472], [0.13489233046996743, -1.1269743917910313, 0.6329420820226769]], [], [[0.2095380976234608, -1.3196920624402422, 0.4758087438179915], [0.0740010816859491, -1.135671913786248, 0.4156526138483073]], [[0.04549457223821928, -1.1178304830923964, -0.024565225438904464]]]}