{"bodyId": "h0", "timestamp": 34505, "continuousState": [[[0.2031673516316803, -1.3183825772839175, 0.7225314382147175]], [[0.20133399965433643, -1.288230374648133, 0.7407713220275458], [-0.3649363455129726, -0.9042595614995264, 0.595094220484774]], [[0.25887239280742136, -1.389255983354158, 0.6935121750034858], [-0.3987733614246379, -1.1759707557357326, 0.5675018022260879]], [[0.008859812112535337, -1.035426718648724, 0.767525220043365]], [[0.3199672840451927, -1.4100484759866632, 0.4302896580387721], [0.030610329068936834, -1.3204963718562874, 0.5902206861738746]], [[0.22747960404135814, -1.3124311795125119, 0.720582922626386], [0.18172625916456764, -1.0216843791469787, 0.6612048348964665]], [[0.14741501380766175, -1.4362988494135995, 0.24511337236023906]], [[0.26722929327105105, -0.9389660348191653, 0.25634367229999544], [0.2683657496705159, -0.9269874619985202, 0.40300946713383334]], [[0.023450701600560023, -1.2158807266652703, 0.18647689433804385]], [[0.08008655733336797, -0.9042495859146343, 0.2430474048076867]], [[0.11111589631935351, -1.3255185482214351, 0.1669598682896285], [0.21022640526797703, -1.2341593254797312, 0.06627296187624757]], [[0.12728397954936588, -1.0991494394475985, 0.16141814755003997], [0.36748750720335716, -1.0457262557797093, 0.21548326332706869]], [[-0.02607888623519585, -1.1654135855142294, -0.13599435143994243]], [], [[-0.18220725710475977, -0.9135014287475676, -0.7885839892893587]], [], [[0.28304150301376074, -1.340237656438378, 0.5592714667540526], [0.13368473958448954, -1.1727323857283305, 0.6400587459859034]], [], [[0.18744730892450995, -1.3743650144630557, 0.4828481474933125]], [[0.05060254665708501, -1.132281512480914, 0.01271189805504877]]]}