{"bodyId": "h0", "timestamp": 34639, "continuousState": [[[0.1875309819309968, -1.334491894848651, 0.7111075865591697]], [], [[0.3069165313621409, -1.4474893440036611, 0.46084503686235123]], [[0.19687886937243326, -1.3362672700358953, 0.741782082311929]], [[0.15019732100475444, -1.4560175305793917, 0.23542041316934934]], [[0.22720490619416153, -0.931476272245605, 0.32515917420523466]], [[0.0209495330357027, -1.248210763811987, 0.15905650260296966]], [[0.021499521932257834, -0.843337621030472, 0.2745889737140624]], [[0.10896140406362935, -1.3404380795512545, 0.1680495329147168]], [[0.15231372221654083, -1.0841415415151143, 0.13663096551241416]], [[-0.03791301186550169, -1.1842133813873383, -0.18655675949399256]], [], [[-0.19513258165735914, -0.9127625360149764, -0.7850164201109424]], [], [[0.27693055602275757, -1.3540584281495571, 0.5653804096351751]], [], [[0.17353809518859387, -1.3961424003076435, 0.4886012477406392]], [[0.057200355175519565, -1.1341774614512263, -0.0249628969907892]]]}