{"bodyId": "h0", "timestamp": 38257, "continuousState": [[[0.27063051109894, -1.1456389073994646, 0.6515664423356906]], [[0.10046322642244786, -1.0304624601649512, 0.7918783201463756]], [[0.2658940878139546, -1.369318171553963, 0.5413129740201417], [-0.02200180954023449, -1.2876904858211244, 0.593908874604582]], [[0.3115311272020927, -1.3002575749686829, 0.5854787365115678], [0.13334149026597653, -1.0712551887158532, 0.5870530598070552]], [[0.06968078038101856, -1.3331388619957474, 0.2741455942641824]], [[0.29041489925871405, -0.9849523368319167, 0.3219346337442048]], [[0.12665978090508775, -0.8562476675726921, 0.03923434496294885]], [[0.16930506528700476, -0.9034785717259426, 0.2211510948131629], [0.01603109297959304, -0.7620573473305194, 0.26008098192430407]], [[0.03793589382038846, -1.2851362884745718, 0.08845800907962666], [0.1826227276240752, -1.2244599101208695, -0.048945248637251325]], [[0.048885992676259094, -1.167709489029734, 0.07619385271262899], [0.23554436647292368, -1.0476878125256277, -0.027256133962311878]], [], [], [], [], [[0.2912438381547704, -1.3333507332933687, 0.5618170436230364], [0.1333339325137856, -1.1870696200563924, 0.6359819093238032]], [], [[0.19060595379155562, -1.3166982184822151, 0.4298121653878751]], []]}