{"bodyId": "h0", "timestamp": 1630675666924004020, "continuousState": [[[0.4857772527630528, -1.567998731754621, 0.5583721677527895]], [[0.20596799080817527, -1.5027913543676337, 0.8155380381169174]], [[0.3840538223542109, -1.7090404478330068, 0.4053535303217509], [0.13236946985488543, -1.4831875291143242, 0.6120835490371667]], [[0.4297771007433523, -1.6551443416736484, 0.4609901759460954], [0.2575855349025562, -1.5968607816941212, 0.5922990575472025]], [[0.11229382900948394, -1.6391926915611152, 0.195308070417688], [0.25636250895563695, -1.3988343754607035, 0.3382322847715909]], [[0.3212630011456451, -1.5743142012670015, 0.35362757650565324], [0.37120530764264165, -1.5376565964868105, 0.3283700047380073]], [[0.0010854233619874093, -1.4654630506311321, -0.025809052571217763]], [[0.3454735562632563, -1.405301546677549, -0.005893596814649527]], [[0.07439123956221118, -1.607471447629422, 0.13032750817181818], [0.37270184834688985, -1.3808519549524676, 0.1987676515161347]], [[0.2420900950713089, -1.6148014725825304, 0.3506261057222989], [0.3716510150414242, -1.483247156300229, 0.10727004246732645]], [[-0.04461755022995192, -1.4398185928262726, -0.21538666549367555]], [[-0.06171062263158504, -1.4448119813792295, -0.16507829731927087], [0.2923399084882699, -1.4334456988391426, -0.327370751725736]], [[-0.23328741127574723, -1.2944907848617062, -0.8189945135020643]], [[-0.22122377519498163, -1.298272649407736, -0.8091622534964026], [0.22233331211267843, -1.4267142025982842, -0.8236938066974618]], [[0.41559088534061384, -1.6876285891620224, 0.4412437801013575], [0.21954027196375706, -1.5391395663941783, 0.6233079290448359]], [], [[0.2710354648764181, -1.647168516617382, 0.3281491231818917], [0.2569740219290966, -1.4978475785774124, 0.46526567115939665]], [[0.09873627242067849, -1.5273100327044014, 0.06761972011431168]]]}