{"bodyId": "h0", "timestamp": 38592, "continuousState": [[[0.27989728319224005, -1.110548294403725, 0.6833428811551364]], [[0.13304142449349343, -0.9043251261084821, 0.7868577956914443]], [[0.307678205416082, -1.1842582100038532, 0.6944718954894485]], [[0.1552180071586363, -0.9876417034383894, 0.7990175056441889]], [[0.2897995295297522, -1.3126899563334058, 0.5451566289962428], [0.050168077291276175, -1.1775875755535292, 0.5971167837318685]], [[0.3541473731809733, -1.22427946515724, 0.6032765485563314], [0.19103335371645744, -1.042880640829667, 0.6055645924389016]], [[0.0815272890577043, -1.2313950080457519, 0.27877045979773835]], [[0.33850391552969905, -0.955145594494456, 0.3136860836370511]], [[0.09427021508356905, -0.9448185435546742, 0.29129960348090483]], [[0.06881933294307077, -0.7509762980290889, 0.23709265012540026]], [[0.09682602805979633, -1.339404715218344, 0.20791433642042328], [0.2797353122835393, -1.2107790448991569, 0.043952758122143]], [[0.11151706146609042, -1.3174917787350133, 0.3545520635303853], [0.2688796659441625, -1.0344237899826763, -0.005081474036086774]], [[0.02007895531471172, -1.108013604518761, -0.12540025779622033]], [], [[-0.11074881010064291, -0.9698254067624309, -0.6975124612288053]], [], [[0.3279484286272897, -1.2595203541896196, 0.5761445288565227], [0.16398233048083877, -1.1194793979708597, 0.6315072193639281]], [], [[0.21783733111933878, -1.2278372366014958, 0.44102350417703484]], [[0.06579800839040106, -1.2127526916268871, 0.1145759028670825]]]}