{"bodyId": "h0", "timestamp": 1630675666924040535, "continuousState": [[[0.43167455333656407, -0.35201625202112563, 0.15265663755031575]], [[0.1518614934451275, -0.7050741882858634, 0.6385917536607476]], [[0.3397683583602187, -1.0467717888669885, 0.4233653596693898], [0.056997871560370186, -0.9836476617780849, 0.5124562136425634]], [[0.36194572424295923, -0.9467707622946073, 0.5239558489701225], [0.21238795707492636, -0.7515383986612774, 0.49063696230827647]], [[0.17243485247612256, -1.2021071639877663, 0.153300461701622]], [[0.3751580762239741, -0.5370007925613436, 0.2095312024907371]], [[0.17418281382269912, -0.9220547228925654, 0.15001847112265249]], [[0.7238431181511491, -0.5222951219902594, 0.4469142715457892]], [[0.2592970847153104, -1.2368723099406633, 0.1297449154195449], [0.37994678334825266, -1.1833195607906746, 0.11593801735101601]], [[0.2244260040382108, -1.1764220176416549, 0.2882545460895221], [0.3972608196933295, -0.9756020331498746, 0.07474115884216236]], [[0.0318349035433971, -1.036697465747474, -0.19444201101716022]], [], [[-0.13456392798657815, -0.9393426777810041, -0.7432610967928278]], [], [[0.34557228185417194, -0.9778932618841892, 0.4760876022155761], [0.1352829147394327, -0.8759849301452969, 0.5056650013043134]], [], [[0.2671902883595409, -1.0744389631411868, 0.33862815533587226]], [[0.12813045379080396, -1.1065597416945643, 0.04690626753618095]]]}