{"bodyId": "h0", "timestamp": 1630675666924040602, "continuousState": [[[0.5181441486871392, -0.3055490414720805, 0.11880663860301456]], [[0.1509095960606471, -0.7156386074603018, 0.6655983591447714]], [[0.3470361350440983, -1.050809034258903, 0.4236605595805536], [0.04321852525264581, -0.9775768986448798, 0.536328395939568]], [[0.3376575622948414, -0.9627304149435789, 0.6106237456799268], [0.19614153932371117, -0.7519838004124362, 0.5032371505256631]], [[0.15832652912530681, -1.1912942115763023, 0.1930029125660526]], [[0.37228477775854224, -0.34492174385274504, 0.8913833044590812], [0.4135516976163713, -0.5970954278095782, 0.23013096397367827]], [[0.18156171030850293, -0.8792242570609937, 0.15132615574292618]], [[0.7069569300835242, -0.5001411590451041, 0.41727770569560196]], [[0.2801065350427596, -1.2355584183685961, 0.15317443882618842], [0.3452069661666826, -1.1806507984761112, 0.12176151746918254]], [[0.22583008886047487, -1.190020849788907, 0.3120527141162511], [0.37800652175353705, -0.9794871544757471, 0.09708482885412854]], [[0.03464117361118662, -1.0559438471364064, -0.16948700051152651]], [], [[-0.09607800575168118, -0.9598483483030391, -0.6641625069413958]], [], [[0.3442510151736481, -0.9919333231015032, 0.5468853113142209], [0.13524270648861283, -0.877102192136603, 0.5366841887902947]], [], [[0.2479920457100741, -1.0770123132599405, 0.4018133291229897]], [[0.13023563123583073, -1.1229823484626569, 0.07128285680236228]]]}