{"bodyId": "h0", "timestamp": 1630675666924041875, "continuousState": [[[0.545150664414855, -1.430487471339459, 0.5750610467048081]], [[0.2881789355493113, -1.4011341589953583, 0.8271133233862049]], [[0.37760035937560843, -1.5360617279498994, 0.4370756612766021], [0.22143714430171735, -1.3540532652202026, 0.6269372975999049]], [[0.4929040364164967, -1.603645215791248, 0.42611535199967976], [0.2796815124221639, -1.4891440307222115, 0.6003371675095373]], [[0.16752724480980197, -1.5127719985836683, 0.31210369599390675]], [], [[0.00927359195958178, -1.3552220303070217, 0.02571553411441414]], [[0.37732523866833434, -1.2964716060583814, 0.04235404861897996]], [[0.14237199530803957, -1.4863708527532493, 0.2259954546121646], [0.23939098769696898, -1.1893394095761776, -0.12803155076589723]], [[0.14785779227325896, -1.5342138245713344, 0.20118387348960756], [0.35023587730391975, -1.3299379848145056, -0.055948652867825105]], [[-0.007193855462497027, -1.3388204895444442, -0.014236395913080969]], [[0.04721961371159989, -1.3931026259041879, -0.15750528884319487], [0.753858384900034, -1.2798811327482384, -0.10046354677959561]], [], [[0.0014452182963872247, -1.23179479605234, -0.8346888793606204]], [[0.4436750887282852, -1.5694928121651126, 0.4472572259136509], [0.2659922187403863, -1.4205007117207948, 0.623557049033446]], [], [[0.33021564061314934, -1.5582086071874581, 0.36910952399679325]], [[0.07033196840538096, -1.4365171570578892, 0.0934737387882633]]]}