{"bodyId": "h0", "timestamp": 41942, "continuousState": [[[0.5708280295181173, -1.4382378517580852, 0.5704131937235775], [0.28144327477078446, -1.317101751487976, 0.8182193527553647]], [[0.31834461678986326, -1.4226571412743914, 0.8381532994684933]], [[0.4181808012411014, -1.57238583519112, 0.4385961525602777], [0.22543700788736531, -1.384391254671789, 0.6337431983895581]], [[0.5129428958131702, -1.6140682272798994, 0.4151781356032693], [0.27367059955320794, -1.5186521041245922, 0.595561813835069]], [[0.15991751604077858, -1.5329063322885839, 0.2631282026916449], [0.32522354526643105, -1.3186905310911348, 0.3675740853513378]], [], [[0.031065254390441284, -1.3664389872838174, 0.04829438094323814], [-0.06575231510072627, -1.1538243361256302, -0.04521330038039082]], [[0.38119186388946197, -1.338825527229119, 0.020644998504364367]], [[0.12392022898101555, -1.5067924472008511, 0.1745322992356921], [0.1720167905434887, -1.2482306019056357, -0.17634948574359213]], [[0.13835625920102831, -1.5370811249059924, 0.1370785316278416], [0.4061659442901782, -1.3821692740370635, 0.05859572102185757]], [[-0.024043769568167703, -1.2706796339182083, -0.05166338695115337]], [], [], [], [[0.449786973935835, -1.5801706066837116, 0.4531977535507733], [0.2737909818826888, -1.4524269193760484, 0.6317233596140793]], [], [[0.33643020592697437, -1.5734872797842416, 0.3391531691474571], [0.2994470724098195, -1.4186713176078634, 0.48156794959320337]], [[0.05715624481643031, -1.4038803794121004, 0.04270757233834411]]]}