{"bodyId": "h0", "timestamp": 42612, "continuousState": [[[0.5165105169198909, -1.5964719771330529, 0.5671501579809964]], [[0.2884509806832739, -1.528644572963073, 0.8388520563112091]], [[0.36937909628656956, -1.7064305110740687, 0.37609641251225], [0.1485888219849071, -1.4980596966842707, 0.6013595410421385]], [[0.42914913574639574, -1.6944457273311564, 0.424908311344999], [0.28674586818484, -1.6215309202831132, 0.6056403666848699]], [[0.12033836264961724, -1.6450141903193922, 0.16718054388476708], [0.20685279069038778, -1.4025851830531593, 0.3174364381621958]], [[0.45603419532366046, -1.5686796505216216, 0.41657721771142314]], [[-0.022824326277407464, -1.5012620943418507, -0.03745049483470666]], [[0.39333815108691056, -1.4618721069020884, 0.07054266790742418]], [[0.03792719376561104, -1.568948979030621, 0.0414814283367175], [0.3623953970483815, -1.3926874118533321, 0.2129259122818901]], [[0.37645963901701246, -1.5070589231888163, 0.19479301439706365]], [], [[0.24654342951197009, -1.4385094917080647, -0.36798275497663985]], [], [[0.1639523547637764, -1.420866434820358, -0.7654776478428027]], [[0.4066066797231561, -1.7023885690079126, 0.40943895885010556], [0.2798828636166177, -1.5597119033772548, 0.6515395575858577]], [], [[0.2747437491980065, -1.6697299588252743, 0.29604442761488303], [0.2467993294376139, -1.5120580516681361, 0.46153840242353283]], []]}