{"bodyId": "h0", "timestamp": 1630675666924043684, "continuousState": [[[0.4749784022712798, -1.6052814819330739, 0.5837277589525267], [0.18221251875723102, -1.4236653452510475, 0.8193410082059526]], [[0.20803758151489252, -1.5458049962337244, 0.8124248155347333]], [[0.4147793798011317, -1.7453455303813825, 0.4170369279455932], [0.14322238902437015, -1.4986394230820135, 0.5966539408154427]], [[0.4072059397190761, -1.660684763342764, 0.4932578485318633], [0.2608641438587938, -1.6173013572837605, 0.5905333590901769]], [[0.09831360972939944, -1.6602998365699377, 0.1922059531150014], [0.20436484521310422, -1.4062748819777333, 0.3018352075136456]], [[0.32882342927705355, -1.5940238593004405, 0.37046965323085806], [0.3586904627092008, -1.560621021174874, 0.32835316474202886]], [[-0.007170876750722698, -1.5060057561479174, -0.02880035131748582]], [[0.3605271518885379, -1.414299862072692, 0.04516586150652188]], [[0.19027755045986788, -1.7116334936892352, 0.33529359929586483], [0.265124051923749, -1.3909765073360771, 0.09049671395913242]], [[0.21207771615873486, -1.6094653626026554, 0.32217364810139815], [0.35941076957125867, -1.5014559184261997, 0.12755784981497503]], [[-0.04690292168498763, -1.4862239949215974, -0.09455736963288769]], [[-0.053425711134168156, -1.461356381164274, -0.06260296467000422], [0.3235003733850563, -1.436008514971952, -0.2743924021813443]], [[-0.19665299244940518, -1.3195315748031275, -0.8178140519348621]], [[-0.18862539960765354, -1.3206936849225288, -0.7888304258817516], [0.2547298154537168, -1.4436070618827015, -0.8113078699864398]], [[0.4072176272216472, -1.7091381683995612, 0.46093092840558847], [0.21429374099807455, -1.5583979421196523, 0.606479162836815]], [], [[0.2527597747242378, -1.660492299956351, 0.34273190082343236], [0.232614494535949, -1.5117881196307468, 0.4461842833019113]], [[0.08258739723687361, -1.5478446787621265, 0.11380813923425523]]]}