{"bodyId": "h0", "timestamp": 44019, "continuousState": [[[0.28349978789941044, -1.4371980408721168, 0.7996045873026728]], [[0.47271413150709435, -1.7353237540312811, 0.6074614002070177], [0.24668930679143022, -1.5659440624958951, 0.7898436139567097]], [[0.44385143111809877, -1.6477448843149871, 0.46329562394893375], [0.10035058917456763, -1.4821888522851656, 0.6009371422962818]], [[0.49504582566207883, -1.728049170520946, 0.4005448527980263], [0.2914371936398629, -1.6117078025017901, 0.6065084532600415]], [[0.259040073698892, -1.3915663686525974, 0.36251851481617675]], [[0.3859586164951495, -1.5505952835708778, 0.35111346867071414]], [], [[0.37864751141837566, -1.4074603824565384, 0.026517299076214158]], [[0.2307597552482518, -1.7001401919482948, 0.3713248292404146], [0.1930829651702618, -1.3902498160683017, 0.10122693922933104]], [[0.25542761604334824, -1.7337879041301705, 0.3508381633749359], [0.3796559820526454, -1.5112424813110767, 0.21282306844878462]], [[0.11003654395967134, -1.5882683066257586, 0.12492347237223043], [0.34489979564563467, -1.2960507888818253, -0.1489732642230165]], [[-0.012350748900090195, -1.4500506195290555, -0.17291970921391067], [0.34130262007689177, -1.4285504569171807, -0.20385516246578003]], [], [[-0.1966738124782512, -1.3114417841295696, -0.8152890186911075], [0.214110246721365, -1.4425996998775046, -0.8475066472044407]], [[0.4447605643485997, -1.6853532413055285, 0.4595560859437967], [0.2224313902060269, -1.5540373656726196, 0.6264399624489103]], [], [[0.3770429496804854, -1.5598077695867718, 0.38153168380710156]], [[0.18273208000150978, -1.6610281053779645, 0.23788081787358317], [0.36227788884914003, -1.4036466350964512, 0.03192490211288407]]]}