{"bodyId": "h0", "timestamp": 44220, "continuousState": [[[0.288747940236796, -1.4372937499321554, 0.789551012169622]], [[0.5091487676855949, -1.7228805825141902, 0.5744184979068416], [0.26295981671883667, -1.5577278114511954, 0.7869853960330425]], [[0.1682622282334023, -1.4747059219425052, 0.618513716750839]], [[0.5030876510588471, -1.7263125659112544, 0.39441933216524583], [0.2916718302198915, -1.612793897652434, 0.602704567504855]], [[0.2174040783182511, -1.3949130764386064, 0.32675063944080124]], [[0.4060748541941139, -1.554162573430893, 0.36556164455931683]], [], [[0.3787211260132599, -1.4261971188195146, 0.03414243988416729]], [[0.2525867447194368, -1.6731420133298476, 0.3417978044139968], [0.30598986347582674, -1.3871784398163183, 0.17003050353787036]], [[0.26106108375982223, -1.7300388205082324, 0.3419681568396163], [0.3866659766632201, -1.508257260575674, 0.21918217990560288]], [[-0.02467927549892289, -1.465047743127063, -0.10513385236946829], [0.34720384277191624, -1.3039961773964284, -0.1518949167724934]], [[0.11210689660049718, -1.5742968504433366, 0.11525563146002173], [0.35212341971486333, -1.4277252620974445, -0.19626607264538576]], [[-0.21551655448392165, -1.2872089728721878, -0.8819714850013943]], [[0.20475487561644581, -1.437325794497999, -0.857394600477069]], [[0.45794182123267513, -1.6760445653736338, 0.4506833918017537], [0.24573595033551238, -1.5464231221809965, 0.6324711374924482]], [], [[0.36024586468854913, -1.5606128211749304, 0.36058498580302356]], [[0.11819090413044966, -1.5975432818176478, 0.118417152235074], [0.36693490971756815, -1.4061267189860511, 0.03364363156655474]]]}