{"bodyId": "h0", "timestamp": 44622, "continuousState": [[[0.5314775188127989, -1.5797571606966425, 0.5917793137381568], [0.2670381926165896, -1.4332059281274026, 0.7871076523129171]], [[0.26729307029277904, -1.464365235782065, 0.7837901766993249]], [[0.5121922862195795, -1.618346854885403, 0.5942285421006334]], [[0.5350408752902777, -1.71945293972636, 0.5466789147206144], [0.27655952357565367, -1.5550768391578194, 0.7995759647963495]], [[0.1680203174839503, -1.4896278386576551, 0.614179093716426]], [[0.5033472313435874, -1.7335098459799891, 0.3873217126693419], [0.3061413217111576, -1.6090705624749235, 0.6127504837059878]], [[0.2306255292571841, -1.4030753147801032, 0.3343674354599743]], [[0.3862221919977478, -1.5546790268177095, 0.3532356877083757]], [], [[0.38121467742653387, -1.4407619581890212, 0.02636097557914013]], [[0.24725944369117753, -1.6788129352522139, 0.3377305429095877], [0.29735653576351934, -1.4050294466569095, 0.20873448944576603]], [[0.24987194900495222, -1.724718863310934, 0.33494616511624165], [0.4024603531910816, -1.5131081423526498, 0.25042325000802496]], [[-0.028559925558415585, -1.4851154473274186, -0.07796635885602086], [0.29915122056057203, -1.3096724008355909, -0.145402018492774]], [[0.10389899381400886, -1.5836581432724222, 0.13225035994295173], [0.3818046239291787, -1.432826614310145, -0.11891208539197123]], [[-0.21901865381898325, -1.294738983744082, -0.8531626057582989], [0.24477393570550066, -1.3837329438318546, -0.7043620718023751]], [[0.22562348357722112, -1.4351701665255467, -0.8197782130342368]], [[0.4534739220360009, -1.684898032497617, 0.4463961688144552], [0.2562935824887875, -1.5534243332209443, 0.6371814238249994]], [], [[0.3669863803003858, -1.5682925803800463, 0.3608445740646581]], [[0.11065601172326832, -1.6049171553191763, 0.12848990313011038], [0.3508057868758268, -1.4113902715941204, 0.05251061575762547]]]}