{"bodyId": "h0", "timestamp": 45359, "continuousState": [[[0.25902552247820515, -1.4375614305100153, 0.7850458636383039]], [[0.2681396257295298, -1.4721050788807906, 0.7877098464168604]], [[0.5041097153125361, -1.624091552208979, 0.5964446321431716]], [[0.5307003832128134, -1.7276334452281932, 0.5494983259329167], [0.2509486929061254, -1.5648313060284849, 0.7927971506899142]], [[0.12955025294922165, -1.497960659126227, 0.5913937066333019]], [[0.5193522569956888, -1.7436951287859948, 0.3610011267633463], [0.2969486154917661, -1.6224369223026962, 0.6021840192883073]], [[0.25078030200121976, -1.4107094064369612, 0.3463056041877869]], [[0.41338419620773287, -1.5702652642934283, 0.3709763043036619]], [], [[0.3747389253919034, -1.4343222946254095, 0.03762912571260108]], [[0.24810951857608354, -1.6725495318339585, 0.3369489182447983], [0.2983099572359213, -1.3990191498898168, 0.1529000978604522]], [[0.24943571423004648, -1.7393607026144369, 0.3292837514303476], [0.39737974004367993, -1.5181057107288303, 0.21819330443572152]], [[-0.03228174146905985, -1.4894483205386773, -0.053840349245980176]], [[0.10262949256733771, -1.6049464217052132, 0.14165911813535445], [0.3575411723955938, -1.4387451258318127, -0.2005285493128365]], [[-0.19561313204970873, -1.3180671524659011, -0.8070326552282131]], [[0.22798786503905877, -1.4476830885967162, -0.8351889517273637]], [[0.4540672349544469, -1.6882162336997013, 0.45121743592456326], [0.25350025655178704, -1.5619255288828187, 0.6259294746224291]], [], [[0.3850662794984543, -1.577202267611478, 0.3536533654755666]], [[0.10857698638049332, -1.614404511576557, 0.1377217010921837]]]}