{"bodyId": "h0", "timestamp": 46029, "continuousState": [[[0.5034028080241809, -1.5872198572287797, 0.5853045169587898], [0.26655198051840395, -1.431252347501181, 0.7930514973001522]], [[0.24501945151785254, -1.5428970191392959, 0.7933480586455326]], [[0.4122359567258196, -1.722919503272129, 0.4140757983460696], [0.1462745244021894, -1.4999246180473342, 0.594110831677792]], [[0.44541993313727396, -1.650680508559628, 0.4411957376257077], [0.2941455319133399, -1.6258123234697799, 0.6018267822570711]], [[0.1241174882533386, -1.652709875572994, 0.1763227134149447], [0.26102189935095205, -1.416120229363355, 0.3451757768640275]], [[0.3468131795658719, -1.5737319365916778, 0.3436760060444121], [0.39410793351902246, -1.5717728933451747, 0.3462174235336793]], [[0.0029405929724857175, -1.47951875015638, -0.039015375628342557]], [[0.39352167944859434, -1.438004612827994, 0.047202634529902074]], [[0.237994236457284, -1.708570066394489, 0.2961642248013982], [0.299922110892388, -1.406418867461385, 0.15262001412203266]], [[0.22275203303984903, -1.6191260463440047, 0.29839026294831045], [0.3961033782675363, -1.5287439011350636, 0.2144100345076729]], [[-0.018273368956291166, -1.4678366326546333, -0.17320130730703204]], [[0.34481901411110427, -1.4501387018433551, -0.21272460284459477]], [[-0.21690944039685042, -1.2972449158542163, -0.8575090970647706]], [[0.22236681807387207, -1.4469684791793094, -0.8261728153863543]], [[0.43694024321973507, -1.692082766270652, 0.4230001826798116], [0.24834387881533235, -1.5645412052394017, 0.618902087708651]], [], [[0.2847687106953063, -1.651695192066311, 0.3087592255203262], [0.277583715632146, -1.5209662764165675, 0.4735012795605493]], [[0.10223933204177893, -1.543481339499319, 0.0625944778206392]]]}