{"bodyId": "h0", "timestamp": 1630675666924046163, "continuousState": [[[0.5133434583581561, -1.5830568324980991, 0.5712656718928912], [0.25373125501834487, -1.429404295749577, 0.7869314638107457]], [[0.26592793041717416, -1.5366067303852973, 0.8054782735342794]], [[0.40997191670082517, -1.7240346617748323, 0.4133741873274335], [0.10651590446762611, -1.4890875377304014, 0.5981844327655347]], [[0.442272549025669, -1.6521901062153, 0.4476539410479448], [0.27158918253788944, -1.6230677329339553, 0.5919934925696139]], [[0.12182400346464442, -1.6521797776902154, 0.1687344268676477], [0.24481790893998415, -1.4101405119647399, 0.340956146654755]], [[0.3497713576353261, -1.578893150494268, 0.3407614583602767], [0.37369575590845966, -1.5722878408103542, 0.3264029708283913]], [[0.0004620204965490302, -1.488426497759544, -0.03690597399086096], [0.019100957776375025, -1.3063166189977455, -0.3410251659651337]], [[0.3988902957436626, -1.4369119775554229, 0.06021721051673376]], [[0.2361173476132713, -1.7079156947738867, 0.29549848793968886], [0.30265965126479594, -1.4124402116012278, 0.20862947268657195]], [[0.22375602931478483, -1.6181028948643985, 0.29830485698899656], [0.39399886302041454, -1.5264902371926057, 0.23234620702855227]], [[-0.028574671388291818, -1.4593424315345178, -0.19880581701304595]], [[-0.04261706025712499, -1.4546501062121107, -0.12601012032913037], [0.3432933293931028, -1.4482398170001909, -0.1676954418824887]], [[-0.21693455570038042, -1.301332367242198, -0.854858016859459]], [[-0.19655049337340358, -1.3143978221022161, -0.8157893528328405], [0.23016875626116756, -1.443484544586994, -0.8092400744578292]], [[0.4371453958241015, -1.6919949070506375, 0.42317496722341796], [0.25630723818280193, -1.5569690913957355, 0.6446587481735514]], [], [[0.2820482762451567, -1.6521849419527577, 0.30819418395779624], [0.2582035457389368, -1.5166041224493476, 0.4664748196121844]], [[0.09759067896324651, -1.5387226631994582, 0.049749519987975305]]]}