{"bodyId": "h0", "timestamp": 1630675666924046364, "continuousState": [[[0.5105483782026619, -1.5764047460458555, 0.5752287190253352], [0.2537455913550812, -1.4172295228951166, 0.7992142912158037]], [[0.2535757957476396, -1.5222247200512224, 0.8029205295044484]], [[0.3545550885696037, -1.713399058416977, 0.3934403865419295], [0.1671929322607491, -1.5030431615216577, 0.6092591928390577]], [[0.4337517469896654, -1.663232984701724, 0.42509835275352625], [0.2918921809995318, -1.6179264341397943, 0.6063129488828554]], [[0.10418937653204989, -1.6938281060404579, 0.17546157223761658], [0.24695916515478825, -1.4159743435508796, 0.35508604897542456]], [[0.4096915816618173, -1.5928637658943274, 0.3662515834982173]], [[0.004693194781325019, -1.5088252536806528, -0.04091516522834513]], [[0.3898599408044527, -1.474902182217688, 0.07075188704749871]], [[0.044621229324969196, -1.5691386241925736, 0.0280623368588831], [0.30504097746630965, -1.4294728265756387, 0.13811076350751886]], [[0.39203776379610417, -1.520843680109225, 0.17526253028623456]], [[-0.04559461966731041, -1.4448668610257165, -0.3023711248779989], [0.3172734519058281, -1.389951380064052, -0.26203531834128124]], [[0.3161117409414114, -1.446944900045338, -0.28186519478938976]], [[-0.21634539900882488, -1.3068738043561412, -0.8633462538351154], [0.2544977464737865, -1.4111295653155913, -0.781487075188342]], [[0.24367487138715888, -1.444903215155887, -0.8416744545058235]], [[0.40476080143438253, -1.689354543630878, 0.41143307816945457], [0.2578972680024508, -1.5615595525845465, 0.6351224559581706]], [], [[0.26897056176085765, -1.6785305453710908, 0.30027996249557143], [0.26942567307716003, -1.5169503888453368, 0.48069949892914]], [[0.17322157206439687, -1.482855270567471, -0.06355429729588216]]]}