{"bodyId": "h0", "timestamp": 47235, "continuousState": [[[0.5024141289723022, -1.5620255999628156, 0.5691681941647515], [0.28712633751666383, -1.4052974327382466, 0.8259874601484013]], [[0.2556181024666632, -1.4218774200773232, 0.8090035292500711]], [[0.4665597083179198, -1.6390141137621486, 0.5889628579725514]], [[0.2493707085764886, -1.5014309272631177, 0.8092325119776853]], [[0.3264046410256741, -1.7161398151413454, 0.4031487089449804], [0.12565258144277094, -1.4674067983841634, 0.5877832217062262]], [[0.4367277060938872, -1.6574949605560934, 0.4331316401226045], [0.30064213814429175, -1.6094964976794894, 0.6180968368738322]], [[0.10707741635965516, -1.6963616331446922, 0.2098406547217012], [0.23363497106985892, -1.4066675493173508, 0.3429067237027832]], [[0.31893523579352695, -1.574706775036088, 0.3401470942804051], [0.4082207658047032, -1.598689285242735, 0.4030882589521598]], [[0.044010946191362164, -1.5264671170068225, 0.004844844556547968]], [[0.3969978013088803, -1.505824014232662, 0.15220556263716367]], [[0.0771498692757877, -1.6137305753252096, 0.1450812812964732], [0.2648515596893326, -1.3919671360625332, 0.08572268161872966]], [[0.12384044760491991, -1.5180322938035966, 0.0854238012048736], [0.4055606839665529, -1.5062261287286236, 0.17558565301634416]], [[-0.020619148677538817, -1.4321976411624602, -0.24153656162918083], [0.259031198370252, -1.3484459821467216, -0.38397331252944583]], [[-0.02329053753574283, -1.4224016684440421, -0.2381306633124659], [0.28106783406541447, -1.450834473023054, -0.3771148674953772]], [[-0.21065577268286712, -1.3076790336829036, -0.8658556720824481]], [[-0.1829444933367432, -1.322290440760541, -0.7839287817745426], [0.2528679440078474, -1.4358480637180548, -0.8369015136380961]], [[0.4063066711618125, -1.6858399890380034, 0.4172168165412919], [0.25703016433830816, -1.5404352946697994, 0.6388488985313018]], [], [[0.2719025612267712, -1.676928296850393, 0.32148614742215287], [0.26713855460707536, -1.50808202349842, 0.4805017802883077]], [[0.051610649463690546, -1.4751149674830284, -0.07805638021215361], [0.33229594116840244, -1.4273360554376726, -0.10419382975655084]]]}