{"bodyId": "h0", "timestamp": 1630675666924047436, "continuousState": [[[0.28005960122246143, -1.4032900753834014, 0.8207064490869747]], [[0.24654523815174867, -1.5035684442140407, 0.8042281693071263]], [[0.32536846182926826, -1.7187486390123543, 0.4061619518905211], [0.10044731157009801, -1.4680097113214732, 0.5708331856773081]], [[0.43829712548652716, -1.6520212296431482, 0.42301707209435846], [0.3094793073778712, -1.6082079334145478, 0.6201223067189813]], [[0.11137411258105977, -1.6954525592805147, 0.19573948997410867], [0.22401532262880733, -1.3947220263358677, 0.33634356288085315]], [[0.3187043736419233, -1.5748508636852907, 0.33199873496173266], [0.39331965327522084, -1.5817043749529467, 0.3879163305764396]], [[0.0388322850843453, -1.5245299235394898, -0.006150944865338943]], [[0.37706254937873585, -1.4759231245375606, 0.11820051313262411]], [[0.07618425120323093, -1.6082363897902332, 0.1361558224398659], [0.30903980239657447, -1.376833214935181, 0.13043074954940925]], [[0.10924943295038048, -1.5393938657621764, 0.12802179449985557], [0.37860527999113763, -1.4926046711641219, 0.1473334971755271]], [[-0.023317441333881788, -1.4328306277999465, -0.23821912491124203]], [[-0.02593811439462314, -1.4254514818443345, -0.23633084081043854], [0.29777626619684905, -1.4412894701443029, -0.3540016159071199]], [[-0.20094853389405998, -1.3141042470986004, -0.8379497103749891]], [[-0.18113447423228496, -1.330205556767501, -0.7588990156508362], [0.23195256277702653, -1.4412421103494664, -0.8439173024017298]], [[0.4028911700856115, -1.683177980301997, 0.4116651749529458], [0.259690574721797, -1.5403582347348077, 0.6387256357352951]], [], [[0.27483561903379344, -1.6737368944618316, 0.3093782810342336], [0.26674731500333926, -1.5014649798752078, 0.47823293479991724]], [[0.04296599580824934, -1.4861122467810615, -0.05509866520569323]]]}