{"bodyId": "h0", "timestamp": 48173, "continuousState": [[[0.47033092740584104, -1.5558295039396273, 0.5928877258081994], [0.2280022477025145, -1.385125884518439, 0.8059579691953132]], [[0.2379569341983772, -1.4973666362008282, 0.806673954734281]], [[0.3031989036973629, -1.7196409971787014, 0.41126628919660335], [0.0820795741135189, -1.4783788507466356, 0.5841642496976838]], [[0.42909355530982035, -1.6568820847428833, 0.44891928171908296], [0.2824940540706316, -1.605401333789649, 0.5995815177239869]], [[0.09890841393377615, -1.7102623629018998, 0.16057051415981255], [0.25719108597213836, -1.4266169871678507, 0.3578405078575772]], [[0.3971396026936777, -1.5724902062664021, 0.3651571321751885]], [[0.02837562338290388, -1.530549553335289, -0.025289536715432177]], [[0.367438456463173, -1.4648735050924573, 0.09012054042404452]], [[0.27121932365918655, -1.3907024633778415, 0.06301084643204012]], [[0.13543088350259314, -1.521612486852756, 0.04361396938246207], [0.38791457838616294, -1.4972587448384083, 0.14755527088105735]], [[-0.023511807143119085, -1.4617464403771752, -0.2713643762421864], [0.22739943578771363, -1.3541463479446925, -0.4314421471815069]], [[-0.018168427701935, -1.4435720519497863, -0.21174845303907205], [0.29090453172634395, -1.4514215611392374, -0.3685442124508534]], [[-0.21296611279181513, -1.3092609871679561, -0.8549987241562947], [0.24106653348605572, -1.3995252441958514, -0.8127666570097675]], [[-0.18397966487521195, -1.334000196222642, -0.766933303909116], [0.24675210685717822, -1.4473982397024576, -0.8444934150900287]], [[0.41419744374146117, -1.6793213725630107, 0.4114238870911479], [0.25593280962547943, -1.5446237739396762, 0.6443423530005202]], [], [[0.2640009846217983, -1.6835722238223916, 0.30474489793944776], [0.269842570021385, -1.5160091604787498, 0.4787110127907821]], [[0.05595953817973703, -1.4916794636149655, -0.11387520342986217], [0.3076570070869383, -1.4257025463915505, -0.14194343815022478]]]}