{"bodyId": "h0", "timestamp": 1630675666924048307, "continuousState": [[[0.4682884962482382, -1.563143186617858, 0.5883467289418068], [0.24459813084191886, -1.3879372543319572, 0.8053862333236905]], [[0.23141645896377805, -1.501859278497178, 0.8010491119146436]], [[0.3225223139363065, -1.7190324815020674, 0.4109378780522452], [0.09172856246310199, -1.4770803538491557, 0.5917142654464189]], [[0.4278666704329434, -1.6550558151146655, 0.4454178793105272], [0.2819114536241452, -1.599609189078118, 0.6047804297424911]], [[0.09972897318573053, -1.7149372007420538, 0.1725774928192186]], [[0.30626996199714385, -1.583061632971427, 0.35388982084962095], [0.3973719923382994, -1.5797843989471672, 0.3633897255306831]], [[0.030874021421756992, -1.537143678307819, -0.022784651799609947]], [[0.37594203402266774, -1.4719514689408393, 0.09581587796371537]], [[0.10106393827309011, -1.6442931248242276, 0.12085190965536663], [0.27053014538775255, -1.3930675466830063, 0.06834633622114188]], [[0.134223962273217, -1.552692778108447, 0.12998003074877146], [0.38206507629199316, -1.4941279464186732, 0.14585977275213963]], [[-0.026842649484100947, -1.454940898156525, -0.2596899744658203], [0.22606765840139814, -1.3489150359455586, -0.42703415296437763]], [[-0.026414294918454373, -1.436180194142035, -0.239511690685732], [0.2885257925348751, -1.4446696221716944, -0.3674084522483654]], [[-0.21445725049057612, -1.3091792353251779, -0.8399626082337991], [0.2625004411534601, -1.4000362147631387, -0.7813393935034385]], [[-0.18127104180415313, -1.3392247880333257, -0.7502258050074702], [0.23809552872083578, -1.438482284518032, -0.8791726052749075]], [[0.3979520876893634, -1.6846386899917294, 0.4290034139633178], [0.2530783254800838, -1.5404970433081742, 0.6472032770266953]], [], [[0.263797821809337, -1.6849965079283598, 0.3089976860648729]], [[0.05369065639455803, -1.5038168381324861, -0.06485497185852443], [0.3040663673466957, -1.421521491182116, -0.140587190106119]]]}