{"bodyId": "h0", "timestamp": 4891, "continuousState": [[[0.4732847770219484, -1.5370502259957657, 0.5696418179727647], [0.18069185606935503, -1.3778736198661918, 0.820665705822253]], [[0.19263952586433924, -1.4006628948889464, 0.8204094633921744]], [[0.42636680187206544, -1.6318805042239353, 0.6112371063069603]], [[0.20014933373093094, -1.498107035028863, 0.8124739144742831]], [[0.37672728994670096, -1.6827029809389236, 0.42061837345700415], [0.12924108498003717, -1.4477254141975096, 0.6084716368437002]], [[0.4184985126566207, -1.6287538653899145, 0.466082492392228], [0.2524502058072726, -1.5906162398413206, 0.587028344037373]], [[0.2472341335046485, -1.373908501478073, 0.305741415158001]], [[0.35060353565275204, -1.5298001384171611, 0.3154098901337973]], [], [[0.3498561930060764, -1.384920097397218, 0.015555937597737511]], [[0.07357056896147492, -1.585957204196375, 0.14230328781101503], [0.2816887625947584, -1.3304327838854064, 0.060035465492752564]], [[0.0645317477159516, -1.5285377284930588, 0.1817549250082875], [0.3649703734396876, -1.4524676265544718, 0.0826592545827507]], [[-0.055251306602683396, -1.421800857266252, -0.22716489897770498]], [[-0.05338105680937346, -1.426118785259873, -0.24733426966409047], [0.24733544635739507, -1.4151934687263923, -0.3971416478187946]], [[-0.22972251702116353, -1.2840218361906925, -0.8577700935083701]], [[-0.20247827298825688, -1.3113766599321843, -0.7803083056364606], [0.257806911353357, -1.412413403573016, -0.7810771280150355]], [[0.399218308751318, -1.659004123584868, 0.4395405678094751], [0.2051114320541135, -1.5187764518759816, 0.6082086023929583]], [], [[0.3328663230806346, -1.5013311834339937, 0.3859119537751145]], [[0.004640220556634104, -1.4751692928796554, -0.02270498698470874]]]}