{"bodyId": "h0", "timestamp": 1630675666924048977, "continuousState": [[[0.47575844255385974, -1.5587166419837009, 0.5849329282807121], [0.23133637052143263, -1.3909174323528837, 0.8005031999534171]], [[0.2290861995815276, -1.499975295355265, 0.7995007834022886]], [[0.30084609409105306, -1.7170015637304568, 0.4063142830697643], [0.15704088759134083, -1.4852654757796755, 0.6275388806311569]], [[0.42056678566107764, -1.6593982500956617, 0.4489837868915851], [0.2926574046399885, -1.6033847494134605, 0.6082561610391825]], [[0.0985789662188643, -1.7101046817178187, 0.173685612484667], [0.2559257295289524, -1.429419537855685, 0.355620561129874]], [[0.4025229132044769, -1.5874823941877374, 0.3667060669142468]], [[0.03138010099695594, -1.5316239444872266, -0.0242410522015864]], [[0.37326419711270026, -1.4744111106147075, 0.08727336825613906]], [[0.09572651677945293, -1.6325817763890391, 0.1173409062935898], [0.26476813407210986, -1.3945460363743785, 0.050835003564304315]], [[0.14116461523313922, -1.5090258811837753, 0.016690285997796764], [0.3794915791628059, -1.4963216722486705, 0.11261100668456016]], [[-0.03057907768500189, -1.444568482278144, -0.2552101035043013], [0.20147871573070894, -1.3370275757840857, -0.4586794678239246]], [[-0.031902457367410736, -1.4337206972388816, -0.24110883845757053], [0.29383619690010665, -1.448551383485762, -0.3602455620792948]], [[-0.20080955131639097, -1.3140786809174125, -0.8259689422752776]], [[-0.1790893111345835, -1.3345748100609685, -0.7552319788348427], [0.2554862873822412, -1.4447282402066053, -0.8190734852294101]], [[0.39392834646306285, -1.6868229026360182, 0.4279211379735441], [0.2560561368560202, -1.5458408411446818, 0.6439386911827387]], [], [[0.25957287593997097, -1.6847514659067402, 0.31133469968812605], [0.27429156708447044, -1.516402143634573, 0.48193836108452826]], [[0.05529276877406866, -1.4767971817309595, -0.11925990875325226], [0.2904851474467574, -1.4166746240163781, -0.17303423056968223]]]}