{"bodyId": "h0", "timestamp": 49245, "continuousState": [[[0.4714421086397055, -1.562723688967857, 0.5864762108116884], [0.22683489796060508, -1.3910785000273262, 0.7996943682061746]], [[0.23661576900711656, -1.4929070360615295, 0.8043718430421506]], [[0.302512656867202, -1.7161928626844547, 0.4130767581969128], [-0.013398296190671545, -1.4692211989016528, 0.5249537184102483]], [[0.4271112913536967, -1.6542436348371785, 0.4481421329033168], [0.2844395530367947, -1.597466534727867, 0.6036015063638069]], [[0.09999718324053805, -1.7039926756935853, 0.17709675359440394], [0.26005853565969117, -1.4087560755228412, 0.36103118754353203]], [[0.4065249658014427, -1.5789495146827341, 0.37476785893082226]], [[0.03208991019064535, -1.532997649169684, -0.016787412328490292]], [[0.3728803992101698, -1.4769380040888902, 0.09382516489244745]], [[0.1028718708309105, -1.6372105460884432, 0.11982765991704492], [0.25310346995322314, -1.3818472824216999, 0.04869577006572672]], [[0.15804468545688313, -1.527296715655168, 0.06624782552450734], [0.376216186006872, -1.4884490624365578, 0.11512578151984804]], [[-0.02481745496773715, -1.4412663233430099, -0.22996029338694007]], [[-0.01592823878485689, -1.4311217422319236, -0.21833041785796672], [0.2773422008385014, -1.4593779066807737, -0.3904594679060663]], [[-0.20211840024679406, -1.3178881881952784, -0.826522685816059]], [[-0.17812587455391593, -1.3352989241952633, -0.760420546134033], [0.24552489041505987, -1.4491563001551093, -0.8399853248977763]], [[0.4008261142330619, -1.684343855777303, 0.42953245172937543], [0.2516742417737869, -1.5338233160067414, 0.6437861453895614]], [], [[0.26355423729711736, -1.6791181552653818, 0.3126194432488604], [0.27224904434824293, -1.503111305125354, 0.4823163469536695]], [[0.06661361524457299, -1.4842815194990888, -0.08185623393121637]]]}