{"bodyId": "h0", "timestamp": 1630675666924049312, "continuousState": [[[0.48158720100750946, -1.5535283440871037, 0.5757765048897269], [0.24693055928240915, -1.3932347538022563, 0.8095279687089375]], [[0.23619344495155792, -1.4956401696654502, 0.8043648569317886]], [[0.30410109990590256, -1.7147691851452411, 0.41226498678838563], [-0.005356490802566896, -1.4700362008343022, 0.5292205075331748]], [[0.42730939598644757, -1.6516298212033593, 0.443327340739153], [0.2879410136434951, -1.598490404730384, 0.6054581383432176]], [[0.10695416462463589, -1.703957898616715, 0.18378007169562852], [0.2592681992458788, -1.4068965318889857, 0.37063071746281595]], [[0.3220571954332124, -1.566574610807601, 0.32866987462708086], [0.39804016628218414, -1.5780013016489753, 0.3858730729055674]], [[0.03181093174798769, -1.5382519629915625, -0.00974807558048451]], [[0.38138822865357136, -1.4808474441869932, 0.10836144870418048]], [[0.27125228273548624, -1.384488478334678, 0.09705355586758219]], [[0.1376252394811924, -1.518959249420237, 0.05318250784973088], [0.3755453206697782, -1.484405207569855, 0.1414284290119981]], [[-0.02822661244492366, -1.44421184358658, -0.22061107444747835], [0.2347115081543352, -1.3388158657549007, -0.411494313063283]], [[-0.026034870712074477, -1.4319814024499289, -0.2286822192155762], [0.29138684127240205, -1.4462424437343384, -0.3566300249179901]], [[-0.20084693924509195, -1.3182112720476762, -0.8273152101440655]], [[-0.17777792797375372, -1.3385789890932387, -0.7517552923972248], [0.25222028886798237, -1.440182805112128, -0.8188823305982803]], [[0.3988855873006756, -1.6815641859216457, 0.4262289013136851], [0.25265531766026744, -1.5350417499794196, 0.6439205588367753]], [], [[0.26713178030554174, -1.6777938599100373, 0.31355370621739076], [0.273604606444687, -1.5026934683096849, 0.4880444279030168]], [[0.05469931351813437, -1.4815855465034087, -0.08371428329887373], [0.3051284144120567, -1.411610536662378, -0.13503294202564245]]]}