{"bodyId": "h0", "timestamp": 49580, "continuousState": [[[0.47137259886295696, -1.5603427596420407, 0.5879599881592377], [0.23203934071578236, -1.3941674359312881, 0.7989446484283519]], [[0.23888963206484481, -1.497121529610226, 0.8055235353116333]], [[0.3046503962995424, -1.707623200690348, 0.4105540073628304]], [[0.42361521309637085, -1.6566057736152147, 0.4525327060643888], [0.289287353590003, -1.6009010289998393, 0.6081660956721175]], [[0.10628491780362032, -1.7017451970476771, 0.19141188299064585], [0.23282435700498946, -1.4015554335767872, 0.34333691914527437]], [[0.39749492427252175, -1.5759534078023552, 0.382061607693581]], [[0.03384769231533682, -1.5316149283057579, -0.017527544586310114]], [[0.38133164974570105, -1.469442279926491, 0.10580521382949314]], [[0.09757886752766518, -1.632597644694874, 0.13160569235766276], [0.25915094774507497, -1.3829819769868315, 0.08665597188507718]], [[0.14171789716706423, -1.51690961384137, 0.031770740863551056], [0.38474020932132974, -1.4968294338234964, 0.15665012621924712]], [[-0.030702397156094748, -1.442562454911971, -0.22626783352682925], [0.23660270559913102, -1.3425612249705048, -0.40154741201074806]], [[-0.030018574100475207, -1.43391711888203, -0.22694139653029946], [0.3130107647214836, -1.4486188311306885, -0.3225393237591854]], [[-0.20038306277869636, -1.3155458804816207, -0.8332638653979952], [0.26905866380022736, -1.4029947742848472, -0.7575370044564527]], [[-0.17732656847418707, -1.3323041218844232, -0.767284981721973], [0.24780047517750745, -1.4460680637331629, -0.8275154236826094]], [[0.4158118254931971, -1.674412319517929, 0.4062556902963595], [0.2525868396089081, -1.5326136175362413, 0.6461391840673086]], [], [[0.26495006544999555, -1.679175485331446, 0.3219722945275173], [0.26105585529749625, -1.5012282312883132, 0.475751507408696]], [[0.055507750005484746, -1.4797360343766706, -0.0972485463316391], [0.3106714574602304, -1.4196953293970007, -0.12244864289575047]]]}