{"bodyId": "h0", "timestamp": 49647, "continuousState": [[[0.46993388496243205, -1.5632236253839202, 0.589246044572615], [0.23606084257728138, -1.3900610816465517, 0.8044485641227285]], [[0.2460571927723704, -1.4952585500292064, 0.8130957376633693]], [[0.3058324874525143, -1.7107406579434161, 0.41056217494595715], [-0.04789342291998719, -1.4493094910748476, 0.5076665534682365]], [[0.4252785649432553, -1.6546338437197423, 0.4481537732669768], [0.291009117406478, -1.5986173390328757, 0.611336195679271]], [[0.10715493550511229, -1.6990597698458132, 0.18174937990615286], [0.22394100060459277, -1.3952738757355347, 0.33961147712304796]], [[0.3211310656862896, -1.567472340640526, 0.32623964481429424], [0.40330077995512625, -1.5810666861511746, 0.3916226596462857]], [[0.034207920165361144, -1.5319945329559215, -0.016241900077560784]], [[0.3883123834212165, -1.4791839393977895, 0.116206594837382]], [[0.09925153154932304, -1.6349183244063605, 0.13240732914977776], [0.2575403758180635, -1.3694300657978555, 0.08160576760359323]], [[0.13911535868410868, -1.5158092696151189, 0.041534769049931586], [0.39168603802336227, -1.4803200076418002, 0.1395472053180556]], [[-0.02702467801403168, -1.444943281584523, -0.21906423824046578], [0.24705436730488736, -1.3349164074389597, -0.4068858967845565]], [[-0.0269603765485451, -1.4339757401794189, -0.21992989444439626], [0.27577962014204876, -1.4487378281465273, -0.38794909366323216]], [[-0.21269326843826775, -1.3061264853147103, -0.8501938716316781]], [[-0.18058589579372783, -1.3282683555986583, -0.775828449960261], [0.2505571949025946, -1.4472237841913471, -0.8247273476098356]], [[0.40111157896714367, -1.6822667359486676, 0.43102689689709894], [0.25832599515964805, -1.5262825863624605, 0.6515231962515808]], [], [[0.2662167502241838, -1.6768468067827778, 0.3149515765865648], [0.25747505900553536, -1.4969456073842053, 0.4754738364011595]], [[0.0560453403350385, -1.4803762755998209, -0.0887647345952671], [0.3193702026641248, -1.4076182075403798, -0.13366934573325046]]]}