{"bodyId": "h0", "timestamp": 50250, "continuousState": [[[0.49649146794647303, -1.5390447572904162, 0.5487640048383284], [0.2200922377458694, -1.3879827612888898, 0.7925738950072463]], [[0.23608067916525488, -1.4978402290633972, 0.8007835834534853]], [[0.3225100988268428, -1.70935651985104, 0.41844449663036004], [-0.012804453331189052, -1.4569258780745642, 0.5299485536004108]], [[0.42327751839170485, -1.6557234366610871, 0.45158186273602485], [0.2769136732165514, -1.5982150340132664, 0.5967145918676895]], [[0.10324220924801619, -1.7006857718397115, 0.1942930912366212], [0.217538047440014, -1.3970648893800368, 0.32121998957001713]], [[0.31743903705792, -1.5664295955414542, 0.33005541642175307], [0.4048550392334321, -1.5643530006434918, 0.36343748548651433]], [[0.03407004038761846, -1.5327018392945655, -0.011492476856078156]], [[0.3610882936016558, -1.4505755589264764, 0.0683333742403281]], [[0.09943240331159627, -1.6331427685240283, 0.134968769213639], [0.26665150055218395, -1.3755888113246735, 0.06536248761051343]], [[0.11580386284103486, -1.5386282884687839, 0.11117206906368665], [0.3875906496560399, -1.4972665629770092, 0.14961208368196094]], [[-0.027703883286480106, -1.4464009275912406, -0.22038970752572482], [0.2681494064086589, -1.3274150160305769, -0.3701262661729809]], [[-0.029205027942261326, -1.4375887307352486, -0.21561679752770602], [0.3165348931674109, -1.4448500347885098, -0.3246721002407039]], [[-0.21119668709989559, -1.3040553816023712, -0.858567060651847]], [[-0.17944898410170804, -1.3343901876978073, -0.7658852861909395], [0.25489680528153874, -1.4472026872154171, -0.8220967804964291]], [[0.40268377498275293, -1.680575034542914, 0.43037728910212947], [0.25593420292503766, -1.5304014687193606, 0.6472038111852332]], [], [[0.26325986381986055, -1.6782046042503993, 0.322937476986323], [0.2472258603282827, -1.4976399616966516, 0.45896729071885334]], [[0.04404998977727738, -1.4925146080300122, -0.05460881923101908], [0.32787002803234944, -1.412340789503793, -0.11025709124550997]]]}