{"bodyId": "h0", "timestamp": 1630675666924051456, "continuousState": [[[0.4798409804576964, -1.5490139548983601, 0.5763364745471633], [0.21606601639747713, -1.39134498881157, 0.7888675635769803]], [[0.2325509768565937, -1.4959970059730052, 0.8024116428769297]], [[0.32247318154022847, -1.7110390750870075, 0.41602576810031533], [0.02458363793966805, -1.4585727568258995, 0.5554000095420111]], [[0.42826492275818706, -1.6499122187706938, 0.44629932776847875], [0.27675325768508763, -1.5965274757506471, 0.6038275014584861]], [[0.10854161424175583, -1.7025984726340342, 0.18952887448448746], [0.22844468795515696, -1.399881706069296, 0.33289056010585794]], [[0.40914906178205135, -1.5739760778637437, 0.3789604627617264]], [[0.036197563608101405, -1.535322996289576, -0.019863502818462848]], [[0.3766859325997293, -1.4646252840120606, 0.09305047889344223]], [[0.09843203888661253, -1.6246826320478664, 0.1252807172623768], [0.26345354302629514, -1.3751589976793894, 0.0859797216951888]], [[0.13099961093221116, -1.5237260229576286, 0.06743007392171148], [0.3895830894366304, -1.4853709649244302, 0.13302691839372666]], [[-0.02754050043454819, -1.4415757146672985, -0.23041140295163087]], [[-0.027350374749911994, -1.4339797383396446, -0.23072145445707862], [0.27213319653449664, -1.446104659471116, -0.38929526843583084]], [[-0.1991397600668315, -1.3188853388070423, -0.8122351463224513]], [[-0.1792377267083686, -1.3359935782840637, -0.7562258426785489], [0.24863788303136267, -1.440328485281271, -0.8257954097436206]], [[0.41005464381548445, -1.675037167192369, 0.41705391471529424], [0.25919732922292427, -1.5285125842081513, 0.6548785355352303]], [], [[0.2684032684999714, -1.676255345702364, 0.3179141011264831], [0.2525989728201223, -1.4982045909099715, 0.468359030782172]], [[0.05172955524883148, -1.4826508688124636, -0.0814906645149597]]]}