{"bodyId": "h0", "timestamp": 51657, "continuousState": [[[0.479732718086401, -1.5534039302076843, 0.5774254185848932], [0.23911551621994773, -1.387407887378258, 0.8141870056831583]], [[0.2250159800366673, -1.4938351075966485, 0.8010474953696245]], [[0.3247174424885372, -1.710599624378392, 0.4162834542338292], [-0.003947846042803348, -1.4581681106767914, 0.5330812216515458]], [[0.42925731122206157, -1.6532119071291251, 0.4487221440545603], [0.2797213351726843, -1.599169889975982, 0.6011192822618705]], [[0.11037840358828424, -1.7011919417737618, 0.17696554518842778], [0.2655215132382584, -1.3994678204513906, 0.370649219485523]], [[0.4174233741437106, -1.57183145649237, 0.38680741400061086]], [[0.034109908327785265, -1.5356757649046728, -0.012052483154308902]], [[0.3769873809825881, -1.4653961160292217, 0.10071605454232622]], [[0.10357780492639171, -1.625194197856376, 0.10944044135990862], [0.2619939996026478, -1.3778272106043332, 0.08567831503225556]], [[0.12693899643391773, -1.5299058039032207, 0.08093498654488007], [0.3862879316190604, -1.4890784001150439, 0.15129456434021563]], [[-0.029947545802216865, -1.4491463022911095, -0.23268662112800303]], [[-0.029404439850620776, -1.4375619905637171, -0.2315603698378643], [0.2796322209155328, -1.4440374129844715, -0.375541497205669]], [[-0.2118317567522324, -1.3096947069091431, -0.8387753790995103]], [[-0.1801173616293404, -1.3367957801693, -0.7506453332535007], [0.24073090024812746, -1.44624562864158, -0.8397994742016419]], [[0.4082085253244451, -1.6773751420506628, 0.42505430652175186], [0.21472515667512834, -1.5318563738444142, 0.6211178246731492]], [], [[0.2698178574051729, -1.6772019244514436, 0.31284384462149406], [0.27262142420547136, -1.4993188552136862, 0.48588425087369674]], [[0.04849572531585043, -1.489526053097165, -0.07587581729156148]]]}