{"bodyId": "h0", "timestamp": 1630675666924052327, "continuousState": [[[0.4824854923636447, -1.548437054853242, 0.576913425208424], [0.2237070268488044, -1.386857357443303, 0.8029259673516269]], [[0.22967666575909199, -1.4926753795774166, 0.8018525766236211]], [[0.31898692081783014, -1.7123160242259425, 0.4171552398897952], [0.14242928987620304, -1.4628361265464391, 0.6229408488010547]], [[0.42643044922312007, -1.6524797420729778, 0.4449163407089656], [0.2826623012963405, -1.5984773765679618, 0.6040424437357028]], [[0.10988554431594207, -1.7076980687718237, 0.19100277809536306], [0.2531599704419518, -1.4051017967229766, 0.3657156415870072]], [[0.3192329034525041, -1.5678346526836908, 0.33019269224220715], [0.4215357835535949, -1.57428309834469, 0.4040077685396582]], [[0.03170814742511345, -1.5395561757688234, -0.013283157668268132]], [[0.3782273399719543, -1.4727629044987431, 0.10912989308678243]], [[0.07047312072328749, -1.6004875108297052, 0.08367672620797953], [0.2525649676571218, -1.3889433912029978, 0.08243567384501967]], [[0.11831999847649508, -1.531727417917975, 0.08931348119600625], [0.42049162352729197, -1.4955930566038955, 0.19792100192433099]], [[-0.033514879851628904, -1.4463560345017532, -0.2580507266603222], [0.20864630524517544, -1.3474110125793195, -0.4305888951552704]], [[-0.034571513176846994, -1.439787354474419, -0.2359705784501823], [0.337105797565305, -1.4448021203581523, -0.28381368274454893]], [[-0.20057709710923138, -1.3182732782689255, -0.8166353302536395], [0.22379514491206942, -1.397389521951471, -0.8295207697919775]], [[-0.17919247615721418, -1.3407832463365388, -0.7473812904222582], [0.254744790218667, -1.4398845545841825, -0.8220696480751033]], [[0.4035224700365581, -1.677502590606169, 0.4183034916454255], [0.25435567489463234, -1.5323476823099442, 0.6472008126398119]], [], [[0.26815799676953106, -1.6800889054224006, 0.3179595594021643], [0.26791113586914617, -1.5017895866454691, 0.484879042661355]], [[0.042402559312433086, -1.489041726209864, -0.08436862273215798], [0.3145689643862337, -1.4215020345916076, -0.1163339466154697]]]}