{"bodyId": "h0", "timestamp": 1630675666924005293, "continuousState": [[[0.4818039022676142, -1.5451514980383663, 0.5654179786630673], [0.20355053414454233, -1.3775469279114883, 0.83401182265008]], [[0.21165963993565926, -1.4907524752609647, 0.8221322699586934]], [[0.41912452876761136, -1.690697454558842, 0.43339873087285546], [0.13972155510651305, -1.4390480371716783, 0.6230044304461871]], [[0.4214978138260901, -1.6255903037913, 0.48304508786625455], [0.25388647141837806, -1.5921650541533776, 0.5963609470293846]], [[0.11238184170275145, -1.6323386447292714, 0.2552050448396801], [0.23122747051169426, -1.37447756313777, 0.32293341733228614]], [[0.36329802944994505, -1.5351761041176208, 0.33411569644737643]], [[0.00558073034301782, -1.4561417025966708, 0.0038821198385483057]], [[0.36036241845932226, -1.3918287443710198, 0.02363439536564056]], [[0.10377355584561303, -1.6280956736135213, 0.21333280363167978], [0.28049064289185116, -1.3348834262171236, 0.06888916877012866]], [[0.20644650003770648, -1.5940967588445323, 0.3406405657889993], [0.36051075196648796, -1.4640797747609986, 0.08769976869773768]], [[-0.04163983201440493, -1.4357248347406548, -0.1621888820757515]], [[-0.041609617344122454, -1.4364297279330525, -0.1626225981463797], [0.24712972828698365, -1.418329447011476, -0.43362587300105976]], [[-0.22577870079689286, -1.2896806437839934, -0.8221403881741812]], [[-0.21342098566345158, -1.2996133927437632, -0.8081524161455149], [0.24402247954273842, -1.4187108112990923, -0.8040144124031201]], [[0.42167317834033163, -1.660049911053092, 0.4518469304740237], [0.20782158833210543, -1.5187259201339245, 0.6195079437114437]], [], [[0.26693982776442077, -1.6289644742602856, 0.3691250663529673], [0.24255697096503614, -1.4833213086455737, 0.45964718218083533]], [[0.08240333401165077, -1.5149107967925937, 0.08922584185662391]]]}