{"bodyId": "h0", "timestamp": 52528, "continuousState": [[[0.48284738636599417, -1.5487654700454743, 0.5755918876691443], [0.24065041880384797, -1.3875925144790957, 0.8121754330779457]], [[0.23373222620121897, -1.4982475644987923, 0.802080777158255]], [[0.3220560420474932, -1.7156683343966905, 0.41678306816392285], [0.07960825766937091, -1.459654203649486, 0.5829043396267752]], [[0.4316221333946936, -1.6488914898724527, 0.4475721956020825], [0.2840080963293001, -1.6017525472997913, 0.6065770505440401]], [[0.11018811236360727, -1.709822464099331, 0.19377923722148285], [0.24255253524805698, -1.4033735304048636, 0.35344104374369795]], [[0.32780937699560225, -1.5678631904761515, 0.31928495661531453], [0.41438145134488014, -1.57067591912497, 0.3843861685728566]], [[0.034191292858856116, -1.5421407630531054, -0.009541185575070131]], [[0.36412218386624207, -1.4629049418420845, 0.08657417582968287]], [[0.10170256869787135, -1.6252496226052635, 0.10964179992314735], [0.26269767183345333, -1.377781111472841, 0.08970755047118928]], [[0.1257821608701574, -1.5297338558351996, 0.08301746640308057], [0.38822833617391483, -1.4933832642859697, 0.15942382328487542]], [[-0.02996498387074405, -1.4438920366677568, -0.25838364064900315], [0.25774487807945795, -1.3328740122999936, -0.38246711358392466]], [[-0.03010804900556212, -1.4338778290258651, -0.24677477221655636], [0.29238950493214977, -1.4469148587151703, -0.35805516045969943]], [[-0.2016071856374335, -1.314792777607877, -0.830848292522991]], [[-0.17972579168412484, -1.3318003752709064, -0.768348963275233], [0.2527342227763061, -1.4428887780005046, -0.8250133076529116]], [[0.40300374556437424, -1.6799050787676604, 0.43231145513652075], [0.2530170441923742, -1.532638519518136, 0.6455807823389039]], [], [[0.2709051228791504, -1.6793569769858918, 0.32067571641178266], [0.2632803157886785, -1.5025630388523274, 0.48000904714386905]], [[0.047908588499706674, -1.486812946251478, -0.0876830871229613], [0.32298660712668636, -1.4131286382929815, -0.11152164514952462]]]}