{"bodyId": "h0", "timestamp": 1630675666924053399, "continuousState": [[[0.48038591883412635, -1.5532426884550383, 0.584508354163207], [0.2320033921281738, -1.3898973652107491, 0.809700775734745]], [[0.23103068975927546, -1.49393416503031, 0.8031408341707849]], [[0.3721634899675087, -1.7019262010740244, 0.42548389676186016], [0.01571746370657729, -1.4630601404576888, 0.5511261550472825]], [[0.43303584113579363, -1.6467926601132, 0.45105295570414955], [0.2783251480151489, -1.590290100280775, 0.6047029398515069]], [[0.10758698631956037, -1.7034275662141558, 0.20429201880534356], [0.213324410295593, -1.3999719530007222, 0.32605489715274255]], [[0.3112764023342274, -1.5728192307985482, 0.3514545219273632], [0.4037679028771142, -1.5576031840865907, 0.3744033156317273]], [[0.038559512128663924, -1.54278227026849, -0.006107124122680034]], [[0.3629641291293167, -1.4554491816220227, 0.07807289263888788]], [[0.10133802739011441, -1.624543997090946, 0.12176688321781512], [0.257931510845666, -1.3833819007602854, 0.0881440666063254]], [[0.12813997941810504, -1.524408995689836, 0.06930183075219862], [0.3975603048556443, -1.4949062446719366, 0.1717387253818631]], [[-0.03277761313467906, -1.4473256263190502, -0.23051574279777515], [0.24149489439802438, -1.336069226571221, -0.3983249182946854]], [[-0.03177642562966568, -1.4363496149681223, -0.23083459035219311], [0.29479294977968745, -1.4438764926433658, -0.3490431804150844]], [[-0.2019007227176611, -1.3210131633683388, -0.8178334419744242], [0.2525773374937253, -1.4005177853626691, -0.7916557497887841]], [[-0.18050358191911806, -1.3373412913726535, -0.7525381298964803], [0.25067597014208354, -1.4385700080413015, -0.8264213547243405]], [[0.41612652782941695, -1.6712485466126088, 0.42562846733198434], [0.25924290082522794, -1.528122550858192, 0.6565401419855558]], [], [[0.270311413727677, -1.6751101131636779, 0.32767248725474657], [0.24582477915537093, -1.4951310266407485, 0.46537891850212476]], [[0.04768118314171299, -1.485867311004443, -0.08060695602278826], [0.31952759962683436, -1.415487735621579, -0.11329309645641115]]]}