{"bodyId": "h0", "timestamp": 1630675666924053734, "continuousState": [[[0.4923687593059103, -1.535446268453038, 0.5579281047440361], [0.21356154066887484, -1.3824157943530309, 0.8020953257885578]], [[0.24460566353189847, -1.4863007534912276, 0.81512458331816]], [[0.42618857688203826, -1.6910747901531085, 0.41611195659138095], [0.03369337205432453, -1.45083791979933, 0.5616560496804116]], [[0.4337510989881968, -1.6452831996081874, 0.4550733321135184], [0.26067692463707204, -1.5877201493567832, 0.5983712131922048]], [[0.10577900819950077, -1.6955061452993303, 0.20303565143163904], [0.24726245440816252, -1.389265716301414, 0.3600729273273591]], [[0.3097964740589343, -1.5723343912746914, 0.3548710248066611], [0.3951769348517814, -1.5553139434221546, 0.38919848531006207]], [[0.03319891093081725, -1.5262693325492023, -0.013160476957719311]], [[0.3711548324077573, -1.447568887696179, 0.09374892533763432]], [[0.09419581940307904, -1.639683608203991, 0.16472894846868416], [0.2565728896180069, -1.3644944856300725, 0.08712732819527355]], [[0.13613536497514492, -1.546206121105544, 0.13259550876160164], [0.3911591616379794, -1.4786812291660705, 0.16353873672171357]], [[-0.028076651114618757, -1.4488238908156637, -0.2247968722930357]], [[-0.02972799924363224, -1.4374163993891034, -0.22505188054361883], [0.28175523332343505, -1.440029885432768, -0.37746560845340693]], [[-0.20199222305699716, -1.3166980070532572, -0.8217266187110477]], [[-0.18140082607730432, -1.3333619110789883, -0.758432284744691], [0.2504204112408083, -1.4371194052226797, -0.8307256975791404]], [[0.4170301220298267, -1.673617383765859, 0.449723050791664], [0.23324252245154709, -1.5214094952471162, 0.6420857430999513]], [], [[0.2697650535938488, -1.6703946724537588, 0.3290544917725787], [0.2539696895226173, -1.4884929328290986, 0.4792220702597819]], [[0.05402935693026308, -1.497515005960604, -0.04610068176571702]]]}