{"bodyId": "h0", "timestamp": 1630675666924055141, "continuousState": [[[0.42642192523123895, -1.5129677172446947, 0.600230596702787]], [[0.24744690557524018, -1.4423969582299856, 0.8580677619069265]], [[0.2691498949679852, -1.6704282792150686, 0.42176956010329664], [0.21304201753580015, -1.4182781696774727, 0.6691324713381503]], [[0.3855544599249134, -1.6396868168438172, 0.4690977264129415], [0.2217835851650359, -1.5610322420856557, 0.6160148123682077]], [[0.03989416827067237, -1.7313697340702092, 0.17105860688687927], [0.14834810417476138, -1.350814449943682, 0.30625517860363627]], [[0.37805303690408004, -1.5953929266449542, 0.3703227578028627]], [[-0.01374168167997135, -1.5399794003564802, 0.03016648887924498]], [[0.3354920035961902, -1.431670380915725, 0.11163168211002335]], [[0.24506857952361225, -1.3370587288664957, 0.03193072602572534]], [[0.17172022633909165, -1.575519220155452, 0.29285085171549735], [0.32074075846939853, -1.4654727555863702, 0.04992491099814265]], [], [[0.2556128307656061, -1.4359753555846162, -0.41197299334791476]], [], [[0.23607771751531936, -1.453573390511154, -0.8533478971542726]], [[0.35288795223158803, -1.6356418839296767, 0.44488739745859], [0.19566560963133817, -1.4880657640935615, 0.6314669462144921]], [], [[0.21272431409779288, -1.6855282754570133, 0.3200781666499104], [0.18506584466989864, -1.4559233460146688, 0.46113499548592196]], []]}