{"bodyId": "h0", "timestamp": 1630675666924056749, "continuousState": [[[0.6107529648124977, -0.7721510044091742, 0.6606578539489609]], [[0.4655376850029825, -0.761143043456184, 0.7393057172120697]], [[0.5243912503054771, -1.0873425098056693, 0.5370947855611764], [0.2942154433135047, -1.0356916901444824, 0.7024818456293709]], [[0.559988575533601, -0.8860604760421852, 0.5372867484184397], [0.4557540293341524, -0.7988019498654062, 0.5456629684101441]], [[0.3773989276112558, -1.2986549995255492, 0.33538716927817974], [0.21357281666233688, -1.2305867918568412, 0.4960976862091673]], [[0.5416875974644383, -0.5659707930202957, 0.2443410880544393], [0.49926267908477484, -0.5577034837094722, 0.3018288431805661]], [[0.19204115487895143, -1.2358473108754726, 0.14699567894440999]], [[0.4464579191781659, -0.28653826500120044, 0.16085479862964985], [0.4419874288648184, -0.21017592919036884, 0.07772688729471543]], [[0.2674564658434197, -1.249178067649509, 0.22429706891538034], [0.32098625155288485, -1.1831185233736181, 0.0375013857145168]], [[0.28572531055066447, -1.0725256862822437, 0.20927474033056181], [0.39775675993146886, -0.9860508555682099, 0.03424042907060084]], [[0.078274366722487, -1.1624004987412313, -0.11733939954353173], [0.24600936091317363, -0.6065782874321003, -0.006089252120111269]], [[0.6168166433719356, -0.798677389426301, 0.44685963881414115]], [[-0.1886994884706152, -1.0785037172049825, -0.6972382879743791]], [], [[0.5502156785155264, -0.9770851602027952, 0.5301574404781592], [0.411519477099172, -0.9302066218593052, 0.6581942594757411]], [], [[0.46869375157242843, -1.0923577377838671, 0.4363369588483097], [0.33466342299824464, -1.0146943708611236, 0.5208803273096556]], [[0.18199983863657573, -1.1174630925117375, 0.04596767039351504], [0.32188306042232123, -0.7963145715001552, 0.014075588475244786]]]}