{"bodyId": "h0", "timestamp": 56950, "continuousState": [[[0.5626693198394744, -0.8534308220426344, 0.6917663300717976]], [[0.4035644961162586, -0.8036129302563698, 0.743164185745463]], [[0.5093628136109226, -1.1282277052606178, 0.527330027275623], [0.23861250364553166, -1.0948634461799143, 0.6520992531574459]], [[0.5504293363507875, -0.9286802958586673, 0.5031630496374215], [0.4432817384787925, -0.8003533210028946, 0.5499022894510256]], [[0.3486150757588542, -1.299047174816914, 0.32906680269313143]], [[0.5484666713395943, -0.6325120994009571, 0.12512008710264536], [0.4931247027217412, -0.6183607884931914, 0.17110147469812]], [[0.19666035784741284, -1.164584409600907, 0.19131628747624177]], [[0.4070582788206121, -0.4680018572280717, 0.12361431486194806], [0.34297520891009686, -0.26062882252096303, 0.0356874365071169]], [[0.2669311404856801, -1.2586490469047804, 0.19680420987803224], [0.3805024259869847, -1.1358245334124275, 0.09687604080450865]], [[0.2762647201781286, -1.0704513677466347, 0.15891964091004887], [0.3719580940187075, -0.8714656580865671, -0.09337630756159729]], [[0.06263317245644652, -1.1145361873057258, -0.06933253767711972]], [[0.13691781333425485, -0.7070055874479979, -0.384854624614831]], [[-0.2005982323756411, -0.9984233247584436, -0.7149189690873673]], [], [[0.512555407537332, -1.0511067507045868, 0.5402439585327473], [0.3803156259081513, -0.9637663095838394, 0.6669511053301537]], [], [[0.44952220605482085, -1.1138637353377905, 0.41611492616527646]], [[0.16944894631728755, -1.0924937775261803, 0.044793551616464575]]]}