{"bodyId": "h0", "timestamp": 5695, "continuousState": [[[0.490930556869284, -1.5416169777565616, 0.554467841115071]], [[0.21270636319215122, -1.402611307758518, 0.8303219840532112]], [[0.4365671022435518, -1.633549382835749, 0.6015382460710604]], [[0.205869576829989, -1.4902319352957039, 0.8181931080749466]], [[0.39435179273749355, -1.6981724742348783, 0.432785483922666], [0.10562871315111193, -1.4653379355697604, 0.5942567272181388]], [[0.42529263494593483, -1.6295117974376285, 0.46292113484920744], [0.2791727230465342, -1.5893946171227342, 0.608718066618057]], [[0.09768639999054148, -1.6363631337190758, 0.2560213286663918], [0.25362403398545574, -1.383121222164727, 0.31044247390834107]], [[0.37802447800529965, -1.531415632528301, 0.33727173549769784]], [[0.003214023494674109, -1.4529333775787103, -0.01259788253474312]], [[0.3706339861743304, -1.3966423727690518, 0.025869653849691077]], [[0.07480394161767878, -1.5933088033343106, 0.13699006306737646], [0.28257131172117805, -1.3496353791407734, 0.06816796094539428]], [[0.09180342616714245, -1.4909501932078073, 0.08160427738097906], [0.37743672278570806, -1.4625307782827364, 0.10071490218798317]], [[-0.04936776581208386, -1.4297728667629086, -0.17736990087562504]], [[-0.05265997741725306, -1.4279740476307647, -0.22565734312747782], [0.28755251796473974, -1.4194131732562978, -0.3331628511411432]], [[-0.22751412896452067, -1.290937155303768, -0.8292292845365364]], [[-0.20214337278310554, -1.3105260513278922, -0.7808907925634717], [0.22673223370707524, -1.4169919499936352, -0.8191864863127023]], [[0.4097073248405185, -1.6680670784709954, 0.4384804181860461], [0.231458964413966, -1.5274653958790574, 0.6300271807795593]], [], [[0.2614895174682382, -1.6329374655783522, 0.3594712317577996], [0.26639837851599496, -1.4862579196437307, 0.45958027026319903]], [[0.021217830177529293, -1.460361529985358, -0.04788281174732299]]]}