{"bodyId": "h0", "timestamp": 58089, "continuousState": [[[0.1333750253403852, -1.2370471233425624, 0.7302997942967896]], [[-0.08390211948848719, -0.9561209497802344, 0.8174456701474182]], [[0.18342927232173917, -1.3026399392295098, 0.7040359912200378]], [], [[0.2014028250768605, -1.3906600302629613, 0.5247178565449512]], [[0.13915040655399305, -1.269320536033185, 0.7684392327532927]], [[0.05415519845033322, -1.4136789692463403, 0.2704028367526937]], [[0.13847789530504462, -0.8835166241372676, 0.4128620021297836]], [[-0.022123211617675848, -1.1757207398630107, 0.2096147263520745]], [[-0.06686901785450468, -0.7520547510620488, 0.31892397576908754]], [[0.050289697238849726, -1.321805909876638, 0.2437850036219088]], [[0.08956599305239035, -1.179506749232278, 0.3443569803182106]], [[-0.17425566467727902, -0.9008923026552568, -0.5171093513577546]], [], [], [], [[0.19394399364584303, -1.2914727634951118, 0.6129437852169249]], [], [[0.09665280250216313, -1.3414997526397627, 0.5194210347529933]], [[-0.04234483581244433, -1.0401995259437673, -0.086376185519772]]]}