{"bodyId": "h0", "timestamp": 58290, "continuousState": [[[0.11307095344164947, -1.2370368715711624, 0.7568666650982009]], [[-0.05802132585553636, -0.9930649404116362, 0.7882085552349685]], [[0.19801849278356098, -1.3833638821691465, 0.545918549843133], [-0.1165461311061606, -1.2733440982135538, 0.5723013007851648]], [[0.13795612781591335, -1.291163174656717, 0.7656525416856003], [0.03968750216318813, -0.9443329099176433, 0.6575574349791121]], [[0.03399721242051362, -1.3879776038678122, 0.25935940813590674], [-0.08486854937972771, -1.3020840044592208, 0.3287626816333168]], [[0.19933776363322023, -0.8885332829213537, 0.3682330343637975], [0.044556501673465164, -0.761008962253695, 0.3598602443988614]], [[-0.050518335547332836, -1.135067031613888, 0.22582956611953614]], [[-0.013047441492313794, -0.7955571877758774, 0.32746274896189426], [0.03970174744551559, -0.7043426661905694, 0.34139571127872886]], [[0.006402629665236532, -1.3267021402301156, 0.22453378633994658], [0.1603996905866179, -1.206810364392124, 0.15393162852562728]], [[0.07141881366107515, -1.231091669684964, 0.3998869962079135], [0.1736044042912072, -0.9782779358729724, 0.16653726073593703]], [], [[0.24417899937000653, -0.925522230493845, -0.10570415558470722]], [], [], [[0.18958671264089838, -1.3081474897265928, 0.6327643897737553], [-0.049856734565681106, -1.0958996343795453, 0.6043247739106925]], [], [[0.08597667011821349, -1.3395703892622646, 0.5125059749107534], [-0.02259052360826979, -1.123208457188432, 0.49316005830621445]], []]}