{"bodyId": "h0", "timestamp": 469, "continuousState": [[[0.4980791328524784, -1.5851913220834186, 0.5452333919250649]], [[0.21983682367899907, -1.5274799422653142, 0.8107864541573762]], [[0.381759214765809, -1.733894258394694, 0.3907604835654506], [0.1251489308670896, -1.491172231377656, 0.5869300128233906]], [[0.4246511582104342, -1.6456961953472324, 0.4257823290146769], [0.24647024456837086, -1.616758145415291, 0.5828908567927412]], [[0.11258165261019462, -1.6522782177804798, 0.18577837924861387], [0.22405157698861194, -1.3919597017405296, 0.3220776970350246]], [[0.32572464769760706, -1.5757689678660969, 0.3394291781250092], [0.3737120550196432, -1.5521308069807083, 0.34029027117481836]], [[-0.0021566511670338853, -1.4742612966694157, -0.03199348698107883]], [[0.34377297953630204, -1.4300706125109275, 0.03070830266470557]], [[0.11381567028745371, -1.6653690209762455, 0.2322511721278215], [0.2490538410856393, -1.3596813610621192, 0.08299300368234298]], [[0.3654232244007285, -1.473413721514286, 0.10576882850491598]], [], [[0.29786155560883615, -1.4298529115735747, -0.32061651157741516]], [], [[0.22592521366322943, -1.4254930544721918, -0.7476248188745315]], [[0.40991714018035597, -1.695834945116199, 0.41290575697749726], [0.20652395076811422, -1.5535945218301481, 0.605948833131057]], [], [[0.2686164054103144, -1.6489872065638562, 0.3057803541316454], [0.2352609107784914, -1.5043589235779105, 0.45248427691388293]], []]}