{"bodyId": "h0", "timestamp": 61372, "continuousState": [[[0.48922622491588225, -0.4081168005971949, 0.19754184414735051]], [[0.164394532555272, -0.7503697023955384, 0.7381206656486492]], [[0.3269503088244216, -1.105544979842819, 0.553960283297945], [0.09697853881088826, -1.0709448478224681, 0.5813560191089125]], [[0.40643123102233353, -1.039046434182866, 0.5579431353929], [0.26096313776623103, -0.8264439039681156, 0.5838101265113599]], [[0.16819527355995548, -1.2750005251784537, 0.2547260922806902], [0.06656808008697203, -1.2087357908001222, 0.32021088974490997]], [[0.3935963191912781, -0.6071401757499658, 0.34571358098857147]], [[0.11716284584218073, -1.03589691399327, 0.09173923355061789]], [[0.47027782845942306, -0.30832081646485904, 0.1348548803682936]], [[0.17384709189260997, -1.2868384627869132, 0.27418320332095164], [0.33089442448217166, -1.1772453983847486, 0.08996500612017598]], [[0.15449313795694092, -1.2181268566026824, 0.3716813779068536], [0.39859485823777846, -0.9590740473995343, 0.06978574731426603]], [[0.07119960546934204, -1.1025454697989774, -0.06859163386218688]], [], [[-0.1572541768766373, -0.9429923889042428, -0.6438293339282316]], [], [[0.3617997687227146, -1.0564205315596027, 0.5619660574555996], [0.19827747761109207, -0.9528166831375665, 0.5979609290014335]], [], [[0.2873132522911445, -1.1570234796806598, 0.4063346138367951], [0.16376560892660152, -1.017589847384119, 0.4520105081281349]], [[0.11284637171314148, -1.1603361632008298, 0.15154487202233338]]]}