{"bodyId": "h0", "timestamp": 63784, "continuousState": [[[0.40438315186106644, -1.3194111521603238, 0.6295154657400717]], [[0.1564086459785699, -1.1025744412501832, 0.7841977840462584]], [[0.38829140166898723, -1.4119378308467458, 0.6626688437739064]], [[0.20875254071303767, -1.210379297682781, 0.8215737401789218]], [[0.28998588374997386, -1.4752915128499093, 0.4293050256692113], [0.1524487613359338, -1.3124848663864235, 0.6156957332539491]], [[0.3294761722013055, -1.434156134818586, 0.5048631316109008], [0.20436832454024512, -1.3167879963691085, 0.5972944729111834]], [[0.05619696910189856, -1.4781911561751946, 0.23689311699365861]], [[0.38669996116276933, -1.3274789802273126, 0.31955944455090096]], [[-0.0019316902825581791, -1.246485155932808, 0.06903207089911007]], [[0.3967238261213765, -1.1532147391287475, 0.14802725317769433]], [[0.39205672077910775, -1.2022663640855982, 0.18519822359748195]], [], [], [], [], [], [[0.33107572366254334, -1.4336345647643625, 0.4400985504047831], [0.17786387895204872, -1.3158229537568622, 0.6102402629106477]], [], [[0.19283657065160204, -1.4561736454968903, 0.37087812430227973]], []]}