{"bodyId": "h0", "timestamp": 64454, "continuousState": [[[0.1254482350915739, -1.3380767931035176, 0.8324297035704948]], [[0.39556030607233467, -1.7028931046967337, 0.6430555333564205], [0.1463856345510519, -1.4691085527008205, 0.8168768880543092]], [[0.275656449891175, -1.6588529593346788, 0.42633608439641635]], [[0.43276704425235135, -1.6699165455061797, 0.4242127998554073], [0.1659660960476949, -1.5621912896436285, 0.5923627312853467]], [[0.03600054791169941, -1.6689972343140798, 0.21269232318083528]], [[0.3639480104148959, -1.5813434039203393, 0.4290542671740152]], [[-0.07384412140657312, -1.5679257878725663, -0.09111528688742533]], [[0.2544705188466787, -1.5938375921980346, 0.03873496089592504]], [[0.14378678669541234, -1.6870267961019065, 0.40208518163490475], [0.2740946350426907, -1.333470201004387, 0.1430693067668574]], [[0.16222683525060955, -1.605025060147092, 0.37939761944310885], [0.3612476907100001, -1.4539623045743284, 0.19714120531707907]], [[0.02751689740293159, -1.6590486113495069, 0.2207599916658794], [0.3091804845451277, -1.3188536206939017, -0.26850394207875117]], [[0.2992386108536241, -1.3905926370141974, -0.29150007768149205]], [[-0.18791503683322902, -1.3025156435509297, -0.7886689418162427], [0.29787066176481564, -1.373906815145271, -0.7296415679395221]], [[0.2906854563264899, -1.42815013591699, -0.81997136115334]], [[0.34939670771039255, -1.6535911503299756, 0.4802381185693848], [0.1677363712747208, -1.4733882513299348, 0.6309473562057977]], [], [[0.2343837960820254, -1.6694568899101299, 0.3184525615181213]], [[0.09487186632677057, -1.6320368357482993, 0.3000788055544941], [0.3352140876275639, -1.386407962634115, -0.03568136838083605]]]}