{"bodyId": "h0", "timestamp": 1630675666924064990, "continuousState": [[[0.32128804807649725, -1.383161941429366, 0.7651581365292282]], [[0.37718608482791977, -1.5119160997376144, 0.8035949582073599]], [[0.455935733740308, -1.6623018550117723, 0.39757944019447633], [0.2635409016058118, -1.47389294480699, 0.6044693519389027]], [[0.4899801880479101, -1.615831756579101, 0.4126642673649703], [0.3376577552997785, -1.5769177333275781, 0.5950997960635916]], [[0.2702736297319336, -1.6796587203091153, 0.30559266699201043], [0.24436982861058118, -1.3803662461782962, 0.3343930781178713]], [[0.2906016809098707, -1.5848538185067351, 0.35821366496864676], [0.41045849793450223, -1.581320390778892, 0.3807226351054983]], [[0.16147539333760427, -1.6584816356212486, 0.17044781572546322]], [[0.42265334442780633, -1.609449660999483, 0.19520242889098857]], [[0.18065432510559243, -1.6009350080040698, 0.16686624073523218], [0.3072195212906531, -1.3859365136999455, 0.020945326354503323]], [[0.16503024753714227, -1.5714387761693875, 0.2295353634003859], [0.3650651863062701, -1.4936538235093237, 0.06275370701332963]], [[0.0121835015373332, -1.4236087954670127, -0.25405660895654386], [0.4170642776968025, -1.3487304368866102, -0.23927305401253238]], [[0.010666363700865872, -1.4181015094621772, -0.23292192585591828], [0.3081505373874747, -1.443373036180101, -0.4252255734569551]], [[-0.1891921057838926, -1.289742096882355, -0.8221651297489753]], [[-0.1779232388147497, -1.285142610666986, -0.784979814164606], [0.27784061359552154, -1.4217854688814624, -0.8596268861605029]], [[0.46256011701072824, -1.6463761781772008, 0.41424173655845503], [0.313755004899919, -1.5293935193214017, 0.6107888617565242]], [], [[0.38012690888992184, -1.647745238444108, 0.35912846717849034], [0.29101379195517985, -1.478641989752937, 0.4647464370907315]], [[0.08860687453723773, -1.4975237858182, -0.012260622778078975], [0.3910647320015363, -1.421192130197967, -0.08825967349960137]]]}