{"bodyId": "h0", "timestamp": 1630675666924006432, "continuousState": [[[0.48099247722978866, -1.5492419102402961, 0.5636514242042991]], [[0.2129749020779957, -1.4919538141790887, 0.8201985436006616]], [[0.40004427376221013, -1.6930421274882088, 0.4287950377448359], [0.12680293537485363, -1.4695562305756835, 0.6055712115199346]], [[0.42957535019412085, -1.6333488931454605, 0.4616195006567987], [0.27722991422941595, -1.5860388324084933, 0.6102510604774095]], [[0.11774576652086818, -1.6193424043387163, 0.19135712701504032], [0.24814064797409263, -1.3861204656289559, 0.3037585099513592]], [[0.3121057580521172, -1.5625524481300581, 0.35850515703677277], [0.33959611717694704, -1.5282832013344068, 0.3068906708319946]], [[0.001432945098697985, -1.4529271970450548, -0.018904956124249337]], [[0.3663290841031264, -1.3920093929081772, 0.017564584194758252]], [[0.07774623876825262, -1.5901377095672178, 0.1235540822623925], [0.28547826775587487, -1.3646334329127212, 0.1155854725811182]], [[0.3731411264687406, -1.463682287476506, 0.10436696216651899]], [[-0.04542737601047213, -1.427594030262335, -0.20670968836105158]], [[0.31602651848634195, -1.422278995043582, -0.2915651470374769]], [[-0.22942337410780977, -1.2876607329776792, -0.8216331685137548]], [[0.20869167455039883, -1.4208463114340815, -0.8016813117577856]], [[0.41692025357090945, -1.6725302485326323, 0.44375312386753374], [0.23774092460523547, -1.5265962960650221, 0.6352550656442406]], [], [[0.27366055835749453, -1.6263456487420884, 0.3264883138359195], [0.26268528110175426, -1.4860796490187247, 0.45700478521438437]], [[0.16385687522913422, -1.4456381588694205, -0.0511713630972663]]]}