{"bodyId": "h0", "timestamp": 66531, "continuousState": [[[0.5705581278045015, -1.5169300326630342, 0.5383756610671214], [0.291626174802783, -1.3850167124975619, 0.8209986765809637]], [[0.2889061417618698, -1.40917902794383, 0.8163497636036856]], [[0.5103076517836531, -1.6135421974420996, 0.5737670435415222]], [[0.31681571642536094, -1.5021645907706136, 0.8208300429984466]], [[0.4313830151932672, -1.669244030266788, 0.39743438602799325], [0.23417888833263578, -1.45993209253875, 0.6319157952261251]], [[0.464896032025235, -1.5969654280495533, 0.4300516339514297], [0.3572155163849327, -1.5605620654829604, 0.6356194384199948]], [[0.2581334422817925, -1.685148372445846, 0.3043068199939357]], [[0.3164329133285947, -1.5478984171599304, 0.3505783188963926], [0.42496749505548337, -1.5503835538244974, 0.4306721908998447]], [[0.14263011180894603, -1.6447667490297997, 0.18286130291329322]], [[0.454370000924122, -1.5757989272810453, 0.26788952041080416]], [[0.15994816654647434, -1.6073388280234762, 0.21022262856954058], [0.3174791208596464, -1.373575874741416, 0.1103804764196218]], [[0.17112787219804443, -1.5321497896990062, 0.21727224825807662], [0.3998374133042648, -1.4565422345264287, 0.16996626027550202]], [[0.012836319687331696, -1.420503241624806, -0.2503711686280792], [0.3383166412779456, -1.36221302637322, -0.2933698824223761]], [[0.012248499609460452, -1.4048002975298877, -0.24065997590634014], [0.3528037612018295, -1.4281927569583677, -0.2842457019176477]], [[-0.18897231006420917, -1.2857886620638186, -0.8287508552459476], [0.3047173340173283, -1.378607693025863, -0.7361116775743324]], [[-0.17761898029472342, -1.2819624133654874, -0.8091775631889968], [0.2943085989791864, -1.4284146135687248, -0.821401781624417]], [[0.4486942202225225, -1.6358969121420968, 0.41821841968194373], [0.30472832148877776, -1.5137682493649518, 0.6403212678230246]], [], [[0.3615147371535138, -1.6410569002476998, 0.3671792269726827]], [[0.09198209594268807, -1.476326515661906, -0.01654946018500128], [0.3690770272911052, -1.4093776304498244, -0.06170181107343704]]]}