{"bodyId": "h0", "timestamp": 67335, "continuousState": [[[0.5246193652683125, -1.5322286750597052, 0.5535352075185194]], [[0.25418245629333525, -1.4970398609632256, 0.8055686981938082]], [[0.41215874111475187, -1.6738390473973286, 0.401870746062267], [0.16667073830712026, -1.4510037529349202, 0.5924985582055581]], [[0.45251252369463957, -1.6061290813212508, 0.4341963186742164], [0.32488237684265825, -1.5688365566199685, 0.6180852752426347]], [[0.2360745755342196, -1.687621390852764, 0.29657930760167167]], [[0.313331931271644, -1.5504095463778966, 0.35774274775061665], [0.4214792474247529, -1.5455159817781134, 0.42136385610006116]], [[0.14902851041197726, -1.6394714687860226, 0.1424116144603604]], [[0.365862069629409, -1.563548887667178, 0.14780129661967498]], [[0.1542846552524594, -1.618088490827867, 0.22779901084681], [0.2960107850132654, -1.360353562351432, 0.08155656077533126]], [[0.1852837104044139, -1.5396812496283387, 0.23383625622366616], [0.4047468003401336, -1.446094086497193, 0.1559043330021236]], [[0.009884417812836091, -1.426719844977863, -0.21908323535706403], [0.3443742968448878, -1.368609805492418, -0.28439112600297906]], [[0.008068081468973162, -1.410319543923624, -0.2083151440660979], [0.33314794636899253, -1.4268097536734603, -0.30957611003448166]], [[-0.18758373727305971, -1.2740399289811357, -0.8468376238060191], [0.27293543058263414, -1.3868212449993766, -0.7789682229013903]], [[-0.177512637141269, -1.2741459821715657, -0.8014721962399953], [0.2809633213741008, -1.4345854927932713, -0.841595083873234]], [[0.4254185790673876, -1.6415397573755393, 0.42624526127206686], [0.29375840206031306, -1.5113010462610572, 0.6385119405997559]], [], [[0.3442935496144296, -1.6468752360870074, 0.365387813137944]], [[0.097584064108625, -1.483200547303101, 0.0073765104333010645], [0.3745605485925107, -1.4073519459948054, -0.06424339650042772]]]}