{"bodyId": "h0", "timestamp": 67737, "continuousState": [[[0.5186578082942963, -1.53480146313953, 0.555045799970221]], [[0.2585121070780772, -1.492806341728135, 0.8139852412095352]], [[0.40000271152111194, -1.6710587432481825, 0.39398494352141894], [0.20029536128845507, -1.4555454173948457, 0.612358094450504]], [[0.4526877693109631, -1.6047747302436202, 0.4272417275275798], [0.3284008967976429, -1.5697983257705717, 0.6215741703252274]], [[0.19534769492936196, -1.675385859171445, 0.27163326787330994]], [[0.41946149167587193, -1.546642090278379, 0.417165842339105]], [[0.13824120046545552, -1.6458551452632704, 0.16510349107075284]], [[0.37727219015700325, -1.5714842194042002, 0.15779375657486208]], [[0.15830316295574118, -1.5802439266948802, 0.13814402443259838], [0.2998756895876829, -1.369823515201408, 0.07960360118018593]], [[0.1881876202546199, -1.49190645329821, 0.08915224765004291], [0.40102384195327045, -1.4514957352499762, 0.14975561940514673]], [[0.004836496852965013, -1.431126937274328, -0.21557785124196993], [0.35391153709166656, -1.3784018460521061, -0.2822135338317569]], [[0.005802597280217924, -1.4159145523854022, -0.21584633861406177], [0.3181537484107707, -1.4285820319389182, -0.33661304221506816]], [[-0.1898045767163738, -1.2802234890304138, -0.8296310914898768], [0.3067248752625894, -1.3903415328063395, -0.7344895037224439]], [[-0.17696922841945822, -1.2839962338273405, -0.7955788701671876], [0.28063486354084693, -1.43450361017887, -0.847722911335399]], [[0.41932253403863373, -1.6410853058137869, 0.42433394336170327], [0.2959139037104187, -1.5145085241618577, 0.6400186191460371]], [], [[0.32401773212016255, -1.6400802947075326, 0.34943749770044485]], [[0.09651205855379245, -1.461516695286269, -0.0632128017959635], [0.3774676895224685, -1.4149487906510412, -0.06622895721330509]]]}