{"bodyId": "h0", "timestamp": 1630675666924067938, "continuousState": [[[0.5176271491506309, -1.5342243097145765, 0.556140094111765]], [[0.2644939539892016, -1.4961857760269974, 0.8154604435387821]], [[0.4110945831894946, -1.6776916794606769, 0.4027512513321474], [0.20045738156808737, -1.4548775700220873, 0.6139258383917467]], [[0.44970802135818705, -1.611903803271719, 0.4341613480579688], [0.3524575891699071, -1.570743454882998, 0.6413317164654252]], [[0.24798936939660637, -1.6974030700084226, 0.31833075599828864]], [[0.4219505879206149, -1.5501748360299359, 0.42802815209865797]], [[0.14253050204566034, -1.6510084913922733, 0.1682449986193285]], [[0.3609776114805902, -1.5708669948497924, 0.150969365429891]], [[0.13107551834537923, -1.6120144615087184, 0.23544108935649638], [0.31645388707140615, -1.3711643188717466, 0.10561795066516175]], [[0.18921177200973147, -1.5375810989143968, 0.2242458007925245], [0.39170859193373714, -1.4526369479826469, 0.1598667227663841]], [[0.007314540933132548, -1.4245760362979154, -0.23372108914583556], [0.3586790728409712, -1.37539129508192, -0.2647562383058905]], [[0.005146275355082935, -1.4122746813873208, -0.2191776724929964], [0.3339670248135972, -1.423203307272887, -0.30497855286952674]], [[-0.1886994616373941, -1.2813410782450763, -0.8349896374340651], [0.2721513164057094, -1.3909706021317134, -0.778794940398662]], [[-0.17813467961410082, -1.2849538937518832, -0.7981857528780966], [0.27655270808829985, -1.4361052347583072, -0.8510028460518754]], [[0.42119448234621115, -1.6480362104057003, 0.42888937708699154], [0.2937289031237019, -1.5166948649799794, 0.640747406514291]], [], [[0.3488486953773967, -1.654653436640071, 0.3762460520281287]], [[0.09826315647143201, -1.481078567606156, -0.004737644176655523], [0.37519383238735415, -1.4140141215322835, -0.0524447577697532]]]}