{"bodyId": "h0", "timestamp": 68340, "continuousState": [[[0.5256483670962939, -1.5289837526593606, 0.5535658693512827]], [[0.2712240171145772, -1.5000692387076402, 0.8142300105068422]], [[0.4124967498105953, -1.6737994601994028, 0.40209140547530614], [0.2035566122191276, -1.4554291290893817, 0.6229617800504264]], [[0.45097364670374174, -1.6148926098218574, 0.42901831246183847], [0.35193298893337577, -1.5688572810508388, 0.644027961205734]], [[0.23476104210767829, -1.690691680417869, 0.30573918539471673]], [[0.3097880717459107, -1.551662997848108, 0.3588539755770505], [0.41351827695534304, -1.5487915995860422, 0.41945296775884255]], [[0.13926968505616544, -1.6519150508637903, 0.17502363618647837]], [], [[0.14176651191571227, -1.6024206024357905, 0.20682554586023297], [0.3371695918944008, -1.3691488318548095, 0.12698576011321802]], [[0.18322213398625656, -1.5244753993574311, 0.177675377251177], [0.39496644645004064, -1.450706746311793, 0.16263143149982398]], [[0.0043460979350252275, -1.4260671926405522, -0.22318631555373236], [0.337150586862173, -1.370548417176221, -0.2968314426828631]], [[0.005333799452280687, -1.4097346724590512, -0.2293276369745065], [0.32215021078012296, -1.4272937538768335, -0.32671914061480994]], [[-0.19022344572378988, -1.278565205479303, -0.8446571887756991], [0.2898981059421492, -1.386672174228201, -0.756431908612433]], [[-0.1770991663816555, -1.2844910087509658, -0.7920092789183941], [0.27128113806975807, -1.433400735866485, -0.85845269810174]], [[0.42303444985993854, -1.6473188713627729, 0.42512994091254835], [0.2931588354380078, -1.5159001908752858, 0.6449241007806645]], [], [[0.34286734440571, -1.6527921451198633, 0.3673787489282776]], [[0.09378411596064089, -1.4752712959989918, -0.022755469151277685], [0.3660585166561068, -1.410627581744007, -0.06710000559151956]]]}