{"bodyId": "h0", "timestamp": 68407, "continuousState": [[[0.533734985991207, -1.5252247758039175, 0.5461197688199184]], [[0.27100776503781276, -1.496867428349819, 0.8151527757879511]], [[0.4008918249041082, -1.6693532897836316, 0.39162895829726196], [0.22032170447932026, -1.4611134955711416, 0.6281608090735242]], [[0.44757467939641193, -1.6172336046405875, 0.4268762621681243], [0.35279865642622416, -1.563130491716524, 0.6440673440071241]], [[0.21260903522154956, -1.6844419304556204, 0.2942977876286659]], [[0.3005979792528611, -1.5462673977127808, 0.3411514712905666], [0.4078708981693294, -1.5477487451766885, 0.41543541856564753]], [[0.1364941509674286, -1.6492620536295417, 0.16983603689250276]], [], [[0.14092799357263094, -1.5658410751352025, 0.13336100364621667], [0.3466678927855055, -1.3788477571563516, 0.13251559746960925]], [[0.18300141179096732, -1.4967289943215638, 0.0975936265613459], [0.3849944865925859, -1.4538616276407295, 0.13706438209897373]], [[0.0017674200602485258, -1.4208548616535281, -0.23322429896292465], [0.35930380397297496, -1.3760850688910613, -0.26734122989569825]], [[0.0012823252077766938, -1.4127001364930118, -0.22168280602909043], [0.33917336662061054, -1.4266781374567927, -0.3025249941884383]], [[-0.19138776081080375, -1.279876202083016, -0.8408872993387531], [0.2695580921320277, -1.3947985792869613, -0.7844383554252379]], [[-0.17772439175803809, -1.2835843341412179, -0.7970720605677839], [0.2707284012061516, -1.430365398684961, -0.8522054993486201]], [[0.41683773957719616, -1.6467810395797646, 0.4232138213247923], [0.2932310265021024, -1.5160619094352357, 0.6415152713711356]], [], [[0.3300918573089807, -1.6508377675481039, 0.3605870248983951]], [[0.09238441592560792, -1.458791927987546, -0.06781533620078938], [0.3721491452827804, -1.4149733482658955, -0.06513842389836226]]]}