{"bodyId": "h0", "timestamp": 68474, "continuousState": [[[0.5315658043057365, -1.5291592509282266, 0.5449888876132569]], [[0.2648675259717945, -1.4946386579389552, 0.8152913713113568]], [[0.4057468804068981, -1.6687175645575616, 0.3895595777107255], [0.23283931119988688, -1.4606478893389616, 0.6384199538888659]], [[0.4505539645308906, -1.6143778478574022, 0.4277848209414058], [0.35177425038292315, -1.5618155466700605, 0.6456498024729433]], [[0.21556344375397016, -1.684684027536246, 0.2905682411075438]], [[0.30522816098217126, -1.537688325003732, 0.3374341130037212], [0.42068224798080517, -1.545493314141314, 0.4223936301151589]], [[0.13858292901614885, -1.6515201294846065, 0.1695977443589809]], [], [[0.15353966732070484, -1.5881687997205123, 0.15540762158039842], [0.30095947399175, -1.3706465261092282, 0.08132720876514055]], [[0.39596510654453027, -1.4506330678168595, 0.14330289554375372]], [[-0.0011257102980717377, -1.4344629861004892, -0.19606980407646074], [0.32904355670372365, -1.366110567804552, -0.30849349988196534]], [[0.0015601526363548716, -1.4161405762377957, -0.20523799325036113], [0.33629681713021775, -1.4235692888665583, -0.30804913270429984]], [[-0.19017568820691025, -1.2817861146860041, -0.8334866291073914], [0.2692230602782443, -1.3946216411672263, -0.7823300649191076]], [[-0.17822823126227522, -1.2830566336609641, -0.7970254469805641], [0.25725418133239075, -1.4379400903091006, -0.8725155553652146]], [[0.42259995476307294, -1.6442230954037853, 0.4215785365410485], [0.29013867131245663, -1.5144246387504494, 0.6425392920780774]], [], [[0.3330587041424304, -1.6495309376968241, 0.3591765310244748]], [[0.19741969812322926, -1.4425480269586743, -0.02638345426635351]]]}