{"bodyId": "h0", "timestamp": 1630675666924006767, "continuousState": [[[0.48484852626241215, -1.5466956882348062, 0.574111689169671]], [[0.2142483387746149, -1.4886587421166235, 0.8225072513481901]], [[0.38399920544803745, -1.6829971685578038, 0.4153890288933909], [0.1269315168974681, -1.464387493179535, 0.6048046832768569]], [[0.4262072343328571, -1.6282436967631502, 0.45897948904201463], [0.27636962299446693, -1.59063000848968, 0.6038665650250832]], [[0.10647800461756055, -1.6347173706636309, 0.24234820193594056], [0.2540953521020826, -1.3871381904301936, 0.3024606791241108]], [[0.35785246848644237, -1.5293237607508214, 0.3094646283864804]], [[0.008198265323960811, -1.454339335995195, -0.014578962702812987]], [[0.3658185329279988, -1.3868418082363012, 0.002844619679284506]], [[0.07242847751670342, -1.5898681266030168, 0.13517872113684984], [0.29186731847861963, -1.3616899568239433, 0.07512547929581091]], [[0.09199827210268376, -1.4927521669809152, 0.06999985719695678], [0.3774168685641578, -1.4715146056954997, 0.09400669228782021]], [[-0.05425196491445581, -1.4219728987766103, -0.25574754091075896]], [[-0.05474879669481317, -1.4241403634404737, -0.2653446805763588], [0.27207776621540847, -1.4300348025161742, -0.35315466518898936]], [[-0.23271896226641406, -1.2813093271612825, -0.844560891671606]], [[-0.22017315954560532, -1.2909946312709244, -0.8237035781634495], [0.2344590684376119, -1.4248873240949023, -0.8142982620064292]], [[0.4127593362598346, -1.6595345775848418, 0.424578109639894], [0.2168770483630376, -1.5281805941411282, 0.617448072090695]], [], [[0.2663426194752088, -1.6314805337133906, 0.3506638454889776], [0.2652324875482748, -1.4888840994599368, 0.453163622074597]], [[0.018873153594113973, -1.4573625328787627, -0.09287384185690109]]]}