{"bodyId": "h0", "timestamp": 69747, "continuousState": [[[0.21135044737725367, -1.3939469475980595, 0.7582920397163199]], [[0.5215894232849789, -1.6923045595411077, 0.578730277596337], [0.2835251532492905, -1.5234036361460406, 0.7953505915664494]], [[0.4358759526818207, -1.6503206617282358, 0.4398723580393175], [0.2260183106036502, -1.4736715541016494, 0.5969626819657329]], [[0.473153821663884, -1.6714923594868687, 0.4320170124409632], [0.34866023294759657, -1.5708941067855589, 0.6363358401945863]], [[0.2545491192563815, -1.7012363073616454, 0.3355133052248955], [0.29429992953379, -1.3918659560324023, 0.37784519893411017]], [[0.4305649403158093, -1.5779506826686653, 0.4310557797729075]], [[0.1423459242988252, -1.6720131699590224, 0.20487130366984616]], [[0.29847589568900024, -1.6184606024685448, 0.059257296335516005]], [[0.15567955144442538, -1.6034915656289153, 0.25511392162386504], [0.3130268386416783, -1.4049591906774919, 0.08680562148231297]], [[0.1722941909596243, -1.5781445718985752, 0.2703748575918139], [0.3902574074883464, -1.4826472447313543, 0.13927467987443515]], [[0.006718153611620437, -1.434057132501336, -0.21504557443766953], [0.35528169253924624, -1.3877238187245584, -0.28092761169524033]], [[0.008777750027524973, -1.4223305469651986, -0.21823376104179806], [0.32107170652318767, -1.4442880428017926, -0.33203653903897773]], [[-0.18964522823873556, -1.2777015327254644, -0.8437702562668533], [0.25630073225202843, -1.3954632844517048, -0.8266201100857626]], [[-0.17825164881550404, -1.2839353241617608, -0.8108059426199988], [0.2767500822305542, -1.4403632921194238, -0.860322497638919]], [[0.45436085399167764, -1.643049707482483, 0.44596469556622187], [0.3298578970972601, -1.5232192344251907, 0.648777790325946]], [], [[0.3638514704601328, -1.686364333424257, 0.38376515883292933], [0.32148008124069327, -1.4813800314089804, 0.5070905195643483]], [[0.08950617228562237, -1.5061008521999555, 0.027664641577072185], [0.3727695500137963, -1.4351855317279565, -0.07082646591040259]]]}