{"bodyId": "h0", "timestamp": 1630675666924070082, "continuousState": [[[0.23433407665988193, -1.411943425574072, 0.7727137008821314]], [[0.528281124759368, -1.711500524168281, 0.5742718749400694], [0.2673939034550672, -1.537445661567835, 0.7919317075542118]], [[0.24688115708093777, -1.475978260904499, 0.6254795935048706]], [[0.561190012561233, -1.7020982453490974, 0.3457793024797986], [0.2952586502073184, -1.590499674820959, 0.6058624131355227]], [[0.29376455035446225, -1.3905711890353907, 0.38700306624980885]], [[0.3958439195138853, -1.5722768676021188, 0.4095510974088293]], [], [[0.38704408597708084, -1.5643026078825815, 0.1499530172764396]], [[0.2574103501298545, -1.6176572495984767, 0.3259602537050439], [0.33202155281776957, -1.3936606087824477, 0.1582238286954091]], [[0.2517804070131761, -1.6944996793104938, 0.31973888135640166], [0.3897004354171302, -1.4869807763756675, 0.17687791710241982]], [[-0.003571999052073295, -1.447230882420096, -0.11586475035104217], [0.32142383751137915, -1.3719057854889924, -0.29657525654921074]], [[0.062357103510380055, -1.568487275304938, 0.07305988377896802], [0.3417402492850122, -1.4447361970986907, -0.28155335672607973]], [[-0.18799654079439004, -1.2798958539881287, -0.8323379599529358], [0.2781557664168297, -1.3619682492455845, -0.7724713805519697]], [[0.275603555550131, -1.4322589702547035, -0.8391573510936653]], [[0.4798285032481543, -1.6556835733899782, 0.46183810325927355], [0.31045824395571525, -1.5339563605574444, 0.6469451132881666]], [], [[0.42747728145784764, -1.5463347171922441, 0.3663911843648037]], [[0.12410420398055141, -1.570865280865295, 0.10193706550267975], [0.35556213646425466, -1.4294432809323299, -0.05984866972339546]]]}