{"bodyId": "h0", "timestamp": 1630675666924070953, "continuousState": [[[0.24010564451830874, -1.3834605377815687, 0.8005744112357714]], [[0.2767977236084873, -1.5158111211708267, 0.8104579874171416]], [[0.37608876149671955, -1.687714914650763, 0.4157209878276442], [0.16293652985506993, -1.4392126662402038, 0.6095260364791136]], [[0.43651205686245165, -1.6220100108984334, 0.41874688914959335], [0.31113284511532696, -1.5935613194451839, 0.5996018066362603]], [[0.1605434945971674, -1.6303148499674152, 0.2407560065724176], [0.2841731571934613, -1.3906781603133807, 0.36976861305368675]], [[0.4001405411675523, -1.5453872240369642, 0.3667533142499865]], [[0.06439489894646608, -1.4710422682013218, 0.01776743989077022]], [[0.39797264254407333, -1.4397976144467233, 0.1248431769261565]], [[0.1104234089242027, -1.5873863025536756, 0.12571156343699705], [0.2805450896382392, -1.3756853170270602, 0.12627304844696233]], [[0.11277287223704217, -1.5712933388404187, 0.14133109067310373], [0.4205605595634145, -1.5016116468854057, 0.21303770729880103]], [[-0.021136683317257963, -1.3991495342948659, -0.2536941278877134], [0.33224513379854376, -1.3267726869038843, -0.24887429417700446]], [[-0.021480174629864904, -1.409811731843019, -0.2593966379038013], [0.3568510600263262, -1.4302220851187282, -0.2307590630484906]], [[-0.19996411053964278, -1.2742985017163801, -0.8409526811837803], [0.28699878982451876, -1.3794623535172204, -0.7594594442720638]], [[-0.18198878536171798, -1.2885340282797748, -0.8106271184381904], [0.2737518033221877, -1.4444785913860407, -0.8458022598700656]], [[0.40683599694039524, -1.6631586362964577, 0.4267583619751597], [0.2990047175619734, -1.5214101158863775, 0.647786991955631]], [], [[0.29852777572980954, -1.6261624304329243, 0.32975144786100546], [0.29765300115439414, -1.4921197398792823, 0.48468520984497354]], [[0.04581809445989211, -1.4852214365676422, -0.05618151860730483], [0.3764028466809791, -1.414192166894645, -0.017918293439101715]]]}