{"bodyId": "h0", "timestamp": 71020, "continuousState": [[[0.5431433765292936, -1.5288383745573777, 0.5452821912805947], [0.2555777513250339, -1.3853035975668813, 0.8098516975184322]], [[0.2752297141220647, -1.507020281227439, 0.8126030541307121]], [[0.3605029548844825, -1.677158403852667, 0.41083052037992845], [0.142635718910524, -1.4342224756185389, 0.6169439087949001]], [[0.4360610756632455, -1.6563292116028092, 0.4334925746792699], [0.30613761285624036, -1.5937401953761077, 0.6010662364684383]], [[0.1609572498091408, -1.6214009921390917, 0.24009825342802696], [0.2685788482404714, -1.384772132521704, 0.3614664812916171]], [[0.4020144811123823, -1.544882824520627, 0.3759362754969375]], [[0.061295768749297624, -1.4534980439903757, 0.006078711567965001], [0.1813764712922921, -1.3077581421515412, -0.008293866305450365]], [[0.40082626841763547, -1.4387241397539179, 0.1263136780463401]], [[0.10953142022148155, -1.5798327487560844, 0.13003086872032305], [0.27496869280701275, -1.3682139972703937, 0.11360814848223527]], [[0.11338909902090905, -1.58551284529969, 0.13654717012779474], [0.4243776822908615, -1.487153488558004, 0.2126800355308851]], [[-0.01963865371114224, -1.3885503245882227, -0.24868522918903863], [0.385191258346189, -1.2914143683553256, -0.17688441818032288]], [[-0.020903386559603405, -1.40628024290128, -0.25416205234316247], [0.36804060775938113, -1.40544875551141, -0.21061451762362618]], [[-0.19871585469976155, -1.2723323188315194, -0.842934249779421], [0.24786869579465087, -1.3750567639741287, -0.7689810695997646]], [[-0.18198538446588758, -1.284902788760721, -0.8135827507124518], [0.26423615825214597, -1.439639751561671, -0.8522882246121569]], [[0.4066747904722451, -1.668600300310457, 0.42582311041831417], [0.2819819068882725, -1.5213313416515795, 0.6450743617112132]], [], [[0.29850916273619316, -1.6388651018709504, 0.33679541405364843], [0.28735823054835585, -1.4892561639489057, 0.48126635888002767]], [[0.046875222654883406, -1.4870315849439564, -0.05606902953062194], [0.40478447031852527, -1.3892839284566647, 0.01789780867528111]]]}