{"bodyId": "h0", "timestamp": 1630675666924006968, "continuousState": [[[0.495097268228956, -1.5434746786413285, 0.5609683832705313]], [[0.21240031130036777, -1.490688099470937, 0.8195507715883389]], [[0.3889257036798776, -1.6901463904981275, 0.44138944387506185], [0.12362634434973506, -1.4533527279241485, 0.5932190283742973]], [[0.4301351336620033, -1.6276967603612593, 0.46159933179343066], [0.26676736466962414, -1.59126531200419, 0.5947482485378841]], [[0.1167803138065886, -1.6231078870893887, 0.20555499749908018], [0.25320984014665304, -1.380753602178352, 0.30160168917513397]], [[0.3566062248539472, -1.5298986618870407, 0.30766856903346596]], [[0.006356061553575785, -1.4504010192538863, -0.015763634909166057]], [[0.37223428403875575, -1.387393415455944, 0.015822910764461993]], [[0.07973675056702564, -1.5805947861580822, 0.11100556583887237], [0.2441173382830202, -1.3378896517115062, 0.013286601604359021]], [[0.09034927390308019, -1.48841035360472, 0.0757873668720647], [0.37512935667687247, -1.4559274750938274, 0.07874505931926115]], [[-0.052601009909470975, -1.416417075530416, -0.251237447447324]], [[-0.05246913420162201, -1.4247838524000185, -0.2697210506670208], [0.24900501492981106, -1.420589444688813, -0.4430599303334632]], [[-0.23326132344660383, -1.2824075160380821, -0.8376544814121776]], [[-0.22007954854064526, -1.2928876791551653, -0.8222202443719953], [0.24653305528543115, -1.415491614167319, -0.801670653671469]], [[0.4185425589059735, -1.6607240757448953, 0.4416836404833945], [0.22671723020190007, -1.522706787047747, 0.6206676116259873]], [], [[0.27345772373429594, -1.6254023237253241, 0.3335771646462554], [0.2599886024081386, -1.486009457091271, 0.44817496885650904]], [[0.018874131996804606, -1.452413714567568, -0.08772504028762966]]]}