{"bodyId": "h0", "timestamp": 1630675666924071288, "continuousState": [[[0.5357200556240064, -1.5262048145499048, 0.5400372981717773], [0.27070452111399984, -1.3860576163587441, 0.8296426806791104]], [[0.2655791714386214, -1.4991859532892036, 0.8134604882205091]], [[0.3571923763450125, -1.680967935326619, 0.4091200453287133], [0.14027440656104703, -1.4478003204940562, 0.597547387554039]], [[0.42402245065041433, -1.6380439828698723, 0.422394193292538], [0.30246746939086394, -1.590888646920404, 0.5965111279583573]], [[0.1626472485163298, -1.622562639374753, 0.22976766880674063], [0.26966405729060555, -1.3833591830699759, 0.347221352595868]], [[0.40313802730712994, -1.540762215826626, 0.36711205620265513]], [[0.062495718206777726, -1.4441644704674397, -0.011021998878824433], [-0.011650223121751879, -1.286185169639256, -0.22189744361172212]], [[0.3808138790418984, -1.4333102792048014, 0.08747809718448002]], [[0.10950753700305955, -1.572745903572266, 0.13059172918034573], [0.28350684741262855, -1.3615923688153801, 0.1072416807703305]], [[0.11455456513558061, -1.5544054723539993, 0.13732449487781287], [0.4185697266862353, -1.4833844181059235, 0.19135913251950457]], [[-0.013209830142278065, -1.3826368921284515, -0.2081739460874678], [0.37650227328875824, -1.330444482132183, -0.23923323322307943]], [[-0.01789055884309812, -1.3933584371744245, -0.2441502985334116], [0.35298574230112173, -1.4131129612868059, -0.27980220473807843]], [[-0.19893714303512872, -1.263196457137939, -0.8543805089423508], [0.2930584988658356, -1.3798319987099381, -0.7689703996547498]], [[-0.1807294799992776, -1.2751161950536662, -0.8224384378159694], [0.283674755041437, -1.442832826282691, -0.8533100859218528]], [[0.4047760311218211, -1.6603727323219486, 0.4167875097560767], [0.2965425114553116, -1.5205243572259626, 0.6494908377855682]], [], [[0.2933348495833721, -1.6303033111223126, 0.3260809310496393], [0.28606576334073475, -1.4871239149951898, 0.47186624027711266]], [[0.05067236749665127, -1.4685211822412254, -0.03542472560482747], [0.3975359999874968, -1.4069144501190531, -0.023937050351787434]]]}