{"bodyId": "h0", "timestamp": 71556, "continuousState": [[[0.5342285404589927, -1.5285575100842395, 0.540310450351192], [0.2663469186671657, -1.38818188360449, 0.8282535498209713]], [[0.2661558553152843, -1.500956443741304, 0.8140039457814191]], [[0.35509920341016854, -1.6930693828115777, 0.4107284396411519], [0.14103577224179936, -1.4479464742648467, 0.6031054101306245]], [[0.4435473994252234, -1.6121093852999275, 0.39877888453320476], [0.31341260486155875, -1.594674145552627, 0.6177873946922959]], [[0.1566399920556068, -1.6246135934701524, 0.2130994947331285], [0.2739440574499149, -1.3863229795412806, 0.35589449639443116]], [[0.40586887474645256, -1.5417292830047595, 0.374896507591076]], [[0.05656198500048612, -1.4456015203363348, -0.020652476428567296]], [[0.38744232373203635, -1.4273786687419205, 0.08999606629976416]], [[0.10551108634536524, -1.5737684836405839, 0.11310283046857535], [0.34724814178681707, -1.3739572816670798, 0.18036320151561222]], [[0.11340443825212236, -1.5314861867374543, 0.11699784421857908], [0.4168102399245756, -1.494771944233183, 0.19625499230864307]], [[-0.025143416693519327, -1.3940846143141117, -0.26597213193766994], [0.3715498493917712, -1.3166321952885807, -0.2333654478494036]], [[-0.025901574412290386, -1.408168433877683, -0.27014294916143305], [0.33380429968980935, -1.4275199020278517, -0.29086291030647976]], [[-0.20007817239117331, -1.273583701902895, -0.8458428946670861], [0.2690959322506055, -1.3683439889217757, -0.7982184535815725]], [[-0.17940659950469598, -1.2859228293882072, -0.8219886510702463], [0.2651385789751239, -1.435547008180011, -0.8674004316220496]], [[0.4055243683284683, -1.6600115895416765, 0.4174510966424897], [0.2813276948633236, -1.5247941326614542, 0.6517855863233346]], [], [[0.3000936957404151, -1.61836148938504, 0.30593918963316663], [0.2936783311557368, -1.4904985625469538, 0.48684094554336355]], [[0.04413051077930152, -1.462785400525783, -0.07448714385954544], [0.3941800446581734, -1.4057020697608817, -0.018555227770380267]]]}