{"bodyId": "h0", "timestamp": 1630675666924071757, "continuousState": [[[0.5387255347888227, -1.5313241864545988, 0.5371768653209293], [0.24441207545912244, -1.3912143469333689, 0.8033241104691153]], [[0.26363442424599814, -1.5015841136225085, 0.8089124698894369]], [[0.3577502975556336, -1.6960786833431345, 0.4090138005376607], [0.12976109556077473, -1.4516616791286374, 0.5938766344854819]], [[0.443210507245977, -1.6174622860209993, 0.409683017517302], [0.27396818718379473, -1.6077650886724741, 0.587088919459072]], [[0.1580058660942987, -1.6259196972694159, 0.21173233331962318], [0.27677369979445826, -1.3824488150820338, 0.35960139141568837]], [[0.30412210747330326, -1.562744576495779, 0.34980740029002366], [0.42041629789450097, -1.5419999124175785, 0.3856798128976227]], [[0.05592185125440557, -1.4471623714049886, -0.027303244248867257]], [[0.3871670937430622, -1.4277176033112973, 0.09356528031127732]], [[0.11100655307002927, -1.5848871433680447, 0.11180270090809791], [0.33589932843251835, -1.3707739431682455, 0.15784326838878815]], [[0.11621014817217366, -1.5350455465104846, 0.12294320663300345], [0.4108581291712094, -1.4946108009827177, 0.18095998946945133]], [[-0.018138664627244283, -1.398015152104023, -0.26576062341882173], [0.38575450530487476, -1.3209954310691763, -0.22132345120818878]], [[-0.018152943349989754, -1.4032637399701353, -0.27308966399520884], [0.3250359090394154, -1.43058457683648, -0.3113931759395039]], [[-0.1993803697172992, -1.276445324976769, -0.8512326458897924]], [[-0.18115551465332105, -1.2903793053442512, -0.815288063124552], [0.2468100497559569, -1.4474415855695153, -0.9003946448284825]], [[0.4073951278198711, -1.6647355961852899, 0.4234311978024068], [0.2841311693816053, -1.5319748149733923, 0.6500171579081712]], [], [[0.30060818667013783, -1.6216909916452076, 0.3107076754184626], [0.2753709434891265, -1.495106951877254, 0.4733451554373802]], [[0.04903574177246469, -1.466530349307254, -0.07140870839290914], [0.3983063172380421, -1.407803116025947, -0.020181730869368725]]]}