{"bodyId": "h0", "timestamp": 72025, "continuousState": [[[0.5361869530078275, -1.5314401205013914, 0.5369561744189953], [0.2758752785079671, -1.3899017148771888, 0.8255008515210399]], [[0.26287562772982553, -1.5051153135706927, 0.810819338400025]], [[0.3499270707599556, -1.6900597635577936, 0.4123069344359394]], [[0.430879534933707, -1.6382352672998945, 0.4169909995729031], [0.29973702358423293, -1.599266338221402, 0.5983367975029298]], [[0.15742067587187647, -1.6167295002544946, 0.20671284173536789], [0.26193302373452776, -1.3748875773910145, 0.35887158673727687]], [[0.40444598988818187, -1.5444880951437543, 0.37452970609305064]], [[0.055785872186676216, -1.442475282383327, -0.03098406311968438]], [[0.391747642250112, -1.4353840659318362, 0.10418848132494964]], [[0.10819020622630421, -1.5721372104674227, 0.10249055268084385], [0.2900125727564277, -1.358774752500648, 0.12734935035681633]], [[0.1032425351191876, -1.5329002734939328, 0.08513196166701482], [0.4143097067950691, -1.485055492150842, 0.19814423976724016]], [[-0.027440044431166426, -1.3985797961348492, -0.27281736499004794], [0.3078121497870582, -1.3045529931927096, -0.3147576371684911]], [[-0.027068195767991313, -1.4078304918443028, -0.2758826054897486], [0.3328188050638496, -1.42459293142087, -0.29064767525040086]], [[-0.20362887405243588, -1.2690933587805366, -0.847661505003492]], [[-0.18474596683868783, -1.2807405398819278, -0.8164752396347449], [0.2630279264644532, -1.4346462469388745, -0.8562955522968898]], [[0.40478929212631404, -1.6662710651206436, 0.4169812336552415], [0.28286705405926615, -1.5248702918730679, 0.646506707936143]], [], [[0.29415010540279174, -1.6274823837771946, 0.3118519206541355], [0.28083502365938035, -1.4870769578062082, 0.4786041921201033]], [[0.037901245344010584, -1.465740034814391, -0.09384270166151656], [0.3610609282910636, -1.3948042426717757, -0.058306698700625464]]]}