{"bodyId": "h0", "timestamp": 1630675666924072159, "continuousState": [[[0.5249230198466817, -1.5379738446848865, 0.5513538624758446], [0.2866924149624465, -1.391146626813388, 0.8310361922438344]], [[0.25702347077166543, -1.49770969477176, 0.8116295719316778]], [[0.3496470551726916, -1.6852167053868352, 0.4192063501616159], [0.1482476100467038, -1.4463297132736668, 0.607287678223614]], [[0.42597578270405123, -1.6434072365806565, 0.4214105781802607], [0.2976113405979986, -1.5993100844941797, 0.6043457468598626]], [[0.1625301871093168, -1.6124690101625023, 0.21107194140120986], [0.25728970491451697, -1.3779854816211965, 0.3478037401197505]], [[0.40021178916657957, -1.5431918072238011, 0.36874535400340686]], [[0.05642328339639556, -1.4451277070883803, -0.019108901436636416]], [[0.3793720633919611, -1.4321769552096761, 0.08791921629199555]], [[0.10902787815322444, -1.5703643410616897, 0.11599344789329552], [0.2902008426725131, -1.3634367930441367, 0.12288519445858946]], [[0.11112643954363705, -1.5678600402919805, 0.12937266582536516], [0.41537833680648895, -1.483329857079205, 0.19711702733759784]], [[-0.024725423514361296, -1.3958423054343099, -0.2496897131811611], [0.3665231747178805, -1.313159040964636, -0.23276704659755001]], [[-0.02521010726449083, -1.4117108744106601, -0.25220394349478215], [0.35089275080054083, -1.4185156992259276, -0.24536349633540727]], [[-0.19861332503332085, -1.2786489776565613, -0.8455976054602056], [0.2553457033278007, -1.3693830356369427, -0.8168577053515161]], [[-0.18194716262005992, -1.2909251927043346, -0.8081721976761923], [0.2709312450900957, -1.438775833001905, -0.8459510983054067]], [[0.4043700589802907, -1.6660525649224305, 0.4168788301472139], [0.2833184177029202, -1.525474122494724, 0.6507296528705344]], [], [[0.294252984906684, -1.6279381233715795, 0.31624125979073525], [0.2774505227562578, -1.488647783057688, 0.4760747434898066]], [[0.04320050801463787, -1.4818511728631452, -0.060158523677897965], [0.39095075576218474, -1.3982444490219206, -0.017825009629976088]]]}