{"bodyId": "h0", "timestamp": 72226, "continuousState": [[[0.5348414418119773, -1.5332995357899786, 0.5363089718497375], [0.27708462860962846, -1.3888679726047268, 0.8340035627316976]], [[0.26964313883528823, -1.4102337764124484, 0.8244991002308976]], [[0.4831595548444761, -1.6185498670413425, 0.5786422521038643]], [[0.2584046917570538, -1.4969715898149516, 0.813284861184701]], [[0.3560686416131993, -1.6849712266865209, 0.4111901469019899], [0.09939946313611722, -1.430547767101853, 0.5895731832443698]], [[0.4323417223191793, -1.6256460080221498, 0.41929157915944326], [0.30297782758418906, -1.5969116514203692, 0.6094174216591982]], [[0.16263421441962714, -1.6148375995373072, 0.21225691795162244], [0.24747411531683677, -1.37055153400164, 0.3389426454342365]], [[0.40618459363678405, -1.5411015441543163, 0.3762584685011427]], [[0.05811573597288606, -1.4434572064510134, -0.018382133148089907]], [[0.3828569197484751, -1.4251198002260028, 0.08978238298535712]], [[0.10967493989379165, -1.5775615813480448, 0.12100385513397782], [0.31260347489837975, -1.3369137420838788, 0.11746624606670139]], [[0.1136819085442234, -1.5461645309780823, 0.13285175996414342], [0.41713017202164154, -1.4722883610960011, 0.18723623191993896]], [[-0.02107082746144107, -1.4012802335665488, -0.25898121771865046], [0.3760167068232222, -1.3071760518646747, -0.24377443407788316]], [[-0.022505901653665093, -1.4120396602234708, -0.2521721941036217], [0.31212542242604124, -1.419530248458207, -0.34016990300431305]], [[-0.2002194848375052, -1.2745179629444037, -0.8438816296031023]], [[-0.18202799133518827, -1.2889518175188623, -0.8082762759468491], [0.2749739860052207, -1.4290209313140447, -0.8541126760875393]], [[0.4074234351883825, -1.6651182457040647, 0.4205617264376334], [0.2809128771261037, -1.5208631294711257, 0.6514688710703718]], [], [[0.2974879683694032, -1.6202418037797286, 0.3157742485555328], [0.2752259714505129, -1.4837315927110046, 0.47418003354671734]], [[0.04630554054139117, -1.4737223822723156, -0.06306472887725352], [0.39657343942243184, -1.389732206480338, -0.028269101078972098]]]}