{"bodyId": "h0", "timestamp": 1630675666924072427, "continuousState": [[[0.5314636097081266, -1.523841967105259, 0.5417309555892301], [0.2677934954673076, -1.387947255943769, 0.8297234088026445]], [[0.27442304762104663, -1.497173939169226, 0.8205480913254188]], [[0.3540460282277316, -1.6790245051740313, 0.4125071832229153], [0.0909826393486528, -1.4334576077398442, 0.5817554950437186]], [[0.42865079956838853, -1.6264060049183782, 0.4179927578579252], [0.29920689061464123, -1.5958944657122947, 0.6062643766567146]], [[0.16364312942098871, -1.6058390371346276, 0.20539502577817256], [0.2557367568869554, -1.3778897734312863, 0.3416120991310586]], [[0.40076641462598833, -1.5473430220788917, 0.3737630109596357]], [[0.05684237787400468, -1.4405536948085003, -0.01990043336131089], [-0.12643190925673456, -1.269608198192595, -0.33686832920858367]], [[0.386968174065772, -1.4316251114045737, 0.10124301918276138]], [[0.10769950465653141, -1.5635611171854868, 0.11958032638616987], [0.2824707602569924, -1.3507864732675516, 0.11074989389288771]], [[0.11162250058360212, -1.5500312173451933, 0.1318277014706664], [0.41873905666449035, -1.4782207164511585, 0.19053917419502273]], [[-0.022191101478123927, -1.3864313971167204, -0.2488039357357377], [0.40715558947303704, -1.3108678747621272, -0.20248755020714337]], [[-0.023328782766316065, -1.406165968364623, -0.2554904447438141], [0.34455465416746095, -1.4189417636579298, -0.29475601272130486]], [[-0.19731891689077366, -1.2736596840277752, -0.8456175240204621]], [[-0.1798105393589699, -1.2867821755858182, -0.8108880146333367], [0.27077347172907296, -1.4329305462156912, -0.8577050085711468]], [[0.39523254044579853, -1.6604078037503955, 0.4165320953857366], [0.28471238108049646, -1.5199824658210233, 0.6484004265399662]], [], [[0.29614696449468864, -1.616122521026503, 0.3116938918180489], [0.2774718237507983, -1.4868921195717903, 0.4739382378938866]], [[0.0447156995527391, -1.468231307230957, -0.058488117132535655], [0.4129473230687637, -1.394544295606643, -0.005974188006060324]]]}