{"bodyId": "h0", "timestamp": 72695, "continuousState": [[[0.5329449526796493, -1.5207065321056008, 0.5419529276902811]], [[0.2584940370597751, -1.4897492572580584, 0.8146239410321308]], [[0.35501616304218037, -1.6853247624942482, 0.41695795163198307], [0.08529424979247324, -1.4318298316593931, 0.5811918665931944]], [[0.4356559438427875, -1.6171313840110049, 0.41477253116504537], [0.31400003158420875, -1.5904031887913714, 0.6211750092281961]], [[0.15151603714362238, -1.6162820491185554, 0.22603492332938255], [0.2633550515108016, -1.37415144197645, 0.34734034835911737]], [[0.4146759313848604, -1.5359534737555782, 0.3827892045254805]], [[0.052190674424588454, -1.4429274958210676, -0.016185112344675418]], [[0.37464773767764087, -1.4144606247657565, 0.07622080205188127]], [[0.10704245112707128, -1.5716169775657114, 0.12196711443758841], [0.29581055451591376, -1.354135642066365, 0.12410854790602867]], [[0.11277712967481028, -1.5401648438101265, 0.130887283586374], [0.4097481856906045, -1.4777014940329152, 0.18415024743115327]], [[-0.023217083244089394, -1.3935874993032589, -0.25925898078809906], [0.37760030632063535, -1.303085709981496, -0.22692925108765621]], [[-0.02523902157299682, -1.4085483927280082, -0.25811919311501946], [0.34411536059975445, -1.4136268144013424, -0.28491239636192833]], [[-0.1948889148812522, -1.274511866327408, -0.8421178680703447]], [[-0.17663537821573624, -1.2922334138872449, -0.7966969001314779], [0.2626570227403881, -1.4328946985200135, -0.8685994609120191]], [[0.4087389377623792, -1.6549985747584908, 0.41723548754886725], [0.27375946137153506, -1.5175681480608225, 0.649841994947968]], [], [[0.29358599049320494, -1.6167067165647802, 0.32040372724721394], [0.28867754154750513, -1.4822773153839108, 0.4842576787936568]], [[0.04478002321536044, -1.4668761715566927, -0.06418584860086253], [0.39367424600561995, -1.3903936020072056, -0.021389501828251473]]]}