{"bodyId": "h0", "timestamp": 72762, "continuousState": [[[0.5374402420044962, -1.5151329099088757, 0.5401953077908728]], [[0.2652460327245451, -1.4898534249382478, 0.8190512621788374]], [[0.34976449833106116, -1.6808802294670822, 0.4141271043828805], [0.09475785545936832, -1.4340405650560593, 0.5899155698974844]], [[0.4289459612560668, -1.6182915140635319, 0.4193957387614265], [0.3136229040783908, -1.5887318484861777, 0.6219965987132178]], [[0.16092195323739844, -1.6126605037541115, 0.20869958757736184], [0.2676068951451343, -1.374764579616317, 0.354881243258362]], [[0.40867109185232037, -1.5329874849088398, 0.3779769332225985]], [[0.05386713908449315, -1.444961738590036, -0.013877487051786147]], [[0.37244014934319786, -1.4059207964806777, 0.07421293436339488]], [[0.09613713942493814, -1.5496144757837547, 0.08617336771763917], [0.3052024857597557, -1.3552233541045862, 0.1331505366521162]], [[0.11350123913963693, -1.5332290936872661, 0.10801548367738746], [0.4069349311566184, -1.4722599219491344, 0.18229772667845373]], [[-0.03000361909504605, -1.401578835062699, -0.2577319557132405], [0.42330735902875993, -1.2804142664268359, -0.14653991400521796]], [[-0.027949899319902754, -1.4107648726088968, -0.27034756503901985], [0.3654730137720096, -1.4027930531526402, -0.24946140470461137]], [[-0.19903838170193355, -1.2670750933483468, -0.8516397624379443], [0.24707039298951144, -1.3708170782036708, -0.8262020233085657]], [[-0.17983579281483417, -1.284862600414274, -0.8083535043520996], [0.2741482921688962, -1.4365409262396078, -0.8512810787262963]], [[0.39480952036337447, -1.6529267808127743, 0.41579415514186485], [0.2718091637536959, -1.5179862543386509, 0.650624857967734]], [], [[0.29493395724673266, -1.6154760089088218, 0.31404766316939414], [0.29061489961176257, -1.4817482140512475, 0.4884389209857899]], [[0.04174881002229544, -1.4674039643749826, -0.07485823601792652], [0.41512114509268916, -1.376337094187985, 0.017878906336617886]]]}