{"bodyId": "h0", "timestamp": 74102, "continuousState": [[[0.5327522693713401, -1.5267651478744952, 0.5392841444939716], [0.2497482866043847, -1.390535506848719, 0.8130136547645221]], [[0.2567418469843312, -1.4954479341836613, 0.8140888804187811]], [[0.33195227209727246, -1.6942064836068425, 0.4058681605328336], [0.13119845252748336, -1.4371118934776232, 0.6130156417269975]], [[0.4313076548186004, -1.621942694462897, 0.41842347840519256], [0.29190342888438225, -1.595648276837593, 0.6009333140669874]], [[0.15608919004055463, -1.622586167154972, 0.2048357066772992], [0.2817279743490328, -1.376972500512355, 0.37567318306889363]], [[0.4001491906428162, -1.5402885085407259, 0.3694103722002901]], [[0.054879710011423014, -1.4473810210744416, -0.030686313011293122]], [[0.387042362768153, -1.4253472345758396, 0.10569486660260032]], [[0.10514736384014435, -1.5814564166418914, 0.11457416423018299], [0.31827406075320275, -1.3713192969322943, 0.16070506616287117]], [[0.11605924683012972, -1.5264597683576244, 0.10854462388599063], [0.4092440044004063, -1.4962712964777025, 0.19747735119754795]], [[-0.022450654840162825, -1.3995041032025755, -0.2507189995858459], [0.3762783299432183, -1.3327918819571083, -0.22135899286270388]], [[-0.023044259797397784, -1.4054074986824003, -0.25352010795203295], [0.33987141550344563, -1.4208573827253659, -0.2776255053796278]], [[-0.19590968111196763, -1.2801634066674028, -0.8423637027106888], [0.26417345131330217, -1.3763428885550388, -0.8033470573955868]], [[-0.17907828728342995, -1.29314116268065, -0.8013304808491466], [0.2690824763507242, -1.4390798431056762, -0.8600512105306531]], [[0.4035361862423909, -1.6607741942032457, 0.4144936396820322], [0.2799273601188929, -1.5238539231308297, 0.6537761739271823]], [], [[0.2936984224295775, -1.6222644308089345, 0.3116295925412459], [0.28681570161670755, -1.486310388674974, 0.4883032485679405]], [[0.046804295994983446, -1.4629819357801, -0.07108718784992765], [0.3927611671718123, -1.4145315892174053, -0.01194082083257797]]]}