{"bodyId": "h0", "timestamp": 75040, "continuousState": [[[0.5320872887781586, -1.5298853515280766, 0.535582299198637], [0.25052654588818835, -1.3909227340259842, 0.8070094784653201]], [[0.22617567908074102, -1.411634386048415, 0.793120602414795]], [[0.4781707893023816, -1.6212845884426892, 0.580611332651115]], [[0.26248122512582495, -1.5002710167758273, 0.8090185227063629]], [[0.352988011589284, -1.699894059245984, 0.40910161284513197], [0.15704223290999722, -1.4394719792308626, 0.6236227083823415]], [[0.4420511253137807, -1.6132963859888962, 0.410359041802973], [0.3048229832992711, -1.5976064455231886, 0.603620641368775]], [[0.16301996329468432, -1.6302298535369826, 0.20658918183525726], [0.28212600010793537, -1.3836460374442034, 0.37217595855966873]], [[0.2923284991847034, -1.55350396253814, 0.3370228469014901], [0.4011094571173762, -1.5439246769351769, 0.3756516324767108]], [[0.05869463801870762, -1.4561701069532453, -0.018261935796718035]], [[0.39960732352419903, -1.4393508232736614, 0.1261137833800342]], [[0.1089928027115053, -1.5810834297875673, 0.11439410858690052], [0.31863767021203215, -1.3692148269625892, 0.15737760586225955]], [[0.11550629441525104, -1.529117520264063, 0.12368987832145581], [0.402634687432628, -1.4886082864845307, 0.18946313673115742]], [[-0.020349969638253525, -1.4026876325290167, -0.24758139578777855], [0.2504354190838938, -1.3130060190456916, -0.388765292924503]], [[-0.021404964067953187, -1.4078295198007613, -0.2541230728186188], [0.34267663726010505, -1.4113675915468356, -0.2793234728633665]], [[-0.20203985350472586, -1.2695934191047353, -0.8536656195899878], [0.25907021444712564, -1.379958995661676, -0.818852734138188]], [[-0.18301809385541168, -1.2855632157051873, -0.8106408610917079], [0.27348359785525284, -1.4382328274654606, -0.8573334926336568]], [[0.40586618985636264, -1.6621869157133156, 0.41889718512512386], [0.28309803277627976, -1.5267016973871137, 0.6507660055862554]], [], [[0.3025355443042325, -1.6217631197629394, 0.3084741118191151], [0.29347449170360324, -1.490626241483696, 0.48789829996422185]], [[0.047578162388498754, -1.4659025763965399, -0.06194575873316137], [0.3265350532582609, -1.4008071527651111, -0.0996510780966728]]]}