{"bodyId": "h0", "timestamp": 15477, "continuousState": [[[0.33392957819540764, -0.9658545326606505, 0.832909653600479]], [[0.34626133903280176, -0.9993510327574937, 0.8382122746444787]], [[0.506703850043011, -1.1571381233136897, 0.67894814710407]], [[0.322416306367473, -1.0938033138444778, 0.8334527534749855]], [[0.33352410940346006, -1.2464388397107191, 0.5441644684831785], [0.3316525211706132, -1.10915781737342, 0.6789357521365798]], [[0.4608064658034223, -1.3147131782382289, 0.4736612176257661], [0.28831298929495097, -1.1748192956080705, 0.6131134610307267]], [[0.1537747168357222, -1.228812971430556, 0.36838781235051626]], [[0.4435663562224845, -1.1852273440171395, 0.36534208150328346]], [[0.06039708176559805, -1.0226743634180828, 0.10437265923863652]], [[0.4226275553134901, -0.9866225760251857, 0.07436810343283515]], [[0.08782112881452525, -1.1270645469251455, 0.1775263426584502], [0.41318205768678445, -0.9606101805868417, 0.08354652417099806]], [[0.14966659826298456, -1.1708543125274191, 0.050549686802004314], [0.429823627732495, -1.0497917760134046, 0.07701980363648794]], [], [[-0.030888245900795766, -1.0040661687400043, -0.27582375755094063]], [], [[-0.17909789002066645, -0.8674196783605634, -0.6727829063742208]], [[0.4057741391180027, -1.2759393553017957, 0.516855288412729], [0.28976341390882815, -1.1372344104596432, 0.6368731109301707]], [], [[0.30729059131957226, -1.2717630748343924, 0.4210245149881412]], []]}