{"bodyId": "h0", "timestamp": 25125, "continuousState": [[[0.39590251525597614, -0.9279891068921664, 0.8888676178237237]], [[0.40734678288767623, -0.9829238559710934, 0.890995882628372]], [[0.5759658490978122, -1.1308305431279697, 0.7305284497811122]], [[0.6129864204972837, -1.209514130153134, 0.6962768424842868], [0.33898353666112324, -1.059153606100856, 0.8404595809930501]], [[0.52903615245484, -1.1266535400457942, 0.6242150914721339], [0.229108137580841, -1.020361258478084, 0.5660462995465523]], [[0.6748598696345987, -1.1422660938698104, 0.4885352291352634], [0.3400699399790385, -1.0134746126074443, 0.6102110240982918]], [[0.7736876260474018, -0.5927720208541575, 0.3388020284210254]], [[0.6072225419579997, -0.8256887878679358, 0.5506235229840809]], [[0.6535349039852244, -0.5608854480599621, 0.46804156918886314]], [[0.6171158814259577, -0.46648513044336243, 0.43455019693772806]], [[0.3960890592969293, -1.1607595248506877, 0.5189582698970678], [0.4323090089018192, -0.9026419312322878, -0.018039032572202813]], [[0.44309446380897116, -1.189745734245687, 0.43381545877173905], [0.45215016876652, -0.9565943477279076, -0.026514243664892093]], [[0.2250595426536092, -1.1289864317541083, 0.3361483032185226]], [[0.3230984027251714, -1.1077772717542667, 0.08550558157565524]], [[0.07111109415397789, -0.964306867309374, 0.062093146790080024]], [], [[0.5671857235855987, -1.1605360004321073, 0.6206118725309654], [0.30273434602875093, -1.020814923637479, 0.6025831874424875]], [], [[0.7242737478410002, -0.867519057361984, 0.4136686287781444]], [[0.3340770032312902, -1.1593660829998975, 0.38498188099513087]]]}