{"bodyId": "h0", "timestamp": 5829, "continuousState": [[[0.3752522348500248, -1.31866624091205, 0.733320087880385]], [[0.1389270394574503, -1.0776861643121962, 0.8084121618480289]], [[0.3734766431971017, -1.3843652494963925, 0.7219334718660294]], [[0.1872972065584902, -1.1866299499076862, 0.8408201538428873]], [[0.2926324255475659, -1.4516221063892472, 0.5080456257469266], [0.14686818421861403, -1.2516958551887738, 0.6548128123712601]], [[0.34526162471569427, -1.4339581245085142, 0.5392002634980646], [0.20740908482894907, -1.319519043152375, 0.6371592448265971]], [[0.08395843586424388, -1.54319731983891, 0.32224547826727146]], [[0.3700791378341064, -1.3344728865725208, 0.36415699204337376]], [[1.1669578149565042e-05, -1.3523397356798934, 0.11199922162821735]], [[0.2789306652629652, -1.1086624567299213, 0.07867967189587398]], [[0.014034142219350088, -0.9803880289470435, -0.3247091892467961]], [[0.28802383084555366, -1.1862322477675358, -0.052061061824902936]], [], [], [], [], [[0.33324110905046606, -1.4438627242918636, 0.5364781810012966], [0.1538334679634604, -1.2852023756456201, 0.6374658290885441]], [], [[0.21461003028996908, -1.4885777221737122, 0.43072287088266803]], []]}