{"bodyId": "h0", "timestamp": 1630675666924000938, "continuousState": [[[0.4720767756683513, -1.2891910177199335, 0.6958982965572489]], [[0.27220291612619346, -1.2179937910119254, 0.8516998064473132]], [[0.33452598270812106, -1.4454657559933872, 0.4741332461700304], [0.2588103627157318, -1.301287359691906, 0.6781376725972145]], [[0.43009077695886677, -1.4285475297981667, 0.536223515782759], [0.2803464962845342, -1.3321734897309851, 0.622874734100294]], [[0.09707544858586795, -1.3939554966758565, 0.27217664272527464]], [[0.4117994256724162, -1.320215467979097, 0.37738742075023446]], [[0.12310919072066331, -1.0896098372471785, 0.1677525645025894]], [[0.40787279265991494, -1.165476496334858, 0.10166667540563298]], [[0.06507710441968743, -1.3269638823876393, 0.21337632752309196], [0.19369683554440054, -1.022804006843234, -0.09482771895337828]], [[0.3918545121191187, -1.1783859526171454, 0.09833048485771564]], [[-0.04237466732545193, -1.1599707393378238, -0.17493860679950307]], [], [[-0.1855319064238787, -1.0395030549061017, -0.6730859130199915]], [], [[0.39092408558675823, -1.4272892506793842, 0.5104347325919605], [0.25844385987591156, -1.3080152688661986, 0.6444205493425798]], [], [[0.26358311277236735, -1.4112515132370116, 0.4042000792540168]], [[0.1747399223968334, -1.1691783459774845, -0.038304060970893714]]]}