{"bodyId": "h0", "timestamp": 1273, "continuousState": [[[0.4548218236035478, -1.3055925324830948, 0.6807111998331808]], [[0.2622522726916491, -1.2241265354836723, 0.8599816346564327]], [[0.31452498272822, -1.443265894516087, 0.473226734736716], [0.24908503654501146, -1.1613355014818856, 0.7549405021492689]], [[0.4169489370621565, -1.4377671478587701, 0.549137353951254], [0.25983925619061077, -1.350231877781215, 0.622634568381791]], [[0.07924863994955138, -1.3810596997662181, 0.2767316661803841], [0.05398500016430262, -1.044601295500389, 0.3398900326918026]], [[0.37905613192900683, -1.3267091782739167, 0.345964018460583]], [[0.17144964249892422, -1.1294847557972734, 0.2758004175801782]], [[0.4005482068944275, -1.1821703269009078, 0.11265286145039635]], [[0.04301896341513367, -1.3495826206459907, 0.2640592613064459], [-0.060163562731071124, -0.9221635770987526, -0.3357468201943182]], [[0.08857273849424996, -1.3284633622384348, 0.3131437202876971], [0.39965908628286617, -1.1828906542680333, 0.1202183737222756]], [[-0.04437617659280886, -1.1636715149408523, -0.17186165078668023]], [], [], [], [[0.3855897271303445, -1.4360077245129284, 0.5096945870937887], [0.26478036512922337, -1.2816869939376787, 0.6973880698742965]], [], [[0.24809878850585396, -1.4094134238124942, 0.41293451006581905], [0.1569121281774567, -1.197416586640802, 0.4812623005367968]], [[0.02209828095072055, -1.2460674385896435, 0.07064103475050844]]]}