{"bodyId": "h0", "timestamp": 14874, "continuousState": [[[0.3481843285015225, -0.9791680395072382, 0.8332351034677261]], [[0.31061051535031764, -1.094093140171087, 0.8190299514445275]], [[0.33853469490666427, -1.2570215940514686, 0.550849887303343], [0.3061915520887653, -1.105239029862358, 0.6632249454811768]], [[0.4786548027508173, -1.3026090079279717, 0.49436336458962293], [0.29130401153193136, -1.1777176568200554, 0.6168910195011879]], [[0.15922451118986777, -1.2345235574395441, 0.37976597970782383]], [[0.43662479355839673, -1.1910824544294587, 0.36324228896140176]], [[0.06549199230304169, -1.0300064051727102, 0.10922610201282941]], [[0.4272169025325468, -1.0007033813205535, 0.09025546356952532]], [[0.11410074847992803, -1.1697691120577665, 0.2393240982008938], [0.41882689039051796, -0.9767464217916572, 0.09930407570459669]], [[0.15050746275518112, -1.172928715999888, 0.06291238550211802], [0.4363133155195062, -1.0656165555640364, 0.09339499489421087]], [], [[-0.020622997999730955, -1.0598451353792044, -0.1471393785320281]], [], [[-0.16275100825212213, -0.8794056375734189, -0.655163035453329]], [[0.42164522950810024, -1.2750341170296517, 0.5358491212464561], [0.28852993062466337, -1.138899639794679, 0.6364828363375868]], [], [[0.31893965697034254, -1.268566282683758, 0.43706467214872335]], []]}