{"bodyId": "h0", "timestamp": 1630675666924001541, "continuousState": [[[0.45041922590166206, -1.3163920285836321, 0.6937024964052407]], [[0.2680827446223168, -1.222001429700871, 0.8545512116577783]], [[0.34839722712895327, -1.4436830813949857, 0.47008533659875684], [0.2387224816427465, -1.2306149170851495, 0.6968631648260059]], [[0.402997719942714, -1.431433302789883, 0.5319250393257237], [0.21482556782547294, -1.352097631328263, 0.5964348095890771]], [[0.09885499410236338, -1.4072774465491087, 0.30957354241197915]], [[0.3730055784228791, -1.3381618895167593, 0.35964992657520156]], [[0.11246841810866516, -1.155189358650127, 0.16716506546015739]], [[0.39516101006803045, -1.1876967401611591, 0.10533639304745407]], [[0.06143820393007729, -1.3601768533877814, 0.2666015436083142], [-0.0005129658418825329, -0.9534270571390894, -0.2841518308890459]], [[0.06324322272786544, -1.3676651748617736, 0.2668129570715109], [0.39247462760249824, -1.1813208048565609, 0.10515048397940337]], [[-0.03427723122275401, -1.174522340724892, -0.15580519036067722]], [[-0.03355934461537615, -1.1778527389334401, -0.15752201744424132]], [[-0.19869418899608643, -1.0412760226214135, -0.6791857482125702]], [[-0.18985782905410195, -1.052326775902507, -0.6455004841800174]], [[0.3864915385441349, -1.437113387665557, 0.5095080124970747], [0.24582955558960043, -1.2954913566023372, 0.663168134300651]], [], [[0.2509263570225387, -1.4193553746694958, 0.4207492908688514]], [[0.014482995752555714, -1.2710937577933328, 0.05550388335541685]]]}