{"bodyId": "h0", "timestamp": 20971, "continuousState": [[[0.9789936036646789, -0.34857868644031376, 0.44868200956674875]], [[0.48749065606799197, -0.7425966626927768, 0.836286726232266]], [[0.5412884143178524, -1.0469047176851687, 0.5291666720028368], [0.3778307343257561, -0.9808474174937387, 0.7159598768475405]], [[0.6470190506685922, -0.8416113595973173, 0.5526464285957211], [0.4769638876295769, -0.7131331194756401, 0.6029367741647741]], [[0.3389268987040927, -1.1092743310034656, 0.3036462875030484], [0.5291804905135009, -0.5425916641396489, 0.5471183095557542]], [[0.6791098702196182, -0.4870862823227121, 0.4230995441681559], [0.5707853628475784, -0.46747509769269346, 0.49723100463887365]], [[0.1711731615856299, -0.9768033389285272, 0.08154585773766417], [0.4845906622298589, -0.16328672091351495, 0.2966790252354224]], [[0.5408642246478758, -0.1514531119246028, 0.2820644170009293], [0.4386781385982897, -0.07526922231791763, 0.23883801515838332]], [[0.282417644410836, -1.0611814573499947, 0.1842539392285637], [0.4836492380513075, -1.0193567995075248, 0.13867866619033908]], [[0.5052010504998229, -0.8782593918255643, 0.06055980393549589]], [[0.08082428254231769, -0.9412695712381172, -0.11297598119642226]], [], [[-0.164333935079235, -0.8086258727617346, -0.6213378898901369]], [], [[0.5830222179236566, -0.9535080929490739, 0.5562830451465627], [0.42358927931935636, -0.850103172810246, 0.6719285721995159]], [], [[0.4929729746863425, -0.9754428453003914, 0.4281463580493847], [0.5030721890715389, -0.6278623918076445, 0.5750275418602642]], [[0.2930126665210703, -0.9097644815318408, -0.026208088630463183]]]}