{"bodyId": "h0", "timestamp": 1630675666924001876, "continuousState": [[[0.45835493495074325, -1.310029340228183, 0.6851948207738822]], [[0.2676026666173202, -1.2228988187708967, 0.8467795659103626]], [[0.3679879822529639, -1.4264198323989448, 0.4990578523354744], [0.11986921248654835, -1.1745467496456559, 0.6311976318518063]], [[0.4688656761950246, -1.4352271086754314, 0.5187022869790531], [0.27632223863825245, -1.3540705764751129, 0.6302097628153865]], [[0.11690016005830278, -1.3872304700048266, 0.33415286831063234]], [[0.38649407392014473, -1.3332913932367925, 0.3777555027022247]], [[-0.01757259639486938, -1.2314815636190402, 0.03790617248901003]], [[0.3774989498670714, -1.1843684889664527, 0.07290784747478961]], [[0.2810524731959229, -1.4360006625245978, 0.47570048286842903], [-0.060280259836693634, -0.9314801672624926, -0.3555310894002771]], [[0.37789893409575415, -1.182392707060319, 0.08428303408289411]], [], [], [], [], [[0.41167344650488696, -1.4259523310868714, 0.5483692734333762], [0.25774747643684554, -1.2815683301870147, 0.6686994157944021]], [], [[0.29288291812666367, -1.411228789340129, 0.42642757764484274]], []]}