{"bodyId": "h0", "timestamp": 22981, "continuousState": [[[0.6321088040268628, -0.9161920862039158, 0.7537827329362441]], [[0.4829836856962381, -0.7038326598897146, 0.8531716352252233]], [[0.5512106276436075, -1.0520372563275016, 0.5316151583565917], [0.25980760626431676, -0.9567163059093807, 0.6411551930924072]], [[0.6824030414256277, -0.7212866972473416, 0.5325882291660686], [0.49767800210966723, -0.7022792844576186, 0.6293693854141272]], [[0.353643159451159, -1.1118072368364829, 0.2973244353758296], [0.2377352104001145, -1.0328245880772868, 0.3685688806381477]], [[0.4823176484758321, -0.6994510075276007, 0.6567411863085588], [0.5449978365774034, -0.42327085954645055, 0.4884088679815782]], [[0.17939748278743292, -0.9925004365757281, 0.08153304111824196]], [[0.39647651752859014, -0.47118666833352085, 0.8483134118446324], [0.4348683685273868, -0.06915598249120125, 0.2613864406023886]], [[0.28698148321516925, -1.0585528007811131, 0.19121460569562054], [0.46601159947680365, -1.0316563655422155, 0.11948954621477219]], [[0.4923989838042378, -0.8264585449195085, 0.05462209181611661]], [[0.08787202446656908, -0.9488822207801542, -0.1269805050752102]], [], [[-0.16468651982230972, -0.811930223678596, -0.6236566258032423]], [], [[0.5952727156224792, -0.9175391432188321, 0.5494117507751362], [0.4277186393708266, -0.8369609987596037, 0.6758294372424976]], [], [[0.5180231004383933, -0.9165469670419122, 0.4149563322709491], [0.3677066062548909, -0.8675519362674526, 0.49896913302613743]], [[0.29013550413540345, -0.8876703828498314, -0.036179206629546795]]]}