{"bodyId": "h0", "timestamp": 23919, "continuousState": [[[0.6727287425171805, -0.8256665717729318, 0.7308813915479342]], [[0.5595455079295482, -0.7452845669041256, 0.8546946503468227]], [[0.588141930337755, -0.9350407158894686, 0.5499345187976195], [0.3763142666547105, -0.9210504729716252, 0.683981215225505]], [[0.6479149134060547, -0.9267210270254634, 0.5779158627609028], [0.4653909564622943, -0.6807102010331698, 0.5537575777860964]], [[0.3639881244696905, -1.0107404174833396, 0.3547869177678283]], [[0.6348293970475749, -0.5121265526294329, 0.5716298327182215], [0.6282709086409409, -0.5060372927491308, 0.4910402164878906]], [[0.16778701233513152, -0.9302131675168837, 0.11469159474889193]], [[0.6497807903976416, -0.06886517190814152, 0.38730058195470113], [0.5053804711001392, -0.05033372231695398, 0.2795424920196092]], [[0.31373724796255587, -1.0208202012158716, 0.3047723376277538], [0.5057072725181968, -0.9590139398813449, 0.058426379987321524]], [[0.34267893137773553, -0.864997568463305, 0.20731913585585698], [0.5255960077311631, -0.8087101615619561, -0.027191701056960484]], [[0.11210868422422919, -0.9331737050070209, 0.03572702393468853]], [], [[-0.1571078938553094, -0.8004207116544932, -0.577578623194677]], [], [[0.6346342061678154, -0.9229211266428019, 0.5766350347741032], [0.4710913758220299, -0.8209035276640299, 0.6610293677599243]], [], [[0.5059515189378726, -0.9687307222544015, 0.46635139026436556]], [[0.22739380780098237, -0.899085636735163, 0.12152307989527275]]]}