{"bodyId": "h0", "timestamp": 24254, "continuousState": [[[0.4883369925209572, -0.6854624427736465, 0.8499837868158632]], [[0.46168406503458576, -0.8134742167587093, 0.8568552770240683]], [[0.534133553260242, -0.8954155329466503, 0.5810606645960362], [0.31811283583910654, -0.9122258924046347, 0.6506302589858994]], [[0.6574680186739453, -0.9940751599814192, 0.4769435093381444], [0.48091693822136355, -0.7942862040642213, 0.6570324144646321]], [[0.3089206402052828, -0.9736808056075487, 0.3559293754830412]], [[0.6266968614433284, -0.5606371498980249, 0.5214737878803453]], [[0.14318208428709597, -0.9332419401201263, 0.09853482892466991]], [[0.5640138916883273, -0.1479550507795343, 0.36997953144806367]], [[0.25494890110136265, -0.9831801675330275, 0.28961116924545194], [0.4477521670657113, -0.9664186342635599, 0.0017908105749777407]], [[0.2846696220553826, -1.0357442808476094, 0.20579801600279415], [0.5297673154491388, -0.8705779410634815, 0.06662323554808745]], [[0.06784020131545805, -0.9192023168793351, -0.03504996128159428]], [[0.144811540025437, -0.9533553548196058, -0.16560426326363678]], [], [[-0.15518821647073322, -0.801424163545744, -0.6180456882408175]], [[0.5852101130731208, -0.9664676769461564, 0.5558546649110404], [0.43419630905302053, -0.857041431837111, 0.6749462851500245]], [], [[0.48319432943961405, -0.9838779827944839, 0.4164364424105928]], [[0.17625491168542032, -0.9774732988634722, 0.08537402736059993]]]}