{"bodyId": "h0", "timestamp": 24589, "continuousState": [[[0.44146528259645335, -0.773183346578419, 0.8991833899486017]], [[0.45202615603081403, -0.8194034478696552, 0.9009190308510572]], [[0.6136291665290592, -0.9404204430814527, 0.7262759983089239]], [[0.6714378872193795, -1.05615783020083, 0.6882429662806362], [0.3918300590682989, -0.8971381490067013, 0.8674830222484242]], [[0.5006197126516763, -0.984528706261456, 0.5508723055106786], [0.3311166460577674, -0.8992676504081618, 0.6759126530903996]], [[0.717676681926723, -0.9948947956188221, 0.49140414568468954], [0.37550646320952685, -0.8792943022007229, 0.6655177379169398]], [[0.2758203477584662, -1.0467085247820178, 0.37588932816236387]], [[0.5794770160557287, -0.6626033553209738, 0.5551196909309007]], [[0.11245019825770664, -0.9382897276733264, 0.07754525347611138]], [[0.6282390746743165, -0.34770404779294334, 0.47534754790361194]], [[0.46378158360601335, -0.8286020911068378, 0.09264390034797203]], [[0.45644488720762777, -0.9181985309076164, 0.06270155009636597]], [], [], [], [], [[0.6045545692573414, -0.990344928905386, 0.5530705343860306], [0.34826387795572666, -0.8841139838135262, 0.6683982078771453]], [], [[0.4967485148425946, -1.02080166020042, 0.43364673692352673]], []]}