{"bodyId": "h0", "timestamp": 1630675666924024723, "continuousState": [[[0.41715018718403823, -0.8014060068507741, 0.8853780801691522]], [[0.38828192905908643, -0.9354085138911885, 0.8643424833483438]], [[0.546093032805102, -1.013172140417763, 0.5627772089829812], [0.3214328309377843, -0.9070480663838181, 0.6621773741896599]], [[0.7389270141463214, -0.980801039792145, 0.47705243829919924], [0.33055209460200013, -0.9211353597639118, 0.6426857356611847]], [[0.2712288611107007, -1.0587910203003679, 0.35890027113219186], [0.513250152623264, -0.7417952084410526, 0.5685488493595297]], [[0.7390092468349826, -0.5669308744906395, 0.43037553014539437], [0.5439557150512908, -0.7251681857641691, 0.5668742979270144]], [[0.10926168319390996, -0.9507056441016372, 0.08360123404472893]], [[0.6645936089785937, -0.39410357925247874, 0.4927123313186215], [0.6192382292541361, -0.3913219791439587, 0.4814278750240686]], [[0.47038113899613837, -0.8311251997248518, 0.12961442678918592]], [[0.4545680759452835, -0.9440718084547203, 0.06647374608215]], [], [], [], [], [[0.5854063981239221, -1.0512844164469783, 0.5914709718216319], [0.33842504394514594, -0.916342562121019, 0.6597906340304307]], [], [[0.505077937628511, -1.0197960300462565, 0.41797635471569555], [0.4219011236126321, -0.8314652841024822, 0.6056172925103571]], []]}