{"bodyId": "h0", "timestamp": 1630675666924025259, "continuousState": [[[0.3496648472385884, -0.9258792469512392, 0.8699678002617827]], [[0.6280536265357912, -1.2203097075555716, 0.6782668855147748], [0.3567114944471689, -1.0788721779677886, 0.8645785273419622]], [[0.5409677742578474, -1.1447437876413542, 0.6287741670477872], [0.3379926074662462, -1.059496882508161, 0.6709278244983976]], [[0.6662827588093471, -1.1684450561653759, 0.4932317894460068], [0.3840875729333611, -1.0574104098371402, 0.6629470315598718]], [[0.7426754000811011, -0.7024413917148984, 0.3734883620097221], [0.5548785410573591, -0.8815130414913886, 0.5262734467601081]], [[0.5974612969698726, -0.8516942133901447, 0.5366021756398343]], [[0.6815559799140304, -0.5574823332107587, 0.46792562167744334]], [[0.6484803902471054, -0.49867134207276365, 0.4320511125988705]], [[0.35044527576915374, -1.18499870290175, 0.5351680419460357], [0.4574495979745645, -0.9152334136208645, 0.03409710878078818]], [[0.4404860103671505, -1.1949324791306157, 0.4144632989987439], [0.4528041857084379, -1.0079643105820744, 6.182548787592168e-05]], [[0.20392367786606247, -1.1352966931042796, 0.30405034976014256]], [[0.31619859177744053, -1.1176499692077673, 0.08708341483422123]], [[0.07371012040534174, -0.9758726077299859, 0.06015358009051192]], [[-0.11838366059646188, -0.8305563400351786, -0.6008992904670202]], [[0.5669706859972632, -1.1795160081331022, 0.616261943489258], [0.3510195492833318, -1.0566191807542522, 0.6580335284302794]], [], [[0.704479079445224, -0.9354432239401371, 0.43336007572786445], [0.4694830569953601, -0.9694617256642644, 0.5946102391599899]], [[0.3222048441166065, -1.1651145861174477, 0.35925682437944323]]]}