{"bodyId": "h0", "timestamp": 1630675666924025862, "continuousState": [[[0.3806989268569848, -0.9706732388450298, 0.863713842070084]], [[0.3357581200903292, -1.080908048152796, 0.8402289276954004]], [[0.38872114000585517, -1.1643927499192541, 0.5374638032271242], [0.3668692584624416, -1.076412912848616, 0.6927619305648043]], [[0.5274783857100315, -1.2663191059114327, 0.44941110032609005], [0.351300657516332, -1.1253520456504897, 0.637267730921496]], [[0.15191807511057795, -1.1512550732519575, 0.34565230591688395], [0.3465378359209949, -0.895703666271577, 0.22666659485507806]], [], [[0.11471286992778437, -0.9456519653992953, 0.16657228892197576]], [[0.651031271126021, -0.7858002945929653, 0.3512642355391215]], [[0.1526965332316114, -1.0859319057269992, 0.1594744144171882], [0.12985564985089013, -0.7582363289932609, -0.3173350091699301]], [[0.2547205180486906, -1.1836819838182353, 0.14397954382297304], [0.4384696453937379, -0.9583894036664132, -0.02241149129328619]], [], [], [], [], [[0.46003543224787896, -1.2161117396166001, 0.5125585926357882], [0.36065390481507187, -1.100843307287063, 0.6662879311704287]], [], [[0.3396982304103047, -1.208787089581695, 0.397531703121487], [0.3489192467186635, -1.0105278559610333, 0.43196716288828707]], []]}