{"bodyId": "h0", "timestamp": 2479, "continuousState": [[[0.45841361354079657, -1.296892174844841, 0.6738305189057069]], [[0.27438602005195867, -1.1354840370975614, 0.8261016340608818]], [[0.45369732301563526, -1.3610306725868182, 0.6670252391775295]], [[0.24651866255454843, -1.2242770401397374, 0.8342223336208969]], [[0.3364412956024536, -1.4417255301779246, 0.48423627804379077], [0.2291180650436561, -1.1946636180422858, 0.7098886252477162]], [[0.39815967472814073, -1.426170974499886, 0.5390998283970069], [0.28420541814220107, -1.3470077905708224, 0.6428333833989095]], [[0.13844182108847183, -1.411208288006825, 0.3140876770274033]], [[0.4021322498630209, -1.3293601157796526, 0.4093238286991766]], [[0.010286092175411, -1.23315657290752, 0.04897107126954006]], [[0.40027387045782303, -1.1845124111769896, 0.08298355020201643]], [[0.09310223147701271, -1.3801569760966648, 0.2879557878119904], [0.3043754192008341, -1.0836878509666326, 0.08216943231806545]], [[0.39799505505184063, -1.2008270697071788, 0.12038960575869828]], [[-0.03579406128458947, -1.1885656687996338, -0.05607257773543438]], [], [[-0.20504567798458084, -1.02228426290333, -0.7327614597867467]], [], [[0.3843109607849838, -1.4276079866424936, 0.5116910912982119], [0.24658413736648094, -1.2773765132564796, 0.6839031425168769]], [], [[0.26830074790830627, -1.4186896312533555, 0.4265937527122051]], [[0.1811004968836256, -1.1946963692534063, 0.03215851401163195]]]}