{"bodyId": "h0", "timestamp": 4288, "continuousState": [[[0.3196921805742358, -1.388432388076122, 0.6697640859011966]], [[0.12233677597152814, -1.1421000745080796, 0.824993489729147]], [[0.3623032233748524, -1.4511278224515862, 0.6436945809402473]], [[0.18511681201343252, -1.2176595437336575, 0.8603618348674107]], [[0.3102858856120343, -1.5246409649707382, 0.48207381034198116], [0.15446101556229405, -1.3965689670345776, 0.650355653234966]], [[0.3683567281887236, -1.428398138074644, 0.5138501513516194], [0.24728524244617506, -1.2602631644408926, 0.666746103400411]], [[0.08597192531793349, -1.4211885717629076, 0.34472269315765336]], [[0.37946790993445007, -1.2393843395413446, 0.36629807725897284]], [[0.23883478217872453, -1.3775081487252063, 0.5362798869313186]], [[0.3579948637264808, -1.1281130308533653, 0.10111357850611308]], [[0.10307141804913601, -1.3712450797253464, 0.15681163471578224]], [[0.06257975107459857, -1.4037160751895115, 0.31730018720496944], [0.39233407971894874, -1.2273885963357234, 0.18799233520103256]], [[0.0006642951045329255, -1.238054675718946, -0.09969225048428802]], [], [[-0.19361892420884635, -1.0445599382242936, -0.6519457833375452]], [], [[0.3623758539355899, -1.4556957299939701, 0.4876400635619733], [0.19654035587874863, -1.3202896422781427, 0.6624768990643704]], [], [[0.22716432675332854, -1.424793354918776, 0.42928642225463637]], [[0.03162202308956574, -1.3208853754542287, 0.1088039683603407]]]}