{"bodyId": "h0", "timestamp": 1630675666924004958, "continuousState": [[[0.34770540361273794, -1.3709049773876012, 0.6641590348043657]], [[0.15222301924345016, -1.2334572097775605, 0.9027773712225894]], [[0.2917666931675464, -1.4891993381559487, 0.49405720645957946]], [[0.36263409689585746, -1.454370015092009, 0.49259919607530606]], [[0.121739827030652, -1.3106707563202467, 0.41764344177546137]], [], [[0.3024558268585493, -1.2474270813746762, 0.45823568011555926]], [], [[0.09087888896003546, -1.3105648037005135, 0.1067370758896941]], [[0.10929411701448714, -1.3410692070706491, 0.15331283141866833]], [[-0.03190140328705581, -1.222611773102004, -0.033360266885983945]], [], [[-0.15908400224012575, -1.1095683537947352, -0.5217466719231502]], [], [[0.33795415750354413, -1.4679883504854343, 0.4881074649412546]], [], [[0.24218696196325473, -1.382520385706128, 0.4551213189253837]], [[0.03869635686371567, -1.2818404900863265, 0.05997628226634219]]]}