{"bodyId": "h0", "timestamp": 1630675666924005092, "continuousState": [[[0.3400309171096124, -1.433363248898903, 0.684449335031781]], [[0.14435764105598764, -1.223625919100214, 0.8689064119498919]], [[0.26692608101194476, -1.5228853201951889, 0.5413303545066522], [0.1974372106201854, -1.365017367521913, 0.6408266702369556]], [[0.30938633630051227, -1.5290835026232148, 0.5315286817579125], [0.2737096531513444, -1.3256675633905317, 0.6606307215088244]], [[0.19368178706966047, -1.2731058047979136, 0.4766573513735343]], [[0.35639315840150926, -1.341455848382404, 0.3770725575735914]], [[0.3517882088473552, -1.253409585516712, 0.4987590832685406]], [[0.30916709480102783, -1.0983303021116266, 0.1173839183325515]], [[0.10448486123971201, -1.3229675151343625, 0.13835179788266577], [0.2932324974619098, -1.1303655665771957, 0.018154175149889398]], [[0.10590262825074934, -1.3710473327457589, 0.16385606206421563], [0.25189213757513496, -1.2018227266661483, -0.04155628984861369]], [[-0.03521889447179217, -1.2353877559647635, -0.01572518943810269]], [], [[-0.16163894268831552, -1.1041499657108742, -0.5461640502134314]], [], [[0.2882338727680237, -1.5191094237033662, 0.5362532291516556], [0.2274691412534521, -1.3261402438113619, 0.6477814621165796]], [], [[0.25153406168508635, -1.4010946537105642, 0.5040930165657234]], [[0.03534186688947859, -1.3032175443552612, 0.07406543631305647]]]}