{"bodyId": "h0", "timestamp": 1630675666924007169, "continuousState": [[[0.4715214558866975, -1.2528131646782066, 0.6554796852052768]], [[0.22638855530692922, -1.1981053149398109, 0.8259844539084197]], [[0.30494836940970826, -1.4468472823588525, 0.5076550455499619], [0.23993366134483926, -1.256010075159484, 0.6918343018160026]], [[0.4989054126848331, -1.4164944311110221, 0.5150397198727141], [0.2440374269814156, -1.303687410859928, 0.5965134743196254]], [[0.1113319000952842, -1.4585313159089346, 0.26417091392538145]], [[0.4030142885527387, -1.3068734094305676, 0.35361489879470426]], [[0.055750402720926844, -1.336378302000654, 0.10952917059443598]], [[0.3750213022814296, -1.1381083384379325, 0.07555785485008915]], [[0.11020958902351657, -1.3475403154959462, 0.18403175017306467], [0.0065807668999405, -0.9477052595307945, -0.35450963806786034]], [[0.11659461144491104, -1.3627223669713122, 0.31004938839912527], [0.38871743285785487, -1.1757110182996107, 0.002760345899834874]], [[0.003853952155465038, -1.2090950268155487, -0.09251763510013802]], [[0.0026033423428712013, -1.2001228720914374, -0.12182938946212517]], [[-0.19871932360011044, -1.0396591444730885, -0.720419917996202]], [[-0.18214634288622927, -1.0557829985956928, -0.6775883584983144]], [[0.39200028541119236, -1.428508964272953, 0.5419668420956603], [0.23204385264961774, -1.275732393385955, 0.6438364778620564]], [], [[0.30511865639005864, -1.4375128735099785, 0.38960531689904776]], [[0.06022428180018804, -1.2859086968934306, 0.10876587664949362]]]}