{"bodyId": "h0", "timestamp": 78323, "continuousState": [[[0.44787752642386014, -1.1974487085840282, 0.7063035727488155]], [[0.28000324495570295, -1.032782555947597, 0.8740277669807457]], [[0.48444415278893116, -1.3076599370895265, 0.6833008927247746]], [[0.29954890141588975, -1.1087236389329986, 0.8795646448253658]], [[0.37707290623996376, -1.341021845987619, 0.5008677151318484], [0.26917096146877045, -1.155334470010632, 0.7221028264338025]], [[0.4613179567989359, -1.2536472198639577, 0.5460541979606165], [0.2964755721810277, -1.1759924851017514, 0.6073025489153947]], [[0.15580196581685304, -1.3227050811372665, 0.28041243153716616]], [[0.2615945042009017, -1.1648544749266139, 0.387120721428468], [0.4907262110859106, -1.0795131498762582, 0.3062606162230875]], [[0.14409860953499112, -1.034249513206906, 0.2628519222042528]], [[0.28387142381408254, -0.865094207444615, 0.15478851064605284], [0.23604202424830714, -0.8537648308072849, 0.2015822793173736]], [[0.1232366707039136, -1.1671402853057469, 0.10235642299319625]], [[0.1349412892021793, -1.037139987389619, 0.10781928252067814], [0.4169982294760928, -1.0516608030261774, 0.09478302905245209]], [[-0.05359792204530845, -1.0553971829830493, -0.16070633342402357]], [[-0.05958496632741333, -0.8556899044062145, -0.13405445321546314]], [[-0.19020431200913143, -0.8956421025434212, -0.660292236018488]], [], [[0.4220716006245822, -1.2932623895499622, 0.5336714478695473], [0.234215878706716, -1.1720431956874726, 0.6241581297098735]], [], [[0.3085599613078945, -1.288176150500612, 0.41323331474889136]], [[0.040671683578435425, -1.046268585186334, -0.026443525451672716]]]}