{"bodyId": "h0", "timestamp": 1206, "continuousState": [[[0.6068722335601611, -1.5168151614963326, 0.49076995028434545], [0.2829874246720044, -1.3946847281278438, 0.7612130430322229]], [[0.3159233997216536, -1.4241011755913153, 0.778592298929689]], [[0.5358728460257364, -1.6168221123032285, 0.5494680209749512]], [[0.3321364826280103, -1.5205787160543054, 0.7924900944550606]], [[0.43269348620970066, -1.6943005682024883, 0.37687207760732283], [0.22069498451841765, -1.5049634256346966, 0.5400508889234023]], [[0.4709104393465904, -1.6595695698234672, 0.40269971309658603], [0.3594073936079551, -1.6250637833671924, 0.5705632363679781]], [[0.18636872474603938, -1.6529034860830711, 0.1818007257226916], [0.30606115892542946, -1.4027554236178321, 0.2702302310909617]], [[0.4415905510852072, -1.6125529662715146, 0.2785705509005049]], [[0.042469565253987186, -1.501344167544235, -0.06579514397378966]], [[0.42723936408232405, -1.4760557315858995, -0.015322127732385298]], [[0.1206351180976838, -1.5208382566659997, 0.014432395268425808], [0.1390052086546773, -1.3255241631019823, -0.3070499429433128]], [[0.14562217615530382, -1.4970659724957371, 0.0176780338006472], [0.4190949766286324, -1.457487904120387, -0.04379192749351432]], [[0.008867964301968527, -1.2394083840240182, -0.31105225956061233]], [], [[-0.21263616084346812, -1.1295054461948548, -0.782007783656446]], [], [[0.45483312041716123, -1.684772865744292, 0.39576397582820505], [0.31674252028011163, -1.5671241459025709, 0.5780077709440706]], [], [[0.3286395820463149, -1.6562365279532691, 0.2922502194096388], [0.3327342762666923, -1.5139096034925124, 0.42039673372946995]], [[0.07724507022863618, -1.3682371782598777, -0.14668711287998257]]]}