{"bodyId": "h0", "timestamp": 14204, "continuousState": [[[0.2258032259108905, -1.354187331547188, 0.6598762901679779]], [[-0.0010844834270467346, -1.142911669542473, 0.7833035274201553]], [[0.2171341081278061, -1.4363194245440345, 0.7079334487421611]], [[-0.0011271318421406703, -1.2515269232631212, 0.7959676474677577]], [[0.07411401478565102, -1.4697472074158358, 0.5431513115123311], [0.012496618128715227, -1.2768154922055466, 0.6370902663901001]], [[0.302726026399639, -1.5719664946522753, 0.4843867053107629], [0.10189045627193787, -1.4048450812818978, 0.6440779772651026]], [[-0.12427532101766266, -1.3632756745989683, 0.3368838392839862], [-0.14723400792170968, -1.103513392976307, 0.32583431577463623]], [[0.13705094112993446, -1.434326961706428, 0.29740749444572473]], [[-0.09318973348276322, -1.0718874104542147, 0.29442865328798506], [-0.20710907706472131, -0.9035880636783343, 0.2444567722533243]], [[0.18939609343945063, -1.2434673611122316, 0.0829853510940211]], [[-0.15711358327642042, -1.1965662186346013, -0.14714437743326358], [-0.09021113077726864, -1.0689929827844382, -0.15591803971390983]], [[-0.1533832626448923, -1.3633608006935156, -0.006143211870220284], [0.19077628887230208, -1.2651316281807212, 0.05058119933791272]], [], [], [], [], [[0.19650803120556606, -1.5305873131705485, 0.5630521303049064], [0.049569594505626355, -1.342631961738986, 0.6385364377277788]], [], [[0.08922535269098819, -1.467621084625622, 0.4106352722973745], [-0.022671775824885908, -1.2541792371291023, 0.4849561465198694]], []]}