{"bodyId": "h0", "timestamp": 18291, "continuousState": [[[0.3478341713279129, -1.4617151193528795, 0.6311978945025436]], [[0.07502262111459163, -1.2436415185851155, 0.8112367757683095]], [[0.33856260079145833, -1.5284519175783269, 0.6597108728779897]], [[0.11071689196084344, -1.350896845438415, 0.8274560756407756]], [[0.24992916348074498, -1.6137980387447655, 0.4825618839062307], [0.05667792801452037, -1.4090490685161574, 0.597962798218527]], [[0.3332171961328193, -1.5706793747532646, 0.5305596653957375], [0.09531457662847219, -1.435971831256687, 0.5740352889384482]], [[0.015170052465453011, -1.5741330020365485, 0.2864629478521888]], [[0.3089151980104357, -1.412640809648996, 0.3450123794084259]], [[-0.07761891174847596, -1.485376051545107, 0.06781771148446546]], [[0.22585109400740908, -1.2186821004526383, 0.09033285023679878]], [[0.25179544295415984, -1.2775086648349987, 0.1042180017092528]], [[0.2087216919434668, -1.3247281769762198, 0.04012487894355718]], [[0.3993943687000994, -1.263044632630733, -0.11064115061041593]], [[0.4076980505513284, -1.2943547720204325, -0.13747611299480672]], [], [[0.19022210938302556, -1.3986660070023165, -0.7783829624050875]], [[0.3079200905540129, -1.591493937319277, 0.5092211708857152], [0.10268073282047635, -1.4210654679776415, 0.6003949887916937]], [], [[0.17419362429913615, -1.5724061883949065, 0.4085113066239632]], [[0.30405803032178313, -1.2938864048034764, -0.03525813583342938]]]}