{"bodyId": "h0", "timestamp": 19564, "continuousState": [[[0.5244492146065736, -1.602269539782094, 0.4874790622817105]], [[0.2878878199898911, -1.4612835789365939, 0.751351953626528]], [[0.5152458324521244, -1.6776369432712415, 0.5184300429653611]], [[0.3092297758173611, -1.5481454626240094, 0.7819302853354666]], [[0.41955759670874665, -1.7547782678278394, 0.34905823820356296], [0.23510127253125915, -1.5770841841442664, 0.5792351224730475]], [[0.48007769247933907, -1.7160742069640122, 0.35466466281110526], [0.3416496371716294, -1.6090607652074096, 0.5703601763387341]], [[0.19638929015798373, -1.6197335363887326, 0.28144704736423864], [0.32253225920405587, -1.4479750464049017, 0.2809817907833749]], [[0.4408294757676988, -1.591606740624931, 0.2837664685188297]], [[0.3458650402733032, -1.5411740591380267, 0.3388785616791108], [0.27425566178663646, -1.3583453894411859, -0.08049249056426015]], [[0.38628174445766444, -1.4036631896199248, 0.005969616553629521]], [[0.16664775625289327, -1.5653200218288479, 0.03499778776369249], [0.3988378676071452, -1.459425470817745, 0.13291234293220236]], [[0.1940699634402988, -1.5460850803016852, 0.03410550410102337], [0.4257360630353612, -1.54147030459803, 0.14089619754786098]], [[-0.022292193128410135, -1.3267413948033033, -0.2951661039713704]], [[-0.014190665149125778, -1.3941315368645033, -0.2940048482394025]], [[-0.2417752968545328, -1.1407298695415002, -0.7915054085321426]], [[-0.017863493166705494, -1.278305296586164, -0.9218321294717248]], [[0.451097305995393, -1.7337250275964138, 0.3569909310861094], [0.29413386335403197, -1.6030845781132803, 0.583433497500172]], [], [[0.33823349131866143, -1.6679038716763723, 0.318055855087672], [0.3320909481878426, -1.5285179058061558, 0.4256709835610545]], [[0.08588888515594434, -1.4364132375524943, -0.1305302999351735]]]}