{"bodyId": "h0", "timestamp": 29145, "continuousState": [[[0.6699782706304243, -1.466759260470753, 0.4800479339213507], [0.3650327591680041, -1.3921148031964117, 0.7891705080592871]], [[0.37936537533177805, -1.4193978265574676, 0.7964336672459271]], [[0.5987987783381311, -1.5816517991787205, 0.5343960380376094]], [[0.3722380122768591, -1.5120632471973767, 0.7951548824829133]], [[0.4594917433144229, -1.6594317973229062, 0.39222814415419066], [0.2604107995668196, -1.4701501048304613, 0.5747734288890213]], [[0.5289541282548135, -1.6809325569691138, 0.38163299274737894], [0.4200542030639085, -1.6191757360803307, 0.6053722772524304]], [[0.2502297833995614, -1.619425347705737, 0.20712010962283126], [0.29200366052167126, -1.3873635978727605, 0.3226040173363019]], [[0.48784705486320856, -1.611838965300804, 0.33084874166082934]], [[0.1254172619542601, -1.445457236656025, -0.04811472157266212]], [[0.48614296425640713, -1.5305022407406392, 0.0785342575940931]], [[0.19947102664633717, -1.5600173416239207, 0.09301130998744657], [0.3533479816944878, -1.3911624615751612, 0.08368432181433377]], [[0.20318216367102782, -1.5804431677389537, 0.09264564826119931], [0.44052729901159865, -1.5116427901417346, 0.11802434986523803]], [[0.062763840654643, -1.394149637829244, -0.2429453625603212], [0.24641303565740919, -1.3443549669334534, -0.434228388607052]], [[0.07449810814446056, -1.4083681494009137, -0.29940399934424566], [0.4943974515271084, -1.4498499730821652, -0.12598503355063234]], [[-0.11779860373769349, -1.225710317458388, -0.8468822746429505]], [[-0.09785409933412569, -1.2530933364768435, -0.8132703881733169], [0.3151778072668201, -1.4239179206218697, -0.7849565655535582]], [[0.4863515417511741, -1.6697429679333582, 0.39454723161384436], [0.3513319752371956, -1.5498581615930682, 0.6010165476216646]], [], [[0.3895919558271874, -1.6501789523374253, 0.2943765511851051], [0.3560289317927899, -1.5032696669765455, 0.4639881472943661]], [[0.13297300216283542, -1.4872964027840987, -0.07514985714956095], [0.3434701673345039, -1.4279988785375939, -0.15810201937090698]]]}