{"bodyId": "h0", "timestamp": 29279, "continuousState": [[[0.349200743867807, -1.3887258634004513, 0.7790256990121331]], [[0.36606906592979294, -1.4181011371400687, 0.7858892795152378]], [[0.5929743815536174, -1.582664718937908, 0.5369843032310548]], [[0.37415993554241184, -1.512870763825403, 0.7925200697128402]], [[0.46486262235886844, -1.658089448828755, 0.38694775572678347], [0.28380673190078004, -1.47950302602997, 0.5904048595843181]], [[0.5304373133200482, -1.6792190022949813, 0.37962548204448515], [0.41439834121835567, -1.6159521849904446, 0.6034463654164842]], [[0.24268078508372407, -1.6182939447239058, 0.19687975407177669], [0.30204960138583964, -1.4004543753343253, 0.33331337309378933]], [[0.49222165159773523, -1.6131870335392586, 0.3446505974510464]], [[0.11838385537257222, -1.451479262497728, -0.04150850692269228], [0.34332620389204704, -1.3577578215813182, 0.1262846430412376]], [[0.48426985353200847, -1.5402807627347583, 0.09046702260325992]], [[0.19293753624210808, -1.5546327164478344, 0.06363237398172282], [0.36207750424444746, -1.4096492979159565, 0.13440161503807804]], [[0.19656778267725844, -1.5737269756950902, 0.06407225529628567], [0.46018839478136625, -1.5209934615946115, 0.18442823437617653]], [[0.052501136651118316, -1.4127153781513864, -0.2105817126915449], [0.4239079509615196, -1.369396289812051, -0.18492689858539188]], [[0.07163051824533534, -1.4178902554664987, -0.2992330772616997], [0.48906022548011036, -1.4551412448750312, -0.11525968758673139]], [[-0.11657024682657288, -1.231173521772026, -0.8430669786735732]], [[-0.09719875631885372, -1.2561076547180379, -0.8187824095483345], [0.3199461395092535, -1.4307632146339675, -0.7924683540058557]], [[0.4895051340884964, -1.6679361571649451, 0.3909237600180809], [0.35406961646453444, -1.5510299811069985, 0.6054676289832105]], [], [[0.3865590492018861, -1.6487564735094435, 0.2882526180581309], [0.35822397130209765, -1.5082032801623848, 0.46837986925513675]], [[0.12453445966418838, -1.4932211769232384, -0.07325472869762961], [0.44204817287144293, -1.4451948757033313, -0.00024933210460767463]]]}