{"bodyId": "h0", "timestamp": 49982, "continuousState": [[[0.5250937357548271, -1.2540781669648955, 0.698831736292131], [0.2622372109315736, -1.0807633737374964, 0.788719038199629]], [[0.30368723168848283, -1.1078184828858133, 0.8218890218368657]], [[0.502801313037905, -1.3258666245288486, 0.684896216790246]], [[0.320477221866724, -1.205785788420871, 0.8331030935593916]], [[0.3412357641417403, -1.3871949500310417, 0.5232302485586198], [0.2696549092543908, -1.1896602501185325, 0.6899442269068778]], [[0.5084683175888133, -1.428034993290507, 0.4220676684936535], [0.31102923466539323, -1.308142036821563, 0.5948112257240636]], [[0.0950829493670089, -1.3329382154424239, 0.29291423822448925]], [[0.3764660155721856, -1.2853239309590099, 0.267333733904346]], [[0.09407023895993291, -1.0708693994661926, 0.16032631250218196]], [[0.2409585977730112, -1.0175519250758833, 0.03258941020074508]], [[0.06653275912431433, -1.2092216687726218, 0.08094805777388865], [0.22432133290070375, -1.0327593394031298, -0.05414013860703767]], [[0.09630912129912593, -1.2539814235053919, -0.009721755499878554], [0.2965217081707319, -1.1713186316062838, -0.1125243362384881]], [], [], [], [], [[0.45146445231031657, -1.3831249493881208, 0.4429613973187738], [0.2861334321732163, -1.2529220410291253, 0.6428777048720931]], [], [[0.3017756334779111, -1.3804866043664654, 0.3574909533590714]], []]}