{"bodyId": "h0", "timestamp": 50518, "continuousState": [[[0.45897769176837866, -1.3088123373298486, 0.6942563721029302]], [[0.18621574756232873, -1.1132554204437957, 0.8110153787318695]], [[0.447893754960428, -1.37287843156516, 0.6824973833941539]], [[0.25144364392650004, -1.2175196428360486, 0.8489480102409547]], [[0.3029457088484866, -1.4275022480737107, 0.49775255271187346], [0.23882359183042082, -1.2581189474989773, 0.6911959607145076]], [[0.4261003415048241, -1.4651128114933418, 0.4801430781496174], [0.2747016040053486, -1.3414801373498055, 0.5970699533606041]], [[0.09673413898502878, -1.38108828557335, 0.2934197831014717]], [[0.3794876701293135, -1.301573724313917, 0.2913678332212064]], [[0.05719337076785678, -1.1475407628791496, 0.13351722971145183]], [[0.3198559692478464, -1.1175115954356944, 0.062013600778500634]], [[0.05155868959254172, -1.3268633945968002, 0.23731982986216826], [0.29673807024345344, -1.0913601361382326, 0.01657232631844545]], [[0.07087010156316535, -1.3237189279246386, 0.09863945959177568], [0.2816182379167308, -1.1695760075057942, -0.07658556175370564]], [[-0.0641605052615112, -1.0794066780970644, -0.12671849722173123]], [[-0.0392235406784834, -1.1271866110265618, -0.210233808075071]], [[-0.23569225187998033, -0.8577101306275604, -0.6134421544364149]], [[-0.21761498949946265, -0.9193120331604386, -0.6120546841524965]], [[0.3797645345396826, -1.4421211292612013, 0.4878904875269402], [0.27229626137034985, -1.3004081202179218, 0.6494753255388446]], [], [[0.26141724024492646, -1.4231005485333459, 0.38678143062554454]], [[0.003354798150827079, -1.2015628030108516, -0.014039518814977774]]]}