{"bodyId": "h0", "timestamp": 63248, "continuousState": [[[0.5277690388841291, -1.0593936562128756, 0.7259538844614998]], [[0.344682292719712, -0.9044195153811401, 0.8938309856961416]], [[0.4900280837218202, -1.1657869272996517, 0.7430034197100747]], [[0.3268872353452973, -0.961255813144533, 0.8724449945960926]], [[0.40315636648158143, -1.2368896486151857, 0.5482595770123114], [0.21184336017870942, -1.1182175934876155, 0.6178052381074235]], [[0.4889020712237488, -1.1569310790136507, 0.6186164862654954], [0.347424263588304, -0.9626995502065361, 0.6569407111894728]], [[0.17309800473138723, -1.2576750209017138, 0.3082622254933299]], [[0.539480703007132, -0.7598869653470841, 0.5295235421411455]], [[0.1342460767616932, -0.9986785835159809, 0.15184207963957033]], [[0.6063922245490908, -0.46483367543913573, 0.32929938242747675], [0.4858445656688209, -0.3718734924087632, 0.3285915878689848]], [[0.1391684434227715, -1.1954543684396264, 0.21228085917474618], [0.3883822907701365, -1.0227353438540256, -0.002128823249764082]], [[0.15569164653845444, -1.1083206709268214, 0.2511908688887056], [0.39264331735710745, -0.8871954426604645, -0.011515292573508532]], [[-0.0025778604726672256, -1.014888205549599, -0.19772750740054448]], [[-0.010377127682770833, -0.9527018649775709, -0.16507212830651768]], [[-0.16068394234633104, -0.9131042465858761, -0.6794991522887007]], [[-0.15815949775856641, -0.8748022971112986, -0.675972459527728]], [[0.4629750512058185, -1.1767850281872754, 0.5803629327905244], [0.2961274419026838, -1.044897159395168, 0.6489179648489413]], [], [[0.331000037977568, -1.2073030499576822, 0.46343935587941265]], [[0.0765568930328936, -1.0616044382382102, 0.02673168074408057]]]}