{"bodyId": "h0", "timestamp": 75107, "continuousState": [[[0.40839980266251125, -1.1741205617952741, 0.732754341916932]], [[0.22452553406904463, -0.9632421215541662, 0.8214875859510986]], [[0.4258432099456914, -1.228683831547481, 0.7158329712104917]], [[0.23996700162319554, -1.0639696212079066, 0.8273138080728094]], [[0.34931472474228903, -1.3139305512032133, 0.5417811882440197], [0.1905491127017201, -1.134018306315264, 0.6535077519511706]], [[0.38154703275461876, -1.2985527632619942, 0.566288279335648], [0.2178629019948321, -1.1685325656351813, 0.5950074921548287]], [], [[0.43331740692876314, -1.0571196563712044, 0.30253076767181847]], [], [[-0.16290795142922707, -0.6784492621558824, 0.024427856085698748]], [[0.06123960819975104, -1.226305592484956, 0.23465232503468839], [0.3377391889357195, -0.9453275241525443, -0.006769514791081292]], [[0.08350513944091642, -1.1906237969387714, 0.259793597125195], [0.30675639133763205, -1.0192058677058373, -0.0540234598308507]], [[-0.0664960534917812, -1.0234968558927589, -0.15698459727986575]], [[-0.05824445695699348, -1.0371601042074303, -0.163602589384265]], [], [[-0.19139831997023407, -0.9025066916965804, -0.6151986942024575]], [[0.36199457975707544, -1.3022464770669744, 0.5526255239526193], [0.19497758617400338, -1.1566185203331054, 0.6252025838008187]], [], [], [[0.008504542974567611, -1.1070603264157652, 0.05140449992266463]]]}