{"bodyId": "h0", "timestamp": 7705, "continuousState": [[[0.15548056338094512, -1.7130963806802064, 0.7527744238378284]], [[0.18540528488641644, -1.7473295120228296, 0.761565534079458]], [[0.41685349718380266, -1.8649481496156497, 0.5397504921440638]], [[0.45715634566902263, -1.9930954643780872, 0.4744152320802185], [0.19922606258381348, -1.8140168333360331, 0.7681209928932847]], [[0.36648033902800814, -1.8752482698079658, 0.36276057437679354], [0.0828096742948444, -1.7191081277323186, 0.5840123554213553]], [[0.41579296239756236, -1.9923917588637907, 0.2885475516343238], [0.1640316502804967, -1.8800511446970078, 0.5489179342669204]], [[0.039186213963253065, -1.7968482860032837, 0.18683913316423195], [0.09418892109057424, -1.638361854282952, 0.35907544346647957]], [[0.1873590281741415, -1.8612509464814744, 0.19928004231473415]], [[-0.05967696965974946, -1.6051670390448194, -0.06186995992712491], [-0.12512388220877915, -1.5373455737935307, -0.01814334829657764]], [[0.24334450990758275, -1.7695608207267342, -0.07262380392198066]], [[0.09583483043722572, -1.5955990316076964, 0.007675622827336611]], [[0.1536796048835863, -1.9203056186360592, 0.31394784180256285], [0.21370438717174717, -1.7128964418305028, 0.0360125228756483]], [], [[0.11025656417548453, -1.669404973976264, 0.08896351115368839]], [], [[-0.13434845469490903, -1.5512531717572338, -0.7439431127444225]], [[0.3801128503954548, -1.9316532923643384, 0.3530218458264735], [0.136676920424768, -1.7961074135952475, 0.5780211347523332]], [], [[0.2274895881804077, -1.8946200224335372, 0.23769334239927786], [0.12911028568553548, -1.7592064994899799, 0.45399668886669997]], []]}