{"bodyId": "h0", "timestamp": 10184, "continuousState": [[[0.4774048020029573, -1.5614852776624026, 0.5458190051447351]], [[0.2517762626640124, -1.403634125290924, 0.7929926190929891]], [[0.4854366051445257, -1.657574248737923, 0.5364936466139462]], [[0.25233679151681737, -1.4910578502999026, 0.7894466920245142]], [[0.3852737543125449, -1.7370084217300772, 0.3419413071331828], [0.25558783345868485, -1.5424034371003414, 0.6156824200460532]], [[0.4733049476164952, -1.6305530035069786, 0.3896444560466075], [0.27995571123253105, -1.603487257440774, 0.5556225838771948]], [[0.19868466630936416, -1.6844012858702697, 0.12122065884250924]], [[0.3650816349950611, -1.5495788696776096, 0.24160796074620497], [0.4347848246417088, -1.5385273070995706, 0.2808857783887738]], [[0.03868398565536307, -1.5663604296885862, -0.09375170347860354]], [[0.41327428587358117, -1.296722635673277, -0.09556107101516431], [0.3022283179124172, -1.3003147691344747, 0.06266192048967537]], [[0.13825719963635016, -1.5635044801002311, 0.0012677650515222467], [0.37026535282838197, -1.3887032648679547, 0.09525205496097237]], [[0.16118076569768147, -1.4575824363274925, -0.01408209893146386], [0.33702489030648713, -1.4767210602900618, -0.02089594953080291]], [[-0.036363427625128425, -1.3855633716322528, -0.24851521300007062]], [[-0.025467014282632646, -1.3630809161090616, -0.24763526812436454]], [[-0.23022657575922653, -1.2576198374556358, -0.83191924978338]], [[-0.2039401803370904, -1.2667968747761755, -0.781669223913816]], [[0.4454383497905782, -1.676397814416346, 0.3626843217492392], [0.29280871572358885, -1.5737079924488302, 0.6123943768894405]], [], [[0.3359948069629297, -1.6574771446886243, 0.2554325574445584]], [[0.06240866903627652, -1.4215729039798726, -0.13129865596576723]]]}