{"bodyId": "h0", "timestamp": 19631, "continuousState": [[[0.5280464532482287, -1.5954330947812159, 0.49921532874860236]], [[0.28907027168630817, -1.4627828877868032, 0.7560958986301349]], [[0.5173477947735523, -1.6746621992325417, 0.5202282474543716]], [[0.3144815325031698, -1.55062157349178, 0.7861681934076704]], [[0.4182213686366261, -1.7528190393831742, 0.3482196622215315], [0.23299793148247158, -1.573990880613048, 0.5776383620595346]], [[0.4693288191116764, -1.7147555123425005, 0.3664632951888743], [0.34146253566305745, -1.6151275159735756, 0.567737782044725]], [[0.19586326657054348, -1.6084229232661367, 0.27649849039668245], [0.3186365028695657, -1.451790699745894, 0.27209123814938446]], [[0.45497405711761596, -1.5941456186507146, 0.2946113181179228]], [[0.3503985823402091, -1.5335763689376092, 0.32919539436097306], [0.3153085287003421, -1.3613011298936932, -0.030467986149268655]], [[0.377134772483327, -1.40159240991764, -0.001547855309476745]], [[0.16827302936471852, -1.5555141448632566, 0.013163339321308512], [0.38575382042927775, -1.4553319717033084, 0.1128077412851128]], [[0.17550596331721374, -1.5397481447654784, 0.02875463394811368], [0.4269625936509187, -1.5354002389675203, 0.13725708727900382]], [[-0.02153218069697107, -1.3168762290023028, -0.31086032860389357]], [[-0.016164666074270827, -1.3836703583815135, -0.29373154907790083], [0.3234121584581567, -1.4653465255603, -0.24735118967615335]], [[-0.24162176469105817, -1.1264616988181408, -0.8218978039459311]], [[-0.01891794433614882, -1.2780538877800354, -0.9183191714297573], [0.15774721601179498, -1.4342867254057428, -0.8012401554134146]], [[0.4666760954572318, -1.7253266890085124, 0.3304346327862204], [0.29350591951124855, -1.6035767754339412, 0.5825004507329836]], [], [[0.33259604284110994, -1.6615892178043186, 0.32148089279277836], [0.33004951926631154, -1.5334591078597348, 0.4199145100970547]], [[0.07698689131012133, -1.4283121868838906, -0.14105284732788995]]]}