{"bodyId": "h0", "timestamp": 21842, "continuousState": [[[0.2841364126936669, -1.4465273478258323, 0.8182496508796213]], [[0.27333989063521497, -1.4757427852833984, 0.8098388913254234]], [[0.5277830794870715, -1.6752853564438348, 0.5417049592654022]], [[0.3150703404344995, -1.5737078980755888, 0.8152388272071319]], [[0.3993553891915706, -1.741393043562493, 0.3578357005930468], [0.23633228339467882, -1.5301554661879708, 0.5903827787058258]], [[0.49978051571502996, -1.64471664556742, 0.3589052322986797], [0.3297698686747117, -1.6227985618935334, 0.5845175683924047]], [[0.1900792966546429, -1.6827533239698942, 0.13710959361236746], [0.290283571760209, -1.4290257380620144, 0.3115040488769896]], [[0.4360282939671417, -1.5846383244801054, 0.29462870963693216]], [[0.030128246132381777, -1.5442625067872668, -0.06870619542956069], [0.08665420462164411, -1.3184241467435, -0.30887279631345543]], [[0.433370211429612, -1.473497614372619, 0.0002904040296170933]], [[0.11059077908039558, -1.543516864261601, -0.005887540883222073], [0.33381359798717064, -1.3930995346527042, -0.001572068358136221]], [[0.10719974590443815, -1.4462675138678887, -0.06708322020309311], [0.42980846830058406, -1.4982868263890916, 0.08689178070202319]], [[-0.04769401802980158, -1.310145769289495, -0.3546816127792383]], [], [[-0.2357458929930067, -1.1480676505043084, -0.823088364885726]], [], [[0.46165324766590105, -1.6949560626392446, 0.36413715546804587], [0.3205294472191597, -1.578279750063315, 0.6119332691736442]], [], [[0.34492990618483643, -1.663734984768657, 0.2480074129555236], [0.31002672021746036, -1.525912149977774, 0.4480108086346971]], [[0.029752863937318283, -1.378206641578692, -0.2108824164911657]]]}