{"bodyId": "h0", "timestamp": 24723, "continuousState": [[[0.5711495392058601, -1.6999801882976122, 0.5456765666102027]], [], [[0.6047225612063908, -1.764580878301118, 0.455064878504902], [0.34016020384666035, -1.6678169670973222, 0.823120022347367]], [], [[0.4252316500448445, -1.7717504284240835, 0.3322306066847684], [0.32206700916040015, -1.6618727004455816, 0.609543468294885]], [[0.5264745268178724, -1.622154974805508, 0.3174669209273445]], [[0.205486607884784, -1.7151768147353283, 0.1635529526390078]], [], [[0.03769769027843256, -1.582410469520556, -0.07290376314209585]], [], [[0.09323223149291926, -1.5758954103156857, -0.02739943958948038]], [[0.12362084653135219, -1.4585374288226278, -0.04299993750910153], [0.45961880106496233, -1.5395492520268235, 0.2569436806426945]], [[-0.05299855497689211, -1.3428379937110049, -0.5133583330364534]], [[-0.04392273014277936, -1.3333527941491634, -0.40168811583475056], [0.4490513423287241, -1.4815802033642635, 0.15251270351283233]], [[-0.24457490483689218, -1.1335565327671353, -0.807018164777393]], [[-0.23504806065127337, -1.1514389899259012, -0.7865498004045389], [0.1631124646079136, -1.43346405613388, -0.8046926470380497]], [[0.4732189450617894, -1.7032872647982216, 0.33247663095343477], [0.3372702946329316, -1.6146332308087608, 0.6224810796044857]], [], [[0.3659805673513282, -1.668665894770418, 0.24050993678317617]], [[0.03531114577723004, -1.4006877112668163, -0.2781791352727775]]]}