{"bodyId": "h0", "timestamp": 4020, "continuousState": [[[0.3458099146813745, -1.4490209603988646, 0.7696070693646214]], [[0.3695795097759753, -1.4896980190130023, 0.776809928059946]], [[0.5615001172877246, -1.6103957399938742, 0.5749925065455354]], [[0.5992843297834738, -1.71249499171972, 0.5129901345128989]], [[0.4970088465929278, -1.6315398060625788, 0.3657376043491622], [0.22302152588294052, -1.50412376660669, 0.530660391932722]], [[0.559972183589498, -1.7264363119635577, 0.32817722567482543], [0.37697966670954886, -1.6408435564053183, 0.5759749495127521]], [[0.19723805409839718, -1.6476011378563507, 0.21128231303487702], [0.31030859774831676, -1.414589641827059, 0.2820845714408749]], [[0.48393044104899785, -1.610000234855244, 0.33461530050444027]], [[0.06497393926408727, -1.495089790458604, -0.05010806610122654], [0.14337433981729214, -1.314257168828158, -0.2299582939647712]], [[0.4343485345737431, -1.4984331813127392, 0.0071455334497889]], [[0.19259787007591966, -1.5956146335369916, 0.14416192410600207], [0.34404270648793134, -1.3858330505425411, -0.005058736057083933]], [[0.19174802043696496, -1.6208428694757615, 0.15657318008303697], [0.45726470326566393, -1.5019500298089865, 0.09844575085710698]], [], [[0.05171363076444879, -1.4990586892829842, -0.14878145135503382], [0.15355661816397947, -1.4094665401935842, -0.6857836849030557]], [[-0.2104694302423668, -1.1207952333191455, -0.8015897308534385]], [[-0.02272790697507912, -1.2663069138855225, -0.9209247175200794]], [[0.4922536434147795, -1.6792949181289691, 0.3971257811266066], [0.32625171088706495, -1.5776240361496325, 0.5718704144593407]], [], [[0.37860511884394754, -1.6870187249099542, 0.2697297693548512], [0.3436441322289328, -1.5277165991161885, 0.4290297604768135]], []]}