{"bodyId": "h0", "timestamp": 40870, "continuousState": [[[0.30244630631796465, -1.1416396843776453, 0.7674251996201034]], [[0.3572726926523069, -1.1874841479516223, 0.799306423885257]], [], [[0.29937105322947194, -1.2890283792376989, 0.7811094760718066]], [[0.32890375534254535, -1.4880734109025888, 0.44625373252807243], [0.30943480484221414, -1.2957884734538443, 0.665017433375382]], [[0.43487528477789583, -1.4249154404941569, 0.48717440735052603], [0.3376702423177612, -1.35064727359549, 0.5815353771703158]], [[0.1301928338598466, -1.4495938168371896, 0.25438132763386967]], [[0.475012947557497, -1.2701675607973508, 0.278240191951375]], [[0.2038138035064808, -1.1338585164573551, 0.12532554797799866]], [[0.258179255780723, -1.0445873002369228, 0.21349156602283687]], [[0.1354974872710078, -1.2433442849317817, -0.021202092138443505], [0.33664469969008154, -1.1425213558104175, 0.0009068240822123244]], [[0.14298930417420178, -1.177095667637787, -0.031249162462084316], [0.3960835170329183, -1.206673713977863, 0.041227892672891356]], [[-0.05404561671367645, -1.0747167271064535, -0.22350803477581963]], [[-0.04949979703351721, -1.104346654982457, -0.1975916590590739]], [[-0.182169822342481, -0.9878632679637518, -0.7582517751198461]], [[-0.20028205230644483, -0.9803471028800692, -0.7691890785335355]], [[0.40083578617676596, -1.4526224026106591, 0.47353839106203216], [0.33003948726118326, -1.3273631945749853, 0.6288727825342926]], [], [[0.2825340593188712, -1.437254628665673, 0.3707778674921979]], [[0.04447184373026267, -1.1259061973721203, -0.12737859861895198]]]}