{"bodyId": "h0", "timestamp": 45225, "continuousState": [[[0.4395018559184334, -1.5553007976725615, 0.5305158385362885]], [[0.1569706606159368, -1.397833242958664, 0.7962680291404508]], [[0.41020386836781, -1.6501039816009941, 0.5691057780383737]], [[0.20857873660442192, -1.4967371366579814, 0.8084734639898142]], [[0.3327094746020159, -1.7498149554957612, 0.3931605345555095], [0.08678904570480654, -1.4815352510608284, 0.5807542380951959]], [[0.41760868128434564, -1.6517295310001259, 0.4548237924596773], [0.1900501724461542, -1.6159213662295202, 0.5850412777357037]], [[0.08130898810758498, -1.888764989928642, 0.2157294930257806]], [[0.3535864826900152, -1.5541742947666748, 0.26371494321727096], [0.3999718835096578, -1.480310073955488, 0.3341039305160584]], [[0.11693823490023016, -1.638297539736698, 0.0678398211585959]], [[0.33795435067915, -1.3556301113903262, -0.00909205795560456], [0.2142203815492951, -1.3295763040750495, 0.17982912383094207]], [[0.30685394437404395, -1.3726323224088737, 0.10946265519780558]], [[0.22924706071560347, -1.588766230263835, 0.11030291049938705], [0.42635974049808534, -1.489159289834284, 0.20808492392541938]], [[0.07337737139198748, -1.5076437396979656, -0.08893966415391515]], [[0.08877406227769916, -1.4323361984291088, -0.5463124932355956]], [], [[0.12521274187647305, -1.4685859478016894, -0.7991290877441137]], [[0.4029111379059044, -1.6858896593394301, 0.39277515827710774], [0.21791195699947047, -1.5540292765954495, 0.6338968138628079]], [], [[0.2494588346959653, -1.770247260464384, 0.33527664274272895]], [[0.15131221605379547, -1.5482049849809003, 0.010681623172735952]]]}