{"bodyId": "h0", "timestamp": 6164, "continuousState": [[[0.4257314474954233, -1.7854945100080912, 0.5217905427120214]], [[0.1436955285549584, -1.6360681088427655, 0.8080669527570542]], [[0.3895723375982797, -1.8418350416967713, 0.5480228700370351]], [[0.15292434812818761, -1.700471174010351, 0.801288630360017]], [[0.29833291279080626, -1.924572771070025, 0.3776397972988759], [0.077507110062734, -1.7263527181402605, 0.6172837399396258]], [[0.3558365214407859, -1.8344474945544147, 0.454029563715496], [0.14916248914145216, -1.809287885749515, 0.5691571977061401]], [[0.0032355451525963304, -1.8158224733784463, 0.12222915951210599]], [[0.4524197590199023, -1.686509042294571, 0.11992401919214057], [0.325116920680932, -1.6587216465328107, 0.3485069443073185]], [[-0.10001548197929366, -1.6981118396601222, -0.0720454007914941]], [[0.48229967969520654, -1.676730013949902, 0.23852230560692056], [0.18236881793048587, -1.6013797614756826, 0.5682989373159735]], [[0.1707398566530635, -1.6363363480416873, 0.06564996371356414]], [[0.14455155583330964, -1.759299575861798, 0.24006798663444057], [0.16026137272974506, -1.6482801338473991, -0.0004358361275403695]], [], [[0.044826732290939274, -1.6556205942754185, 0.013761296085778212]], [], [], [[0.348808170780763, -1.8890312830448306, 0.3991856680291887], [0.09634850289728775, -1.781406261557539, 0.5868890172465883]], [], [[0.17953603329669113, -1.8251349839664304, 0.288129361613801]], []]}