{"bodyId": "h0", "timestamp": 75844, "continuousState": [[[0.5011070153193498, -1.5306174000324173, 0.559466083779693], [0.2221565622090675, -1.3842450814630938, 0.8218633447653222]], [[0.22848720360976496, -1.4016808287425544, 0.8233434568008218]], [[0.4512372018472087, -1.6263961492867793, 0.6013894562553082]], [[0.2534512693090358, -1.4881871546374164, 0.8279919481469095]], [[0.3781287559765971, -1.683877407898184, 0.4153946966402467], [0.12719633033436595, -1.4539423049922646, 0.6082085857095137]], [[0.4404693436249564, -1.625290572705658, 0.444022513152559], [0.26580274703630946, -1.583743392186428, 0.5991450990075914]], [[0.13558879842154312, -1.6164332275396265, 0.1942867437683153], [0.2756997368033892, -1.3857069160233029, 0.35704353616075607]], [[0.2988397310069399, -1.5401916973019671, 0.3361015545010498], [0.40142495825072955, -1.5317906670130104, 0.3776886239181806]], [[0.045500544133168376, -1.4347608134466594, -0.042553418196992196]], [[0.379609694719692, -1.4245659880688297, 0.095712610465848]], [[0.10330946879515955, -1.5967322764716023, 0.12090052320342648], [0.31674376794475845, -1.3705825320625704, 0.14640481628240765]], [[0.13733732079050737, -1.5068514364139993, 0.11622498718132761], [0.3970143665064588, -1.483309501497223, 0.17477565588004676]], [[-0.02222839265081353, -1.4098617017863029, -0.25589962181025316], [0.34429342404807767, -1.3326206698560237, -0.2770417231127983]], [[-0.024163362243087193, -1.4170840092168437, -0.26164048988656874], [0.3445506310383712, -1.4151989027667033, -0.2857887957895309]], [[-0.19760686209555967, -1.2768295260430886, -0.8438514493363409], [0.2984807545506105, -1.3770332148346869, -0.7917988477485504]], [[-0.17908293199188421, -1.2973097342813085, -0.8013604028792343], [0.26922642745056125, -1.429022339369182, -0.874628642096384]], [[0.4106655244018057, -1.6562193429392218, 0.43077195992211703], [0.2783802391571503, -1.5195675273073344, 0.6615543510995004]], [], [[0.28802907102324976, -1.6208619001226423, 0.31915462846043713], [0.27075124191984934, -1.4847251541048654, 0.47809431758417376]], [[0.05755446406984692, -1.4583565691001512, -0.06983731731446277], [0.3706538952772682, -1.4079650856766235, -0.051133033616375764]]]}