{"bodyId": "h0", "timestamp": 76983, "continuousState": [[[0.29424111710159223, -1.5634151682261526, 0.6183229359496313]], [[-0.00430908618300964, -1.3398657921105301, 0.79212646542708]], [[0.26567443327239315, -1.6402280858077942, 0.6728117284957315]], [[0.043201523130678876, -1.4444478253314743, 0.8133846122057067]], [[0.32042988037134607, -1.7022399231414032, 0.465372497223303], [0.0540069972326869, -1.415968110702266, 0.6344813726898312]], [[0.3218381315834363, -1.6919409379185315, 0.5084305392613916], [0.13590722958835408, -1.537079897424179, 0.6377257471791433]], [[-0.03229568799918161, -1.6342372004744656, 0.25357538532500756]], [[0.24333860569973673, -1.521281606277912, 0.3680934249035822]], [[-0.08186159858174219, -1.4445812378454757, -0.01680000181427022]], [[0.23062718114104905, -1.3712072662504704, 0.09616698054764287]], [[0.09014289830851573, -1.702698645812016, 0.4151942905533008], [0.12674047643258451, -1.2862216514112086, 0.0416966570026234]], [[0.12336024771189938, -1.6045014869368994, 0.41537336470653397], [0.25390231693714216, -1.4064133354063777, 0.11659924150800226]], [[-0.026394212711122692, -1.6232963790144521, 0.2455020486384317]], [[0.07314134594195582, -1.4501531395711245, 0.14711019071581813], [0.24194081609428214, -1.3341329036993912, -0.35418266722232533]], [], [], [[0.28904409635024975, -1.6775934797754435, 0.5184703277693822], [0.09807436510607044, -1.4761230191477006, 0.6395621202515404]], [], [[0.14477122179212737, -1.6630890691964986, 0.3810029622931996]], [[0.048483017500388345, -1.6138989329756757, 0.33043770667248284]]]}