{"bodyId": "h0", "timestamp": 81539, "continuousState": [[[0.1351910194607629, -1.2775209284892222, 0.7476979559231722]], [[-0.5344040261756515, -0.8527278916809592, 0.587055807452567]], [[0.17094761903643974, -1.3422444266334286, 0.7348558313449701], [-0.8561907389612509, -1.0890116177388292, 0.40344216020255136]], [[-0.028810958252190176, -1.0216099854921765, 0.7957802878857295]], [[0.22087327289464498, -1.4269205204487798, 0.49163275278482355], [-0.09858110381783512, -1.301060855519449, 0.5715212223471238]], [[0.17926725187673997, -1.3360260127692114, 0.7462844843727967], [0.07003058707225204, -0.9868460051593708, 0.6559349320500212]], [[0.05528452312755877, -1.4095048290099847, 0.261843046094011]], [[0.1779990823624209, -0.934053117283497, 0.3782644824680608], [0.0961900226428022, -0.8254058994930635, 0.4085306171376039]], [[-0.048380638996101365, -1.1716287692975742, 0.24063577615151188]], [[-0.04072651452992048, -0.8311246791672624, 0.3005868334218601]], [[0.02440619999525461, -1.3522401515712519, 0.22519364225047434], [0.11450248004795617, -1.2131944376196004, 0.05900713559060864]], [[0.05504646089828782, -1.1785642680303496, 0.25634918790794425], [0.1216474720259107, -0.9814311761781845, 0.07020782219762532]], [[-0.244008790564586, -0.8131552591443795, -0.6940459398923086], [0.1532134249677738, -1.0955118350618394, -0.27245334942391514]], [[0.25603677898763544, -0.9367775176184275, -0.15605729270468646]], [], [], [[0.22368216501055366, -1.340276096909325, 0.60153194770979], [0.02258291779422302, -1.1399913251792637, 0.6319610125572701]], [], [[0.11727588750214937, -1.372765420889598, 0.5040637652334039]], [[-0.09448116483314908, -0.9958597635873645, -0.21884837599218215], [0.13743044849684224, -1.038471505620012, -0.1011227636131449]]]}