{"bodyId": "h0", "timestamp": 82008, "continuousState": [[[0.13030768910115, -1.3270708260903683, 0.7435314969374646]], [], [[0.18721046481585107, -1.362049192067443, 0.7038476111841977], [-0.7853455491150318, -1.1070647915537803, 0.44493833965549334]], [[-0.05941249449932025, -1.0105761319267987, 0.7864726953831533]], [[0.21625843093339972, -1.4355486133690312, 0.49004578064767135], [-0.09348224295888803, -1.2996832687761994, 0.57016481693113]], [[0.16876937541447, -1.3666628349421466, 0.7509791683240153], [0.10251491491857041, -1.0042732893054063, 0.666458600789112]], [[0.056711992154082, -1.3899508249559356, 0.23953143457359238], [-0.03530281862044921, -1.3063659469714524, 0.32488544533890285]], [[0.2293922001841292, -0.9295046838632588, 0.31448051384060227], [0.15846913150213754, -0.8975641742041317, 0.40418543177896915]], [[-0.04303837346227178, -1.1737438597943364, 0.25557360445452604]], [[0.0407624201409152, -0.8870013080209866, 0.33039770586313316], [-0.13577094029823844, -0.6926535414511544, 0.21157445204059877]], [[0.010425915864327635, -1.335220245149197, 0.20159973415527793], [0.10677703148513615, -1.2209712597700084, 0.03947004925067631]], [[0.12686006354896198, -1.0056334028032694, 0.061913659032373516]], [[-0.2360156002099792, -0.7995030448553664, -0.715020556067184], [0.10485756637890563, -1.0873677100691745, -0.3481567173813603]], [[0.2469475091236577, -0.936626421337169, -0.18209421652226637]], [], [], [[0.21788774554992182, -1.3576405832606906, 0.5897101430671042], [0.07348768496430444, -1.1534488680718724, 0.6557064754310409]], [], [[0.11274068378427601, -1.378306829949041, 0.49525530144880386], [0.0336060481490606, -1.1553196181384293, 0.4956720230640074]], [[-0.054577768330508605, -0.9025682238293179, -0.3265534485174052]]]}