{"bodyId": "h0", "timestamp": 87234, "continuousState": [[[0.52726764326471, -1.5017476691808058, 0.5719343836992482], [0.24850109949346505, -1.3536479551779819, 0.853236596539576]], [[0.23922531071504183, -1.3740130377310626, 0.8430097186275871]], [[0.4612483345511933, -1.589594398251375, 0.6307299017476832]], [[0.24235475098245343, -1.4672693455303367, 0.8234931466703601]], [[0.34767953051524725, -1.638218873023655, 0.4006145934691729], [0.22325935512923503, -1.4097302645292062, 0.6363682325697141]], [[0.4149690104161641, -1.5829687799013408, 0.44977326390634037], [0.26883333955790817, -1.5434164081689767, 0.600081996880343]], [[0.1115272015852438, -1.5931989842777063, 0.2942880234940319], [0.26986057660636426, -1.335014743518605, 0.3320757445297386]], [[0.3829099860773044, -1.4919561061655007, 0.3340062427898488]], [[0.08434958164069639, -1.4050225849866624, 0.062311975176073474]], [[0.3790542037815269, -1.3292987100640288, 0.12381499961331997]], [[0.09819502233117998, -1.5151490934218819, 0.1807270908901387], [0.3637137163976086, -1.3064935933428667, 0.10217146134830091]], [[0.12428328413954978, -1.453657846937929, 0.1968674795762338], [0.34633512623985097, -1.412684305563698, 0.05882173180873565]], [[-0.0004341926114616967, -1.309750848612925, -0.24657162343429515], [0.5505626599783771, -1.2893208126332012, -0.0903961268298367]], [[-0.0007900624616709138, -1.3172496010577188, -0.2264882993372728]], [[-0.14090744084936088, -1.1859056203511185, -0.8215538573977247]], [[-0.12398573004232406, -1.2039722105305037, -0.7454324332278698]], [[0.38493527779909104, -1.6064440676993195, 0.445121913675389], [0.2597986182779482, -1.4784399635289345, 0.628068241374687]], [], [[0.2632481060007039, -1.5880838820895236, 0.3720306437001861], [0.2693469580821362, -1.4392155758437908, 0.46607887070504084]], [[0.06192454576404404, -1.3817043477754272, -0.024852071929030675], [0.448448893109114, -1.3510025590984496, -0.01578719751055053]]]}