{"bodyId": "h0", "timestamp": 88306, "continuousState": [[[0.549294873499057, -1.4828883443420633, 0.5729659683272482], [0.2826029411239015, -1.3550377602595722, 0.8534163445423018]], [[0.2681537041515189, -1.3741570324965104, 0.8418865518455066]], [[0.509397181678465, -1.5379612299204042, 0.607092480779212]], [[0.2918117476522186, -1.4620760339209267, 0.8413638076390706]], [[0.37600905802504125, -1.622570128047187, 0.4085148588259767], [0.23526422558638524, -1.4218993672260496, 0.6348930658173854]], [[0.4848347419329086, -1.5959211311290356, 0.4554463446205094], [0.348290217980179, -1.5333936172456384, 0.6427197400869589]], [[0.18998060782875775, -1.5751737600267766, 0.2758943326789024], [0.2997635152853879, -1.3349825755619515, 0.33465956353043386]], [[0.42245129721823693, -1.4901500378455494, 0.32947409713942577]], [[0.12790527051511988, -1.3993535762432165, 0.06998223728045763], [-0.12595163314867205, -1.185374572837151, -0.19740024546599488]], [[0.3946662091409446, -1.3265018512481115, 0.06161142380241745]], [[0.1385122605979845, -1.4912154411445049, 0.1533210469713033], [0.37300311888325244, -1.2964414640250976, 0.07911221759248314]], [[0.16409368769134478, -1.4536838009954356, 0.15779426971743987], [0.4114661620048041, -1.3957636102305815, 0.07859171297350304]], [[0.011332370469402348, -1.3304447055107014, -0.2530175843048428], [0.5662714332926098, -1.2722853083544812, -0.09075625974067475]], [[0.013973493506176396, -1.3354545344529625, -0.24413435708465842]], [[-0.1484488896675326, -1.1796045217182862, -0.8403650127539332]], [[-0.12585605421215165, -1.190425017657407, -0.7906603483971039]], [[0.4441175673583287, -1.594576657455452, 0.4420213183634689], [0.33697417532253054, -1.4806512969184793, 0.6695358419847667]], [], [[0.3374076748808332, -1.5855474455779062, 0.3656703386497059], [0.32402686663278346, -1.434188096403795, 0.4886896518086964]], [[0.08771302908037357, -1.3920642532530685, -0.047611657293701454], [0.48886879764870694, -1.3340244592925314, -0.006082273383585857]]]}