{"bodyId": "h0", "timestamp": 95542, "continuousState": [[[0.5839030549287714, -1.4508367311457753, 0.5500978122792312], [0.2801109428247707, -1.353276209753947, 0.820859024114042]], [[0.2905986165835816, -1.3711677573289303, 0.8251085507858211]], [[0.5219113560700227, -1.5609288712906262, 0.5850981673542537]], [[0.3059209702275989, -1.4581053136528341, 0.8240139706438115]], [[0.3760919419250974, -1.6353152823578954, 0.40700732886881497], [0.2164082118195024, -1.4190122997711794, 0.6055532332623775]], [[0.45076651718349814, -1.5604164314658742, 0.413589515982859], [0.35566434716749884, -1.5311547941030887, 0.6304014311321066]], [[0.18121498905916258, -1.5668245610351765, 0.2524048746851215], [0.322767976020825, -1.33820314148571, 0.3438206067212782]], [[0.4392311249907789, -1.494990626125631, 0.32497381183818175]], [[0.13258806315805163, -1.3746880654907818, 0.018491605374257914]], [[0.4002853783581293, -1.3197547187101806, 0.05081649918883181]], [[0.12752061334129736, -1.4677849325066872, 0.0906618767344371], [0.3745863645224483, -1.2840625239431713, 0.035241736592186726]], [[0.13197985593189832, -1.451734604932265, 0.09030735705344387], [0.4453094779770488, -1.388550478374568, 0.09232790005197171]], [[0.008881761670958553, -1.3119111787625748, -0.25709607019547137]], [[0.01267741342618558, -1.3315661811098016, -0.24767633621824917], [0.40996469456051293, -1.333436689029517, -0.387948724693005]], [[-0.1477238718043569, -1.1754154994546129, -0.8491489100204862]], [[-0.12662553891835893, -1.1909634875332884, -0.7901292013515108]], [[0.4242763817979014, -1.5999229385147529, 0.42185215112941105], [0.3317589742522582, -1.4784768517332723, 0.6520565395659771]], [], [[0.31599075312133035, -1.5636204962505253, 0.33299719533399025], [0.3392161615941619, -1.4346789677943994, 0.4871110189266924]], [[0.07043080880142844, -1.38182289184742, -0.08339435657101375]]]}