{"bodyId": "h0", "timestamp": 96547, "continuousState": [[[0.5671657402298835, -1.4757988131022395, 0.5548191749702429], [0.27451320738755614, -1.3552676341225052, 0.8210918673217081]], [[0.28818825388427033, -1.3735161627025931, 0.8260946029484998]], [[0.510492859027451, -1.5593875678981426, 0.5979727903849842]], [[0.3048531507620944, -1.4640702278467674, 0.8258283889851087]], [[0.3928265732705085, -1.628578609853684, 0.4209894671682625], [0.2366818833264349, -1.4200987522357302, 0.6170149311034818]], [[0.4557646575185759, -1.595664871223103, 0.44013243279504627], [0.3604673394168906, -1.538583028917725, 0.6309362247812241]], [[0.1870636252568707, -1.5748822023367663, 0.26515216277478865], [0.3298460620787853, -1.3410163964374757, 0.35384988886963264]], [[0.44013726140035353, -1.5048649344280038, 0.33495394726798144]], [[0.13223911232566674, -1.392622844323555, 0.04906512657327767]], [[0.41856790060208254, -1.3446178187143452, 0.08632002591925084]], [[0.13969344830354077, -1.5007711125998067, 0.14392601284333115], [0.38348919423223377, -1.2939951729992805, 0.09238335176288251]], [[0.1485340234876441, -1.5026841219309481, 0.18742380608496592], [0.3942482435556299, -1.4004071787663963, 0.05712059517268153]], [[0.011812674615732134, -1.3250605816125707, -0.24929385948498634], [0.5527286473308336, -1.2701325092003672, -0.10573635729969669]], [[0.014943952979998586, -1.3400628289353544, -0.25048453060581505]], [[-0.14864408862758513, -1.1800838137558978, -0.8434254963760668]], [[-0.12470011972697648, -1.1974785447122818, -0.7918661726257799]], [[0.32428033640312354, -1.4821486798462493, 0.6445203280965495]], [], [[0.3214141413877233, -1.5852735367799347, 0.35264229778491746], [0.34515670074783794, -1.4397997126776003, 0.4923930568254284]], [[0.08017334905168812, -1.4138723517717593, -0.030935026700010207], [0.47348844544323176, -1.3352698439833817, -0.024307881063507578]]]}