{"bodyId": "h0", "timestamp": 99294, "continuousState": [[[0.3237228951395433, -1.4865340684758828, 0.6291088571916172]], [], [[0.3235287390253516, -1.544016865026037, 0.6555858897296537]], [[0.13437433816821567, -1.369149409100566, 0.8409594251433369]], [[0.36237680249831916, -1.5971595764601147, 0.5172562482791409], [0.13167011355838099, -1.3606434957294269, 0.6376538597492033]], [[0.42108711719501624, -1.587800145054154, 0.4779458335158705], [0.22621793007140537, -1.468967266564341, 0.6436207156402154]], [[0.3214938794854336, -1.5518428748694852, 0.5186758810246942]], [[0.3033079823127089, -1.4508910794506364, 0.3527330907802784]], [], [[0.2542021266913487, -1.2715925857434873, 0.08753788025713015]], [[0.14256722808158565, -1.6158392240183925, 0.4363813247675248], [0.21898683412774902, -1.197699633622381, 0.04264373711862936]], [[0.16323330495878838, -1.5542104817557543, 0.4573991928730488], [0.2704414747295825, -1.3146011657693533, 0.0054554976474491925]], [[0.008219486720228077, -1.517325894821486, 0.22109297401780145]], [[0.03724555060286082, -1.4221955037550258, 0.22348942861638102]], [[-0.12256429728041576, -1.2555614118486196, -0.5439108979093972]], [[-0.12516855958585507, -1.2416357545749106, -0.5721547738120428]], [[0.3581948859779091, -1.5850272236235796, 0.5278869788242667], [0.17906470411754616, -1.415749222497773, 0.6411128867707468]], [], [[0.37129049834022493, -1.5698215099618196, 0.49831085727028235]], [[0.08572639583950822, -1.5357681882886203, 0.3392460834454251]]]}