{"bodyId": "h0", "timestamp": 99897, "continuousState": [[[0.4669203573556161, -1.2369597814609261, 0.6537248796365254]], [[0.22676716353587154, -1.0645786123999086, 0.8096948519813715]], [[0.4447421638259021, -1.3435956309686712, 0.6690485828521573]], [[0.24892898282808984, -1.1503230738409242, 0.8328767030933543]], [[0.33368507013692006, -1.4364132633133349, 0.4860437544281016], [0.1903664483340258, -1.287769412111407, 0.6408481297003396]], [[0.4136040966632194, -1.3428977793905776, 0.5286995787602525], [0.24034543859140195, -1.2424752447045766, 0.5725432962462751]], [[0.1426038254109916, -1.3894339814898276, 0.2644069151444396]], [[0.43116099007344066, -1.1498615208909941, 0.2948422769575918]], [[0.043816860095659535, -1.2242460110975772, 0.058204965783744685]], [[0.3517446959715673, -0.8863854731447223, -0.0018408456614106398], [0.3279451190493978, -0.9121634804006609, 0.109366183906164]], [[0.11036461574507643, -1.3447760111856104, 0.22022248290183552], [0.33551784381245103, -1.1078409619617808, -0.0037954025797916984]], [[0.15791512342659894, -1.2360063158659236, 0.2169648126594932], [0.3165320004799171, -1.1115307588707688, -0.09011026131921267]], [[-0.01249501731081341, -1.181092488041831, -0.168550738747949]], [[-0.0194788356821918, -1.2098978628049393, -0.22667591881110571]], [[-0.13413785159692726, -1.1733991164843187, -0.7871893179277804]], [[-0.1347273316716286, -1.1891697318827068, -0.7540491335089964]], [[0.3789644745011995, -1.3762623846685924, 0.4952500736465519], [0.21797962220914724, -1.2548334025779826, 0.615242383668254]], [], [[0.2781039610371055, -1.3661658804402026, 0.39655324695234606]], [[0.07271005305789277, -1.2085494019538774, 0.024207036955772088]]]}