{"bodyId": "h0", "timestamp": 102242, "continuousState": [[[0.1647781581933848, -1.2673805259059618, 0.7792083507373689]], [], [[0.20879667200219199, -1.3148159772945045, 0.7557967831294977], [-0.7670835835236387, -1.0903038757615982, 0.4264633136738355]], [[0.006381154954640578, -1.0050477849385169, 0.8047385161170466]], [[0.20973531647458593, -1.3818542990371048, 0.5351690761230394], [-0.040520626304522696, -1.2637018872864705, 0.6045009861453134]], [[0.20534054433089016, -1.2592458211069495, 0.6850520997153156], [0.04336096010395113, -0.949029681383483, 0.6453197478361006]], [[0.04227073628112902, -1.349109707738582, 0.2520454940881316], [-0.03395748868103033, -1.2842383500472188, 0.360443748669245]], [[0.21648974565638013, -0.9437007261309107, 0.2979383659876644], [0.22641096820200254, -0.866265103858484, 0.4708438882131784]], [[-0.0480747021051206, -1.1032338966363637, 0.24365547954975864]], [[0.06312079406490034, -0.873944913767237, 0.2552813988671073]], [[-0.027924995168374267, -1.2086981313080376, 0.07423632705644627], [0.12567897164477584, -1.143908422798785, 0.1406643785363942]], [[0.19435252178553014, -0.9507048393125631, 0.20450059798349185]], [], [], [], [], [[0.23438212791430096, -1.2874021285488744, 0.5781758433862534], [0.0894244484926819, -1.1114496852679772, 0.6699290156923016]], [], [[0.12380564030600959, -1.3041777644227657, 0.4685487969017236], [0.0047017357114603996, -1.116634015715351, 0.5028817482526728]], []]}