{"bodyId": "h0", "timestamp": 102577, "continuousState": [[[0.2175081563778091, -1.1587519148675032, 0.7577261146614619]], [], [[0.2624223415555104, -1.2356543939740168, 0.7503031927390352]], [[0.08580333382653316, -1.0059327424789748, 0.8238827698358242]], [[0.23412574470224348, -1.3523551231162088, 0.5536196091004636], [-0.031213062307829432, -1.2489523281341892, 0.6020645320959531]], [[0.29054903301427504, -1.2516095365383848, 0.6929623184445024], [0.023828628832063714, -0.9481753804197991, 0.6033070094462416]], [[0.053043454317426096, -1.346305580336324, 0.30231996484364754]], [[0.1665910991311733, -1.1523124307753683, 0.4722953782145573], [0.28326398467695413, -0.9138967151050637, 0.4570740615172197]], [[-0.006294090658722325, -1.0653397321204239, 0.2748874839306143]], [[0.1045561529409465, -0.9013260872936344, 0.24453358448804716]], [[-0.006429208956971706, -1.2056682994816834, 0.10972440200550614], [0.17086884817461623, -1.1338791618324422, 0.11574642708981037]], [[-0.015103568819648671, -1.0138841966451315, 0.08749751608844622], [0.1604766751351208, -0.946382024470942, 0.10447661741430352]], [], [], [], [], [[0.2718431389533761, -1.2854616347539558, 0.6116286737147648], [0.0831095611214364, -1.1058913070591259, 0.6529038335881123]], [], [[0.17179624366585056, -1.2989575584373543, 0.49764114164407497]], []]}