{"bodyId": "h0", "timestamp": 103984, "continuousState": [[[0.21689441511555288, -1.2123348472518878, 0.7508045684706994]], [[0.04002079216454922, -0.9695320694189508, 0.834284840632602]], [[0.2533858968274049, -1.2871801661607545, 0.7371903199132338]], [[0.036895615874629584, -1.0130707575444988, 0.8114808608889598]], [[0.2376316355369349, -1.37114273022997, 0.5251339046677558], [-0.007847876045296517, -1.2668837960446702, 0.6077999451047492]], [[0.26076982528687276, -1.2699963500950655, 0.6719081704470353], [0.12790510327610946, -0.9939251997042895, 0.6588653994670669]], [[0.06216361299607325, -1.3436886385990785, 0.27625376451614714]], [[0.2859750895309796, -0.9144714462281659, 0.4534709592483591]], [], [[0.12505337717548992, -0.90858142643364, 0.2900273879581716], [0.25939911085786754, -0.8780008747311621, 0.31112798531480873]], [[-0.0009024846710428278, -1.2257994983600318, 0.12512147354201805], [0.19617808194175881, -1.1466522535925268, 0.11345280840739724]], [[0.00982032543644243, -1.0885424762425373, 0.19672311458483638], [0.15701791490621894, -0.9410955572249304, 0.07715592957805142]], [[-0.13631205827046505, -0.9345525536649264, -0.3965666230834495], [0.20824792032018286, -0.9975639915328831, -0.2315918548223401]], [[0.050354743253594736, -0.7495962923692443, -0.4858535889358509]], [], [], [[0.2673048409006665, -1.2918706128663153, 0.5837767580298384], [0.06777723172894116, -1.1226553930080772, 0.6347756199541862]], [], [[0.161466719141473, -1.306842494347072, 0.47408096748159123]], [[-0.06324586641701131, -1.0115475149537319, -0.09992175424930655], [0.18263291761320088, -0.9693297743789068, -0.07721796262214434]]]}