{"bodyId": "h0", "timestamp": 105726, "continuousState": [[[0.5214927523468231, -0.9190616658370409, 0.7236778965945807]], [[0.34312913652318455, -0.7875535331628325, 0.7617527822765439]], [[0.5262276562538896, -1.0119393559893899, 0.7105414548486603]], [[0.37517193010732697, -0.8634383742799878, 0.8218187563906362]], [[0.40522629884793665, -1.1851466901189893, 0.5733312617463387], [0.16364010516987879, -1.0883347685542026, 0.6579179681585757]], [[0.47739604334217056, -1.090552729393702, 0.5910721176294206], [0.34793145147480253, -0.9020166927510139, 0.6143287729635604]], [[0.22834151561945107, -1.2547692580638112, 0.3354427427659582]], [[0.44673721523750576, -0.7331375342589778, 0.3357174598996928]], [[0.1567733323965145, -1.0349196080343481, 0.19316084292425761]], [[0.4448597639686923, -0.49278640165865684, 0.09526273147173242], [0.7017280624578355, -0.6743460440436909, 0.40370801790974703]], [[0.1602164032520101, -1.152542422829734, 0.11458265019893565], [0.3172106986749334, -1.0943731776983825, 0.04544898998912822]], [[0.15156304866839906, -1.077287858077357, 0.17755670036436413], [0.35728381063837444, -0.9651443289427379, 0.069169075843585]], [[-0.04268142203178536, -1.0168914650129313, -0.17860889047688852]], [[-0.04185582974668321, -1.0041948184924587, -0.166043800815042]], [[-0.19515093771378292, -0.8840634765944706, -0.6913919132996662]], [[-0.19443860632892715, -0.8744414286297326, -0.6874624816432556]], [[0.4495711210349528, -1.1246319647131708, 0.5769485910473617], [0.2755601318394829, -0.9984187309503632, 0.6535391688099085]], [], [[0.3528687794808108, -1.1726609937287567, 0.4632574301976894]], [[0.05444081331830685, -1.0470896615451442, -0.0005260950562621936]]]}