{"bodyId": "h0", "timestamp": 107535, "continuousState": [[[0.5800210665820598, -1.2840554006802882, 0.6004664475860707]], [[0.3039857434458613, -1.1610813017692596, 0.7976484646298329]], [[0.5238565480105823, -1.3938257209641631, 0.6337582532997926]], [[0.3264051320129129, -1.27365457002043, 0.8216646090605382]], [[0.4024319080751256, -1.4683851519208424, 0.4538079375527777], [0.2549423006106224, -1.337892857102478, 0.6166424683374234]], [[0.4264826935803819, -1.4192319589146358, 0.49784655575729325], [0.24036673568291303, -1.3310704904812634, 0.5448295768924892]], [[0.19385459394371998, -1.4281618860970005, 0.23754339547807377]], [[0.4756428449275177, -1.29007198049411, 0.3440160649662007]], [[0.10117433369582421, -1.2227054639191848, 0.04083777191729791]], [[0.4087835198694174, -1.1550060679482865, 0.15349594515418993]], [[0.10590370174742031, -1.2966298337459246, 0.05567490124190522], [0.39482773472519944, -1.2284429741602534, 0.11397906995359562]], [[0.3773466928688636, -1.2344800497859731, 0.04167302110580135]], [], [], [], [], [[0.4335311623527117, -1.4346938476095066, 0.46429344515723325], [0.1944057923549426, -1.3318651456120172, 0.5414061074121111]], [], [[0.31016864376205094, -1.423696922505818, 0.3676949756176835]], []]}