{"bodyId": "h0", "timestamp": 107669, "continuousState": [[[0.5794296995748232, -1.324936320143959, 0.5964060971086683]], [[0.3011740323309241, -1.1784050365710772, 0.7928525263782951]], [[0.5461668396708237, -1.4251588032685918, 0.6133907549363697]], [[0.3434541501251294, -1.293084384097017, 0.8188060496649521]], [[0.41227715694128964, -1.4919473465363253, 0.4272499027298908], [0.2124813711544291, -1.3472810232634473, 0.5495270691717646]], [[0.4279437090984499, -1.4341117642181103, 0.4852054427494181], [0.2943848744693796, -1.3516541927495864, 0.5483602008796247]], [[0.1961218727758751, -1.4546258481505598, 0.22323541991819001]], [[0.47100298419911246, -1.2922025815172233, 0.2822456544099864]], [[0.11250956628055797, -1.2439946621834195, 0.05620923648059466]], [[0.38829519414879926, -1.1719461617274252, 0.0762964515841943]], [[0.11027066522408638, -1.3049090815805808, 0.04761733055611512], [0.40164624699408635, -1.2037552351194931, 0.005109204528858072]], [[0.11600305192571653, -1.3171638537545132, 0.017997376137623405], [0.4153933264554053, -1.2176640057271997, 0.00596785144461046]], [], [], [], [], [[0.4190985731130828, -1.4706119623442948, 0.47257724676917634], [0.2915682989566785, -1.3545817585404343, 0.5809445772581681]], [], [[0.3120327909371625, -1.4443688061843352, 0.3542204313338041]], []]}