{"bodyId": "h0", "timestamp": 10921, "continuousState": [[[0.18630114805700212, -0.9666398813622915, 0.694958899744057]], [], [[0.22582361499614945, -1.0555175309214364, 0.7084463801517462], [-0.7459205050579328, -0.7403008174239942, 0.3909016145477292]], [[0.04341028742153912, -0.7868161129995803, 0.7599985625264024]], [[0.2752914757833809, -1.1693595393003984, 0.5770157578690507], [-0.007487326474381689, -1.0927104824448093, 0.5668824945365449]], [[0.24248880358429967, -1.0760676254554271, 0.6085299575991778], [0.1696120406783823, -0.8141053531886657, 0.592166571739861]], [[0.16610967955734354, -1.299864805867272, 0.3287175861898511], [0.0413263397340038, -1.2103402554060678, 0.31623977337106723]], [[0.19435877152426753, -1.008098665122458, 0.3812583623944229], [0.3089196416332684, -0.8013484545279905, 0.32524439312273123]], [[0.058868240103368746, -1.0828011203578114, 0.19308841031395219]], [[0.13438371747519637, -0.7705506997579434, 0.18966049293504555]], [[0.17787821640144477, -1.300435698103796, 0.27441181157687083], [0.21849989035837666, -1.15432400972638, 0.06513618036811886]], [[0.16308811792267078, -1.153514119500328, 0.31897016453063887], [0.2615219853370713, -0.9251984404502722, 0.046072818500483434]], [[-0.019015661388152978, -1.1090348484276487, -0.21730870795663124]], [[0.03587672920833183, -0.8510374739711178, -0.05214509110518884]], [[-0.2554775450047673, -0.9778999636479335, -0.7889542909643451]], [], [[0.27678817331218925, -1.0990554563689303, 0.572702383920195], [0.04742405853991499, -0.9390960020860011, 0.5616495462543503]], [], [[0.2042992415708216, -1.1879662156613495, 0.46862377189451443], [0.10546919020619304, -1.0122228042973669, 0.4542031725554641]], [[0.0720362282672589, -1.1312744839639883, 0.050830728287003815]]]}