{"bodyId": "h0", "timestamp": 109545, "continuousState": [[[0.4709839723828217, -1.373245127575394, 0.6031737222602296]], [[0.19846778988938263, -1.207478746133642, 0.8140451819238177]], [[0.43807347416009185, -1.4708833632050755, 0.6642706247358899]], [[0.2236233472558306, -1.3129809018513983, 0.8277567283288716]], [[0.30652475946030866, -1.5505750740021582, 0.4461350450521263], [0.22549321004914805, -1.4348877468503125, 0.6448470576578016]], [[0.4552986424353626, -1.5315073289384775, 0.5297848166947975], [0.30103922670055183, -1.392245197605857, 0.6449062724864775]], [[0.12348489057565923, -1.5011915874763668, 0.25445200702114196]], [[0.3789316669713198, -1.3373770654616006, 0.33084281162977597]], [[0.01826126417824713, -1.299197444803236, 0.011309289023944302]], [[0.3317105684256778, -1.1767414068009516, 0.10379197821270578]], [[0.2757839428543793, -1.5795960532846334, 0.4375255100002191], [0.35860652104600693, -1.2383963538594294, 0.09454146802349532]], [[0.28339747031068563, -1.5277345649037293, 0.44342874444810126], [0.34949149449496236, -1.262341288899481, 0.06368663595540193]], [], [], [], [], [[0.4168928593334415, -1.5210588477220548, 0.5063566726105297], [0.2627093826226062, -1.4028453033808392, 0.6510347516569566]], [], [[0.2893917665055109, -1.5163494582074222, 0.3921184118579697]], []]}