{"bodyId": "h0", "timestamp": 113699, "continuousState": [[[0.47306818967396946, -1.3762446583041321, 0.6130218538678827]], [[0.135210497246459, -1.196598955148539, 0.7908949392695963]], [[0.43647619566312895, -1.4722585628313685, 0.6677492287201174]], [[0.23100015427654172, -1.3053401721598674, 0.8378646573384042]], [[0.30190408602479074, -1.555893855595227, 0.44798332468031915], [0.20997789525565122, -1.4139439461338628, 0.6361873240805953]], [[0.4487508921267691, -1.5182279076856338, 0.5411030810123368], [0.2794237176272909, -1.3869526764109403, 0.6343756965775256]], [[0.12154500075468541, -1.5124766997656722, 0.26591466558576965]], [[0.3732134749946513, -1.3308923570102842, 0.32965361725759473]], [[0.016695557415755898, -1.3174638252508506, 0.038326542586630465]], [[0.2957324288817963, -1.164348362294073, 0.08361539308434772]], [[0.07105226315510879, -1.443605890364004, 0.17122092170184033], [0.34952794386121583, -1.2234986623390105, 0.08623493567818127]], [[0.3545828373930708, -1.2615490664364055, 0.06878887488426426]], [[-0.03430783846263361, -1.2561819186884364, -0.12358103220023053]], [], [[-0.1670935357455329, -1.1702367377205884, -0.728942996570026]], [], [[0.36377081233565056, -1.5176024832534354, 0.4686287655653515], [0.27107518020271754, -1.3949618427303803, 0.6582776665829281]], [], [[0.2851479464407273, -1.515352303725653, 0.4035088732990533]], [[0.16013749946521857, -1.258865492562421, -0.027396078657983138]]]}