{"bodyId": "h0", "timestamp": 114168, "continuousState": [[[0.4699466484730531, -1.3679467078239491, 0.6059656171151446]], [[-0.041117062815394546, -1.1661429668161767, 0.6938604852460594]], [[0.43537274498667766, -1.468283116820774, 0.6709765801347081]], [[0.23260335366508048, -1.3059210999319275, 0.8373271532487995]], [[0.2977059751286842, -1.5535421799762015, 0.44838308614617245], [0.20923714953886588, -1.4351986618535157, 0.6328611501159788]], [[0.44774514670529975, -1.5248575705059728, 0.5442012304853282], [0.29434797888761044, -1.3851588719001362, 0.6401647599891016]], [[0.1220235729021822, -1.5036086391225967, 0.2560218717780101]], [[0.3887701403025158, -1.3231077313118775, 0.33583527425514764]], [[0.011736350838711473, -1.3071305196042806, 0.026229332064343906]], [[0.2619926094532475, -1.1353031034111292, 0.036003029996591975]], [[0.07021383067904821, -1.4337708564207723, 0.16646782807618546], [0.3490138910143676, -1.2436145433077992, 0.08120472461168424]], [[0.35412123977838633, -1.2614650420615539, 0.06447444631741542]], [[-0.05342429065671672, -1.2755642076364453, -0.21041533680177393]], [], [[-0.1957336738873032, -1.1369461793854039, -0.7981303522352814]], [], [[0.36162408661193446, -1.520415282779078, 0.46954925813515297], [0.23581935488574732, -1.3987926472041916, 0.6322640328854771]], [], [[0.284884359803741, -1.5142331048142847, 0.4001115511316692]], [[0.1503484745608348, -1.2685146248489996, -0.07297044524217926]]]}