{"bodyId": "h0", "timestamp": 116379, "continuousState": [[[0.4809723119763449, -1.3787277495561894, 0.6199613461438728]], [[0.19072073568896075, -1.2046325272540703, 0.8048830551439582]], [[0.4378959923582628, -1.4720095708847385, 0.6753313137415234]], [[0.2369184227471683, -1.3043649505087946, 0.830448097390113]], [[0.30247337632218074, -1.5540060066423629, 0.45480245418905874], [0.18654493258023716, -1.4384902786861544, 0.621987416004009]], [[0.4555013032050265, -1.5195614697631294, 0.5375480252502636], [0.2819045258406902, -1.383107695538531, 0.6336003199425723]], [[0.12342654467913905, -1.5065518496339858, 0.26155102453012047]], [[0.38606299630260377, -1.3406118270193903, 0.3456438616839871]], [[0.014012019836345757, -1.3109148552426084, 0.029083497963120635]], [[0.33018600653271324, -1.183883217234506, 0.11088210247496591]], [[0.0700879255421288, -1.4319478072601082, 0.16624148393479618], [0.39121523051729673, -1.2718794447972153, 0.1656992609734373]], [[0.2814854219291814, -1.518273506544036, 0.45102043171145373], [0.35813376503435645, -1.2647934813820627, 0.07834335782287757]], [], [], [], [], [[0.3984555921624287, -1.5154432947472725, 0.5045786700132601], [0.2378801142736188, -1.3991914956661964, 0.6377414283676267]], [], [[0.28946392394208276, -1.5130566596985577, 0.399549524890192]], []]}