{"bodyId": "h0", "timestamp": 120600, "continuousState": [[[0.4868259843695044, -1.1427776815534072, 0.7202281452457843]], [[0.2966750204155294, -0.9917331736414026, 0.8427875843518624]], [[0.47188225571721665, -1.2315546708190406, 0.7300358603863689]], [[0.32106661120707713, -1.0793161383958052, 0.8561642465658815]], [[0.4101420914624452, -1.3194514650378142, 0.546987961225632], [0.20900163624650644, -1.1970431514877433, 0.6335003899557616]], [[0.46957461496172476, -1.2098162012225093, 0.6145322538198833], [0.3100668742781431, -1.115878595040881, 0.6298307231191275]], [[0.1822959866510497, -1.3112730743071874, 0.340012152763042]], [[0.46509471579377965, -1.0724045815243382, 0.37842169782632007]], [[0.06468388831074594, -1.1054482593524821, 0.0789579777435472]], [[0.372804288561096, -0.8624547236740797, 0.027193754992958247]], [[0.38777945033180006, -1.1133638829242658, 0.03786086821353615]], [[0.20266389019022482, -1.1365624671963555, 0.2893076496276706], [0.4124070810937426, -1.0240833260931825, 0.025797181735394362]], [], [[0.027149993168884293, -0.997142711770173, -0.009415778328314901]], [], [], [[0.46829050160883784, -1.2435644041099432, 0.5737028859003697], [0.23715186402099517, -1.1544702151345754, 0.6140690430139668]], [], [[0.3259353008063872, -1.2605446377648484, 0.47727220329146264]], []]}