{"bodyId": "h0", "timestamp": 123213, "continuousState": [[[0.14694669601950539, -1.27559956734317, 0.7794890464201767]], [], [[0.1976891606157937, -1.305347101079938, 0.7382729800551848], [-0.79782854272602, -1.1230298872453077, 0.37897973687911096]], [[-0.020694632773501326, -1.010859142754913, 0.7727289782640783]], [[0.21250751941446827, -1.3836310928017432, 0.523749665146303], [-0.06948625852461895, -1.2550778212781915, 0.5843954023848171]], [[0.1652908685180363, -1.2396787047972657, 0.6797150637446921], [0.04673373063616873, -0.9517930247385935, 0.6502751359516658]], [[0.05115224828485509, -1.3815849067048294, 0.265441586929215], [-0.06621027498036278, -1.2890277227988578, 0.3435078520173836]], [[0.1383143707533615, -0.9056588005645893, 0.3444564850974111], [0.11999130291904385, -0.8119359964524547, 0.4512192196643164]], [[-0.056657670782427914, -1.148885515380874, 0.2306031143903474]], [[-0.050181021788358295, -0.8100712180386251, 0.3059580948434609]], [[-0.018694171800217534, -1.2335456704592471, 0.07687099732398973], [0.11223675945303853, -1.1496897756586537, 0.1650002211291412]], [[-0.008321751035825628, -1.049917978043378, 0.14229802553858006], [0.08728242570464022, -0.9124732139504584, 0.1562045604373675]], [], [], [], [], [[0.21165527390246228, -1.2797046404162364, 0.5739311819917873], [-0.06611668402702481, -1.0813475046339618, 0.5805607689361495]], [], [[0.10822155840144569, -1.3106318057510475, 0.47257832533695354], [-0.009738272172097023, -1.1204103737687257, 0.4968914939845247]], []]}