{"bodyId": "h0", "timestamp": 123615, "continuousState": [[[0.1554470996448813, -1.2750622867175943, 0.7900267869495599]], [], [[0.21226731034121268, -1.313538985150685, 0.7480560380607213], [-0.7553661768480758, -1.0965272517702613, 0.41834639795018574]], [[0.011157648696106207, -1.020114529386279, 0.7955610775968703]], [[0.200063878690329, -1.4051784551320872, 0.5437014349332837], [-0.12313876590089626, -1.266908958047177, 0.5623767263024763]], [[0.19088613722880535, -1.2727440082711938, 0.707673453960271], [0.011679851696136211, -0.9567174419556479, 0.6303483835451953]], [[0.03653427377884759, -1.3717518748047053, 0.2751723186089655]], [[0.18915540024964692, -0.9246546110938872, 0.30093597009455086], [0.11987778648385665, -0.8268773017372519, 0.3876141557296066]], [[-0.056145738652364004, -1.1210181751154986, 0.259299422018953]], [[0.003426684645580792, -0.9359861076906559, 0.31048096339586345]], [[-0.050215401251079414, -1.192539847170626, 0.024161579385271127], [0.10984507713612561, -1.1669017731403013, 0.15640306907418358]], [[-0.08510085209323376, -1.109833305417962, 0.2206764859515922], [0.13585213020473544, -0.9445761701629, 0.15457441262575275]], [[-0.36226036177067217, -0.7612579257413244, -0.6710610348311921]], [], [], [], [[0.21606848413912802, -1.3122130921995647, 0.6071716749396642], [-0.009020200954036, -1.1053965825056355, 0.6188348682929506]], [], [[0.11371020550382646, -1.3222479415379496, 0.4914228862846183]], [[-0.22368060693195296, -0.9355456155796433, -0.22519227443979994]]]}