{"bodyId": "h0", "timestamp": 125089, "continuousState": [[[0.21295365961882395, -1.2101577954702385, 0.7697276398609162]], [[0.050505992613465875, -0.9651384032890797, 0.8298903932329835]], [[0.2617682302433047, -1.276256811163333, 0.7371416612801955]], [[0.08192000847114604, -1.0243251673219176, 0.8235335496014148]], [[0.24212600151213262, -1.374684912523343, 0.5439501575326063], [-0.06799511120174043, -1.260967645243922, 0.5780081272452635]], [[0.2660438165657589, -1.2696125855429055, 0.7121741537291884], [0.10536470659699353, -0.9935877411049391, 0.6386767528702276]], [[0.05452223432346824, -1.3473044147165933, 0.2866897175646186]], [[0.23095905869835945, -1.0326098678869633, 0.3405035207211574], [0.22390440689376578, -0.9035733015002653, 0.3877554058618091]], [[-0.04127230450621559, -1.0966480731382307, 0.2795311893216808]], [[0.0771651436812528, -0.9016938432037437, 0.2905314450564629], [0.23564593905003675, -0.8464247521916585, 0.3759485139501437]], [[-0.029234625197370065, -1.2295291426306476, 0.11956685185966671], [0.16151188380247164, -1.1590585032303136, 0.07346236189640536]], [[-0.009100633162797635, -1.139790633904663, 0.2652260916319913], [0.09109337199685161, -0.939453085554951, -0.01829971950602203]], [[-0.325938294709329, -0.7749812469411731, -0.6747012701740682]], [[0.2370187801336963, -0.8460547598833468, -0.2577993516656206]], [], [], [[0.2676772327814187, -1.3010186390872338, 0.6019048208480711], [0.07500511202916323, -1.1249931982322063, 0.6364994092973475]], [], [[0.16028302544461356, -1.3084585001297495, 0.49943193564690347]], [[-0.16751946393606332, -0.9573859404229181, -0.20473758927103847]]]}