{"bodyId": "h0", "timestamp": 129980, "continuousState": [[[0.43492412159287036, -1.5034922892663836, 0.5980039830739748]], [[0.18281542152984845, -1.3388454975214148, 0.8454917282871819]], [[0.39899104232343546, -1.5681523904836723, 0.6705396091985284]], [[0.18213492486862357, -1.4300524020111347, 0.8345720204821571]], [[0.4106407064388508, -1.6231775663962984, 0.4968018869912312], [0.20735779474540095, -1.4111058674984933, 0.6549043684552304]], [[0.4548448230569935, -1.6385596035942043, 0.4821296757008449], [0.16637675932856133, -1.5182718027940454, 0.5842593501693338]], [[0.08864586876399312, -1.5821532273254877, 0.18778127950601903], [0.2924365424844896, -1.338795565396225, 0.3745092850155945]], [[0.34862309256146956, -1.4837138340462344, 0.35514454008129653]], [[-0.00014448164845964583, -1.3995775398148154, -0.034526179739893]], [[0.3749853419490323, -1.34406651121551, 0.08831664582215308]], [[0.2367385309772432, -1.6474032633203357, 0.3609982896786366], [0.356366365767198, -1.3134752650825077, 0.1364843580858326]], [[0.2308861770584344, -1.5869446747572251, 0.4042364762992445], [0.3926730786245871, -1.3997170190393668, 0.15778803166571675]], [[0.09650021055565952, -1.5634141628478784, 0.15677778524493852], [0.4893482257871847, -1.304176351360497, -0.11971353607388574]], [[0.12379887904505636, -1.4341159884069279, 0.129868298214765]], [[-0.026056861153066192, -1.3990878363786259, -0.05182733110954632]], [[-0.022782827993357273, -1.3950041303629996, -0.0446806665749516]], [[0.4042976332809471, -1.6143762142076539, 0.5159358177910356], [0.20200975345942948, -1.46553843009789, 0.6294831670851389]], [], [[0.2717453459104933, -1.610356415459846, 0.334955477603432], [0.22940665090652546, -1.428533684095135, 0.47938431759246414]], [[0.16369319380704694, -1.5751794188025516, 0.2805071307720915], [0.44101065220588587, -1.3519466851999318, 0.019037247795915507]]]}