{"bodyId": "h0", "timestamp": 131186, "continuousState": [[[0.5589075001739195, -1.4873186999938608, 0.5638009067341383]], [], [[0.508915456735735, -1.5956877240940825, 0.58967235386242]], [], [[0.37329507473476753, -1.6606100735881613, 0.38788042798036576]], [[0.4618063057876847, -1.5690848872702086, 0.38801150050922595]], [[0.16596447592212632, -1.581745306521939, 0.15613520147882515]], [], [[0.05607702202491265, -1.4068551256743649, -0.07139850818599575]], [], [[0.11298622290196254, -1.4786849345305653, 0.030390915441031667]], [], [[0.002934091403036177, -1.3397452635621847, -0.2559008121076097]], [], [[-0.09466909498028281, -1.235323765621265, -0.7855312656191906]], [], [[0.4326496466621329, -1.6096354039325187, 0.39274457653135825]], [], [[0.3138853908549055, -1.5754150968960738, 0.2720733509940255]], []]}