{"bodyId": "h0", "timestamp": 132258, "continuousState": [[[0.5186124275893575, -1.503282661302063, 0.5778344963240746]], [[0.2673434559635418, -1.3728930958116248, 0.8152742773199201]], [[0.49563392194717487, -1.5851465133523537, 0.5900649999340046]], [[0.28095121355615676, -1.455241633924102, 0.8189508182230183]], [[0.3548853379182536, -1.6535739216591, 0.38570715182874143], [0.22224473041268128, -1.4353892841487266, 0.6210157452979609]], [[0.4581222703671925, -1.5689705940017802, 0.39651944226084673], [0.28011333167445834, -1.5529891685472657, 0.5951368521869694]], [[0.16493311048889125, -1.5822451490526204, 0.1723851983788311]], [[0.4273852272306299, -1.4863988447505934, 0.3337328205304423]], [[0.05093109688963682, -1.410102285962982, -0.04475959817866033]], [[0.4095649506125064, -1.3196810657118585, 0.04381977711417198]], [[0.1153618680007337, -1.4745296726995378, 0.05290969508545913], [0.37528270753349946, -1.2903677468809027, 0.08561118888198985]], [[0.3836633770290284, -1.3974504560958538, 0.04998939553499872]], [[-0.0007678530473139062, -1.3547885245519946, -0.18712090815861393]], [], [[-0.13432318517447936, -1.1971979318867663, -0.8725132462432194]], [], [[0.44027726238038245, -1.5952859670567887, 0.39577316003963986], [0.29869185860674385, -1.4972769909845607, 0.6415560072139581]], [], [[0.31152769042804185, -1.5756078715272004, 0.2844523203198389]], [[0.19144776199085725, -1.3761194903239242, -0.06856575631180761]]]}