{"bodyId": "h0", "timestamp": 13132, "continuousState": [[[0.15751279643142202, -1.2371972122489105, 0.7401905748306273]], [], [[0.20390932477417675, -1.2963927615059965, 0.7198691447375586], [-0.7507001671438318, -1.0760164962497378, 0.4082650565487493]], [[-0.016634321903499994, -1.003423374596351, 0.7624362040457371]], [[0.23720242140821035, -1.3849351219705057, 0.5213397023110967], [-0.3784493970558467, -1.2591581101865226, 0.41297500804086645]], [[0.16600515519554263, -1.2613697348356294, 0.7137805677269713], [0.10251935439841554, -0.9904515725190752, 0.6659520836936356]], [[0.07520019372213398, -1.3831551717514095, 0.22947600081958514]], [[0.1453348011775676, -0.8984248341074849, 0.3531434913175874], [0.10845217245692902, -0.8337064376233926, 0.42227867074794495]], [[-0.04961965372991705, -1.1784736451983078, 0.24478183380398627]], [[-0.07614919501624622, -0.7877948216051702, 0.2854036424864528], [0.03520952069113196, -0.7683944752524317, 0.3375626604362169]], [[0.04418865139128883, -1.3611413714992404, 0.221684573725737], [0.18391382805836837, -1.2607421883537302, 0.18834531735437143]], [[0.1402844527811733, -1.0162185884281285, 0.15086686614158565]], [[-0.0934508896597535, -1.158701870170317, -0.26702309227357934], [0.1601793778095871, -1.1820378964446236, -0.10182884483803037]], [[0.22542993351975543, -0.9826909363410002, -0.05205316636948737]], [[-0.3052942572015113, -0.9573925879506421, -0.7808470995655235], [0.24593987335844394, -1.148179167192202, -0.2726392418398002]], [[0.20688855760497724, -0.9027681048054945, -0.3995549130363599]], [[0.2267127231180548, -1.2829106067668112, 0.5832211433621162], [0.02925244588031592, -1.1302693073391015, 0.6302641086847607]], [], [[0.1206026744588383, -1.3222624532935194, 0.4716282842732782]], [[0.0234167815607099, -1.0874602292992228, -0.05807811306599685]]]}