{"bodyId": "h0", "timestamp": 133665, "continuousState": [[[0.44552506463516584, -1.4946975374983182, 0.6123999279822208]], [[0.20975390372614972, -1.331628000855314, 0.8155761838337886]], [[0.42729721745575905, -1.5641572067155625, 0.631353730186593]], [[0.23354716930901326, -1.4221090854114544, 0.8225722217729238]], [[0.32002249976886704, -1.619037648003236, 0.4008713007351034], [0.24593010049209169, -1.4118353882569687, 0.6626001582971569]], [[0.4324563557148345, -1.5902627790239625, 0.5014257670433417], [0.2985218517641779, -1.4994566593545382, 0.6495444050431886]], [[0.11005349428598402, -1.5733805199026427, 0.22557375610289637], [0.27957194355158593, -1.3255085698920241, 0.36418176866827096]], [[0.3603399349153128, -1.4755557383166908, 0.34171511941058613]], [[-0.004761006344762336, -1.3936137930290857, -0.02545397670315242]], [[0.361874427272335, -1.3265510962523825, 0.07094872000804457]], [[0.09902619769888457, -1.5352269325815473, 0.16043358777786465], [0.32700283746542574, -1.305217360587472, 0.11353347711356673]], [[0.3586973987492238, -1.4038783730619508, 0.1284194468684159]], [[-0.032725564820995146, -1.3318668628305603, -0.15262344979528916], [0.43539154802450775, -1.3023853279031525, -0.1697909122326696]], [[0.3370691598212893, -1.3595813193045883, -0.3092941363318075]], [[-0.11574236352732215, -1.220861610931968, -0.8003360338318216]], [], [[0.41580049893908094, -1.599584419503432, 0.4752709703461201], [0.2543422158121482, -1.4606744776351557, 0.6468721107436755]], [], [[0.27125492500040926, -1.5818216494633026, 0.36349976157311903], [0.28904689765788194, -1.4124826146232812, 0.5068630868557298]], [[0.16298591696411432, -1.3678726179462557, -0.012102001463436637]]]}