{"bodyId": "h0", "timestamp": 137618, "continuousState": [[[1.9551170905204198, 0.23589481255085298, 0.05582446156716628]], [[0.2771240310471776, -1.0099163885868085, 0.7953244875470127]], [[2.90075037791378, 1.0071444493428077, -0.6074718671701159]], [[0.28443356609169496, -1.0972393016241409, 0.802817813731762]], [[0.5056363759955707, -1.209241103940419, 0.7915525887127646], [0.21436288986447471, -1.2323094546307176, 0.6063705150668357]], [[0.3245028412662114, -1.1263917544388822, 0.5927276217712578]], [[0.4794632540088284, -1.2341558958179362, 0.5954243715427888]], [[0.45846030839641594, -1.0177604651584782, 0.32408007800091104]], [], [[0.2987798120414336, -0.7958913670663393, 0.027462321270722213]], [[0.29576186570214325, -1.1339599085213257, -0.09745900218707175]], [[0.36033648051713135, -1.0331692977325624, -0.0354629156251176]], [], [], [], [], [[0.5161345846753863, -1.1687807350390402, 0.7957866922817401], [0.2649912357600922, -1.1823743744006605, 0.598907788742643]], [], [[0.4019830476375199, -1.1802738251284093, 0.5940759966570233]], []]}