{"bodyId": "h0", "timestamp": 13802, "continuousState": [[[0.158439091755528, -1.1976353843874785, 0.7356774370854403]], [[0.01668829272909352, -0.972460358774404, 0.7816235422371447]], [[0.20128537945796193, -1.2708350197699663, 0.7347114344144853], [-0.7674459295910822, -1.0554026372422078, 0.39127144025924826]], [[0.017176757965859907, -1.018940686754505, 0.7716377391597345]], [[0.24133912513134845, -1.3518004040640859, 0.5700270675915136], [-0.06928451599486994, -1.2796334083385263, 0.56934210515575]], [[0.23503103387860488, -1.274596875767038, 0.623719714624227], [0.10253927058738918, -1.0089096515821183, 0.6392265939138881]], [[0.04174844135941316, -1.3513707478487558, 0.25161692877320163]], [[0.20079255197027135, -1.0257426162501129, 0.27993065938231326], [0.2539175875617691, -0.9806031200653386, 0.4288594750433326]], [[-0.03272758659616849, -1.0644721824539778, 0.30110205006856633]], [[0.05875791985918556, -0.9542355557649843, 0.3175692373584284], [0.22127646201994594, -0.9631045865607798, 0.31840784162637104]], [[0.04754185674532363, -1.332950083294882, 0.14791416376121447], [0.1406176291058705, -1.2547852273734714, 0.0827093257980673]], [[0.05495498480469962, -1.282341390804964, 0.34040428898525626], [0.14499495965217465, -1.043604303384124, 0.08511797588842683]], [[-0.12769595267882144, -1.1353145772534432, -0.2784448238964403], [0.03454111505873243, -1.1318451976448456, -0.368445971612573]], [[0.21340958189499815, -0.947502169831536, -0.219944468439091]], [[0.4950348479325244, -1.1840802538271833, -0.0421074881684458]], [], [[0.23291055031000002, -1.3122307885717372, 0.5957654009930405], [0.04812167179831204, -1.143562347468661, 0.6164493794797136]], [], [[0.13838973761900902, -1.312983811807897, 0.43766832169871434]], [[-0.03637048393706091, -1.2088279840292036, 0.030979732544407973], [0.08976803735545355, -1.087724750514485, -0.14166399786207307]]]}