{"bodyId": "h0", "timestamp": 143849, "continuousState": [[[0.5299081255029974, -1.542266711974899, 0.531680022798642], [0.28341527305278985, -1.3974422417250683, 0.8274174437243677]], [[0.24426707836942366, -1.4147778319448097, 0.8053336183814414]], [[0.4688973796740989, -1.6290449319697617, 0.5874514199319445]], [[0.2685783620581335, -1.4982804631301927, 0.8179933350158489]], [[0.3818644634280675, -1.7173768325094456, 0.3987525819289299], [0.18965860043119664, -1.4850655665181143, 0.6463648124791654]], [[0.4579093377107227, -1.6158168625608582, 0.4245118512404672], [0.29251207286252295, -1.6008980490734621, 0.6187939619562159]], [[0.12972671992999982, -1.6520595239671387, 0.14036668050951176]], [[0.3361188010928416, -1.5583567656765813, 0.3235690611298123], [0.42501386339546754, -1.5429565641094727, 0.3779314912676109]], [[0.001188479423995716, -1.5074537190852566, -0.04998525375411441]], [[0.42632704098014257, -1.445133803433116, 0.07087850406101075]], [[0.10056526788277069, -1.579835039381182, 0.06014595907307603], [0.35800088797719104, -1.4116918364493232, 0.25743707285659845]], [[0.15547324759286602, -1.4649929057338995, 0.0016447829517967421], [0.4309067050867768, -1.5065077677280914, 0.26112816536024797]], [[-0.023957944677580372, -1.471724704451022, -0.11691342747971521], [0.38393194009017495, -1.3281104636862968, -0.16131004385112807]], [[-0.017236881363912913, -1.4281467547865254, -0.14455744309193552], [0.36734351193089376, -1.4246763606779682, -0.21194703494580222]], [[-0.16614884992295312, -1.2997675580869041, -0.8892117785342011]], [[0.29750966453531735, -1.4137902090930694, -0.8242169368323191]], [[0.4321653478985175, -1.6738404116501207, 0.4187126748098841], [0.264508161697187, -1.545140691168746, 0.6545496514840313]], [], [[0.29381802882036123, -1.6339381932639985, 0.28243926587498946]], [[0.06575765145764283, -1.4683588050924608, -0.05763432226395924], [0.4074193225884759, -1.417309115707194, 0.04990906075455995]]]}