{"bodyId": "h0", "timestamp": 146127, "continuousState": [[[0.56804263873841, -1.3473538857589828, 0.5490682481587632]], [[0.3152981505121361, -1.2095363467806823, 0.7979674380091213]], [[0.5476807684861655, -1.439322955871106, 0.5959564623185151]], [[0.3499861814679118, -1.3069179160124706, 0.8223940132104185]], [[0.41580806729357717, -1.5394643431798236, 0.4213241386050182], [0.33648400560315284, -1.4110508901257635, 0.6316438385942451]], [[0.5063719279520664, -1.4517407766201476, 0.40964442773316456], [0.3596732661168824, -1.4031561616412687, 0.5984788760447218]], [[0.20828548912343217, -1.495545930079432, 0.21595693846328162]], [[0.2818650339473566, -1.3848691576135939, 0.26329283286983196], [0.48673988304528937, -1.356718369773654, 0.3458748886670985]], [[0.08005689670171921, -1.3445794882580473, 0.02985514361414539]], [[0.4159801261742243, -1.1789528570454864, 0.07046607476629856]], [[0.11695981201125068, -1.3641016458093085, 0.05452984890852485], [0.4394935867033705, -1.2335250871512478, 0.035800098130332345]], [[0.14192780373886713, -1.3033842762320051, 0.0299139107931594], [0.4433526192652096, -1.25130124021261, -0.0022933260948091176]], [[-0.03575329084833351, -1.2227934022444564, -0.22320692723959132]], [[-0.03512333732338911, -1.238678253603047, -0.20792156639176665]], [[-0.1892220043397566, -1.2660889827774477, -0.7727111087955555]], [[-0.18083215358969562, -1.258955471895701, -0.7580152509505705]], [[0.46461299426200303, -1.4947105009065584, 0.4200717316455846], [0.3461088951311226, -1.4028342941119087, 0.6159920384144937]], [], [[0.3573287085377493, -1.47364335334979, 0.31280068309822306]], [[0.05308725644526681, -1.2630888392382307, -0.09664650822321597]]]}