{"bodyId": "h0", "timestamp": 147936, "continuousState": [[[0.5485943668155937, -1.5634888981636335, 0.5539831298467602]], [[0.24273622547691093, -1.428619112660886, 0.8094413851478695]], [[0.4903173042608012, -1.6637747462260477, 0.5789202952455048]], [[0.2843558833730101, -1.5311769823958155, 0.8189843327933706]], [[0.3659084267217592, -1.712327201969599, 0.3769188785282379], [0.20628795875620382, -1.472173970051191, 0.6554781748944739]], [[0.4552147048706112, -1.6209044633311116, 0.43158244356881037], [0.2723812897611745, -1.5982629560778003, 0.6058185304259767]], [[0.15812240032799132, -1.636351035796271, 0.1641888681287935], [0.1894464832137978, -1.378945702098516, 0.29697651261547936]], [[0.3350083302931288, -1.5541030676579848, 0.31508636274381113], [0.40009116050517357, -1.528973357668282, 0.3553459476747307]], [[0.03786581238324959, -1.4561795243956808, -0.03426543681857015]], [[0.4172671395763382, -1.4264837974361964, 0.040319498858175845]], [[0.11329929763065871, -1.613997422423307, 0.12882699842776402], [0.24719004714675247, -1.3974063450372425, 0.20092350940065307]], [[0.16399996771899328, -1.5320304200673973, 0.132681999673619], [0.41304524659281333, -1.4984882741438026, 0.26273465904010684]], [[-0.016672951744234468, -1.4218640157294171, -0.2709352354946886], [0.3312838376508082, -1.2910217063798022, -0.09597027725448606]], [[-0.021024617535877952, -1.4062082278484793, -0.23702010198216839], [0.40277126235481797, -1.4277215134364127, -0.13336256625907458]], [[-0.20591799611093273, -1.2917313789762983, -0.8489490451418069]], [[-0.19180939220828974, -1.2952987555836804, -0.8232727965964418], [0.26311891098375256, -1.3974900313478205, -0.7914725839975866]], [[0.42468412018789975, -1.6694463552233314, 0.40663841999784495], [0.2595429190300758, -1.5396177343335522, 0.6489148790609649]], [], [[0.30666855259930126, -1.6286277495636914, 0.29788565584880194], [0.23091388648748615, -1.488604329088158, 0.451397521520728]], [[0.0736635079873794, -1.4769472178984073, -0.06912661791053482], [0.37216454212181077, -1.3947549902618024, 0.08338219089281039]]]}