{"bodyId": "h0", "timestamp": 148137, "continuousState": [[[0.5569708905026489, -1.5584781293954446, 0.5461853239040834]], [[0.2549999990587821, -1.4334157732065242, 0.7943420650560219]], [[0.5120531453258852, -1.6598457796463768, 0.5570225856544924]], [[0.288674810469467, -1.5228922351860532, 0.8101715131276072]], [[0.3694953430412759, -1.7047227026598988, 0.37197487256891393], [0.25019601074845693, -1.503125858570841, 0.6469425815252539]], [[0.4629589067282549, -1.6330448147158185, 0.4045187243306725], [0.30161827903255906, -1.5960498642614498, 0.5932810016329843]], [[0.162577155811649, -1.6409508018148742, 0.15721667333658662]], [[0.44278662365815014, -1.5265316689267119, 0.34688446076290325]], [[0.03734103397419443, -1.4601659317915359, -0.07541342023858806]], [[0.41029731516046264, -1.4160124100417641, 0.008708829823189263]], [[0.13516550851766482, -1.6034668870812536, 0.10990958764972607], [0.3798430122275042, -1.3981515716733186, 0.22549984337769252]], [[0.16490181269975393, -1.5340850089997877, 0.13716989106471897], [0.43018991338079104, -1.4791843662224555, 0.16576527102770228]], [[-0.002145324605606618, -1.4404505035569564, -0.2612322976615567]], [[-0.01286367294633169, -1.4064208885170497, -0.2773358070857712], [0.37246675385635036, -1.4267917392558018, -0.21732142029670035]], [[-0.2007686038653777, -1.2954373572234599, -0.8496659394564781]], [[-0.19030774760034705, -1.2955158294261488, -0.8331076369591061], [0.29020604400542516, -1.3918756685231115, -0.8104101535088192]], [[0.4233019618743495, -1.671895660164555, 0.3989902009195041], [0.2576676924252504, -1.5580261183248205, 0.6115035480299034]], [], [[0.31276803126995195, -1.6369978082653462, 0.28086769883362955]], [[0.08137824404707365, -1.487267756278372, -0.062031203298418866]]]}