{"bodyId": "h0", "timestamp": 151152, "continuousState": [[[0.5658043081042197, -1.5630704705348557, 0.547029946273783], [0.20329389722749033, -1.4066006232180561, 0.8022255422980679]], [[0.22333371738249458, -1.4368642765630182, 0.8064723601999394]], [[0.49306654368622066, -1.6466814391944573, 0.5848474816517995]], [[0.26755299060206084, -1.542125592341003, 0.8203355883789484]], [[0.3388647416349757, -1.7013194998028616, 0.39078481041779445], [0.18443904522091203, -1.4694853757432123, 0.6283065607429896]], [[0.4589721215217424, -1.6439359782961855, 0.4163711740003695], [0.2752841251529182, -1.6069357673826354, 0.5970550733765185]], [[0.12313564750130382, -1.6407068311157704, 0.2468198736329932], [0.26606044718575095, -1.3928404898833748, 0.3515897302778301]], [[0.3122356866810885, -1.5749512993871906, 0.3585669226031805], [0.40857632884933626, -1.5415107969291362, 0.3714577927976618]], [[0.026382612907266206, -1.454216352455502, -0.02643999891136036]], [[0.4008624155202276, -1.415367845200146, 0.05873427716771607]], [[0.10871166190741656, -1.5940467828531824, 0.1217797456426581], [0.32389150757219365, -1.379311571924536, 0.16828716775719113]], [[0.15030533793263595, -1.506591794159708, 0.08559166552595457], [0.4234766360135443, -1.491880620321587, 0.20467888910594978]], [[-0.024022630356893216, -1.4179083338875131, -0.2805731514968081]], [[-0.024993006840316013, -1.404530936798682, -0.2580465169291615], [0.3605465378686631, -1.420582489343427, -0.23028863184025522]], [[-0.20657094028504355, -1.2894347968250313, -0.8518177616425837]], [[-0.19197987789687165, -1.2923558871261667, -0.8280899659967262], [0.28865004407419087, -1.3933862943941657, -0.8136378477427554]], [[0.4151513484390354, -1.6762502216629418, 0.4165817473882139], [0.22922897860456987, -1.5418697992980446, 0.6201455553993142]], [], [[0.2910538845115231, -1.642321404705978, 0.33159552381668134], [0.2706722861693346, -1.499888128633005, 0.47432240182717433]], [[0.06314135378787136, -1.4622500640236105, -0.09749074298542677]]]}