{"bodyId": "h0", "timestamp": 151956, "continuousState": [[[0.5622367841557966, -1.5580704795412343, 0.5389255483707035], [0.20421446365439716, -1.412389223935993, 0.7933091953816048]], [[0.2363411202532243, -1.4472821491156393, 0.802418452712544]], [[0.4951896558627723, -1.6381297969636106, 0.5823047445578444]], [[0.2675844383819051, -1.5490564729741667, 0.8188998032471108]], [[0.361332281098931, -1.706585173436163, 0.3951156839490075], [0.10332998564571858, -1.4630785049741653, 0.5927434235619787]], [[0.4553558997918303, -1.6461823309832417, 0.4194459769676504], [0.2550125686213848, -1.6126897938853872, 0.5924220469405702]], [[0.29303615677660627, -1.3886601434007557, 0.3866830553448187]], [[0.31524863849836465, -1.5794784707017386, 0.3494875801370347], [0.4137802205835658, -1.5448259458380917, 0.3837968801646441]], [[0.01799064629163712, -1.45826391515891, -0.04312324295002031]], [[0.39153045449288537, -1.4155575043714976, 0.05920821450962489]], [[0.10578549192707692, -1.5977180716908048, 0.1243412521886853], [0.3187958262732584, -1.371711142607528, 0.16816353749740642]], [[0.1335136928623371, -1.4939694912684351, 0.05623799242110954], [0.4134271477527043, -1.5012069894140971, 0.22886197081653312]], [[-0.03056889246453426, -1.4294317883195926, -0.2600407853041997]], [[-0.0336814863970346, -1.412486555320218, -0.2245843180865204], [0.33314354809642893, -1.421885772737011, -0.29380380622841995]], [[-0.21617662721218084, -1.2801981112326712, -0.8765450675258125]], [[-0.19583198392435597, -1.2944502676751608, -0.8171314710823303], [0.29778855744413774, -1.3853606181311295, -0.8073602753680732]], [[0.4193320084726661, -1.677639024813548, 0.4141472912745541], [0.26085166074904625, -1.5393877031963854, 0.6489194101703751]], [], [[0.3741960282842183, -1.5174212371919986, 0.40306451615623456]], [[0.051472400198901425, -1.4617006397940138, -0.10190139644154508]]]}