{"bodyId": "h0", "timestamp": 152626, "continuousState": [[[0.1780361797780979, -1.4126936329849433, 0.7661789443929546]], [[0.2453808319723537, -1.4489495859816808, 0.7970214591309451]], [[0.4925467376076916, -1.6421404634235761, 0.5848127074870976]], [[0.265278506827633, -1.5484859081178766, 0.812130647161142]], [[0.35816078128697515, -1.7034968099508117, 0.39658020758140494], [0.15183488286687816, -1.4639698519976068, 0.6073304258253731]], [[0.4585072565831653, -1.6272353819080358, 0.40962606689509107], [0.2850879077621444, -1.6045941435582214, 0.5996908599693829]], [[0.1357594313337293, -1.635908458207546, 0.20436770506810398], [0.26548416861066515, -1.3884125607960478, 0.348297339938387]], [[0.32907725712226416, -1.5560850152285612, 0.32227456413384153], [0.41733507675477494, -1.5395358685580636, 0.3770057285065168]], [[0.023952210399155602, -1.456828748201519, -0.025555160327245405]], [[0.38634477831860203, -1.4053254248250904, 0.031821170260605186]], [[0.10634487924348963, -1.5914925339284873, 0.11280377766034554], [0.3237999315851114, -1.3710822491239585, 0.15856976708416323]], [[0.13177188605623444, -1.4883416857329161, 0.04826998632005802], [0.421746766789724, -1.4786557617901925, 0.170165609289799]], [[-0.028347225688722714, -1.4288037930354385, -0.2768413855747958]], [[-0.031606219821593354, -1.412791668490716, -0.24998949281653562], [0.3603622866852941, -1.4102692182600558, -0.26573455769927135]], [[-0.2150245800044534, -1.2887627034749505, -0.8628748586979218]], [[-0.19302578506563128, -1.2962693542095818, -0.8285583072620684], [0.29584080073341895, -1.3839218298409928, -0.8176987835425628]], [[0.4183933235346369, -1.6672583426193235, 0.40704460573576673], [0.26041801324361313, -1.5385496982732298, 0.6397957056044888]], [], [[0.2971333439584473, -1.631571920057791, 0.3069968859815975], [0.27528603818640474, -1.4965033521771347, 0.473994099953885]], [[0.05171233018375586, -1.4585727393841772, -0.1142856996273689]]]}