{"bodyId": "h0", "timestamp": 153765, "continuousState": [[[0.5560592839975784, -1.5491201851261918, 0.545045942705205]], [[0.26641819670898303, -1.4298058025830835, 0.8181403831495684]], [[0.48336131107174657, -1.6372731576501711, 0.5931838510521723]], [[0.2735922527193395, -1.5333738724817056, 0.8176123730166777]], [[0.3878225717290075, -1.691984065232216, 0.3933598498502822], [0.17846430997969923, -1.463141955006572, 0.6224938085521037]], [[0.4486326684204342, -1.62515282474766, 0.4329824694151348], [0.29100969579629443, -1.599710549450584, 0.5930566105999366]], [[0.28665925795674185, -1.3887770023124617, 0.3423278162076995]], [[0.32125479295470966, -1.5602551821088417, 0.33093057590335206], [0.41460680654851195, -1.5401539676652152, 0.37546565437202184]], [[0.025668451786464742, -1.4516227402501045, -0.02915397226126015]], [[0.4004174389155271, -1.4120066201911945, 0.045208008222990655]], [[0.10532668797221902, -1.5912993464197325, 0.12290269678307186], [0.32373282909306156, -1.371615384531316, 0.15854875214048933]], [[0.13345605423849766, -1.4887850366861444, 0.0489594244186776], [0.4165366621050855, -1.4861726635968737, 0.17042913805353282]], [[-0.028356701090414986, -1.4225420555695565, -0.28340259342671176]], [[-0.02964703726619865, -1.4090168369564657, -0.25040259791535346], [0.3605519083607776, -1.4093126647359782, -0.22802668637728993]], [[-0.21608482257891637, -1.289792974444062, -0.8575446934230526]], [[-0.19396338375638206, -1.297495380315859, -0.8232825667732532], [0.2970060290073789, -1.3916931428942776, -0.8158370752949873]], [[0.42169722622766137, -1.6657847819330314, 0.4125378738568295], [0.2716526283372782, -1.5330996534936996, 0.6362916341013061]], [], [[0.367645963188588, -1.506964913530061, 0.3876551428114171]], [[0.05254967657404133, -1.4556635461278504, -0.11722158450401708]]]}