{"bodyId": "h0", "timestamp": 158120, "continuousState": [[[0.5223467221962009, -1.5442377248732768, 0.5537785791769964]], [[0.2637054481315454, -1.408587103340914, 0.8275433715931976]], [[0.4763983948648483, -1.6353546774417742, 0.57982458273599]], [[0.26092938882765, -1.492017571922552, 0.8176014161544565]], [[0.3544065785950314, -1.692825997744005, 0.40652261840291], [0.17291410101617702, -1.4647511832226219, 0.6145339359404831]], [[0.44851367462516945, -1.6115407678462108, 0.4218194584546201], [0.279162224021396, -1.5905612879763384, 0.597004761600168]], [[0.14031835617920393, -1.6257154279591488, 0.1791944753282148], [0.2640587120677603, -1.3807523201461724, 0.3139139124346614]], [[0.3220204105045887, -1.5491897923431779, 0.33581462871875695], [0.41564829286819327, -1.5239455095508687, 0.3658971212525637]], [[0.02514379297663254, -1.4543610668126874, -0.039132579437077084]], [[0.4041144343932617, -1.3900524258518674, 0.038305446183124786]], [[0.09223312347130513, -1.5646259585451299, 0.06902729037534096], [0.31584395375631175, -1.344039196577784, 0.09052122633267232]], [[0.12953153409811743, -1.4709884861439881, 0.04487797030597812], [0.41766451734239124, -1.4533757075507268, 0.1427469556590229]], [[-0.032640738968776534, -1.422646597749983, -0.29782916563604384], [0.4040198854433686, -1.3185202565173368, -0.23118695607393897]], [[-0.03687271795437272, -1.3990299350622917, -0.29176077718036436], [0.282356358733618, -1.3917818252035585, -0.399717899742019]], [[-0.21555405219492935, -1.2895518510086812, -0.8438791026735303]], [[-0.19151155034521483, -1.2956528908471048, -0.8167250817159197], [0.3050616670942127, -1.377772912767282, -0.810263271225783]], [[0.4157397486852653, -1.651655022052247, 0.4075755917179572], [0.25839597918876733, -1.5285174919389637, 0.6329244847224006]], [], [[0.2944160154021867, -1.61862809790268, 0.3005069668914174], [0.27161046804457817, -1.4856568040612554, 0.4554593370174147]], [[0.04844539756467045, -1.4468175419469855, -0.12647559766503286], [0.4108422013928799, -1.3859479820340317, -0.04422000020745803]]]}