{"bodyId": "h0", "timestamp": 158187, "continuousState": [[[0.527401612873925, -1.5416125108141463, 0.5491367087045937]], [[0.24316451420772295, -1.408528878343371, 0.8195018695549029]], [[0.4794050262494572, -1.6346556652728153, 0.5767275825869441]], [[0.2591961830306611, -1.4982262967768338, 0.8169392519243468]], [[0.35366516665642284, -1.6895088272276348, 0.4055764753135713], [0.1818404789466988, -1.4592705633968868, 0.6254971274666363]], [[0.44236044713423295, -1.611862742152789, 0.41145540797879676], [0.29160141133343587, -1.5877411099907535, 0.596346870467755]], [[0.14015751276362046, -1.628584554815569, 0.1878287466833365], [0.26839301529910925, -1.3855955863435878, 0.3204971222085112]], [[0.413513904862632, -1.5236064175161543, 0.36378581676668864]], [[0.028635140766823212, -1.4554098384800565, -0.03778635488451869]], [[0.4035490381761183, -1.3896460833119328, 0.04239795201657671]], [[0.09236120183122841, -1.559715937502311, 0.06432129509868377], [0.32306100868688736, -1.356360230760835, 0.11487468053523094]], [[0.0895527768325889, -1.4501945848671756, 0.003394404175238833], [0.4077393448208436, -1.4669951757445474, 0.14784707907698816]], [[-0.03239424998223581, -1.4234123517276696, -0.2955359512112093], [0.34431865684255786, -1.324914148752173, -0.28373122041483473]], [[-0.03782811669562699, -1.4013853398692735, -0.2951409237613275], [0.3521125186779561, -1.4026754784620878, -0.28150277332787504]], [[-0.21757939373664242, -1.2921926508291135, -0.8427783766468806]], [[-0.1930941401042656, -1.295738964705637, -0.8256174149152844], [0.2953676432040659, -1.3913161606134132, -0.812011958173334]], [[0.4106591444333175, -1.6535275326249197, 0.41136392618809053], [0.24684378466060708, -1.5270572539173597, 0.6218112068005978]], [], [[0.2912589799489267, -1.620223648484179, 0.2996420773310666], [0.2799972133162726, -1.4866683481671705, 0.4584219963381331]], [[0.028579263425176547, -1.4368034682974224, -0.14607077351798523], [0.37602900083170077, -1.3959546622483603, -0.06794207066892329]]]}