{"bodyId": "h0", "timestamp": 158991, "continuousState": [[[0.5119773317282177, -1.5231683315594364, 0.5652336386429284]], [[0.24870606453441338, -1.3943798973673205, 0.8332808071392948]], [[0.46254461913500966, -1.6219010158195233, 0.5936347978398353]], [[0.2437453435093812, -1.4692885670752944, 0.8229395679157628]], [[0.3160666461167387, -1.6789333681191345, 0.390618816338188], [0.15213225623962923, -1.4442035644188234, 0.625702619166178]], [[0.4254233937524551, -1.601647599243362, 0.43197470766091417], [0.2834975429430037, -1.5731427672274743, 0.6031433178443949]], [[0.1223812905205632, -1.6216310650566566, 0.22030046426083913], [0.2564774481182083, -1.3752534616287422, 0.3461151801491308]], [[0.40602177215493407, -1.5183766292551744, 0.3597007526120733]], [[0.024462121358213268, -1.4459006741689018, -0.024868124335142284]], [[0.4018945807425384, -1.3711738465456744, 0.05481181453853651]], [[0.08400732377208174, -1.5568539059797133, 0.09301672900416634], [0.3203039603197742, -1.320193904286742, 0.09615153202526312]], [[0.10865835447171009, -1.4514164438877923, 0.020254927204968454], [0.40158357210038753, -1.4381193487778294, 0.1287446968129491]], [[-0.04408584687367127, -1.4049351274194974, -0.27990181718534973], [0.3915216554302881, -1.3038456443310147, -0.2581234398304332]], [[-0.04282668906430337, -1.400715124721974, -0.28571631852878615], [0.3098601332045737, -1.3975594764647985, -0.37715882963669106]], [[-0.20321396796571656, -1.290513392103968, -0.8466069120817069]], [[-0.18914747594228662, -1.2990753180214352, -0.8096268219299959], [0.29006548128994225, -1.3814586163185012, -0.8508164990909998]], [[0.40613651328114525, -1.6321050398380101, 0.39605313264065195], [0.2547310640501303, -1.5140146408545794, 0.6422002389574814]], [], [[0.27390234213650916, -1.6116393321500093, 0.32613758596087666], [0.26998749553060597, -1.4741981144281082, 0.47462924899676284]], [[0.03228625379901941, -1.4281757856536448, -0.12982344499019063], [0.3965526137653378, -1.3709824965544222, -0.06468937150874204]]]}