{"bodyId": "h0", "timestamp": 164351, "continuousState": [[[0.5270227857704942, -1.0991440768429666, 0.665748071724621]], [[0.36028589298764085, -1.0189338922898947, 0.8080209921203861]], [[0.5263648676529611, -1.2108220443636055, 0.6783960804397099]], [[0.3435065222005485, -1.0874763057872527, 0.7961054363847416]], [[0.41912736236388987, -1.3454595619534735, 0.48931744765127416], [0.24416390259637502, -1.2561904826395243, 0.5205442601020004]], [[0.5118084954119315, -1.1984775833294652, 0.4930221379193912], [0.38415223543241905, -1.099568256804909, 0.565724520044231]], [[0.22482628531040427, -1.344977390875848, 0.27963393717047463]], [[0.28471981980417405, -1.195626727852874, 0.3490967921965871], [0.4953701096746804, -0.975368374706437, 0.28677773222240965]], [[0.07643373684322245, -1.19376984639733, 0.07411182630769782]], [[0.3690806445436539, -0.8189447004967472, -0.03184544192206317], [0.33039982946048346, -0.774387496545184, 0.050218858888633124]], [[-0.0795881713601384, -1.102187075693379, -0.5817665552450487]], [[0.16050774268190582, -1.0436417996251568, 0.06429286062230244], [0.3844414243905228, -1.018656115147471, -0.08324866650115496]], [[-0.05016138789211891, -1.0373950339992184, -0.21190027707830358]], [[0.012357640481634348, -0.5576026109921838, -0.7190486849405029]], [[-0.24458286017152034, -0.8900186599356307, -0.7158455218794443]], [], [[0.4480135651067467, -1.2918387158452278, 0.5139211915451896], [0.34418742275456954, -1.188447537896696, 0.5729722145918158]], [], [[0.3683173903611679, -1.2717274871026567, 0.38632803754493295]], [[0.055173177394893455, -1.0405184168121875, -0.07380370822800057]]]}