{"bodyId": "h0", "timestamp": 164619, "continuousState": [[[0.5404468475433225, -1.122171909880578, 0.6719705655933764]], [[0.37636409453154895, -1.042126253240575, 0.8138622755289062]], [[0.5384838874092318, -1.2380546528321192, 0.6626867597063572]], [[0.35245364511064714, -1.1109216895194678, 0.7962934124535183]], [[0.41291414492457096, -1.3685271967162589, 0.4841669015833093], [0.2182380147347078, -1.252738572072577, 0.5283213735270915]], [[0.4999851366666131, -1.2380134614972007, 0.48333219886303597], [0.38410990158448455, -1.1227534168141684, 0.5643947232075472]], [[0.22788584141875498, -1.3574663351456506, 0.26284458185617654]], [[0.3082812144113382, -1.181778214873851, 0.31743721534361796], [0.5031699280519208, -0.9959835419745031, 0.30707006660279285]], [[0.07934576258367684, -1.2019399027291329, 0.06792430653325278]], [[0.3976087744865137, -0.7877656212257318, -0.08255366631627294], [0.3101817410125989, -0.7919358750956925, 0.03821748732523474]], [[0.14359327969729896, -1.1725713982614976, 0.09611840373909354]], [[0.47352190928214466, -1.0605654794826573, 0.061324405944478716]], [[-0.03763791694162887, -1.0223318635798022, -0.22803347800978713]], [], [[-0.24010533463041842, -0.9084447311958452, -0.6841178939914744]], [[-0.24297552786455465, -0.867938318776386, -0.7021043626012515]], [[0.4557751221278443, -1.300555341675076, 0.48773844563432933], [0.30357117457007665, -1.1909698002120668, 0.5508339228772248]], [], [[0.363935489042684, -1.2977398983214257, 0.3730883903596063]], [[0.2179419961702579, -1.0414486715312297, -0.0833545360326542]]]}