{"bodyId": "h0", "timestamp": 170917, "continuousState": [[[0.5786330312788448, -1.4969381436924558, 0.521506053040546], [0.2943415502831515, -1.3815021339935918, 0.8165716402693314]], [[0.2924827349836235, -1.410038995589413, 0.8099342217878738]], [[0.5210968202083923, -1.6032159530833876, 0.5694451875437264]], [[0.2968946565190786, -1.5007511461518128, 0.813905712866411]], [[0.4085201741913233, -1.6851396705613664, 0.38065097031832285], [0.31142931419746106, -1.4756251919936567, 0.6820648598008988]], [[0.4759621305945456, -1.608864999504973, 0.39977979586025847], [0.35557172402542053, -1.5814529372043693, 0.6220362021761549]], [[0.20186384228960316, -1.6284954384801842, 0.18260920565881453], [0.3272386135131437, -1.396041124537055, 0.3559765384929542]], [[0.44495245642993336, -1.5359322619378875, 0.3504144550666656]], [[0.09968535172536042, -1.447270353438465, -0.0390559889131905]], [[0.4329948444099002, -1.4374538365833072, 0.029371791278678075]], [[0.15057240908916084, -1.5721305159878052, 0.07680846736033504], [0.3958220554222746, -1.367446527751125, 0.16844264003880813]], [[0.15552108769933454, -1.5217013174650453, 0.08949822406836211], [0.44089641274880365, -1.4735623318167148, 0.16133345493413662]], [[0.03002224145026332, -1.3881571669533719, -0.2857593571270927], [0.4855555489010148, -1.3206866660015912, -0.12472556725293248]], [[0.029184962338141815, -1.3985577706329544, -0.2981820433036969], [0.3908501519596448, -1.4090169234308823, -0.263657514599704]], [[-0.12998254776415408, -1.2737956368372565, -0.8714959422476609]], [[-0.10268621160312306, -1.3026077729071526, -0.7975777331425307], [0.30363376651614044, -1.4011706540306181, -0.8361208378511195]], [[0.44937485854353887, -1.6485224663284972, 0.38940331086531843], [0.3230746827657399, -1.5320014991809459, 0.6475267153121045]], [], [[0.3389129864420744, -1.6186802189925786, 0.2911945007595365], [0.3414051687692821, -1.4887470308707123, 0.4890063703345545]], [[0.09277166457479893, -1.4549292422092086, -0.0981305665293653], [0.46322598082490923, -1.397124498909153, 0.01830394384060207]]]}