{"bodyId": "h0", "timestamp": 172592, "continuousState": [[[0.165742632551239, -1.332211846460864, 0.798195282876319]], [[0.19105204621187385, -1.3604375408797473, 0.8108492522184263]], [], [[0.16438069340521497, -1.4579126310411914, 0.8107584832489197]], [[0.11395835502153182, -1.4026057135510817, 0.6257220045599902]], [[0.2167559768478011, -1.5641687767316383, 0.6169254495791856]], [], [[0.3220489792071869, -1.5255813788494395, 0.3316478572465305]], [], [[0.33849617958186945, -1.380243111635189, 0.07051124812128728]], [], [[0.3418778165476874, -1.4037597044745498, 0.10082785309846212]], [], [], [], [], [[0.19706915006831582, -1.48330666613377, 0.64703667573532]], [], [], []]}