{"bodyId": "h0", "timestamp": 173061, "continuousState": [[[0.2537776207563354, -1.33430291520791, 0.7961675085525228]], [[0.2719743294505629, -1.3591376557618013, 0.8055198502520503]], [[0.48593845090123255, -1.5172659648834959, 0.6107442910337237]], [[0.2789752276975005, -1.4492450884472947, 0.8161330149592216]], [[0.3209362298970462, -1.6409188253045366, 0.4375712579007602], [0.19516146831863193, -1.4159545494972305, 0.6088737384330498]], [[0.46321329657314725, -1.6115866784373745, 0.4804616479509533], [0.2744615580165787, -1.535944636441934, 0.6025549568609365]], [[0.14715049450766418, -1.5874109550958844, 0.21822338610807174], [0.19677847290298406, -1.3232549938286886, 0.2560724833520492]], [[0.42432057715405197, -1.4747438848343168, 0.37285548498844356]], [[0.036306936923297256, -1.4149001064072846, 0.03615062978065248]], [[0.3624191923529199, -1.3025873788973863, 0.055371910825620714]], [[0.07537378249532815, -1.4916157857932062, 0.12318198237544266], [0.38058393764462856, -1.3006409895248385, 0.14567540423282527]], [[0.07479841794985709, -1.4358578931528228, 0.07006759076245203], [0.36150039840491466, -1.3936231698883337, 0.07270216717698463]], [], [[-0.040844766451119854, -1.30061636848934, -0.1940924708574271], [0.53611820533067, -1.3317516138972922, -0.13945927388569612]], [[-0.12364252092506911, -1.2575227987208375, -0.6633098334343417]], [[-0.12361512158273627, -1.255774502984712, -0.6621749815388548]], [[0.41398296132828843, -1.5900713996278752, 0.43937552641242406], [0.24839783981769734, -1.482058807621979, 0.6157376647275558]], [], [[0.3051818955404057, -1.5994988167666295, 0.3493425170295125], [0.23562001545978137, -1.4295998151353113, 0.4293137201064928]], []]}