{"bodyId": "h0", "timestamp": 179292, "continuousState": [[[0.444207204144378, -1.6842596717115903, 0.5642521931687624]], [[0.17065219278989321, -1.4620125246882316, 0.7887321813049428]], [[0.49342619382742947, -1.7545636841550862, 0.4988379926526368]], [[0.18887771357485303, -1.5007837060533138, 0.7903166461012082]], [[0.36803177074116256, -1.7532614041592245, 0.3545863221556467], [0.2839035453545919, -1.6298343033847413, 0.620758547489679]], [[0.4160195444931174, -1.6471943874417152, 0.5360355524011651], [0.2866296114837523, -1.556417089419073, 0.5877063070105739]], [[0.17180230213119654, -1.6367457697611758, 0.18108444070894097]], [[0.41884946538273493, -1.509861472807107, 0.3416308763445591]], [[0.22237256047506737, -1.3935148343446768, -0.0010964524692710712]], [[0.2729193291012991, -1.3561821923880126, 0.1482172685665746]], [[0.150530946445351, -1.5594794175295497, -0.022074822593283215], [0.2944036024522122, -1.4672938103119424, 0.06537801980210611]], [[0.1802196805584757, -1.458546273319683, 0.020070963278547196], [0.3695749424476303, -1.4784845465221774, 0.10597427221429302]], [[-0.020137332067095712, -1.4471868348373595, -0.27197943878370895], [0.39181946511015486, -1.4167492567965292, -0.23526866627831577]], [[-0.005641318400576665, -1.393490413973027, -0.23715644698493815], [0.3752322902044591, -1.4420673117234093, -0.2699218690294233]], [[-0.228618775453076, -1.3123730420981556, -0.8435879260836145], [0.327994295318975, -1.398712560567506, -0.7766680680171659]], [[0.3197585114367034, -1.419722621188982, -0.8573142002445326]], [[0.44165953315670065, -1.6946290393958006, 0.37788157590902166], [0.28220355270109965, -1.589441571337205, 0.6064516478551468]], [], [[0.29391092331215696, -1.6419700786014455, 0.358559996555053]], [[0.08004117424568999, -1.4528665540785213, -0.12595423775258088], [0.3806972037788926, -1.4476169016593534, -0.06464719703201138]]]}