{"bodyId": "h0", "timestamp": 182240, "continuousState": [[[0.5209044648609277, -1.5998595356465706, 0.5648800778727424]], [[0.27227206363691403, -1.4525838564602835, 0.8010995143458645]], [[0.4920147653591013, -1.6737014092848639, 0.5682656814123761]], [[0.27890415583914707, -1.5390137429195054, 0.8080023410283537]], [[0.37979786128583104, -1.7454527942360059, 0.357140272634545], [0.19000311917734758, -1.5496802425305871, 0.5836621966778796]], [[0.4658171060610131, -1.6521066232281763, 0.3834059678419328], [0.32447743804788004, -1.622425769728329, 0.5946838830460471]], [[0.18226313191079652, -1.6289776182684403, 0.14720596379640347], [0.25125498375481653, -1.425012365994432, 0.35102404010319926]], [[0.3141875306646104, -1.565386967095041, 0.28658930515669157], [0.443212705876196, -1.552771424094738, 0.36075421784556966]], [[0.21352757013868234, -1.4222166721129539, 0.02823960598788949], [0.1685226815879837, -1.3386836410784584, 0.1300674816791502]], [[0.36845315098155407, -1.332543139854995, -0.07440460806885471], [0.3076017001467351, -1.3803599105165993, 0.15455450623005004]], [[0.15448603643894757, -1.5546692456913005, -0.0444400771204439], [0.3225632498966027, -1.4323044120331776, 0.08873386392207226]], [[0.15477128921737568, -1.4963439789816995, 0.07360432259972345], [0.3744702132052228, -1.5016141631057969, 0.09173740991198884]], [[-0.021637335048281556, -1.4434279209964471, -0.2770425605124303], [0.3758490448096793, -1.3955568629505517, -0.2810521478038747]], [[-0.016381702307813214, -1.4119875768231227, -0.25784312077036065], [0.35657453439430653, -1.449395755867623, -0.3212737862509248]], [[-0.23080989051041165, -1.3122511850040606, -0.8553397211209267], [0.361248432574718, -1.3443636589793821, -0.751042867057725]], [[-0.18754288434954655, -1.3280871655374213, -0.7836939943439293], [0.34081211833360703, -1.411194438757476, -0.8596954785019464]], [[0.4257899485426927, -1.7028856415102798, 0.381912826901387], [0.2919410793033112, -1.5874684508437975, 0.6156652944536677]], [], [[0.3240401189859048, -1.6405421207483082, 0.26530596581916815], [0.2878662109013483, -1.5237190678613806, 0.4728539615746232]], [[0.06656697708454706, -1.4698859499890733, -0.10171911895635344], [0.37515962900745103, -1.4485855130281742, -0.09465736894594294]]]}