{"bodyId": "h0", "timestamp": 186662, "continuousState": [[[0.5279517243677173, -1.6029081361021036, 0.551155643674986]], [[0.26515687726083276, -1.4614616780360086, 0.8018979349028843]], [[0.49910801012853623, -1.6802126446003054, 0.5523515166241421]], [[0.2615659103267608, -1.5391311502065268, 0.7958057412169239]], [[0.3735860764346814, -1.7562590424909723, 0.35191588310274435], [0.2623617650815879, -1.5632838205822412, 0.625749062923264]], [[0.4623930887958754, -1.659999949371655, 0.3605296912910326], [0.33412039469213234, -1.6129000761505676, 0.5989728511432504]], [[0.1750916994772573, -1.6479697344113626, 0.16655802203366102], [0.25123988527156327, -1.4320011797800736, 0.3414279411475359]], [[0.30342280638982577, -1.5421363837167366, 0.22130519147603536], [0.4076863991588034, -1.5517420017313457, 0.32785845604984615]], [[0.22218737620791437, -1.4154880360580055, -0.002063143857056957], [0.15710287781686746, -1.3396272246882324, 0.11665825947510848]], [[0.36884504795952155, -1.3330067525466855, -0.08503852561644544], [0.3012730497140731, -1.3800797203776423, 0.1463346471814814]], [[0.1494736501645666, -1.563658747148851, -0.045167643011747714], [0.3179331243987465, -1.4454856513368581, 0.08382758278461779]], [[0.15959658719673256, -1.4702093933289624, -0.019118210314792577], [0.37571798048230154, -1.5072767272148497, 0.0955591857946215]], [[-0.020173523094356938, -1.4524718840458481, -0.26613993255017887], [0.3750643276711203, -1.408265212747843, -0.2711092608654378]], [[-0.013225665890894276, -1.4204924164835775, -0.2614630099775966], [0.3633328383343601, -1.4534530493058246, -0.3028750826120265]], [[-0.22528123345038334, -1.3176153842892273, -0.8529374556550074], [0.33325024299705275, -1.3895790610505805, -0.7815902260193345]], [[-0.18588058275267524, -1.3387073493492103, -0.759160546458685], [0.34371470483633515, -1.4259780262796689, -0.8335713342635674]], [[0.4188610464820112, -1.7112535044597208, 0.3646302182703273], [0.2979721859726201, -1.5919095806371575, 0.6152216853891604]], [], [[0.31874239413656635, -1.6539848418915089, 0.2635438566623468], [0.29268013998184783, -1.5224506279653207, 0.4702003961453931]], [[0.06971153205118781, -1.4613406386874053, -0.1426290714324857], [0.3753911540767109, -1.4577709699813464, -0.08777503753540815]]]}