{"bodyId": "h0", "timestamp": 191017, "continuousState": [[[0.5625258325103466, -1.5695848839421775, 0.5079544523139699]], [[0.24898657001178162, -1.4456492426241432, 0.7848391658099423]], [[0.48673989230625936, -1.6741756709049502, 0.5662344498217473]], [[0.26673429646529484, -1.5306713418838005, 0.7974274085701316]], [[0.375802285176995, -1.7481243584920219, 0.35444188182689734], [0.19598374549233813, -1.548874474192164, 0.5892649487455669]], [[0.46571550676069223, -1.6525255347027699, 0.38043821890651497], [0.34011930043341065, -1.6202787601491306, 0.6061877965195169]], [[0.17349734401833627, -1.6378301691671373, 0.15892212188161306], [0.2486255041903014, -1.4232221847638125, 0.34820002055177746]], [[0.398150320793344, -1.55575175398153, 0.3163339569973848]], [[0.22314712929226976, -1.3969536979309978, 0.005072778022311922], [0.159304531252536, -1.3321970596775008, 0.12353056338586293]], [[0.3644522525109722, -1.3273346221374638, -0.07602369155892574], [0.3000002101582429, -1.3772134635655873, 0.15511580679990697]], [[0.1369105710076876, -1.5497905008680495, -0.05807577580000975], [0.3071856828743673, -1.4248526106547985, 0.07389730578496233]], [[0.1728230458297798, -1.4418540501341803, -0.07387372709883812], [0.37353690560109637, -1.4977668696578226, 0.09207079525385006]], [[-0.022185450142402544, -1.4401066184830282, -0.29504027121495985], [0.361462938876507, -1.3939274725947877, -0.2934111192459027]], [[-0.01774106119704777, -1.4097135467893336, -0.2783003901636403], [0.37054054607802983, -1.4463254305241093, -0.2975780497936469]], [[-0.22656751694639982, -1.3139952827624013, -0.8513636531187012], [0.32991397432313807, -1.3777668660246727, -0.7880542528392314]], [[-0.18639575977447748, -1.3361709904498071, -0.7617961809078302], [0.34189216527249233, -1.4207720776012553, -0.843312505037353]], [[0.42820497120361933, -1.7020661765205547, 0.37062833017904406], [0.29076029913364143, -1.586897412569052, 0.6172991387293592]], [], [[0.3196064253895142, -1.6451778519349536, 0.269680170394064], [0.294372402311856, -1.5217504724564717, 0.4771939085356472]], [[0.07531879784368864, -1.4409803343086043, -0.18445699915689898], [0.3674999222388017, -1.4458471711263052, -0.10067016199602631]]]}