{"bodyId": "h0", "timestamp": 191620, "continuousState": [[[0.525632112598829, -1.5941180137928914, 0.5501596479568862]], [[0.25670494700606944, -1.4476869873969305, 0.7876341241782818]], [[0.4887600860789831, -1.6771085115393771, 0.5642041788469823]], [[0.2688491423760261, -1.532562763428532, 0.7976096290987618]], [[0.3722641410574873, -1.7504200872056972, 0.3522483802074828], [0.25695866022554603, -1.5518014985638535, 0.6202355703088187]], [[0.4610621894422797, -1.661973735975546, 0.38490636594833405], [0.33545988438774044, -1.6168105303776272, 0.6046710827102063]], [[0.17513808073025092, -1.6370086138550848, 0.15511426348999954], [0.2397554478950251, -1.4224460021762606, 0.3318571869538089]], [[0.3318960164268978, -1.5802325632545717, 0.293922460562771], [0.4025020311454748, -1.5516638436156465, 0.314842579964846]], [[0.22242599736511393, -1.3958440532022236, 0.004045853558128329], [0.18063555210750246, -1.3328528543056584, 0.1419273781480224]], [[0.28307571659321457, -1.3740252425758732, 0.14141077002040311]], [[0.14599963857779885, -1.557522547481983, -0.04324757659210673], [0.30069605054003273, -1.4125452835714798, 0.04368026591888338]], [[0.17125271373951334, -1.4457615362545368, -0.06011628223480284], [0.37597868724895966, -1.4962435902152162, 0.08923650745574241]], [[-0.02363523336981001, -1.440064739539227, -0.29188987133268735], [0.3940670138514265, -1.3796914054705547, -0.2586082296507809]], [[-0.020782878655469746, -1.4145244466853324, -0.24880558626370408], [0.356772158447689, -1.4470006136645246, -0.33910455956082636]], [[-0.23018409353537048, -1.3117787746885934, -0.8480734536366481], [0.3501768373049304, -1.3714506636558819, -0.7570295860822341]], [[-0.18876350189785746, -1.3299512776305271, -0.7763493043968583], [0.34766107715136035, -1.4142508656003938, -0.8330033672008378]], [[0.4251272212073795, -1.7050208397532443, 0.3722404756499586], [0.29587303147994337, -1.588231018306125, 0.6170207745585164]], [], [[0.31810013508626533, -1.6494911749153154, 0.2700103147191668], [0.2876076661413828, -1.519628266276944, 0.4682641348320076]], [[0.07380874018485166, -1.4429131378968818, -0.1760030767837451], [0.3850228505501931, -1.4379674978428856, -0.08468586109751924]]]}