{"bodyId": "h0", "timestamp": 19095, "continuousState": [[[0.5075688955551747, -1.6594249066387488, 0.521689343529684]], [[0.20152889683480385, -1.5029649070596327, 0.8244966827858534]], [[0.45607657842637633, -1.7498602549451798, 0.5515702494681874]], [[0.23413860035587822, -1.5928192891777628, 0.8153528565272515]], [[0.36419855851731864, -1.7944916742484938, 0.36559494879980386], [0.1493291433026693, -1.5751685419783483, 0.5733916636732874]], [[0.43657606713436753, -1.7263853187504328, 0.40083395479445083], [0.2841190254102169, -1.675236870063948, 0.5932821169665015]], [[0.1102897069906321, -1.6936890395045643, 0.1869984379329444], [0.17838104937481694, -1.452623685663571, 0.21429221580005264]], [[0.35953798379551244, -1.6542845415183633, 0.2640804870021302]], [[0.01740611839107845, -1.4936731889393557, -0.07272744730509703]], [[0.38035673485422716, -1.543605952378623, -0.060549992670874644]], [[0.11122403395111786, -1.7129838833341915, 0.1923543464285001], [0.27742921999126363, -1.449603051131539, -0.030711834458728843]], [[0.20589603600684928, -1.6324132131298874, 0.19035434853575475], [0.351016456211481, -1.5377474198127024, -0.010137100923172966]], [[-0.008193627738984844, -1.518083645762224, -0.23122879803666932]], [[-0.024294377854701964, -1.4813454758044555, -0.1470339192603551]], [[-0.18983360108114458, -1.3789337263744137, -0.8756626978813297]], [[-0.15344063630446061, -1.3826175641569298, -0.7738019659073206]], [[0.4030706575604498, -1.7616351569522584, 0.39852410821426154], [0.21871776205581295, -1.6281621303328322, 0.5818182576133616]], [], [[0.2734328870624998, -1.7100371791274984, 0.2939161963636976], [0.23125003739251693, -1.5639302778637596, 0.40378716638327705]], [[0.09885120413393221, -1.5752484294460558, -0.020437224750457283]]]}