{"bodyId": "h0", "timestamp": 192625, "continuousState": [[[0.5299654844523027, -1.5885474722861872, 0.5456655815588876]], [[0.2595199797754797, -1.4427977513074597, 0.7899224624327182]], [[0.4889656038007568, -1.6714802488966034, 0.5652844708580734]], [[0.2662150768541669, -1.5226036731109742, 0.7964360825774007]], [[0.3910952291647444, -1.7424665569775064, 0.3259662896862585], [0.2700815194243073, -1.5584742961715186, 0.6233539295673065]], [[0.45739288001229333, -1.6650332836229482, 0.3821481773291896], [0.32297841081420803, -1.6115813380706334, 0.5938702367146329]], [[0.17552817033775664, -1.636841602901305, 0.15940794145615383], [0.2603271852505986, -1.4250058526099274, 0.3393554353337079]], [[0.2989126894769027, -1.5420671299284623, 0.22534558313756112], [0.4001756613869115, -1.5490704180054755, 0.31179036886058864]], [[0.2237964269155094, -1.39314309013512, 0.002605189468919434], [0.16047568348832192, -1.329377206386027, 0.12259176197914712]], [[0.36520817891662094, -1.3260730571266786, -0.07742030178390315], [0.29901718506825364, -1.373269663869775, 0.14896575447026522]], [[0.14651684366286274, -1.554376510295058, -0.04489640814044447], [0.310940500088333, -1.4365140923429447, 0.07164475468325827]], [[0.17803502487168055, -1.4365860691798125, -0.07673328614029878], [0.37832897033029417, -1.5033109539872793, 0.09299896467459462]], [[-0.022653859676455453, -1.4456901742996773, -0.28435977035534826], [0.37631521005880475, -1.399738219336071, -0.27100165433318013]], [[-0.01758600997463975, -1.4101896347615634, -0.2534268802332465], [0.3649785337183539, -1.4507896515176544, -0.29788898472230696]], [[-0.22735959497410924, -1.314950937139814, -0.8577148593475481], [0.3344676082738499, -1.37325852860914, -0.7733036812396837]], [[-0.18691216545990239, -1.3391564238778702, -0.7547622723126246], [0.338700908600174, -1.4192409208494945, -0.8339741017111044]], [[0.4241266799905507, -1.7042202987171537, 0.3695337918022806], [0.30391359959329545, -1.5882751269045916, 0.618160942395043]], [], [[0.316460525175025, -1.6509374432621267, 0.27077805939267174], [0.2916527980324033, -1.5182935953402805, 0.46661283602417036]], [[0.07769058259761255, -1.441138121739745, -0.18054652824782352], [0.37732209019454943, -1.4515245866616753, -0.08900134482929276]]]}