{"bodyId": "h0", "timestamp": 201469, "continuousState": [[[0.5586686482697726, -1.5408163975364557, 0.5228187280441772]], [[0.2907611681847825, -1.4162807376946167, 0.8092504388040707]], [[0.5097495897754692, -1.6387889589188533, 0.557285051470669]], [[0.2860944303281801, -1.5021279306106892, 0.8094625219481896]], [[0.39279804121695694, -1.7185104380464868, 0.37925642321842246], [0.22515671810880553, -1.54260624116352, 0.6038934321782954]], [[0.5161372414581931, -1.5875545569110592, 0.3415626012292603], [0.33690825994753526, -1.5666639662400204, 0.6063367250607028]], [[0.19743336831599503, -1.6156086909212013, 0.1632087080798799]], [[0.3061001086003366, -1.5128536420214318, 0.21254508215655277], [0.4449122491947794, -1.4856710848639072, 0.3376009420431201]], [[0.24261279751355613, -1.3388980922892433, -0.0376309657555696]], [[0.3704840767616402, -1.3004621991811158, -0.0711835712038137], [0.2701588894038764, -1.3177464525961342, 0.1250302483620087]], [[0.1581487679115229, -1.5283221064701253, -0.06903471896602081], [0.40407232709501134, -1.4468547846478357, 0.17631924855505962]], [[0.18989490583473667, -1.4290110964073222, -0.051826951369250536], [0.37130274534422736, -1.4855265987888435, 0.09576720021158484]], [[-0.013748987334593721, -1.4379056078626626, -0.308563226307607], [0.41050404191042456, -1.4133015810804366, -0.21428322011743423]], [[-0.0052456942821297045, -1.4007841457456838, -0.30497810175782386], [0.3824726974413395, -1.4486870392654754, -0.2641511200369118]], [[-0.22681707831164666, -1.3122855531857989, -0.8490930753659731], [0.3355333199289132, -1.3937605428549729, -0.7492513454145971]], [[-0.190282757709069, -1.3266150616062637, -0.7922577419058953], [0.33098304252204047, -1.4294185980912468, -0.806394840246988]], [[0.4474133251774503, -1.6610657628661165, 0.37760041651383086], [0.2801169850124745, -1.5617684252062518, 0.6097817527146633]], [], [[0.35678530488709403, -1.6015816239161302, 0.2523856546545701]], [[0.08807295925007147, -1.4334583521349924, -0.18019508883842877], [0.39090339362732596, -1.4494140899346402, -0.05925800995292469]]]}