{"bodyId": "h0", "timestamp": 202005, "continuousState": [[[0.599860167737954, -1.4759961263053099, 0.5036015309117734]], [[0.3490830075492217, -1.3631756272770028, 0.7941711797381965]], [[0.5636269303522685, -1.5899810354739718, 0.5404313725012468]], [[0.36460275829381544, -1.4395061230239217, 0.8064500403953538]], [[0.4568581454346158, -1.68630857920723, 0.3589784699528286], [0.34244363094435515, -1.5250178373284542, 0.6289427779644211]], [[0.53974172072032, -1.5637625682869298, 0.3532650998414847], [0.37197417146769296, -1.5372382431055953, 0.5983465303879741]], [[0.2533035162188028, -1.6517549048753535, 0.13142379641659477]], [[0.36070741627917274, -1.50316927451211, 0.20144214741418887], [0.5238160167370868, -1.5134693006596942, 0.41109521963979134]], [[0.15221491052667296, -1.468591200236829, -0.0421548480193469]], [[0.4113066082471352, -1.2656288387438452, -0.14545977109559294], [0.48411658661111734, -1.408996904028384, 0.17619576843237839]], [[0.17271036251139604, -1.5167636197025878, -0.01228792994311857], [0.4978272466868687, -1.4327412742893457, 0.19317990375521457]], [[0.2025291836657292, -1.4234729559193406, -0.05418591853688827], [0.5647730763619152, -1.4793765180984912, 0.24542973817507233]], [[-0.00962838728434798, -1.3341349434673822, -0.3744487426486771], [0.43728956817575365, -1.4039489714148383, -0.23700534832478912]], [[-0.0069847734050240435, -1.347668333295279, -0.3485719606498951], [0.42721062603831617, -1.444780093483029, -0.26181128053818065]], [[-0.20694680857912187, -1.1348400481993217, -0.825709627991052], [0.3594014029056902, -1.3732568730673225, -0.7610505970754278]], [[-0.19013780524929424, -1.1425541868778386, -0.8169725750528537], [0.3364473850471752, -1.4140496387323325, -0.874356228689732]], [[0.5065896323851213, -1.6227380419514021, 0.3452167102216888], [0.36819463543758846, -1.5284896613512844, 0.6263117295595807]], [], [[0.3965226184695614, -1.6077587365811417, 0.2423444481290397]], [[0.09645039819069061, -1.3788039496933613, -0.21431733059278268], [0.5010313222688344, -1.4416627447566648, 0.004212194925141605]]]}