{"bodyId": "h0", "timestamp": 20703, "continuousState": [[[0.5282628692620783, -1.6660572827067062, 0.5043137522584802]], [[0.21511261837370807, -1.5327822740906567, 0.8174376117776455]], [[0.4743489044699132, -1.7569760882016507, 0.5430494833680148]], [[0.22068073706340532, -1.6199582067099545, 0.7976498884190628]], [[0.38492712816745034, -1.8126750606218833, 0.36725507090427345], [0.22224173453990806, -1.6113339816160483, 0.6135071997476291]], [[0.45560573378078645, -1.7313524936381262, 0.3835624631421033], [0.2591315274849931, -1.7096765534628589, 0.5725233060115211]], [[0.12818771796022663, -1.7134590029203054, 0.15695738698715878], [0.2077653820634064, -1.495016498816961, 0.24347789700724728]], [[0.40110152088264744, -1.6138466838606969, 0.24637555519932972], [0.35742244907190795, -1.6718845449790007, 0.25505000205035183]], [[0.014876243987631425, -1.5198103705161332, -0.06054833512322989]], [[0.35449537288375266, -1.5464934126666259, -0.06069895049264619]], [[0.1198935934588397, -1.719664896473, 0.1363083053548021], [0.2915286659931371, -1.4927695461220511, 0.01305450141117103]], [[0.1574868531319663, -1.6167658861339937, 0.06675959999775682], [0.3567242283635071, -1.5875251699684092, 0.05130130210879179]], [[-0.013596409063818328, -1.5324239117010234, -0.26069542038279814]], [[-0.023116334323531645, -1.4902500578467024, -0.14809130426409978], [0.2114678451485572, -1.519315143087976, -0.4343504765743885]], [[-0.18697324171985574, -1.3859093245434653, -0.8652700894607028]], [[-0.15166215725823215, -1.3920239057116255, -0.7603085406274918], [0.17881894487915725, -1.5068740818678235, -0.8249001308417426]], [[0.419515430074379, -1.7714520721198959, 0.3845775039789478], [0.2675847588664321, -1.6573556994596026, 0.6115838070540276]], [], [[0.2918967258705065, -1.7224057482792157, 0.27025992506463103], [0.23344845477419973, -1.60234652613991, 0.4080006015093842]], [[0.071945222034074, -1.5745948989175087, -0.09696791019252066]]]}