{"bodyId": "h0", "timestamp": 210782, "continuousState": [[[0.48020388735965713, -1.5939765261584045, 0.579458228509738]], [[0.19922904751913326, -1.4376090920869669, 0.7716609629954494]], [[0.4644770428406577, -1.6741305030866989, 0.5745258627213603]], [[0.23293566839686697, -1.521934067690689, 0.7950534162618554]], [[0.36721394007414854, -1.7380695851351438, 0.37308063183561285], [0.22961869455705597, -1.5542193460278881, 0.6302916642265679]], [[0.4412128118783402, -1.6629242656357013, 0.41772329852093626], [0.3127805770502423, -1.6061663424801702, 0.5965863143027357]], [[0.1655793016092586, -1.659257765086677, 0.2158975251956922], [0.23708222337174925, -1.42144197069891, 0.34698992437515336]], [[0.32153722872734253, -1.589817969429409, 0.31613310907475034], [0.3882963962607894, -1.5207263485420075, 0.3114352122487112]], [[0.15766701975642422, -1.4837121022464361, 0.11241284053048343], [0.1439191428271281, -1.3312398489423536, 0.11724679779418033]], [[0.37543426403817426, -1.323412925213905, -0.11470388084709543], [0.24907428494049647, -1.3596932796087762, 0.09117283139911705]], [[0.12393195461005217, -1.5985030122969857, 0.09867264889747025], [0.32732233483051937, -1.4343156359201927, 0.1183246805064623]], [[0.14060084102702808, -1.5323592492413023, 0.13611605986432757], [0.32308629030043723, -1.484027458569582, 0.06287277074226336]], [[-0.017317688002530928, -1.4367191989146062, -0.262329685738531], [0.33327921362317964, -1.372615863055613, -0.28077583450023486]], [[-0.013949375066001551, -1.4170861317458394, -0.24121461018479612], [0.34554921513258, -1.4409172384410016, -0.2840424316011772]], [[-0.20162401310845757, -1.3060627679082149, -0.8675248114922265], [0.27800329679983293, -1.3880757581432017, -0.7840980659887712]], [[-0.17553472058708167, -1.3163302193824447, -0.8075229793854715], [0.2845224450093133, -1.4336272010486897, -0.8459803949038949]], [[0.4143316088878964, -1.6999631560753032, 0.3982893790236749], [0.27674728213073446, -1.5840167491201502, 0.6162040914085956]], [], [[0.30339605674379944, -1.661091015361189, 0.3168104118583142], [0.27493140021099577, -1.5138041565895402, 0.4717881193389445]], [[0.06164157651224857, -1.4845392240779542, -0.06310681293710171], [0.32818275196180846, -1.4283216608125975, -0.10895153187898575]]]}