{"bodyId": "h0", "timestamp": 212993, "continuousState": [[[0.522877892248757, -1.5990034724188853, 0.5401592802719516]], [[0.24818043552667904, -1.4572015169332495, 0.7835504102791487]], [[0.4795568253050687, -1.680681950417302, 0.5684828652594235]], [[0.27970031587870037, -1.5364469093276183, 0.8058532630874267]], [[0.38586483709096964, -1.7617575721305345, 0.36473504523098654], [0.23321595190771974, -1.5663583097700684, 0.6117286113640089]], [[0.4512388082285351, -1.6676005919238455, 0.37562830296901073], [0.32765069471095376, -1.622455711288456, 0.5971627949652957]], [[0.16304676957447709, -1.669688224607128, 0.21700111469385502], [0.2511338896069294, -1.44738187724178, 0.3795104524975868]], [[0.3149542666514505, -1.5867370783466233, 0.28128968712974667], [0.36519052282352416, -1.5670146452361318, 0.31870471990535887]], [[0.18699023604393683, -1.4476127831614303, 0.021738321878751323], [0.14880287011754922, -1.367271031009098, 0.10863595153304505]], [[0.37357492556098165, -1.3284824545487164, -0.12694585974944356], [0.3081014846853743, -1.4155962294889939, 0.15174291413662946]], [[0.13541404645171337, -1.6249360255266279, 0.10027297574801287], [0.29861509397646796, -1.443670784107728, 0.0745666628852648]], [[0.16285575924934598, -1.5497999298631817, 0.13253130012175915], [0.3555031395870401, -1.5045581567548922, 0.08270868676194983]], [[-0.017730782801292377, -1.4603845894966903, -0.2420634549996048], [0.3007172448288411, -1.3744374969577184, -0.3377591738763385]], [[-0.00021151424938665287, -1.4222258376978352, -0.2431680811548049], [0.35891967944819086, -1.4471867029064798, -0.28936990156862996]], [[-0.19952677145441522, -1.3070485041041515, -0.8616620174280046]], [[-0.15411140944625343, -1.3327744077985708, -0.7660550143174496], [0.28704737197316216, -1.433269516024744, -0.8376643596172418]], [[0.42006960534404747, -1.7168286976233815, 0.37628512182089296], [0.28998492527883607, -1.5977061594127344, 0.6144787974439941]], [], [[0.3071427889015061, -1.6686444082654868, 0.29631470883143285], [0.2893922921589416, -1.534918794265118, 0.48833662373144127]], [[0.0725624882240268, -1.505092259679936, -0.054766077438922825], [0.3281101922079406, -1.4394978268563055, -0.12752524355719436]]]}