{"bodyId": "h0", "timestamp": 213931, "continuousState": [[[0.5135195431180514, -1.6028948647769476, 0.5481062013870567]], [[0.24238279545584374, -1.4540632925959385, 0.7834314000365534]], [[0.48672247213997577, -1.6791742351945231, 0.5551022607426616]], [[0.26478876219478753, -1.5317280940400673, 0.7997172763866413]], [[0.38077849648349393, -1.7558337787786729, 0.35238291404928623], [0.24052365518265606, -1.5673439222514016, 0.6136219463541076]], [[0.4525131437231823, -1.6681824739992686, 0.368069519309302], [0.32764197435371467, -1.6138230014778299, 0.5972702541370672]], [[0.16995675563794652, -1.6633205041099772, 0.19601984552466092], [0.24437259742791298, -1.442832938882772, 0.3415141115480244]], [[0.313856776362027, -1.584837331026234, 0.27658963213122795], [0.38541165643435693, -1.5485709806209589, 0.31118195465273174]], [[0.18856737324420844, -1.440030812942587, 0.018259437700934994], [0.1621995455256656, -1.360160667403755, 0.11910204704113926]], [[0.27811471261742643, -1.394069735953495, 0.11913134262868334]], [[0.13334028781803448, -1.623614436222116, 0.09595917325862025], [0.3034699939051909, -1.4383318999275316, 0.0726798615124219]], [[0.1623687085143611, -1.5467074146144242, 0.12894743898063257], [0.3387980746145272, -1.4987415427587174, 0.05775860688297758]], [[-0.01694052902400199, -1.453639600060421, -0.2636986770215187], [0.23197012307780165, -1.3562976311544086, -0.43447128398333257]], [[-0.010799870566479342, -1.4205851588376572, -0.24955696774518354], [0.3500142659547573, -1.444218919310712, -0.310151153217319]], [[-0.21360449409578763, -1.3075000372676282, -0.8476382263775263], [0.27049398763399496, -1.3736032503808568, -0.802717330510741]], [[-0.15558485690842766, -1.3320423350149881, -0.77171970424328], [0.29695309854303603, -1.424455953531232, -0.8354984744216675]], [[0.4167033180888214, -1.7159405786436916, 0.3762287913905152], [0.3096693431863678, -1.592887756294732, 0.6262455416593059]], [], [[0.3112349496805644, -1.6657514890546228, 0.28204468241698144], [0.2860072858908138, -1.528327970180301, 0.4693921828425458]], [[0.07271408974517957, -1.5001735073374225, -0.06737561902044308], [0.28538409884616445, -1.4275195869565631, -0.1883563385501775]]]}