{"bodyId": "h0", "timestamp": 223981, "continuousState": [[[0.4673346641649086, -1.5975924346766752, 0.5499004132072862]], [[0.19943640125246906, -1.4301203495056352, 0.7778269930239862]], [[0.4421382968534103, -1.68009472813113, 0.5723247564463281]], [[0.2383772548550037, -1.5096193099771915, 0.8053082633178518]], [[0.35579885457067606, -1.7490286087137794, 0.35418804891008154], [0.18860576097195622, -1.5504132188762054, 0.6115793873928816]], [[0.4372456995220753, -1.6821957319755712, 0.4149800141717383], [0.3018297753191068, -1.6130077197571628, 0.6125788411216654]], [[0.1456477049136389, -1.653283195254835, 0.19896080400735947], [0.22520042246004504, -1.4326243207044989, 0.3715146260439685]], [[0.3175380218532195, -1.6103023624158823, 0.32844038536601444], [0.35616219366713564, -1.555924652805639, 0.3259840311203675]], [[0.1663535817318411, -1.4386769162189712, 0.023455503784679876], [0.11589185994057993, -1.337363771621278, 0.09789021308314932]], [[0.2727458187429747, -1.3894457923690533, 0.1253267464971027]], [[0.12396667701259059, -1.651724550995294, 0.15573896093886355], [0.32733542293858703, -1.4357701832907819, 0.13443206342176744]], [[0.15557158358107223, -1.5755036463309549, 0.1858155484888398], [0.3309549630737647, -1.4940078327562625, 0.10820141323158965]], [[-0.018016883247424856, -1.477804883124107, -0.23621295084455504], [0.32640371862418716, -1.3714361805913708, -0.26184390028504095]], [[-0.01283775260733114, -1.4233864504738318, -0.23404121196158484], [0.3417475133383475, -1.4377665593719458, -0.27851786049326166]], [[-0.19811435696472232, -1.3158095082496652, -0.8506079784646349], [0.26212975168340175, -1.3895558429103303, -0.8000948060736535]], [[-0.1580201851883105, -1.3393445174135719, -0.7447894673118303], [0.2811916098620691, -1.435913439547667, -0.8454394936735364]], [[0.41634525058991134, -1.7137629727196961, 0.38137704750517243], [0.2667048010938934, -1.5834283314741537, 0.6243154607212157]], [], [[0.2914467022178571, -1.6677394636152032, 0.30697040908954887], [0.2635150988895759, -1.522816020230831, 0.4920467335828169]], [[0.06877735016682368, -1.526654264727531, -0.02519870117785762], [0.32867934084897593, -1.4327220066738167, -0.07682124352672565]]]}