{"bodyId": "h0", "timestamp": 224048, "continuousState": [[[0.4447492724863004, -1.6115089496518784, 0.5741577279492711]], [[0.17061679168828664, -1.4257879443915535, 0.7665198026625505]], [[0.43617231740500373, -1.6844360098103608, 0.5740213011324757]], [[0.21291402154035086, -1.5082390638753618, 0.7940144221526486]], [[0.3524808097600599, -1.7503258446733325, 0.3501199221933048], [0.18795344267803785, -1.5594329917049652, 0.6138860282642522]], [[0.42999266603581593, -1.6852740005966824, 0.4167412316271402], [0.25254422631216583, -1.6134239663417296, 0.5839574297995014]], [[0.1417088604924249, -1.6510022324300666, 0.17437648565693006], [0.22991795584680086, -1.4363043518320542, 0.37783905615748153]], [[0.31662835333262473, -1.6158880591439901, 0.3349031667812412], [0.3586534926215318, -1.544110770186892, 0.3300828780361994]], [[0.1604933305692107, -1.4360154072345066, 0.012529459281790422], [0.11898974350539789, -1.3339536760045463, 0.09951692743817875]], [[0.24411867674661766, -1.3618815041514842, 0.09874858688154518]], [[0.12318396383551954, -1.652937401043262, 0.1584717274951356], [0.2801593448091032, -1.4385517559010415, 0.07471198522648433]], [[0.15885094789255116, -1.577300973134568, 0.17995788110066246], [0.35448515662861907, -1.478057006535285, 0.10577044779688867]], [[-0.015725342575489323, -1.4769286558852954, -0.230366560723568], [0.30605350590440683, -1.369586641412698, -0.3223046640507689]], [[-0.004720330778921152, -1.4279493822375908, -0.2164255992982339], [0.31986805184799166, -1.4324834013453966, -0.32318659390361154]], [[-0.18979420285884815, -1.3217746578375955, -0.8390545412841875], [0.30081475403456875, -1.387147472837825, -0.7869871435110551]], [[-0.15266455972654847, -1.3469240026970597, -0.7148551091736413], [0.2888527551494112, -1.4272332289272185, -0.8519051000204606]], [[0.395310613483241, -1.718670026582935, 0.3951311884432869], [0.2686903309637496, -1.5854889906467846, 0.6344801841083206]], [], [[0.2858507632641204, -1.6681381165133744, 0.2955588586420351], [0.24123109107948335, -1.5248641590868919, 0.4808982429784915]], [[0.07156280265853092, -1.5271148145099316, -0.025204339811452772], [0.3302693312665129, -1.4238218239739915, -0.10826710812694013]]]}