{"bodyId": "h0", "timestamp": 226728, "continuousState": [[[0.16441179246382104, -0.9830379681037368, 0.8094601855770918]], [[0.18672722317317106, -1.0176684415166448, 0.8197508962573209]], [], [[0.19054278241900238, -1.1164537044736373, 0.8376395674484568]], [[0.14018502599394106, -1.1227548648680075, 0.6778762216329741]], [[0.206010119471267, -1.2451645045552135, 0.6654198608318435]], [], [[0.35300711907138316, -1.214716515479569, 0.37575105820412613]], [], [[0.287227107754145, -0.9776234464099425, 0.04677912025457181]], [[0.33958540689746747, -1.062510947901092, 0.1971028234151222]], [[0.36845748036852044, -1.1649790810279779, 0.16067674805735918]], [], [], [], [], [[0.18315268758959313, -1.1945282840204277, 0.6803908064075922]], [], [], []]}