{"bodyId": "h0", "timestamp": 228001, "continuousState": [[[0.37658410789320984, -1.1660520198223139, 0.7168928431161854]], [[0.2349851655007044, -0.9935735064728639, 0.8183436675972138]], [[0.42340167699254455, -1.2531636920124618, 0.704035283252087]], [[0.2491478098900159, -1.0661255447849425, 0.8265620888962626]], [[0.3774676138713289, -1.326778683964928, 0.5220964094172723], [0.21000516261596022, -1.2367940894865734, 0.650474092196755]], [[0.42667600047998105, -1.2220672875591632, 0.6122719275688396], [0.2670465311253663, -1.1006353290627042, 0.6340619455108508]], [[0.17840549881457413, -1.2974038778607435, 0.25420933209753777]], [[0.44893345772793647, -1.00872201892472, 0.43008993523024674]], [[0.1120484661612848, -1.0245026722441326, 0.17530415588904202]], [[0.18375021714603712, -0.9091948312939355, 0.14793275589836843], [0.41237090615755234, -0.9250249771571333, 0.33965144339666314]], [[0.12485860110491541, -1.1816592761696316, 0.10852560504950794], [0.35805803625946875, -1.1668844630810582, 0.07516805433744662]], [[0.11757830986348972, -1.0684209502685522, 0.1662346243633765], [0.4263600568125146, -1.0364806731267346, 0.11534732665455953]], [[-0.0435048661516511, -1.0677386953033225, -0.19710514078545951]], [[-0.08343301410707042, -0.8246816516826925, -0.20985620652022885]], [[-0.17939847397603392, -0.8959254191949895, -0.7057270650969153]], [], [[0.4175536017827148, -1.2543623809821192, 0.5506773122764784], [0.22481655255628402, -1.16452077222891, 0.637763261309827]], [], [[0.3025407496472776, -1.2597355827099532, 0.4332406298331887]], [[0.03703672185591931, -1.0680798227859374, -0.015435258211041511]]]}