{"bodyId": "h0", "timestamp": 235974, "continuousState": [[[0.5127568606468785, -1.6391353820943604, 0.5495579126746256]], [[0.16580644000683878, -1.4838112485259627, 0.8102773726298345]], [[0.45479662529067005, -1.7466234396942404, 0.5502614734791207]], [[0.24463940411351565, -1.5608828531449, 0.8246918042060037]], [[0.3432201931961397, -1.7906580939492158, 0.3532852493524456], [0.24514528416167355, -1.63243445785529, 0.6421823147762096]], [[0.4577742192671632, -1.6683303696657246, 0.3512081930094494], [0.28778281116855553, -1.6158191500413233, 0.612023227582006]], [[0.09068511198284643, -1.7132296332954615, 0.18428982893873513], [0.24188964255028872, -1.4890631847657316, 0.37480182480725605]], [[0.42983689974136907, -1.5487957365502838, 0.32130073912438]], [[0.19860042483550405, -1.4925968231732887, 0.11585476743388971]], [[0.22454703271924153, -1.3745466143583196, 0.1837593679971303]], [[0.0946549279368607, -1.6190201619759998, -0.05946168799661018], [0.4509999808966343, -1.5210615129118055, 0.23563485805789058]], [[0.12630583080255844, -1.5114522593501682, -0.04098538745948008], [0.35447408330920643, -1.5212050323608375, 0.111873427649517]], [[-0.04435317579548732, -1.5000626770655376, -0.3277393489029789], [0.3019266510246043, -1.4293537791330875, -0.24365986296011555]], [[-0.04403424014669775, -1.454821654888624, -0.2814320461634284], [0.3070195082197515, -1.4457487555096507, -0.24530312802674234]], [[-0.18925646322524556, -1.3702583748312736, -0.8354446036531386], [0.21438312934949044, -1.481119584285623, -0.7521851193494092]], [[-0.17365682898961257, -1.358349137852567, -0.7818348366624186], [0.2179097265268183, -1.490765027332631, -0.7685135759991406]], [[0.38278899456140864, -1.7416962640842941, 0.38504132255067], [0.24920705248745958, -1.624603636792321, 0.6204752634447557]], [], [[0.27422966562500484, -1.6907800014805932, 0.26774901097409226], [0.2648362268594221, -1.5524411674035274, 0.49341252619463105]], [[0.04097632750353557, -1.505757468207853, -0.18436236818122947], [0.32820036716690537, -1.4752794057469625, -0.06589321765529928]]]}