{"bodyId": "h0", "timestamp": 238453, "continuousState": [[[0.37940953156721896, -1.6377563322136846, 0.5697779231722767]], [[0.07957008149439003, -1.4643451169921455, 0.7987141238760016]], [[0.3387887240189328, -1.7087512506620046, 0.6078204784541643]], [[0.11919931911816274, -1.5599769313721652, 0.8105700806869626]], [[0.20220258674450617, -1.7810315253327782, 0.41000413174039907], [0.07455227226002353, -1.5423817354477187, 0.5875285902517005]], [[0.32322695487591413, -1.7200670885703877, 0.46482148812591073], [0.2066922412783308, -1.6516025411398105, 0.6106268449351483]], [[-0.03448021277761112, -1.7560321522140623, 0.19020208497957902], [0.11173657631050468, -1.435346041978389, 0.30678128770328206]], [[0.2764839364356176, -1.642134340239151, 0.31426076370159195]], [[0.05170569049088482, -1.4760083389498204, 0.11685401537808866]], [[0.27738171541486967, -1.4099449245249998, 0.013572481220905047], [0.11356175853294757, -1.380002279458898, 0.1694636123017308]], [[-0.06170822265293731, -1.61441693157606, -0.199689258813411], [0.17810772436888078, -1.4306594143411906, 0.0253444887612161]], [[-0.02658836295091396, -1.543721197669236, -0.07340433786629547], [0.15457798276144058, -1.540524323766143, -0.022324410254341728]], [[0.25200939654667287, -1.4068814288626055, -0.3046199440718731]], [[0.23487894138274282, -1.4406834299791704, -0.3140150228298596]], [[0.1859025503284845, -1.4538469231455229, -0.8167697335856158]], [[0.22339107803271896, -1.4736396463030708, -0.8213678941798896]], [[0.28975938131247553, -1.7534821881968161, 0.446541942664722], [0.18322220107070872, -1.5990027087042482, 0.6267811283302374]], [], [[0.14437337104915152, -1.7380496203922249, 0.3275117865527449], [0.15921440879441773, -1.5434742915590998, 0.4587040663192152]], [[0.11271051679787945, -1.4753013132659207, -0.18901214096908428]]]}