{"bodyId": "h0", "timestamp": 239525, "continuousState": [[[0.35860610528565595, -1.6530433566931853, 0.5743809294558445]], [[0.04371210041189033, -1.4740573449054808, 0.7854246509618439]], [[0.319448924699331, -1.7474329213982414, 0.5930133936890732]], [[0.09063114573070197, -1.5633331975679199, 0.799033271501261]], [[0.15055227867977528, -1.8041991969416995, 0.41418563262295993], [0.026794317893825338, -1.5697078504013449, 0.574508520913834]], [[0.2846555240367946, -1.7199237231135445, 0.48091761547027806], [0.13084969091735912, -1.6539470141283066, 0.5862278270431919]], [[-0.06157638923881956, -1.7441059890190531, 0.20330510231971857], [0.08082904349827254, -1.4550028294735284, 0.3327312602596128]], [[0.1809322718371967, -1.6187452850923547, 0.332568083752411], [0.263415241235936, -1.6117580219142607, 0.32897839041986343]], [[0.026797772226212487, -1.4939041242578581, 0.13854271089311895], [0.006429802152093316, -1.3538231201125641, 0.20090598078373909]], [[0.20336106647844565, -1.4342660843103066, 0.043702430352821696], [0.07289950981251604, -1.380837250786637, 0.1854833945607304]], [[0.09248061035957926, -1.4381463718601968, -0.03511300972297681]], [[-0.10002504818142938, -1.5078402880876693, -0.16681976174348598], [0.10198663784329255, -1.5401761522497028, -0.051464672629760795]], [[0.21330005505521807, -1.4033080719647852, -0.3033584104930417]], [[0.21395103751197347, -1.4392226911117125, -0.3196346901429636]], [[0.1846871309537255, -1.4472632012204394, -0.787613571770278]], [[0.17688426182882883, -1.4694569600239222, -0.8427876024728118]], [[0.2455560224595506, -1.762883193160488, 0.4334677980643105], [0.1157087164392633, -1.6158674080318904, 0.6018785295904306]], [], [[0.11153956739898753, -1.7320148560662987, 0.34211135889499833], [0.10583936720781584, -1.5544749218009175, 0.4594795436514023]], [[0.056637503436894346, -1.4555741800262272, -0.23508908611826385]]]}