{"bodyId": "h0", "timestamp": 243210, "continuousState": [[[0.3639575505674388, -1.64934098231679, 0.56663851173091]], [[0.058170743815380094, -1.4775661913630214, 0.7923868255751817]], [[0.3239583942326281, -1.7471416017193895, 0.5997670548256369]], [[0.09042837949361184, -1.5668811536015532, 0.7985798188960819]], [[0.1568223650653839, -1.8064804666011407, 0.4110668796064197], [0.01970941095595822, -1.5660259319782976, 0.5695880079513147]], [[0.2941933076252422, -1.7257401758423476, 0.45101529624281717], [0.132807412710981, -1.66444112562583, 0.5799551441531587]], [[-0.06156543722942345, -1.7490175492438, 0.21733363486728058], [0.03600066734609891, -1.4568479776887606, 0.293163635842571]], [[0.15722421188878696, -1.631045468937492, 0.3334430248598367], [0.27433381351432784, -1.6287197459562124, 0.3246523042624419]], [[0.039969748480620126, -1.4911393508227342, 0.13339887363966385], [0.038368047326089255, -1.358187096124842, 0.21968713109737428]], [[0.18886162332409026, -1.4432543143774297, 0.03881395854261359], [0.06892817138687792, -1.39331647540415, 0.18315443101997333]], [[0.08433617469114188, -1.4416280781817414, -0.05324643955956776]], [[-0.12750311335573064, -1.4982159502093901, -0.19106301029631753], [0.09491067738404309, -1.552430082455346, -0.06781344158176694]], [[0.21537089435555867, -1.4017727220567493, -0.30242970112404716]], [[0.20361756795516497, -1.4417151331152167, -0.3331114180846121]], [[0.19027370910923583, -1.447274646787507, -0.7931603978917785]], [[0.1940506588334308, -1.4690183699960364, -0.8532891562067045]], [[0.24076935489627727, -1.7675793473325543, 0.432977767912094], [0.10377975171797879, -1.6179008957199625, 0.5921882496207733]], [], [[0.11631393519790938, -1.737378862543074, 0.33417446555504887], [0.08440404002853996, -1.5606445516572953, 0.43655938999786487]], [[0.043933890499914016, -1.4499943361330696, -0.24674635571018233]]]}