{"bodyId": "h0", "timestamp": 252858, "continuousState": [[[0.36949175458477357, -1.6523764139406008, 0.5678936306489217]], [[0.10197842499851367, -1.478378754047497, 0.8048233706336096]], [[0.33623305885629035, -1.7273858705803429, 0.6036595229014309]], [[0.10102323858379259, -1.573625632212057, 0.795085379595775]], [[0.19989325117103282, -1.8041755319546173, 0.4097015026533152], [0.019914310637652987, -1.5631108664188658, 0.5633444821050627]], [[0.3043099134693562, -1.7363802483900095, 0.4777804944643397], [0.1629090452781111, -1.6719740506397065, 0.5906105925369297]], [[-0.05546528528706355, -1.753993576919306, 0.21767368825269842], [0.05772709114774852, -1.457391143690923, 0.30450768345395546]], [[0.25742606539606505, -1.6449061064037127, 0.2906081649637485]], [[0.04706979261211649, -1.4895036651852978, 0.12138272380825152], [-0.03548437892039851, -1.3549942791206295, 0.15936711020884628]], [[0.0895055030938945, -1.3988186651422805, 0.19497824305063977]], [[-0.09987340948430716, -1.6097728615199707, -0.1593503721890163], [0.08387128373294035, -1.431794828194905, -0.06216072663992782]], [[-0.07467823965858657, -1.5205850909582572, -0.10751218582673096], [0.11805815033147564, -1.5532127210961408, -0.061628964105824253]], [[0.21738371352372132, -1.3878018524400269, -0.2956394155379114]], [[0.24361645128061263, -1.4395018739202983, -0.28561562081922487]], [[0.1848938610175544, -1.4404236435789715, -0.8029195988098665]], [[0.2032384476158702, -1.4655839592356399, -0.8282988276777076]], [[0.2743744184415125, -1.7669413004485008, 0.4382801208565267], [0.12089688324314647, -1.619272656442755, 0.5961609508703323]], [], [[0.12442231409114633, -1.7451869126546578, 0.34772709135851904], [0.1103180682129298, -1.5646825971653149, 0.44755913799544256]], [[0.07135273693256738, -1.454193471699142, -0.20157580068232117]]]}