{"bodyId": "h0", "timestamp": 258486, "continuousState": [[[0.15673182076262537, -1.444921426921053, 0.8232129213259112]], [[0.13322673927572418, -1.4723008337392516, 0.8068937197413395]], [[0.3954142926755697, -1.6957336552869382, 0.5934150142018068]], [[0.1415291769288174, -1.5665324951482364, 0.8018687309097415]], [[0.280257582765414, -1.7772561234539597, 0.42187307562164145], [0.011017447495246415, -1.5317331690305243, 0.5318546977735361]], [[0.33735837907953503, -1.7156402506852209, 0.48638453980699636], [0.19721207256269008, -1.6583541458908742, 0.5869864995375292]], [[0.024411330560769842, -1.734712365064615, 0.26296769060123437], [0.09545149162426242, -1.4444572232354358, 0.235601361452633]], [[0.30330336403890623, -1.6349942995562423, 0.3222419845800687]], [[-0.11405088188634759, -1.5991107693207187, -0.03659579632909413]], [[0.31133712464971675, -1.48688566631978, 0.052785174857122454]], [[-0.03244497181880345, -1.6599712523224257, 0.14986770538713903], [0.23891526078030506, -1.4423488341589576, 0.0678999999154289]], [[0.3114712926042992, -1.5448998838926076, 0.10003448129742014]], [[0.2649700614959945, -1.4212673321510536, -0.29299552944880136]], [[0.2502064805861144, -1.4693705674458786, -0.3280148083232198]], [[0.19382848834378705, -1.4200794914385977, -0.7889746757970695]], [[0.2244252523910202, -1.4514477554034493, -0.8280807252722268]], [[0.33201460085879597, -1.7439296377256026, 0.4374600629732809], [0.13955825677604594, -1.5959355544090463, 0.5801377815061847]], [], [[0.18088485482015243, -1.7251763078749178, 0.37467611520411537], [0.14633178209347625, -1.551405684563155, 0.4112939304950811]], [[0.28822067705014687, -1.4830836080218306, -0.0964805240756906]]]}