{"bodyId": "h0", "timestamp": 258687, "continuousState": [[[0.17897141301438796, -1.4335202859906464, 0.8231678624097941]], [[0.16220711576331268, -1.4628145050610717, 0.8060007677355348]], [[0.4293842852934294, -1.7032179784228219, 0.5831657807728563]], [[0.19445846436730585, -1.5590726176619962, 0.8108040455395378]], [[0.28317018055533955, -1.777731300355963, 0.4100474547699521], [0.05850906167254493, -1.5257330349078915, 0.5507742300451075]], [[0.36853702873544586, -1.7105905062563678, 0.47066080346148487], [0.20825616728457316, -1.6539302863478844, 0.5703872690329581]], [[0.04973782489973553, -1.7253950075106848, 0.2571574152655376], [0.09837625664213351, -1.4434593895480432, 0.2271148956165357]], [[0.3143568152884402, -1.6120581491448527, 0.3413237410325553], [0.3608391591224754, -1.6218423926452281, 0.35594838942987306]], [[-0.06113434059068328, -1.5644007404166476, -0.026055487743338063], [0.24223522798772115, -1.3823038527277298, 0.044525328957269496]], [[0.3193965697723429, -1.4845645561425058, 0.05109381902872133]], [[0.01341795346726019, -1.6619258567587922, 0.15399163241103042], [0.2907834583430472, -1.449128642814706, 0.11473440442062974]], [[0.3349213408131079, -1.5422999714950287, 0.11636095358613512]], [[0.28157570718333386, -1.4352065221009267, -0.272836218833213]], [[0.27438577991014973, -1.481556889793893, -0.29590272099768344]], [[0.20874117797009034, -1.4296322195220703, -0.7673962692957463]], [[0.21027595767172624, -1.4638707273806908, -0.8452150582601287]], [[0.35024988627150305, -1.7433393991102466, 0.435170716769167], [0.16653125375596597, -1.588895092507275, 0.5813345930721507]], [], [[0.2091374268175907, -1.7179927568835263, 0.36390910936351123], [0.15331621196335332, -1.5486948379479637, 0.3987510823247469]], [[0.3082485239982209, -1.4887532467979776, -0.07823763262353894]]]}