{"bodyId": "h0", "timestamp": 260630, "continuousState": [[[0.4897683442090943, -1.6164341888677227, 0.5468426321322064]], [[0.20430460622222382, -1.4487382569279252, 0.8022924632469407]], [[0.4559245162525987, -1.696604194246268, 0.5670832340123498]], [[0.21870195687389515, -1.543101625049142, 0.804176186644167]], [[0.351717909626167, -1.772939962047619, 0.3774591691150647], [0.18798421841840582, -1.5653802838905946, 0.6093657147812699]], [[0.4236778822322455, -1.6872404061891553, 0.4025903759920357], [0.2551380968449432, -1.640159236280576, 0.590013806234708]], [[0.11370891909421249, -1.7124423036835588, 0.20338008542563285], [0.23233130716688766, -1.4594757964213354, 0.32902714544609646]], [[0.3298428938721684, -1.6088703840325582, 0.32854468558207645], [0.3606163268445521, -1.6034010962976963, 0.3320386649063344]], [[-0.005392507616105945, -1.5429360596121202, -0.05008996255120132]], [[0.3710653660859357, -1.4857711023757094, 0.03035512738898842]], [[0.08513318555754301, -1.6575456872221845, 0.10580463025153108], [0.32453318530794534, -1.4556622606158274, 0.15865756702509726]], [[0.1357826815388518, -1.5787627605304269, 0.13532159970556176], [0.3736025453821039, -1.5323384516211644, 0.16054479952282963]], [[-0.06140789387773805, -1.5181270216034342, -0.14316594638427432], [0.3947036567131629, -1.4286318106658589, -0.13301839177645366]], [[-0.049854834068613345, -1.4706939267626375, -0.14046157957234026], [0.3291260707943686, -1.4640781440118862, -0.223253464788339]], [[-0.18919205024902966, -1.3610516704168425, -0.8334758775991995], [0.19334145876392927, -1.4473577962822082, -0.7692143155190267]], [[-0.17841049927250022, -1.354285192939306, -0.788582877948983], [0.20836427286274625, -1.4677533932404203, -0.828762303626276]], [[0.38902802057780994, -1.7317966392114041, 0.39630343105103066], [0.23959210874998438, -1.604903637678884, 0.6154671906168869]], [], [[0.268693400663229, -1.699841354936357, 0.30298523070883426], [0.24373470200591543, -1.5498175163509558, 0.45952047584040223]], [[0.037187393830556886, -1.5484448910669304, -0.00392217333935628], [0.3841531010476334, -1.4804851311435117, 0.013763203873187982]]]}