{"bodyId": "h0", "timestamp": 26264, "continuousState": [[[0.5325255409474642, -1.6555081909777325, 0.5122085982725205]], [[0.2556872618536165, -1.5044722709121512, 0.8284039883599856]], [[0.4922973700152874, -1.7382976364125424, 0.5350060766782578]], [[0.23932632663263712, -1.5899789160250892, 0.8010429901609087]], [[0.4066252358605554, -1.7983573113226925, 0.3783941226281859], [0.23706879720223423, -1.595992128951096, 0.6336407364697775]], [[0.4720783364379832, -1.7203582398109258, 0.37238875737880106], [0.271166881626775, -1.6861287319646583, 0.5814829081315833]], [[0.14428425323589447, -1.7060889069274985, 0.17625804558980507], [0.1895235728764726, -1.483579856979822, 0.23969477439303613]], [[0.3749148926834061, -1.6232250745368488, 0.28730200575740467], [0.37803418876319234, -1.6581229623566882, 0.2756328729723489]], [[0.04553800858460841, -1.5253258694656375, -0.08069226708850488]], [[0.386180974116028, -1.534098098059982, -0.02672688070644517]], [[0.13154058852019762, -1.7058000469972399, 0.13870844483442146], [0.30997739750627445, -1.492497182313147, 0.04355429678525297]], [[0.21251052871051224, -1.6221056179721818, 0.14663545458217708], [0.3850003588728782, -1.5812602351660932, 0.09663345302890207]], [[0.005543851636221348, -1.5248562620315884, -0.24875265569669294], [0.00849179499521847, -1.4592328622164634, -0.673370823291509]], [[-0.01068208428037059, -1.4906402612817216, -0.15039900722910807], [0.26734947835545425, -1.503938944325017, -0.3816514140312627]], [[-0.19203553987990463, -1.3791367308179838, -0.873103678053581]], [[-0.14967267099718645, -1.3912328347235083, -0.7744980203358696], [0.1966462462345644, -1.4995487975402448, -0.8496407386051757]], [[0.44087564540741975, -1.7598196797120327, 0.38323886766623105], [0.25195635126444565, -1.6380337399962324, 0.6076681530609801]], [], [[0.30818129483693885, -1.7132235733692123, 0.27432340148430306], [0.2303452272516238, -1.5848542944722401, 0.4105888412623097]], [[0.10902719017336679, -1.5734809400018852, -0.05105860055725793], [0.19674607693404833, -1.5202465486912784, -0.2883686851313035]]]}