{"bodyId": "h0", "timestamp": 267062, "continuousState": [[[0.5844260500224278, -1.2342304722075437, 0.5728416151067188]], [[0.32580133472462286, -1.1354544567404725, 0.78459569916093]], [[0.5455595261200208, -1.3544113524696317, 0.621349890584857]], [[0.36623625924784003, -1.2323109930196128, 0.8181525776945584]], [[0.4088308704534114, -1.4729437122203912, 0.44666513839643857], [0.27938698735315504, -1.3516520065257163, 0.6366045996477526]], [[0.47001354069203755, -1.3715315240296875, 0.443934750641357], [0.2885576898165216, -1.2790719523547414, 0.5409175774741052]], [[0.20606471288019607, -1.4346549834835465, 0.25100676131968797]], [[0.5103929180931411, -1.2279233467244393, 0.3183943835623959]], [[0.06169134644322276, -1.2615575980593554, 0.09614986069305814]], [[0.3963028107111816, -0.8756931162307763, -0.01678515860715129], [0.36315695874808646, -0.9683922879882612, 0.11677830960500364]], [[0.12776767287285049, -1.314413524026169, 0.12294923322275964], [0.49757733099794066, -1.2253590214347978, 0.2336101025308717]], [[0.15835924480419789, -1.2300508280073281, 0.11275605593102705], [0.4162216374400123, -1.191824682481648, 0.07741426920437221]], [[-0.0420228195508833, -1.0867993016060973, -0.19392371056159755]], [[-0.04335703604566521, -1.0959853609583778, -0.19529253429786717]], [[-0.15304844269417878, -1.1890642465126275, -0.596870880554849]], [[-0.15360161448896723, -1.1877515281808846, -0.5752230388622552]], [[0.4622920646941954, -1.4109894675139936, 0.42742181897574133], [0.31717680551607735, -1.319707214180104, 0.6174091577582237]], [], [[0.3380391267861168, -1.403093253756617, 0.34747075598052246]], [[0.05816821262665729, -1.1584250648067127, -0.040583827315285245]]]}