{"bodyId": "h0", "timestamp": 274566, "continuousState": [[[0.5402087064609133, -1.5861667069242489, 0.5425449141320028]], [[0.21586279991821924, -1.4350428763956087, 0.781973365858753]], [[0.5238851578427911, -1.6925048516245904, 0.5376741383111598]], [[0.2965872874444699, -1.5157369168887356, 0.8211343710155258]], [[0.3989368414319744, -1.7365346647806663, 0.33165350410056454], [0.29008836487775036, -1.5563313730557606, 0.66700139189966]], [[0.5360193719761701, -1.5958165265650839, 0.3596475678929767], [0.3422304507132462, -1.5996154278000798, 0.6109155192292487]], [[0.19419064860189975, -1.6601365118766374, 0.15396155107823142]], [[0.45665034999935417, -1.5547874108090332, 0.3644051717373229]], [[0.10072279418297535, -1.500583056233304, -0.043529966376403766]], [[0.41129180461745274, -1.4274436483866557, 0.11019734909382055]], [[0.1488095005532661, -1.6170124847857452, 0.06290793603317639], [0.43076977720734794, -1.4593286645753942, 0.21990959660400927]], [[0.18404007684655455, -1.5001768444338854, 0.023361981274597383], [0.44788386517042433, -1.5276100438351166, 0.18907372877554848]], [[0.020611601173472705, -1.4472709835422362, -0.3105475597188315], [0.3430552353340977, -1.3689570466611085, -0.27455574937751087]], [[0.01848137771797059, -1.414547553027164, -0.2802698411355209], [0.3810806465583057, -1.4477857326862928, -0.24576197051124132]], [[-0.17539206643044258, -1.3046336727420336, -0.8712585732532084], [0.31003751245165495, -1.381101360778998, -0.7795747618387766]], [[-0.14909375156557608, -1.3197028744445611, -0.8115684679491451], [0.2953139369540161, -1.4386699877088582, -0.8395349541017729]], [[0.45682043318161364, -1.6830385117109907, 0.38349745513338984], [0.33648840070416236, -1.5811931246985436, 0.653202928671029]], [], [[0.3651050102890349, -1.6279765192208606, 0.25680455948560404]], [[0.10232583901001363, -1.473723913988061, -0.14359278922211707], [0.39546955025226105, -1.4482835452481124, -0.042741010300981194]]]}