{"bodyId": "h0", "timestamp": 274968, "continuousState": [[[0.5229298570064728, -1.5980025229669126, 0.5579958895179836]], [[0.2006210041993986, -1.4327645552849086, 0.7692040390571936]], [[0.5239142265879195, -1.6972913084614438, 0.53462730324953]], [[0.2855799291340179, -1.5151360853616207, 0.8140723478979894]], [[0.39330898876034365, -1.7406759273365784, 0.3376348269004484], [0.2832414574176789, -1.5633541823223673, 0.6661864633195239]], [[0.4959804122739634, -1.620952160755698, 0.3785223456093597], [0.3365309716455474, -1.6001982818695597, 0.6148462240213662]], [[0.16690513331488746, -1.6926182052322618, 0.12928816048698763]], [[0.33929349218212534, -1.5839621764565766, 0.29052814808922356], [0.4464417079803236, -1.5598051597281912, 0.3551845907156585]], [[0.14337597566470645, -1.4495464832536096, 0.02698868288510357]], [[0.4064016909126308, -1.428936170430896, 0.09977016141693798]], [[0.13932366015880956, -1.5999286720486796, 0.02214526365909137], [0.44151003345001777, -1.4661903876274387, 0.23262157341454645]], [[0.1927993096486066, -1.4964012042300214, 0.03744249634635344], [0.42853561183761235, -1.5257353261406004, 0.16837180008599104]], [[-0.0024648870423873747, -1.4430410778241967, -0.3224955490579011], [0.3729706328326106, -1.4094363139629142, -0.23745943485629756]], [[0.008864928501596125, -1.400002408619698, -0.3002851647473947], [0.37890412043887817, -1.4534980066851644, -0.24411222401833857]], [[-0.17937462091408832, -1.2971342204054908, -0.8780029879113713], [0.32130639633975033, -1.404534884806391, -0.7478951626768305]], [[-0.14759639184433568, -1.3202483859467298, -0.8084114585142056], [0.2977408298135761, -1.4471426291460219, -0.814811790337458]], [[0.44659939661378867, -1.6863889838437316, 0.37412617752157346], [0.30973410847946026, -1.5860777229698788, 0.642308579936129]], [], [[0.3314427727944254, -1.65678518299398, 0.2539052530481737]], [[0.09516721130310961, -1.469721141027109, -0.14252652635577384], [0.4007531223351115, -1.4675858200517573, -0.03454381738515326]]]}