{"bodyId": "h0", "timestamp": 275437, "continuousState": [[[0.4895528014557551, -1.6019067502151678, 0.5414915499338832]], [], [[0.4964736475153075, -1.6970113042172128, 0.5559224881603393]], [[0.21700430002117968, -1.4738853183664151, 0.7759686170523236]], [[0.42047295494092346, -1.73035504427023, 0.39294912870069676], [0.18366492494529849, -1.6769529946218837, 0.6023100719931206]], [[0.42684640184710854, -1.705994654189308, 0.4557992594246307], [0.24682873128957045, -1.5358879878612792, 0.5888603627304337]], [[0.22247805996355077, -1.600632149181096, 0.4249487549242774]], [[0.42485083194947515, -1.529288600916461, 0.4235771838204096]], [[0.1952443960934499, -1.558125775004231, 0.44962284971194877]], [[0.41020299048160475, -1.4364146922013896, 0.17053495539421487]], [[0.2075635181888715, -1.5877974237947952, 0.04425435198408286], [0.45398837404399706, -1.5388503634631132, 0.26596871796446886]], [[0.22683014076332164, -1.5261639660711714, 0.06314609737168689], [0.4542364055707535, -1.51208290749929, 0.2546214701317158]], [[0.024488094139069744, -1.4518663388448851, -0.2742760815001886], [0.37438928205547745, -1.4495221694299307, -0.16691088262752146]], [[0.03377691209215999, -1.4389566794213307, -0.23423637605413705], [0.36186863340348646, -1.4443329992706342, -0.2055783781194491]], [[-0.17173184292183424, -1.303063585231219, -0.877381710882577], [0.28920482304839834, -1.4162582203224003, -0.7582129986271849]], [[-0.14145757526408012, -1.3259877868273224, -0.7966535772859934], [0.29083630197549704, -1.4464171576595501, -0.8172761170239031]], [[0.43091429132273223, -1.7251721206600725, 0.42738877611023623], [0.2540783161556476, -1.592954385558445, 0.6353561802059601]], [], [[0.32466223090532964, -1.653313401685202, 0.4403740071744541]], [[0.12565911745119568, -1.4890151524580282, -0.10556499206425086], [0.4143128438131155, -1.4808025384646104, 0.04385529375209718]]]}