{"bodyId": "h0", "timestamp": 279993, "continuousState": [[[0.5547586591704783, -1.5738912779339866, 0.5205165844166295]], [[0.2748199859785327, -1.4355596047783923, 0.8045327768247663]], [[0.513336035363193, -1.6704159476907314, 0.5496778889071295]], [[0.29097352801145665, -1.5214370425500432, 0.8107909567401693]], [[0.38219199229874956, -1.7485287257801814, 0.3816435903557767], [0.2143837088825769, -1.5531821892332982, 0.5844296053111039]], [[0.4782166580287407, -1.6490934463671318, 0.397781592442949], [0.31888053909575115, -1.6131480444580928, 0.5856924332696315]], [[0.166606873741157, -1.6805466626287817, 0.175135538388266]], [[0.3640309049373666, -1.5896301537456188, 0.30779727901685827], [0.43911502981281386, -1.5460839969491782, 0.3230454996139345]], [[0.057428523519796895, -1.5130259528748824, -0.0540644243940053]], [[0.4177603112506863, -1.4231115308734308, 0.01738015230714086]], [[0.14337441867543402, -1.6308656470125433, 0.09051397570312429], [0.3524563900640367, -1.4062246455806506, 0.06866523428469032]], [[0.19274991510542447, -1.5258654826269276, 0.07269360745465496], [0.4407080094910696, -1.4960764002078293, 0.11271721334262179]], [[0.005549264439978515, -1.4694655018474585, -0.1868868730175725]], [[-0.0009396925405982301, -1.4537694120394822, -0.16210372308553042], [0.37686241107908, -1.443241161998546, -0.2541963213165561]], [[-0.17953735221393582, -1.3016262787966868, -0.8822926773971818]], [[-0.14941665999659123, -1.3243706471017496, -0.8160631852705291], [0.26895585424728324, -1.4479337674993833, -0.8403286490398487]], [[0.4384931075377886, -1.7014421339457995, 0.4007410251310266], [0.2804875759727097, -1.5861984350804368, 0.599461655626259]], [], [[0.32241176588494885, -1.6648200544979568, 0.2864585654156075]], [[0.0991495897727015, -1.497665492237193, -0.057096632781458774]]]}