{"bodyId": "h0", "timestamp": 280395, "continuousState": [[[0.5257646587776347, -1.5850381288862085, 0.5454842996227408]], [[0.2600712527041544, -1.4312527366847216, 0.7948210044490073]], [[0.5043402308374912, -1.6707777472488357, 0.5468889236976422]], [[0.29178471033168923, -1.5151887071306849, 0.8126471290986705]], [[0.3689085451537873, -1.7485080491991511, 0.35813541890593453], [0.2517450836053115, -1.547194940952306, 0.6130940437511992]], [[0.47782892056225723, -1.6461890418832337, 0.3914938082919077], [0.3223674720338695, -1.615697802043923, 0.5954690842151197]], [[0.1889073618963668, -1.6762016584867052, 0.11817812921352697], [0.2731477034998607, -1.4407601003146127, 0.2917832702200469]], [[0.44219108695498244, -1.5659073100086762, 0.3495736037826323]], [[0.05835117454752611, -1.5071481016257464, -0.07353725310002142], [0.2855273907550056, -1.341556289997512, -0.05713593721793177]], [[0.4249808031930295, -1.4387096011460883, 0.05748649852233575]], [[0.14798310252827854, -1.6153029384102398, 0.058242793405679096], [0.36229663986775856, -1.4170808269737167, 0.08665586952364311]], [[0.19312432256922482, -1.5118066442874118, 0.0581403166780633], [0.44292293559669926, -1.5151609874068264, 0.15199367889165205]], [[0.005702771969340119, -1.461721946840011, -0.22409635538985118], [0.34638930347152724, -1.375020497438385, -0.2800651880859555]], [[0.002327349028305946, -1.4427088007416495, -0.21519771974920446], [0.35675979759997245, -1.448985323520721, -0.27874513926662325]], [[-0.177530575834278, -1.3019069493161646, -0.8733899638593703], [0.2706130246832277, -1.402676263914941, -0.8267822187912963]], [[-0.14715996178357185, -1.3291752450347958, -0.8019889217694363], [0.2816879639501087, -1.4439112030991785, -0.8296293367189321]], [[0.4314002096090574, -1.7008299236117514, 0.3851500964700697], [0.27967496784264106, -1.5855013046951998, 0.6039307012322943]], [], [[0.333368141229312, -1.6611953501849694, 0.25483596875271736], [0.2977575877668651, -1.5282289511792677, 0.4436261772175833]], [[0.09941354726928248, -1.4867642955637115, -0.08297801935589394], [0.3946561195341133, -1.4450907424226056, -0.06403575459715172]]]}