{"bodyId": "h0", "timestamp": 283142, "continuousState": [[[0.5280425587780894, -1.588987013240415, 0.5403117052851687]], [[0.2633190072153254, -1.4354700817174293, 0.7947193692285729]], [[0.5021395480246625, -1.6783255243980117, 0.5539907365607946]], [[0.28388916586606683, -1.5210794418413367, 0.8084838975700748]], [[0.37867217586170643, -1.7505873650568553, 0.3505624292150542], [0.22787279034225777, -1.5423720372743064, 0.6004467958853056]], [[0.47247353790751123, -1.6668874965013014, 0.39099630240170336], [0.3389906436468027, -1.6203055114160292, 0.6092759498295659]], [[0.1765054390206716, -1.6869305556118837, 0.15828304904661877], [0.303388830666574, -1.4343764797252612, 0.31983632076867663]], [[0.3468105840548207, -1.592564723893727, 0.2999294290179412], [0.43181642448443197, -1.5701847307451435, 0.33579050992400994]], [[0.047985785563247535, -1.509523873979185, -0.05859989312569746], [0.2175636330790867, -1.3262154122760026, -0.1340770489174847]], [[0.4077846327494399, -1.4455142116176516, 0.027343817176724315]], [[0.14657417422524582, -1.6240946737096, 0.0742490994983541], [0.3636770297877556, -1.407490934297988, 0.08516916471364061]], [[0.19342266870894184, -1.5228508168958779, 0.060486937680728714], [0.4334553359326351, -1.50889439180789, 0.13752482404385047]], [[-0.0025407340145380884, -1.4696489816835347, -0.17451327366194413], [0.24289312693942453, -1.3481869723336666, -0.4124133057373149]], [[-0.005387535892498533, -1.454656691780492, -0.17448504347849483], [0.359217874133303, -1.4456608518163754, -0.2779543597957161]], [[-0.1821242121804899, -1.2996082881426347, -0.8732526926199539], [0.29251955945641883, -1.3911049859991858, -0.7918887966228374]], [[-0.14846748007317395, -1.3272542622953896, -0.8081172058421525], [0.2828000197441745, -1.442994981022429, -0.8275919513574724]], [[0.43160215457717827, -1.7108049611695635, 0.38548441545482753], [0.28240525568591124, -1.5854810851473653, 0.6086312241709022]], [], [[0.3244894884640914, -1.6769090260565926, 0.27463967572416104], [0.32118973715668836, -1.5273409955706452, 0.46455613529912126]], [[0.09544096734720188, -1.4962498992897064, -0.05701316799060771], [0.3381742314360298, -1.4285406820707784, -0.1374442408467322]]]}