{"bodyId": "h0", "timestamp": 285889, "continuousState": [[[0.5331179206738164, -1.5607433711087895, 0.5296313363779196]], [[0.2609166604854611, -1.4211848084803367, 0.7974021160054573]], [[0.49551709386975273, -1.6560370053952365, 0.5617890378365379]], [[0.27579174655646554, -1.5044588558855359, 0.8074706446416904]], [[0.3731585663081748, -1.73103889730875, 0.36120904477776256], [0.18635673324129584, -1.5112717517680392, 0.5993685312662896]], [[0.4707663132254399, -1.6510144577366672, 0.4054513277928834], [0.31861022589002, -1.616219800164822, 0.5952719679211218]], [[0.16995071122270128, -1.664230912025713, 0.13073135636502], [0.2957659519248466, -1.4262984037471294, 0.31977627061295427]], [[0.4253469484736838, -1.5587783703327436, 0.32835002824832216]], [[0.04066113753163586, -1.4969072926518816, -0.057398007320934315], [-0.06670159756856356, -1.2924743186331202, -0.4478558117322866]], [[0.40497349072980865, -1.4292232720003522, 0.029314490832547564]], [[0.14499718788082788, -1.6216457431902922, 0.06962347543846227], [0.34531760293077923, -1.3960950242423535, 0.0749623180900021]], [[0.18494126052004303, -1.5377923878288953, 0.09355871055605257], [0.4405727153343862, -1.5107364145518105, 0.1509825011851476]], [[0.005082027402398524, -1.465428637935245, -0.24663439247840482]], [[-0.006595936535337842, -1.4423834933682396, -0.1871345306358869], [0.3569235424304347, -1.454865542473893, -0.2867064026133926]], [[-0.1837171266009717, -1.29348368917779, -0.9151485021242916]], [[-0.15579462282024906, -1.3170945649900563, -0.8322575053613505], [0.27499189039126326, -1.4413567775485818, -0.843485533774953]], [[0.4416612447630035, -1.6882704717214392, 0.3819524472213225], [0.27585708168459244, -1.5689486444773433, 0.6138158977514611]], [], [[0.3203585122240706, -1.6576226848811901, 0.2680913420789517], [0.3071880889074333, -1.5212591019559758, 0.45752411926703807]], [[0.09501164396122078, -1.50161051288207, -0.07653784096117613]]]}