{"bodyId": "h0", "timestamp": 286827, "continuousState": [[[0.5198661431114446, -1.5572712710339949, 0.5374005954748452]], [[0.252201412527075, -1.4195891516724064, 0.7925170588817851]], [[0.4913726681689206, -1.648446973515699, 0.5602908797713881]], [[0.27722402090390436, -1.498326038395171, 0.8085046266261398]], [[0.3637540520617766, -1.7270371730671337, 0.36757910555289297], [0.2375452678918666, -1.5359386056910085, 0.6401927619263474]], [[0.45883782343588897, -1.6529853699400991, 0.4052195717060567], [0.3005587922794498, -1.6090911693630772, 0.5969434842870407]], [[0.16092375338612278, -1.662860672479858, 0.1382761852453898]], [[0.32298176225666597, -1.5975958119471436, 0.32387362944715936], [0.4339231783517098, -1.5465196801224355, 0.3723205917239245]], [[0.03504132500185904, -1.4902201984423307, -0.04844257472936329]], [[0.39976739637135983, -1.4298388442233787, 0.03588735929985614]], [[0.11929679079557479, -1.6134017803082228, 0.06533076034788791], [0.3501540583399892, -1.4225889641028044, 0.1799682660497865]], [[0.17811496548064928, -1.5350489818822295, 0.0755245755152132], [0.4284758441886113, -1.5135766139674334, 0.19716376664941798]], [[-0.005963541856841516, -1.4613980450711501, -0.21478505806997372]], [[-0.014160817070681503, -1.4521461996654053, -0.18983197607154692], [0.35646174793803836, -1.452876413731228, -0.2266105461481252]], [[-0.18557722904555357, -1.2944601091966643, -0.8983619826024305]], [[-0.15541688124690933, -1.319907495739637, -0.827237403147215], [0.24821063256975687, -1.4532431584346919, -0.8590382123219652]], [[0.42744962568061357, -1.685599392220641, 0.38469298655893475], [0.23788147782964505, -1.5717182015050348, 0.601364699473748]], [], [[0.30988078841100586, -1.6579230212099785, 0.27174787847572324]], [[0.08607571181190389, -1.49822351347669, -0.06963024127738027]]]}