{"bodyId": "h0", "timestamp": 288502, "continuousState": [[[0.386384487047508, -1.5808372476509234, 0.6128811534510122], [0.14694852759915147, -1.3833628192896095, 0.8104313749979418]], [[0.16470849725877587, -1.4031420528466378, 0.8180798810311448]], [[0.3716070057678248, -1.6424477700642255, 0.6230072686822085]], [[0.12222602808659895, -1.4940776317109192, 0.7903929417851489]], [[0.22114246208030625, -1.7067000889884851, 0.4196686559845042], [0.12664416257803282, -1.4678065380266183, 0.6274698617200354]], [[0.3864187399554522, -1.702789706413535, 0.4688209890888239], [0.24756250124329698, -1.587077814030581, 0.6449207974395038]], [[0.023887760676283506, -1.6554497726876831, 0.2434140766602061], [0.16730525013875422, -1.3895733380557, 0.3413768056200952]], [[0.30871386472271795, -1.5448813768293257, 0.35640775715849415]], [[-0.06616488616832095, -1.4720386509024912, -0.00021535517779670954]], [[0.3132510022988481, -1.4258690297855405, 0.08230767902670232]], [[-0.02261170213970587, -1.5559035928888256, 0.04918021290108664], [0.2356957902517213, -1.3520439703332996, 0.09843012801939699]], [[0.3277804199230161, -1.471459190571045, 0.16443391041845415]], [[0.3211230437703591, -1.2691361498022975, -0.23609771645154046]], [[0.2774660258146548, -1.4146198769754843, -0.3028061731077623]], [], [[0.2761420623426373, -1.4476587623628334, -0.8281750113992732]], [[0.3294195449419759, -1.6832624352760557, 0.45234357508626793], [0.16919452677486607, -1.5310443277811967, 0.6273145194864636]], [], [[0.20515325031586784, -1.6791197395506092, 0.356117532874515], [0.20743387569102562, -1.4883255760431404, 0.4931488015297995]], [[0.32445173184668763, -1.3702976701866714, -0.035831903016543154]]]}