{"bodyId": "h0", "timestamp": 289306, "continuousState": [[[0.4368603975055142, -1.4317296674881999, 0.6146849993476824]], [], [[0.41178193330551, -1.5102021017242386, 0.6542818378271599]], [[0.19357880669473593, -1.347091355367032, 0.816852673540865]], [[0.3984251590889559, -1.5511115085541314, 0.5332289209555289], [0.16398720294914051, -1.4290399266090095, 0.6282812580030724]], [[0.42744708930278696, -1.566920091855954, 0.5200741785672449], [0.18142618980710132, -1.422029323390866, 0.5727844073877791]], [[0.09652014864829056, -1.5388825476236234, 0.2794479066488402]], [[0.3716400100927206, -1.3890060490293257, 0.3560956204935169]], [[-0.017902640061599015, -1.3545709072182266, 0.03155555762559743]], [[0.32598898945544147, -1.2333926351218716, 0.06362926345122856]], [[0.2211138324591817, -1.6022421003336604, 0.4363345015864257], [0.3559413259525684, -1.254494326211264, 0.13248816189616536]], [[0.2400728506184034, -1.5125706125701193, 0.4228173166006711], [0.3564322560933579, -1.3045736449877654, 0.07580689595011109]], [[0.09948303824845998, -1.491843196122637, 0.23600225771592226]], [[0.1276604509333908, -1.377921574892492, 0.19711769220433234]], [[-0.03924079900473222, -1.337182456501593, 0.017150278701231855]], [[-0.03790454729954652, -1.3534639356356284, 0.004860365355494878]], [[0.39637226176647533, -1.5549533827048245, 0.5322245060634109], [0.17496129208084835, -1.4220888243488494, 0.6024306358251368]], [], [[0.2619836189755388, -1.5529013197397887, 0.39976104260804257]], [[0.1697779444334317, -1.5022069043463782, 0.3294097871582967]]]}