{"bodyId": "h0", "timestamp": 289440, "continuousState": [[[0.49923742886817846, -1.3585509727328797, 0.5972144852062913]], [[0.09628582226109757, -1.1860070035376384, 0.7281782568209683]], [[0.42262692100121985, -1.4761165749173843, 0.6916087620012817]], [[0.2537125894840233, -1.3027636726750416, 0.8255845460725436]], [[0.2996030636203124, -1.5611610412373942, 0.44592323987756854], [0.21836927194135639, -1.4150119670498764, 0.6448786232766763]], [[0.3654876207607078, -1.5122645492995612, 0.46247381290473916], [0.2106630895885421, -1.3950945907958352, 0.5783576219599735]], [[0.1235820164447282, -1.5199497488113507, 0.2887176448431178]], [[0.4065442695801521, -1.365267613426894, 0.38164419832135604]], [[0.014763810040219198, -1.3144061489944008, 0.032565097736460755]], [[0.36569014638445696, -1.1857889302093845, 0.10751245308556963]], [[0.07481034130999933, -1.4320989474605859, 0.18075772367092235], [0.36665607968904645, -1.2169350334400884, 0.1410421924717907]], [[0.12358148324835838, -1.317895585452392, 0.09585374196435327], [0.3709104359722999, -1.2848189886126082, 0.0939941944392267]], [[-0.03626212402366354, -1.2522649061127906, -0.09711456001706256]], [[-0.03416142544119316, -1.291489858625362, -0.22136163840422113]], [[-0.1705388971698, -1.2738540938088083, -0.8064987186031176]], [[-0.16162082441192274, -1.2846253998034838, -0.7580623711283215]], [[0.33485473045620184, -1.5334166975405519, 0.4668859174522443], [0.1901292809535721, -1.3973767691862005, 0.6043115862371705]], [], [[0.244534818602718, -1.5161071490554558, 0.37559572887392845]], [[0.043659679612347416, -1.2850802457825914, -0.0006304090263546461]]]}