{"bodyId": "h0", "timestamp": 292991, "continuousState": [[[0.33230763915190137, -1.2562031908952882, 0.6692571893398798]], [[0.170534722740412, -0.999945438625708, 0.8622066917912656]], [[0.3674964720153624, -1.3096937121515753, 0.6487517848102516]], [[0.1523677051695811, -1.0840098715598223, 0.8588014381070439]], [[0.2521650720404834, -1.413298676101058, 0.493345174474808], [0.1346726200430628, -1.191862537442692, 0.6923963685058584]], [[0.3588637292809403, -1.3123317602786402, 0.6222679468092898], [0.12880423782740696, -1.225934144467878, 0.6356260823205064]], [[0.07695804680197893, -1.382055197774483, 0.3170253957897553]], [[0.1826777733042315, -1.2389086372199758, 0.40371646173412207], [0.3918508056779269, -1.1210640908939908, 0.3594145103177309]], [[0.07213616011318925, -1.0894627034249833, 0.16215973554042468]], [[0.2121607504820713, -0.9281128046505942, 0.07961632179356161], [0.03603661551383334, -0.9016585349989302, 0.07818946559086384]], [[0.04132344768607533, -1.2385473623436076, 0.1202353708211699], [0.2954509024642839, -1.0743938505536912, 0.0889536345621043]], [[0.05320676282745751, -1.1668141523766622, 0.16773417911286492], [0.24410769563052737, -1.127085244141488, -0.026346863677200873]], [[-0.07568392867979673, -1.116617564577063, -0.17700152461929292]], [], [[-0.19385535882872776, -0.9907057626349736, -0.6228941764911551]], [], [[0.3343837184224306, -1.356946692175537, 0.5584383398634835], [0.12303521413722, -1.2079095965569486, 0.6614510627558111]], [], [[0.2179108880414596, -1.3471934790265616, 0.46964667129952253]], [[-0.01123858292616961, -1.1417158584768625, -0.0046336727532139965]]]}