{"bodyId": "h0", "timestamp": 294599, "continuousState": [[[0.44007194185389864, -1.2158850512214774, 0.6965949083986562]], [[0.2667359524125229, -1.0366973157547443, 0.8016537948812439]], [[0.4671563716378211, -1.288372548286747, 0.6645288697096414]], [[0.2792518816377019, -1.1204488014322869, 0.8261528126502321]], [[0.3653368256808406, -1.4218202596574994, 0.4912266921022668], [0.17267647687821158, -1.2576447961488517, 0.663101310896659]], [[0.44914561949387527, -1.2616711318556426, 0.4863481373752568], [0.2755565182527116, -1.1894249569423554, 0.5953897697521243]], [[0.17229047817439944, -1.3985856404373025, 0.2717425932997271]], [[0.43324350371195963, -1.0572533704152827, 0.37647563659853656]], [[0.10664633838348715, -1.1613240316418152, 0.12686278648983376]], [[0.3736197765589439, -0.8241875478215249, -0.0022077610429391825], [0.230903423123096, -0.7853817391119627, -0.022654824210948162]], [[0.13008189031775647, -1.3142825768437598, 0.20755898068884493], [0.324830678839714, -1.1355578805221684, -0.003836623910005983]], [[0.18744429181698075, -1.1936302636037899, 0.20305181426637933], [0.386276285887626, -1.1055021127236073, 0.052869120734649416]], [[-0.04174378976329419, -1.1018344953003087, -0.16509275312443925]], [[-0.04368808493455438, -1.1009704061497765, -0.13397229716194828], [0.6664205840159985, -0.9562389550899572, -0.06566132173472897]], [[-0.21571947625624435, -0.9586237165431373, -0.7153485692836243]], [[-0.19889057574665328, -0.9756131134262366, -0.6808458540220026]], [[0.3910607625316223, -1.3609733546313072, 0.521269134856698], [0.22159043922624802, -1.2253332777306005, 0.6329537010892287]], [], [[0.31071804883413734, -1.3301283861464726, 0.37904536533749195]], [[0.07285025102684328, -1.1477323794520493, 0.018979530570970043]]]}