{"bodyId": "h0", "timestamp": 294666, "continuousState": [[[0.44225452911600216, -1.2098008396703286, 0.6938276836905436]], [[0.28543900878864087, -1.0316802057832006, 0.8147229054530787]], [[0.4664042654279287, -1.2910277280840987, 0.6637152319116195]], [[0.2772731269808792, -1.1099599934443196, 0.8226012533483377]], [[0.36606122561980925, -1.4217789235652385, 0.4903512956391884], [0.15781956728153704, -1.2632861416577903, 0.6498841993217997]], [[0.46122168469543734, -1.2560032495406783, 0.49299282792267785], [0.28207530541189474, -1.181338559356147, 0.5902740747830917]], [[0.17169751114780116, -1.3961054569064162, 0.2690260514921447]], [[0.4554084369277957, -1.0541672743962736, 0.38470285010872796]], [[0.10470364848627373, -1.1571324093141349, 0.1284230883235764]], [[0.3763514011693783, -0.8202521482880605, -0.00867400379463902], [0.27878512899803876, -0.7984749483130891, 0.023111419585745578]], [[0.13053166937859617, -1.3157675510785702, 0.2081888672212351], [0.3331099694097593, -1.1561059354510528, -0.003848001324142615]], [[0.1884707919219544, -1.1883900373170364, 0.197755876848355], [0.3351583237039606, -1.0798492167379332, -0.014114658469042978]], [[-0.044867058395668465, -1.1004903246382332, -0.16471675154278773]], [[-0.043451019854959326, -1.08234561113039, -0.14700290828636367], [0.6853202568533368, -0.9570211809585548, -0.04908754022665039]], [[-0.21570274245235496, -0.9609059078327342, -0.7181200997822671]], [[-0.19499990673769724, -0.9772010359392741, -0.6716912408274156]], [[0.3922398279643135, -1.359417410591534, 0.521625914725055], [0.20968137004255505, -1.2220000699337896, 0.611184618089467]], [], [[0.31645959792161926, -1.3260543532235474, 0.3810094397074113]], [[0.07180186676314297, -1.1444401809776348, 0.016519562652783634]]]}