{"bodyId": "h0", "timestamp": 295403, "continuousState": [[[0.4969259324705268, -1.184666391745439, 0.6451144403374569]], [[0.27289786061272003, -1.037115157947286, 0.7870765588538928]], [[0.47839816678945984, -1.3012299981491469, 0.6654363688169126]], [[0.3206191886148431, -1.1358921460230138, 0.8240076731869196]], [[0.4047319117591822, -1.4243894780740423, 0.45424700281918456], [0.30472682522114153, -1.2366088920869658, 0.7141799799242962]], [[0.4502913936381885, -1.312902403890986, 0.5070371903620501], [0.29356865829333717, -1.2163862859106516, 0.5848509422271964]], [[0.20043338991219162, -1.4116282407971235, 0.2730548519922704]], [[0.49064317101603977, -1.08402886543782, 0.3054583248853039]], [[0.11598903887179711, -1.190412733939561, 0.11232249415459909]], [[0.3266477184882605, -0.939020202411978, 0.04239895508797531], [0.3222868703186221, -0.9025995655997898, 0.10379467661902572]], [[0.14181245805797885, -1.3094117649539048, 0.15803475202317122], [0.3907836143891632, -1.1107057506204712, 0.09691642555151497]], [[0.16608926123102496, -1.2277262208719821, 0.19529717438469607], [0.39216441308676164, -1.1216906933864417, 0.00591838725724233]], [[-0.04425662458387865, -1.1145374881304606, -0.16807325463698636]], [[-0.03638314613146167, -1.082656444080457, -0.18141081657542169]], [[-0.21712092635476657, -0.9706681932479458, -0.7159449016436552]], [[-0.19304779016207813, -0.9738470549521024, -0.6842618917221507]], [[0.4096202345751454, -1.3844422201875355, 0.5156518783558188], [0.18051295015872826, -1.2165545183357664, 0.575924640910878]], [], [[0.32536239177519005, -1.3622653223440548, 0.39004602117716025]], [[0.06091631832357316, -1.1711318545012213, 0.013611959873854856]]]}