{"bodyId": "h0", "timestamp": 296743, "continuousState": [[[0.341331681680039, -1.6527994565804112, 0.6569866981070314]], [[0.08868378834075862, -1.4375591352915, 0.7759663520487932]], [[0.34500070970616725, -1.7013418597356804, 0.635959420702492]], [[0.10975039710787518, -1.5292211489477907, 0.7878737508235047]], [[0.3493819298925673, -1.7541805156713388, 0.44093471278659513], [0.10000812798383914, -1.5465473291423484, 0.6146882219417191]], [[0.32654756466060286, -1.6921816796312392, 0.5189205622838863], [0.1649493126416835, -1.6212026937552946, 0.5916406460412097]], [[0.03276569569052299, -1.7068796575494827, 0.18921681875798163], [0.21561884169084602, -1.4430202805703432, 0.3751800297271811]], [[0.2841019345890359, -1.5761540253500537, 0.36042900478459866]], [[-0.06496814924661246, -1.5794036485139098, -0.012785049799283115]], [[0.27667899701480203, -1.4531975360536311, 0.06803185851816942]], [[0.16991447959161946, -1.7729212997063937, 0.36880768721694746], [0.26534958192742236, -1.4544250376727477, 0.14802639082446217]], [[0.1637387103180118, -1.6663537964571877, 0.35686248585373936], [0.2643946623492734, -1.5444954518829275, 0.108137793545063]], [[0.03941403932308873, -1.683096028673216, 0.15414299290650366], [0.25610058314597905, -1.4565950771486103, -0.29854883494793555]], [[0.01651188773209765, -1.5247583674198897, 0.03758436057868312], [0.21628552754833277, -1.4973270168329837, -0.357319130684119]], [[-0.14991919324024272, -1.404106902795576, -0.6191443091531955], [0.17485443154413224, -1.590447299296152, -0.7167810180111476]], [[-0.12236650360032317, -1.4043989405924047, -0.6034096818965402], [0.1472085145463643, -1.638932790850855, -0.8387336302398242]], [[0.3390854897011416, -1.7257951330010974, 0.4689987112718176], [0.13480199386186542, -1.5896003456305987, 0.6055901085207251]], [], [[0.17965663017556294, -1.699530668590361, 0.3540686905209339], [0.19028407716626478, -1.532111487162819, 0.4834103378841954]], [[0.10157637482055026, -1.674724912565202, 0.2555027393801215], [0.26024762274762625, -1.5005452645157689, -0.09520552070143627]]]}