{"bodyId": "h0", "timestamp": 299758, "continuousState": [[[0.6294510615515942, -1.7438735872401208, 0.39017658662032134]], [[0.3007181338958876, -1.658364641840154, 0.7493475189374291]], [[0.5826519397911041, -1.8290824929641336, 0.435357928101732]], [[0.34409444136493517, -1.7518962498963984, 0.7682982287466026]], [[0.4423410697077555, -1.9262228061719946, 0.25777041436099124], [0.2665346730278395, -1.7437339753580432, 0.6136035555422663]], [[0.5290839621626049, -1.8637605297306277, 0.2805321010758264], [0.3417711575733626, -1.8631697699280267, 0.5371051049368393]], [[0.22411794896780446, -1.8268509730862985, 0.07114984779705309], [0.27757232207202126, -1.6436289389802126, 0.31420154275625556]], [[0.43391562480641777, -1.8282008892104633, 0.21711963267657552]], [[0.1262579699658188, -1.639139071371701, -0.13726561618992492], [0.11401958651149789, -1.5721517897538169, 0.013629882683846972]], [[0.4086814942988863, -1.6999623732743767, -0.09891236294621013]], [[0.1649170471890036, -1.7118011159415596, -0.0676821351491958], [0.4093562754975128, -1.6300811296779045, 0.18516953171348519]], [[0.20439781859393907, -1.6576900142609792, -0.10926744383250957], [0.436200462399092, -1.739304493528494, 0.13029157325139068]], [[0.034178066993257684, -1.4812073623295847, -0.3600817524555691], [0.057118082467436576, -1.5198069854772658, -0.10128374695906836]], [[0.027737844718280884, -1.549686481960307, -0.364059217471477]], [[-0.19707766963275378, -1.3230743887832797, -0.8652225366976354]], [[-0.05476003120406122, -1.4515827441966107, -0.9325797088491222]], [[0.48984005208916964, -1.8914655222678922, 0.2731331157883212], [0.31045480648899343, -1.8019414989225606, 0.5864316465037939]], [], [[0.3766009555652047, -1.8453057514084632, 0.17584097443643973], [0.3096717398226919, -1.7533993544541198, 0.4256533238465474]], [[0.11928794279359838, -1.569448688295282, -0.23467459814403935], [0.2466592724332643, -1.62955573950288, 0.01450391314616116]]]}