{"bodyId": "h0", "timestamp": 301299, "continuousState": [[[0.6318210844560399, -1.7443989968535962, 0.39517119282519547]], [[0.30666481638216897, -1.658651199819332, 0.7580574358273162]], [[0.5842004621347605, -1.8316417569948735, 0.43197375569567803]], [[0.32762562762552216, -1.7529333671418272, 0.7597232038339]], [[0.4452110513160663, -1.9304218604876866, 0.2501389254977501], [0.29451584388050944, -1.7464767888144808, 0.6230258697675527]], [[0.5356422556208112, -1.852939982731971, 0.2687999650353188], [0.3335538000285394, -1.86142415283141, 0.536534897634499]], [[0.22252648174650771, -1.8337965389395718, 0.08559142722593288], [0.23634212259785453, -1.6505484496165708, 0.2771923960750944]], [[0.4382320102348665, -1.8209252277318675, 0.2228822769601495]], [[0.1323060775283454, -1.6435238622405164, -0.1484613003366924], [0.056708431335875276, -1.57479139315759, -0.033024481023455565]], [[0.4149397664837363, -1.6970363337042977, -0.0850313770078401]], [[0.16810262826414987, -1.7168678798984134, -0.04399572910688221], [0.36476156722956876, -1.632635463564769, 0.1451585574007702]], [[0.20163955204508732, -1.654960909175723, -0.0959099859475923], [0.45165935376142463, -1.7301535467234679, 0.15985793952501967]], [[0.03422217612267582, -1.4646155171571662, -0.37980689884699087], [0.07607856158662207, -1.5279101259620382, -0.07805351273772317]], [[0.02252474185489052, -1.5508790481229586, -0.3559508773698005]], [[-0.20759741986620842, -1.3123063795355288, -0.8881774437577497]], [[-0.013467532235169074, -1.4579225672097131, -1.0144513895549567]], [[0.4845757245793397, -1.8894655728846343, 0.27665299226943374], [0.32030867926528095, -1.8018999054851217, 0.5901816604974777]], [], [[0.37908436868365947, -1.8433682608357715, 0.17719569613062583], [0.284947961313197, -1.7559863012239902, 0.4068636468547967]], [[0.11793086408388156, -1.5597882131664447, -0.2378584423972916], [0.26386895767402335, -1.6290318363427532, 0.04090221339364825]]]}