{"bodyId": "h0", "timestamp": 305721, "continuousState": [[[0.5072430402988813, -1.9696955521704562, 0.7050241901464241]], [[0.5360535304408031, -1.9859421948903537, 0.7205113433887853]], [[0.8023313859320242, -2.114410398599912, 0.26611465294982733]], [[0.5999875564845358, -2.051723068520962, 0.746513675505495]], [[0.6345986725075111, -2.1822435664045927, 0.08615779321213222], [0.38072801282286334, -2.0723008963615026, 0.48265012950342634]], [[0.8306313466332638, -2.0567016554758446, 0.03550748460977161], [0.5710419801496446, -2.186625688351302, 0.4807822830024927]], [[0.42949436508776495, -2.122523325244497, -0.09449328123600845], [0.3741631957496393, -2.0187317443872326, 0.28845765708202387]], [[0.7155002016463075, -2.1639103360429237, 0.29460817206515594]], [[0.35580915635502086, -1.966342562186801, -0.34477333683838013], [0.21547084190220744, -1.9861222781376504, 0.00828482305689522]], [[0.6859149832280059, -2.1395251497093826, -0.06136029796991147]], [[0.3155267133858926, -2.017656292436861, -0.19622441497699514], [0.5056429122544364, -2.0248071308089566, 0.009754690936600582]], [[0.4256278552005593, -1.9137131370750224, -0.3710964436557945], [0.5853952208421564, -2.130517964956411, 0.0024455083341583758]], [[0.13278754034523757, -1.8558878985677612, -0.6089412354287124], [0.4958289220851102, -1.983116131572282, -0.4026380368998077]], [[0.1493012583496395, -1.8278330175782673, -0.6210554024920794], [0.5419812685448234, -2.0611223585393743, -0.413683353501561]], [[-0.11884400729237268, -1.7619214734293505, -1.038842865830187], [0.472983281016735, -1.990701165884097, -0.8804229843532965]], [[-0.06661111132132942, -1.7735238056919251, -1.0517381508442334], [0.45207231460889286, -2.001237560989693, -0.8950465353340376]], [[0.7241285830699685, -2.1207840578043533, 0.07027450738814037], [0.4853781629795069, -2.12837267888812, 0.4976333351022354]], [], [[0.6300628558605144, -2.089612490360171, -0.02949289831311842], [0.47260258794964194, -2.102678716369267, 0.3846199700422583]], [[0.27920769777289844, -1.8848005178213918, -0.49001883954225345], [0.5406120714636333, -2.0568170482643464, -0.20009626428282468]]]}