{"bodyId": "h0", "timestamp": 311684, "continuousState": [[[0.7491488762906279, -2.0800406005858596, 0.2705860731925868]], [[0.3658594449807872, -2.029416376496579, 0.7386066820958028]], [[0.6661993009636799, -2.1847318407199006, 0.3074962979852887]], [[0.42900611005246536, -2.0946366164500696, 0.7460342341207457]], [[0.5179598045888992, -2.2568644558184054, 0.11888592852374245], [0.3271794514877447, -2.077584202951583, 0.5833021283757137]], [[0.5096749085898257, -2.180881146388591, 0.5625192717185614]], [[0.33434464840377387, -2.152095640375643, -0.1129453740779545]], [[0.5825764486255715, -2.006656529012583, -0.028264703035300046], [0.5832810622282627, -2.1708661201699515, 0.2613565956983382]], [[0.21138633474694854, -2.013237471497588, -0.3037517490729183]], [[0.5480619652307966, -2.044809225896289, -0.07674637072373662]], [[0.29105811490680056, -2.0561644099543686, -0.23897277231008116], [0.4194510651823043, -1.9755201993017713, -0.004070782545531529]], [[0.39571946099415384, -1.9363288925569972, -0.30117975068596775], [0.5027775539980316, -2.0984855071042445, -0.026018078302080767]], [[0.14792336098970213, -1.9259796043512476, -0.5882784152011072]], [[0.27820356450485834, -1.7602975530974412, -1.1635685316561284], [0.5983002314117492, -1.9660421558790608, -0.15342126308874163]], [[-0.05755667464568097, -1.7968363206323534, -1.122168356038689]], [[0.23493614051686557, -1.748969749286833, -1.243381834447617], [0.4513681050286991, -1.9982166461357667, -0.8639818203854338]], [[0.6152461827868333, -2.1795199484890215, 0.12557490547027897], [0.4166796637879784, -2.1310797151734033, 0.5657573706924349]], [], [[0.42200977849679977, -2.166488393382117, 0.22478694882030345]], [[0.27182141099192797, -1.9311542484541224, -0.4447290829435375]]]}