{"bodyId": "h0", "timestamp": 311885, "continuousState": [[[0.752753696944869, -2.077939446342971, 0.26873220056169633]], [[0.3688123952501887, -2.032488104822204, 0.7423983115169339]], [[0.6599891146732416, -2.180297343234827, 0.3199505936068656]], [[0.4312230505764071, -2.0985145853606935, 0.747326897516813]], [[0.5223892217259417, -2.256818348017388, 0.11487274248365362], [0.3356700537901561, -2.0737574505318372, 0.58956780121412]], [[0.5014132574031096, -2.1864110949416453, 0.5523327910908938]], [[0.33376383783736235, -2.150806210126849, -0.10189204676301256], [0.32544493648541195, -2.0232106968924866, 0.27306395576323417]], [[0.5831974776524644, -2.0068548195020384, -0.03463502790721509], [0.5938566884479185, -2.1619747468435033, 0.2725266584425797]], [[0.2180722649835738, -2.014947376706795, -0.3128667674642761], [0.10049228767351223, -2.0016466083098265, -0.03737706484953719]], [[0.5414577610479991, -2.0485637085470736, -0.08214062945821433]], [[0.28380905477995083, -2.0482127046665957, -0.22486756487148818], [0.42019452569938315, -1.969294290794858, -0.005415422030791888]], [[0.3671460947559863, -1.9309635917479642, -0.2350296983614337], [0.5328220561908652, -2.0831363703968138, 0.007376256101192212]], [[0.14388694392661722, -1.9276995586257202, -0.5798276789497534]], [[0.28147904439028176, -1.7557380264867186, -1.1851664785243183], [0.5667332768847175, -1.9775766687510732, -0.2300569844056613]], [[-0.05757411759671836, -1.80293148567917, -1.1049524491302765]], [[0.19839184574135543, -1.7555059889888374, -1.2541578599417567], [0.4506751036939363, -1.9965898154196997, -0.8775382159396365]], [[0.6176735468837297, -2.178302996801898, 0.12379513936761441], [0.4154204475204674, -2.1322980402943585, 0.5638484636924206]], [], [[0.417588547620236, -2.168608652534247, 0.22522037216394064]], [[0.25551651934130176, -1.929331575186842, -0.40742868865559356]]]}