{"bodyId": "h0", "timestamp": 37185, "continuousState": [[[0.1687172546741333, -1.3051197683872224, 0.6992291024277872]], [[-0.32196962695482195, -0.9292083492215844, 0.6119619205677537]], [[0.21281003883835733, -1.3798191881877155, 0.7085870791817663]], [[0.00470690820339587, -1.0585426392268102, 0.7600050095427066]], [[0.29113083646840965, -1.4582300665573524, 0.4923847737287373], [-0.026334819606146084, -1.336117147525486, 0.5831664596513024]], [[0.18112418257508575, -1.3124267913299144, 0.6832352300982237], [0.15560473565353164, -1.0513620886643518, 0.6609222046109914]], [[0.11635488748546698, -1.4529459153496684, 0.24688031173613423]], [[0.1609922561265437, -0.9750439401813464, 0.35012297668783343], [0.08802948783780061, -0.8754383263789334, 0.3629874982271544]], [[-0.009467019710455701, -1.2468106961308303, 0.22028300171151613]], [[-0.05727671664573526, -0.8633214511175079, 0.26645384410504586], [-0.16748945789851724, -0.6766219228187175, 0.20142642063448465]], [[0.08817414601860411, -1.383786844242301, 0.21015970339134424], [0.17007899648740454, -1.2646941765929973, 0.10356025750913045]], [[0.1144453877212805, -1.1499234278578054, 0.16771663583591817], [0.1722269262605953, -1.0501879997841992, 0.10786440882039278]], [[-0.09427186028139314, -1.0824013665836594, -0.41936949533386314], [0.09824412285286553, -1.1511388553460953, -0.28353646427348395]], [[0.2535306751889002, -0.9855172981957462, -0.116678204550896]], [[-0.15702323515881034, -0.9410083611755047, -0.6886418930922877], [0.48031354685188354, -1.1822654319709291, -0.05071454418135863]], [], [[0.25834069913713237, -1.3644852927535531, 0.563809715311395], [0.017417760270086548, -1.1817651549158674, 0.5924359814304521]], [], [[0.14873953503027637, -1.3826863533397913, 0.465057770917179]], [[0.01008676371994368, -1.1161623972207324, -0.12582642974897248], [0.1352355245567304, -1.1006634275651472, -0.08783602772654558]]]}