{"bodyId": "h0", "timestamp": 42679, "continuousState": [[[0.5014488622409056, -1.5977673960167582, 0.5642197800773936]], [[0.18604466245533308, -1.4348682478276857, 0.8006642610309561]], [[0.4581971118976199, -1.6978792547047796, 0.5781439907767936]], [[0.2516696309993947, -1.5288861177117636, 0.8253735859733533]], [[0.31079031890646347, -1.7331016046552568, 0.3938328714481736], [0.15778114150731382, -1.511756891851792, 0.6015529227111195]], [[0.4193668020954439, -1.6691952401863008, 0.4248537676049658], [0.27447510508231243, -1.6267476940212984, 0.5908237772621514]], [[0.10930094931873856, -1.6694425415753318, 0.17685771755157906], [0.38886012645109486, -1.4270803432984114, 0.4510491517484197]], [[0.35955444470804243, -1.585263218490603, 0.31571397730317496]], [], [[0.3654769468937443, -1.4464182137733124, 0.035616060266765316]], [[-0.0007126583741701893, -1.5529864040574297, -0.010243520272984597], [0.32548650434761706, -1.4017813979408655, 0.15350328760293813]], [[0.37159076101772803, -1.4928625578918553, 0.09884494616402185]], [], [[0.19310654188035983, -1.4312503904805165, -0.5161302158107426]], [], [[0.1706369288679498, -1.4127394345479432, -0.7560230818769799]], [[0.39085185882412754, -1.7045724409578211, 0.40685981806137533], [0.2737094894319698, -1.568128262073044, 0.6397274568836026]], [], [[0.2643338757070912, -1.6693188908808163, 0.3008557425782724], [0.33166761576670367, -1.5269140186598549, 0.5209364645052855]], []]}