{"bodyId": "h0", "timestamp": 42813, "continuousState": [[[0.4511011613936426, -1.6040152142105761, 0.5707405884611282]], [[0.15012692297551483, -1.435036774828541, 0.8107151708538464]], [[0.4110207167915283, -1.7016044901554621, 0.5907528849671682]], [[0.18800686197030267, -1.5335518376710304, 0.811107218064052]], [[0.293808548889756, -1.7417972227626561, 0.4022222577457947], [0.15198632647484714, -1.504380285863564, 0.6072086691880972]], [[0.3953996800532346, -1.687887828993437, 0.439973832492117], [0.26337015338987246, -1.6295492261742845, 0.5946942593587694]], [[0.07180804597994399, -1.667705561573635, 0.15102209057251342], [0.26959745159630144, -1.419919876688361, 0.35636363992699377]], [[0.3032565056942583, -1.6093544001432498, 0.3577671787480497], [0.31739839073200415, -1.6018813301373034, 0.29928542374384415]], [[-0.04476966663975898, -1.5074308870500073, -0.040875659208695195]], [[0.3526117824137111, -1.4470364716750574, 0.06024906462192007]], [[-8.721075703357428e-05, -1.5829347805629925, 0.014524063551249128], [0.303017197217074, -1.3825275552598553, 0.09598883910983455]], [[0.35816762441538, -1.4937779231745802, 0.0863766627514915]], [], [[0.21170357200053969, -1.4171938647810014, -0.551997748572393]], [], [], [[0.36076601185163604, -1.720630826064748, 0.43069381998922335], [0.23482993992821116, -1.5655509642679322, 0.6245903579831513]], [], [[0.2336038630165893, -1.677796695283536, 0.2954979615323152], [0.26648380249308695, -1.5247345514313229, 0.4755289496428816]], []]}