{"bodyId": "h0", "timestamp": 44689, "continuousState": [[[0.5152297638305092, -1.5867944919082952, 0.6003338096964844], [0.2542087215406225, -1.4372431817900817, 0.7814557372769632]], [[0.2783702862034868, -1.4701142283306536, 0.7913676107666238]], [[0.5064526745058993, -1.6202784910729848, 0.5962777648948511]], [[0.5432333122052084, -1.7189485423997553, 0.5385312815744066], [0.2500109287596217, -1.5638855988988571, 0.7859852981380396]], [[0.4532486046068656, -1.6458014216628476, 0.4197925195219204], [0.1568564158629083, -1.4857980977473695, 0.6112518957914282]], [[0.4901619836291894, -1.731388079662856, 0.39030375429617514], [0.3028737647815158, -1.6158688831356856, 0.6123016103292191]], [[0.12325297174952539, -1.6377859787610685, 0.17217082911518197], [0.20494523870596482, -1.3984859512184875, 0.31579034148136453]], [[0.3920548605797535, -1.558363941335279, 0.35648298912181237]], [[0.004330533227147555, -1.4682117363805074, -0.030974988931712234]], [[0.37917635409423384, -1.436853544441475, 0.02484467931979293]], [[0.24516242814443734, -1.6949161664402381, 0.3262116868456112], [0.2700574931649344, -1.4118582350416038, 0.21949163187203158]], [[0.24530071544676632, -1.6935179552280961, 0.3390706321139062], [0.39094395577918656, -1.5204659941024754, 0.24241377210357337]], [[-0.03219546881636993, -1.4659238522283453, -0.09815381977622155], [0.2867247557448811, -1.3107258670986024, -0.15589675122966765]], [[-0.019928010652262174, -1.4565310428302123, -0.18144617012908248], [0.37684876219284386, -1.437475416599369, -0.12332330486639126]], [[-0.20439297327070005, -1.3026398169572089, -0.8352430629261253]], [[-0.19695643063010898, -1.3134187221333924, -0.8140767869718393], [0.2177291595242507, -1.441872471229012, -0.8323149254830089]], [[0.44917744216770034, -1.6874695194779896, 0.44094704470134766], [0.2546500369902758, -1.5550685034243008, 0.6406062773727731]], [], [[0.3067074776893574, -1.6845870292119622, 0.28123729170567857], [0.2539095017437403, -1.5071774171770866, 0.46404597590529184]], [[0.1065526233151982, -1.5797209037282207, 0.12045840616884232], [0.3388343557620338, -1.415595930600539, 0.04325851043695286]]]}