{"bodyId": "h0", "timestamp": 53265, "continuousState": [[[0.47000873189646014, -1.5615094678000827, 0.5943478278613611], [0.22688884617527355, -1.38939258650289, 0.8016060875532484]], [[0.2281303972111373, -1.4108146107079311, 0.8006214424646685]], [[0.45783666755069924, -1.6298628008853016, 0.5990227736487184]], [[0.2431256463276386, -1.4959778226148135, 0.8068716621620778]], [[0.4108161397723865, -1.6988985512021781, 0.43127117107286994], [0.02848365230013428, -1.4652389472586076, 0.5506829335447507]], [[0.43308905800264386, -1.6478547245639952, 0.4570061929105743], [0.28229864430000523, -1.592060568002336, 0.6008769536617858]], [[0.10817872584503152, -1.7020470620151242, 0.20023575106269959], [0.22964532094885248, -1.4016386492688302, 0.3293507257066799]], [[0.32941337122312025, -1.5577623691622344, 0.32799745197640867], [0.4081767483327862, -1.5591011874717637, 0.3717138811321579]], [[0.03505014876637455, -1.5391079212042027, -0.0057832248606418946]], [[0.3684840397127075, -1.4510854972969054, 0.07841774452055006]], [[0.10213434692244948, -1.628326597351729, 0.12508776018994058], [0.2629435225403895, -1.377827352594346, 0.08938199409009212]], [[0.12804514572857442, -1.5237803809837298, 0.0736107471397131], [0.38593224735441617, -1.4858547552131245, 0.15240108227523502]], [[-0.02675054532999488, -1.447649249645147, -0.23780372826253962]], [[-0.028364995532651135, -1.438931902137195, -0.22787518372094928], [0.2869899244425856, -1.4449081759319196, -0.36383912794356754]], [[-0.2000350166061207, -1.3188351202414477, -0.8140407893475794]], [[-0.17877873369696948, -1.3377716166243814, -0.7518168472339049], [0.23498465320264678, -1.449502801192314, -0.8363470067862862]], [[0.41707686754442413, -1.677670168188598, 0.44583557211671676], [0.24909957592951218, -1.530298976293307, 0.6412407396065806]], [], [[0.2706338919238377, -1.6749508932895596, 0.328620971986637], [0.2559719826244289, -1.4968496086355831, 0.46511383968423287]], [[0.05064730019928977, -1.4857148153144384, -0.08209649056141326]]]}