{"bodyId": "h0", "timestamp": 55007, "continuousState": [[[0.4306519549774428, -1.5447053690790538, 0.6127313231141014]], [[0.19827766986903725, -1.3755792788225505, 0.8099982422711589]], [[0.4171155192900549, -1.6073196024553948, 0.6229321488243502]], [[0.19946976500184382, -1.461420136744684, 0.8076002771524367]], [[0.3849801453640518, -1.6753569441883598, 0.44989609852436274], [0.16397425105116986, -1.4326454807763378, 0.6341388642113477]], [[0.4012414525539679, -1.615899254057156, 0.4669790244313473], [0.28566958695071865, -1.564098204178845, 0.6333625915591522]], [[0.06396350360707635, -1.7046196018324258, 0.18492312393523572], [0.23311070989199767, -1.3815716072466422, 0.3453500339472964]], [[0.38216937863588235, -1.5854487314691648, 0.3768799580594796]], [[0.009063661702043873, -1.520471705218101, 0.0016922532053640679]], [[0.3450067236931538, -1.4537173000977832, 0.09987914206636264]], [[0.15225775413835418, -1.6732140919675667, 0.3009416424400836], [0.2380460722866021, -1.3516762317760338, 0.06100510036928813]], [[0.17837731820742522, -1.5630442513238827, 0.2822347409251099], [0.3550089620542324, -1.4734278484973864, 0.12080394912359088]], [[0.06159447645591922, -1.6988045826038136, 0.1819943205007105]], [[-0.03509739640372925, -1.470148821794668, -0.06952360184059785], [0.26673120681657564, -1.4402980288863798, -0.399236242010297]], [], [[-0.18278564373228812, -1.3356605715948455, -0.7607038000366051], [0.25195624150705453, -1.440557235560005, -0.8301099920712106]], [[0.38995873272286197, -1.6455893301023836, 0.45730115584640363], [0.23600475177171507, -1.500455607971732, 0.6460344530487052]], [], [[0.23260247808052215, -1.6602594279447909, 0.3259510741832915], [0.25939014842135816, -1.4728349057127437, 0.48935631275322433]], [[0.11998589733167223, -1.6309244169638482, 0.23211453071291022]]]}