{"bodyId": "h0", "timestamp": 57352, "continuousState": [[[0.3802380670890993, -1.063827788681863, 0.7091683197231997]], [[0.26769589388968096, -0.908138407314646, 0.8476427741536935]], [[0.4104757445088206, -1.1546091077691394, 0.7187129490334478]], [[0.2531520016974068, -0.9418632365456144, 0.8447862677585445]], [[0.3701617342182738, -1.2552663960661543, 0.527994721583721], [0.1771515412689148, -1.1378487389070477, 0.6256443736967544]], [[0.44961951493439956, -1.1459656792453976, 0.6055761890926236], [0.2747596521900503, -0.9771920409551412, 0.6161579077533902]], [[0.18402670814499295, -1.2598465351384671, 0.27357392217932147]], [[0.5056115680882779, -0.7064324651481384, 0.6525286531111827], [0.46965772246644544, -0.9373253861781717, 0.3324365208199324]], [[0.12146901330785824, -1.032090836606923, 0.2102228168265358]], [[0.45384786994602966, -0.5664515521301557, 0.7399426861577556]], [[0.13306810213726442, -1.1719560490688383, 0.11419838867029217], [0.38727136746800783, -1.12106845143353, 0.12561541071276203]], [[0.1255787844095014, -1.0755943845644425, 0.17286859007458907], [0.45337817814810094, -0.989411880623056, 0.17215408574767865]], [[-0.06184336962113858, -1.0670254494662632, -0.15310703381423763]], [[-0.11511526858031186, -0.9744839977122833, 0.04303943492780695]], [[-0.20021877823306722, -0.8941270342628682, -0.6994412605279144]], [], [[0.4209831230027598, -1.1794151097795682, 0.5504527683019605], [0.24232710510465152, -1.052095306159561, 0.6362306909653367]], [], [[0.3168231115396962, -1.2029061071919323, 0.43957505563597254]], [[0.03186770739418141, -1.0713099170153528, 0.009880778130175724]]]}