{"bodyId": "h0", "timestamp": 59697, "continuousState": [[[0.10921860709626208, -1.2231505372205778, 0.7833354999296893]], [], [[0.17053505020970083, -1.2933485651292207, 0.7474274789210945], [-0.7622857094886606, -1.1070861930451177, 0.4087044669496681]], [[-0.028046936045636812, -1.02275904909656, 0.7732240017617112]], [[0.19195231336816307, -1.3843436700880476, 0.547067850742177], [-0.1176347023776109, -1.2669184758215457, 0.5635032498807209]], [[0.1870592688326037, -1.2748963143832155, 0.7186094566542305], [0.054202296629492365, -0.9856023144992984, 0.6552036774668609]], [[0.026392793247961663, -1.3836289022341097, 0.26435084673687514], [-0.09868815339560343, -1.2952082800008435, 0.33150653998279134]], [[0.15451323566888323, -0.9434198080312209, 0.30587953556308844], [0.1501619580377003, -0.8831034254361332, 0.4719587816697356]], [[-0.08275046006333787, -1.149162388326324, 0.24439796651067536]], [[-0.06782009898267335, -0.8949144240815331, 0.2757920542402411]], [[-0.001038130604163939, -1.3348133391129378, 0.24145149837606256], [0.12068245053839291, -1.197172243686395, 0.18890301973498322]], [[0.044251801070899544, -1.2339967708075064, 0.3981743220065398], [0.09423913801589492, -0.978079736358255, 0.17509052387314342]], [[0.09877481174665423, -1.135315920927551, -0.05447833199575757]], [[0.2121467243032646, -0.9571499864060081, 0.014501495264022423]], [[0.08937827590307393, -1.0653749216972561, -0.4338117408644741]], [[0.17426063192646393, -0.9307559678387743, -0.3435184659590227]], [[0.2020803287274947, -1.3055355575540033, 0.6205284552035545], [0.0035452605720436166, -1.1219791086116948, 0.6256003065377918]], [], [[0.10672603104028269, -1.3292626083086625, 0.4914801516955528], [-0.02224292838305553, -1.140405297250071, 0.49335510872482613]], [[0.07151330640877689, -1.1846563458675288, 0.1718479950053911]]]}