{"bodyId": "h0", "timestamp": 62109, "continuousState": [[[0.5293069549112104, -0.1458742512078643, 0.08881130338672938]], [[0.027085361001515592, -0.5852295357920789, 0.5621921828120043]], [[0.2661118061478143, -0.8964310703106757, 0.5760639027358232]], [[0.1678405328943495, -0.7323181100072508, 0.676579027769096]], [[0.3014391856997917, -1.1247807013759268, 0.5097404904810441], [0.10437877968753628, -1.018773745070398, 0.5921901840365785]], [[0.39347425899110766, -1.008512060454304, 0.5515133915728583], [0.3100105002636624, -0.8358799080232062, 0.5943374102520051]], [[0.1724309094324143, -1.2604518005355763, 0.25988351280198846]], [[0.3703650447483965, -0.5781402093297036, 0.34695934959928626]], [[0.11648463499309565, -1.0245642282957843, 0.09728049899750567]], [[0.7464363663516479, -0.556283545233836, 0.5013029076658947]], [[0.19357603614463995, -1.2856167543537866, 0.22826570222744], [0.31633802138889316, -1.191792013429952, 0.0991940974364768]], [[0.1857841827627595, -1.1693816965676733, 0.2862767528883835], [0.394411652412414, -1.0383560361979778, 0.12815723329952836]], [[0.07597066470049071, -1.0825623696454336, -0.07813283843154978]], [], [[-0.14653394249815085, -0.950928530675902, -0.6149846386211989]], [], [[0.33683437178896825, -1.0316695148086732, 0.5382931613153358], [0.18993463717102418, -0.924900022331026, 0.5864038692162367]], [], [[0.28295258421176095, -1.1344819304949403, 0.4056984521874234]], [[0.1308774237316251, -1.1259720331065535, 0.10407195722841686]]]}