{"bodyId": "h0", "timestamp": 71489, "continuousState": [[[0.5331104951780851, -1.5269522398194773, 0.5420123069712677]], [[0.24957908068156984, -1.4063748843525836, 0.8133259194512461]], [[0.48285781505127506, -1.6207947393689792, 0.5836333034159835]], [[0.26258424707833294, -1.4957501653334555, 0.8130795545041345]], [[0.35551564191497637, -1.6882153901130688, 0.41011457797442974], [0.15038721441714006, -1.449598048632272, 0.6022357342497828]], [[0.4364522619168578, -1.6159138070753654, 0.4041279238778984], [0.2964297743031079, -1.5983747173159826, 0.5978454245856465]], [[0.16129129036425638, -1.621460231996949, 0.21516472583203017], [0.26734536939613507, -1.3845962520771917, 0.3466715104969212]], [[0.4086615057036711, -1.54408024288618, 0.377397762745913]], [[0.05963997341863336, -1.4429410773745899, -0.021132348901800015]], [[0.3894344069781614, -1.430457970541051, 0.09666387560454041]], [[0.10416957451685221, -1.574981342526372, 0.12475586753624043], [0.29715742323839206, -1.3630991215290482, 0.10087102226523326]], [[0.11494626118582613, -1.5341080598211676, 0.11489018143736802], [0.41514194225703366, -1.4950395997255845, 0.18357175724150535]], [[-0.024994847019729094, -1.389110653891732, -0.24949808642349716], [0.3927686447602432, -1.3151840732697557, -0.21440071033854247]], [[-0.02524914379227374, -1.397966987608756, -0.2658772803918223], [0.3367889658389668, -1.4275025386223856, -0.29798211363589666]], [[-0.1978770211153717, -1.2721054184437115, -0.8462656563345222], [0.2820684746504589, -1.3649580482965509, -0.7879565847485744]], [[-0.17973039242110542, -1.2802601698652794, -0.8198717547750021], [0.2738644470743384, -1.4334185985470624, -0.8584958924041823]], [[0.3949406990517302, -1.658952988044938, 0.41729462574677134], [0.2881657838644271, -1.5258448648529468, 0.6460613690737023]], [], [[0.2988717761405571, -1.6186870195361571, 0.3096463248549643], [0.2818875718496215, -1.4914854846965873, 0.47225846754128387]], [[0.044975707083048516, -1.4616093568564499, -0.06730395249306456], [0.40395529350863846, -1.40511183649767, -0.01541447654851856]]]}