{"bodyId": "h0", "timestamp": 77117, "continuousState": [[[0.29326964374216796, -1.5415960665725754, 0.621163518760145]], [], [[0.2723797111980534, -1.6161105758607046, 0.6696754191812758]], [[0.05708206614335745, -1.4054987937204177, 0.8197878570077023]], [[0.3165520925705968, -1.6859157861603187, 0.47886197591036567], [0.008835647468575644, -1.4095420166854362, 0.618362268647765]], [[0.2803968024434089, -1.6566317047132522, 0.5572607256807047], [0.14700684669787165, -1.516805721042103, 0.6472299693430528]], [[-0.02704063981345945, -1.6176968452204183, 0.24607164901551437]], [[0.24664644579507852, -1.504728281820721, 0.36881266385038974]], [[-0.08582041171125113, -1.4301343317958477, -0.01512252710771918]], [[0.2305748086128542, -1.3498682214291542, 0.0972469397991381]], [[0.09425974776563686, -1.6929764766942008, 0.41851422566473967], [0.1595171590332784, -1.2788847599506659, 0.0650383352438023]], [[0.13347554765190217, -1.6037985153878493, 0.42562988436834187], [0.24492221967649697, -1.3803359028847444, 0.09564140393078514]], [[-0.024953216851585525, -1.6087382047914216, 0.24244833833890858]], [[0.053133879360132086, -1.4719089288038285, 0.22726001298851975], [0.25960541719068986, -1.2992611814572876, -0.4109275221390974]], [[-0.10003242888257492, -1.429353181474633, -0.02283507365188416]], [[-0.08815337974065782, -1.416820124430655, -0.002666905325274456]], [[0.2894270811293241, -1.6649494329176464, 0.5254641673108347], [0.07484370461602452, -1.462350073486593, 0.6328164632880748]], [], [[0.12667808131497474, -1.6371642749668354, 0.40166618734810955]], [[0.05426116540015832, -1.6062683600896355, 0.33403911135362524]]]}