{"bodyId": "h0", "timestamp": 84286, "continuousState": [[[0.4952670926076931, -0.8874856681789429, 0.670633796730905]], [], [[0.515610586195794, -0.9660818345240482, 0.6730170696714098]], [[0.3542174852209573, -0.7776224601127089, 0.7363551147572719]], [[0.3782606396167881, -1.199352529599334, 0.5671426690084577], [0.20442475240014618, -1.0341206535345968, 0.670545843870295]], [[0.4805306659457073, -1.021220894410838, 0.5989670244636686], [0.3447010365236367, -0.8640471859310508, 0.583443912289636]], [[0.21492146784116556, -1.2307976692806673, 0.34435163252476514]], [[0.49604417624544916, -0.6510743165524651, 0.2598872547789649], [0.41879541400673315, -0.6274724909282157, 0.3338312819941243]], [[0.14821353068067714, -1.0077813988426465, 0.18049600870782911]], [[0.4481339020681078, -0.33500898981033334, 0.1294785196406292], [0.44656975447218383, -0.3622474215024797, 0.10688546409599053]], [[0.15176552777346466, -1.19864537079545, 0.1858268351741169], [0.27875341155274486, -1.1213710120743463, 0.06321553963271004]], [[0.172722977218145, -1.0789245537372512, 0.20722291750313776], [0.3616396080205625, -1.0194196561795952, 0.09368190348499252]], [[-0.03749825145526023, -1.0309261155184493, -0.20704453846794924]], [], [[-0.16174614322130695, -0.9213202577688933, -0.6668853512954807]], [], [[0.41695281255909417, -1.1246491657835074, 0.5884592788356502], [0.28134812754244853, -0.9526374159473735, 0.6454603667686319]], [], [[0.34772606689343644, -1.1260092818457528, 0.4716593284942169]], [[0.06761236288144239, -1.0549253346278502, 8.918951759426252e-05]]]}