{"bodyId": "h0", "timestamp": 92795, "continuousState": [[[0.5768416497535108, -1.4565399631873974, 0.5621737143685035], [0.2668597428770915, -1.3523334963798488, 0.8183938724074017]], [[0.28968928255379955, -1.3716433670619899, 0.829465921220544]], [[0.516099011366734, -1.5689645254394098, 0.5911211342666594]], [[0.3059434701816126, -1.4545910105224316, 0.8296176464750709]], [[0.39173274160730753, -1.6339388443871592, 0.4142855917740217], [0.23705856189246582, -1.4208288042358934, 0.61802512529921]], [[0.46258984464122416, -1.5671266894312585, 0.43197219339711385], [0.3657884624039509, -1.5258297959214027, 0.6365091879682077]], [[0.18095634224555618, -1.5729036232328257, 0.2655303428098539], [0.3217804544486203, -1.3370390403820878, 0.3453252512245599]], [[0.29465117261554274, -1.5056873596710503, 0.3412411010220867], [0.45669523558273045, -1.4907939241971782, 0.3443965747087125]], [[0.13127592886530953, -1.3736244903053727, 0.02369595118467555]], [[0.400938864668236, -1.3181664993724003, 0.0634292769220233]], [[0.13568907125711502, -1.4937030136420941, 0.1382133492675025], [0.37947727826833216, -1.28274622265465, 0.04727412316099003]], [[0.152311612041277, -1.4779470071739425, 0.1724286559353259], [0.4282144291379593, -1.3864460797474647, 0.08026576361638559]], [[0.009620656753662388, -1.3094006688427422, -0.2563826643548091]], [[0.012357794314426372, -1.3253112551880049, -0.2531006683394189]], [[-0.14660563348372319, -1.182016407272134, -0.8329209020486505]], [[-0.12484923926932646, -1.194508149057812, -0.7755261017874691]], [[0.4294853418091605, -1.602105635847284, 0.4274264925220716], [0.3324135416877971, -1.4776024443840676, 0.6513905813748734]], [], [[0.32177309344339017, -1.5700151563320421, 0.3487512681034839], [0.3437844584262856, -1.431434418151745, 0.4909172195963838]], [[0.08096613439746969, -1.3936738380083424, -0.04197700420974161]]]}