{"bodyId": "h0", "timestamp": 97418, "continuousState": [[[0.5529898345705849, -1.4659259680972254, 0.5621899333645427], [0.2594281464838937, -1.3465731077943022, 0.8209045790541757]], [[0.26055459194953984, -1.3658727707027403, 0.8221369797477138]], [[0.4911238227780113, -1.5539631804262999, 0.6034567273355934]], [[0.27347995187551194, -1.4561598138505762, 0.8218097159015563]], [[0.37008918081028064, -1.6229528376847027, 0.4154126878485184], [0.20985802827376823, -1.412956329065442, 0.6250484068643577]], [[0.4500533466224496, -1.577984668271735, 0.4455076343472201], [0.3058707519413185, -1.5414710053987335, 0.6201409265878174]], [[0.17734338932815688, -1.5777848295142187, 0.257677380482909], [0.36674206380821034, -1.3420036155827957, 0.4079761261978476]], [[0.4403449488665676, -1.5023250139918543, 0.38280757493362105]], [[0.11019578959786679, -1.399105182015282, 0.044062199160861154], [0.150078786647882, -1.2426175151146646, -0.0025297305125557158]], [[0.4197867315636345, -1.357901710558277, 0.1280456088365563]], [[0.13295744282085048, -1.5129733146685636, 0.1639142931841941], [0.35844983079859205, -1.3030091226971996, 0.09651045430234148]], [[0.15759217864213781, -1.4678655284120254, 0.18061239931481737], [0.44121141006284914, -1.411363176156351, 0.1619583309239972]], [[0.006632560840799954, -1.3236494565192907, -0.23157720266890328], [0.5642081259786966, -1.2704454842566706, -0.06967299929476439]], [[0.007965511524704027, -1.3362208473286314, -0.22828978767620378]], [[-0.14966608621963082, -1.1802945112720025, -0.8269850152412791]], [[-0.12349487011832917, -1.1953342346902023, -0.7805540336214922]], [[0.4353556789801068, -1.586976322975785, 0.422016059704969], [0.3096810298064504, -1.4800542334897653, 0.657154804958576]], [], [[0.31369836797530326, -1.5778847488929768, 0.35159250741506454], [0.3363064078747644, -1.4417373104907645, 0.5140585263928326]], [[0.08211236974146889, -1.3957574924656582, -0.02548240167704295], [0.5027097680207728, -1.3409043302065107, 0.0461426658146164]]]}