{"bodyId": "h0", "timestamp": 102778, "continuousState": [[[0.235760523224947, -1.154751988443124, 0.7549881439136698]], [], [[0.2794616743095244, -1.2369135828925906, 0.7540617336754788]], [[0.07029288075969498, -0.9944305853097057, 0.8165993901174206]], [[0.2532605618350214, -1.3484701516743787, 0.5486770818407857], [-0.06521407872460372, -1.2494329240392992, 0.5882448977798683]], [[0.3013736760266897, -1.2352640779929496, 0.6713863619531812], [0.1259872330795463, -0.9708629454178281, 0.6643336423921935]], [[0.07037566735468659, -1.338955939568831, 0.2972329389713043]], [[0.261275836765888, -0.8859833594890018, 0.4417266469509091]], [[-0.0026408302527790397, -1.0689932658348593, 0.2720191505835478]], [[0.1065283339913288, -0.8816322844831789, 0.23847167517015214]], [[0.0015935788774849016, -1.209310833802194, 0.10674716724026893], [0.2404175918389101, -1.1390866973716376, 0.21731434178263795]], [[0.008005880681947474, -1.0919560845104448, 0.20405333645502197], [0.14264314827494604, -0.9326900785913447, 0.12688962573745516]], [[-0.1406696847221334, -0.9388720589685461, -0.4190153785287441]], [], [], [], [[0.2824315466570184, -1.2793370166624805, 0.5978992287710178], [0.11168303204784252, -1.1106375220449003, 0.6742945625762332]], [], [[0.18587467169068814, -1.2871100087808904, 0.4843096504622428]], [[-0.06633190202009297, -1.0154140717394955, -0.10748102103686107]]]}