{"bodyId": "h0", "timestamp": 11055, "continuousState": [[[0.20037081459039854, -1.063408890428684, 0.6886873035715958]], [], [[0.22656790041198513, -1.1588638626752723, 0.7193147054624544], [-0.7618074723802386, -0.8503883146198357, 0.39409979825017627]], [[0.06522619104454475, -0.8829051843265733, 0.7881096094882638]], [[0.2850648962028934, -1.2290920628229922, 0.5061376620653428], [0.03943259606065248, -1.165422567645653, 0.6068084925755818]], [[0.3158974754252901, -1.1707401864879436, 0.6339283911109704], [0.13921254753005155, -0.8654699788719288, 0.6176463960070189]], [[0.13362748187387763, -1.3007589555102372, 0.26712061852281477], [-0.013233482259640595, -1.233891865631659, 0.2766115817974239]], [[0.19367007540409395, -1.0482535280945322, 0.3644019446275538], [0.3223579591147593, -0.8573441154220635, 0.3820537263316296]], [[0.033727363854473655, -1.0935936493793974, 0.22579129209085683]], [[0.10263393507936354, -0.904134588793544, 0.22577974194569014]], [[0.126166185053346, -1.3043165469629487, 0.24600696344449216], [0.231510741351138, -1.1878284671889245, 0.08926411976695749]], [[0.16015736398639827, -1.1347751822094705, 0.2777729680557611], [0.32123050136422127, -0.983175161282858, 0.16445038353807445]], [[-0.04343544428386005, -1.1292875056625118, -0.1942055759682787]], [[0.21013413427309616, -0.808021026022978, -0.4486817269725334]], [[-0.226850130541257, -0.9719261183118738, -0.8029198878119164]], [], [[0.2812853022701651, -1.1846372585132254, 0.5931483704579733], [0.06789427535694677, -1.0077351129454892, 0.6019429728265712]], [], [[0.22476247864958387, -1.2357495709990904, 0.4505245048168926], [0.06298953263520547, -1.049680922251794, 0.4471289889022214]], [[0.05836095985126911, -1.1320313439359913, 0.041783696043741214]]]}