{"bodyId": "h0", "timestamp": 110617, "continuousState": [[[0.4810061412987599, -1.3832872675415069, 0.6051784252174629]], [[0.1857619599446002, -1.2192346699893268, 0.8083219962572814]], [[0.44263720880947954, -1.4870656407174982, 0.6605115076674424]], [[0.23669802075128996, -1.3229740025542838, 0.8351937384631573]], [[0.30918826700278346, -1.5836899276329315, 0.42779904564760535], [0.21188294630123777, -1.4428986374775514, 0.6295492988771089]], [[0.45005530472107685, -1.5284653189755295, 0.5511497169847039], [0.30154098435855964, -1.3950525460889174, 0.645337369055717]], [[0.11277151524582917, -1.5266946683784064, 0.2781535355467147]], [[0.3905688224409398, -1.336365538204141, 0.3423444196361952]], [[0.023312134825128054, -1.31914409151527, 0.025229054905251815]], [[0.31046666738315887, -1.1645349126037463, 0.08432508778149486]], [[0.2988812641129979, -1.5838678849225298, 0.4283314281653162], [0.33956323160331797, -1.2643200707315747, 0.06949254569266008]], [[0.3163829922709196, -1.5140295326274698, 0.4237254142218518], [0.3508500116727114, -1.2771703647726718, 0.058953717720038865]], [[0.13384649089485548, -1.4999207650895814, 0.2638938589024028]], [[0.16694009803492593, -1.3948993988872325, 0.24592161924555422]], [], [], [[0.4302329060300808, -1.5160626208227377, 0.506699590440104], [0.2587431985144551, -1.4102114680318631, 0.6415200000138414]], [], [[0.281413409983453, -1.527579993676968, 0.4146516262657093]], [[0.22511474158288752, -1.5069751488585257, 0.34380963656212726]]]}