{"bodyId": "h0", "timestamp": 113364, "continuousState": [[[0.46649468229546986, -1.374909168708023, 0.6021553674105161]], [[0.18366426699642602, -1.206663019381218, 0.8102678669178485]], [[0.4346990974890496, -1.47130603173521, 0.6673319974938234]], [[0.23424338592788763, -1.3103349492807104, 0.8359706215685473]], [[0.30068002735712873, -1.552857286030985, 0.445258223313102], [0.2016594338946843, -1.435487037626208, 0.6277752515583702]], [[0.44794790944056256, -1.5259249974122973, 0.5475965423890364], [0.30518780053678074, -1.3859532226151066, 0.645761627378025]], [[0.1185653711989322, -1.5063557570160229, 0.26546974005729246]], [[0.38611836024627155, -1.3170408743202633, 0.30927535120294647]], [[0.010095033356586213, -1.308181605629835, 0.028569486139432002]], [[0.2920357834992433, -1.13717537977199, 0.061006923725398336]], [[0.27760857580429926, -1.578309069588105, 0.4446854581893307], [0.3411597007383525, -1.2399031685509838, 0.06742947024556178]], [[0.28494991928384383, -1.5258789367188605, 0.4507953770224468], [0.35129257790522617, -1.2613042225101123, 0.056653502659779635]], [], [[-0.042448068395906945, -1.2999486874131319, -0.1972325036908817]], [], [], [[0.36210755459028976, -1.5218404548938043, 0.4649550705709438], [0.23814649340588562, -1.4001069839793931, 0.6322893527511125]], [], [[0.2832566403197474, -1.51614037721416, 0.4065331412231644]], []]}