{"bodyId": "h0", "timestamp": 122275, "continuousState": [[[0.44782482418354536, -1.0287207850140698, 0.6795832004085779]], [[0.3200704788651922, -0.9514540176716874, 0.8470694453877832]], [[0.4609626395022322, -1.1432367979672566, 0.7049889340270881]], [[0.2700578122155932, -0.9814898829430007, 0.8084951832206172]], [[0.41071257655094856, -1.2514029914071194, 0.5090047245312687], [0.24625331478321094, -1.1623223273058354, 0.6303313960488393]], [[0.4732564387125602, -1.1502357127976748, 0.5782087067392607], [0.36850250149466296, -1.0063500260830356, 0.6587984278954094]], [[0.22031066314934908, -1.2437237980888063, 0.2639263748122864]], [[0.3149334980420867, -1.076637266282562, 0.3793349135215699], [0.32086684680876465, -0.8200473155346533, 0.20760947687343742]], [[0.12045686074947594, -1.0154940758556337, 0.158199535403191]], [[0.28680664093553326, -0.7662227144540487, 0.1154526909913875]], [[0.12460165761607515, -1.1561247465710576, 0.11415719184983891], [0.3611371592750645, -1.085416871270349, 0.07611647402764583]], [[0.1310352164655914, -1.0855383409186088, 0.23171824740144029], [0.36478082221848807, -0.9111576705099619, 0.022784596527826124]], [[-0.06576863098997472, -0.9906265947648404, -0.2332388653401697]], [[-0.06367261971125393, -0.8344922053103327, -0.15982141057532545]], [[-0.25550622556144537, -0.8428850006632106, -0.709155090430002]], [], [[0.4675397821108526, -1.1690207903761436, 0.5127043842428026], [0.28884855631432765, -1.0738172174522689, 0.6294749826168979]], [], [[0.34678355093095464, -1.1969797554432406, 0.4210675407757736]], [[0.03263329273780834, -1.0380824678417246, -0.0007603089693647008]]]}