{"bodyId": "h0", "timestamp": 122610, "continuousState": [[[0.2654371371556138, -1.1671839365768693, 0.7694616127568881]], [[0.1508428917441929, -0.9459983137932707, 0.8458631755586716]], [[0.31716344814372777, -1.2316868515364376, 0.7620275412122509]], [[0.15464073211470555, -0.9917868774139665, 0.8416098946569153]], [[0.3339655525421908, -1.2978972975566272, 0.4824329161045962], [0.01615322650304506, -1.2327958581688416, 0.5952809754731095]], [[0.3153614389054981, -1.1912186511190213, 0.6416384102948415], [0.21299496950192248, -0.9710196742998005, 0.6771503241776966]], [[0.11035247826572556, -1.3215827554043558, 0.25750833715496946]], [[0.25397331268258794, -0.875478231680223, 0.26026976897168014], [0.372922288529031, -0.8908137110407579, 0.5335446562876086]], [[-0.002377471781801944, -1.067262428161087, 0.22970417550099684]], [[0.07005471886751423, -0.8251371287561958, 0.22318508183055588]], [[0.04527984350538498, -1.1702435435144383, 0.023631233425460096], [0.17229349685225862, -1.124553271168808, 0.09937429660724434]], [[0.004636574848120177, -1.098399806860987, 0.21514787914067687], [0.29787186932451776, -0.9540996754227967, 0.2134846249835514]], [], [], [], [], [[0.35357906880118334, -1.2054209492981198, 0.5199460472398761], [0.17965455445484144, -1.1056507694379374, 0.6765162287359726]], [], [[0.21285695858561182, -1.2564007032616886, 0.44957337372490547]], []]}