{"bodyId": "h0", "timestamp": 123481, "continuousState": [[[0.1315017831125116, -1.2660728613693044, 0.7898663117448419]], [], [[0.19096433848251979, -1.300204171750249, 0.7535242392352177], [-0.7771535266153258, -1.09905580561278, 0.4048206146540613]], [[-0.018952044737898178, -1.012610522340433, 0.7816267664630036]], [[0.19776049302752546, -1.3974166271021482, 0.540736188094934], [-0.10231560712950591, -1.2632055569145222, 0.5708124866322878]], [[0.18418968763683238, -1.2626792587547007, 0.6877981971282442], [0.028265607443586076, -0.9551146170481511, 0.6372451654540182]], [[0.03748383645635113, -1.3666712809786514, 0.26312747418992605]], [[0.2199881191958018, -0.9226816397075011, 0.30417028154299375], [0.1298288165425897, -0.8217711494580534, 0.398825615201931]], [[-0.06101813784603848, -1.13295612815285, 0.2488428268869152]], [[0.03787338297686506, -0.927277962241868, 0.32011457670878474]], [[-0.0485790306389747, -1.2010907031352869, 0.051324997143885415], [0.10542824516117685, -1.1634153708169932, 0.14965285378889803]], [[0.1255103762670051, -0.9371701192733041, 0.14310111688810412]], [[-0.3295967027556151, -0.7710147158626146, -0.6769173921084325]], [], [], [], [[0.21553852256872175, -1.3038059070194694, 0.5937601930509848], [-0.020382349015239016, -1.0987062317175622, 0.6085300585780878]], [], [[0.11083676204659176, -1.314675269866676, 0.4754628356590851]], [[-0.102043163244305, -0.8540924175679594, -0.2669081376101642]]]}