{"bodyId": "h0", "timestamp": 128774, "continuousState": [[[0.5596584700834057, -1.0371258954414753, 0.6648819396055751]], [[0.4026076808311075, -0.9252742148975112, 0.7839284812038821]], [[0.573679249468207, -1.1096563657107372, 0.658250823263489]], [[0.3533393243291514, -0.9997664093450551, 0.7830562309600633]], [[0.47065044634979236, -1.281169127726499, 0.49157675754368346], [0.21155953126592522, -1.1812497842686132, 0.5545877724012985]], [[0.5501254755840135, -1.0971148514598745, 0.48893105865271186], [0.3837663745798211, -1.0247364937912335, 0.5845694918702675]], [[0.2733207733664132, -1.3281281436657368, 0.26826417688653964]], [[0.5182809069511961, -0.8760607134830259, 0.14457697993000101], [0.42393825911622274, -0.786634050912422, 0.2541306375873776]], [[0.15621006181123318, -1.1260805999915338, 0.11996159686583269]], [[0.44192227840281345, -0.6600496822643795, 0.07101538548606731], [0.43568044877021656, -0.5255000010834959, 0.04041715333634147]], [[0.17705456184399856, -1.1934945184067411, 0.11130535558531983], [0.2934494159107712, -1.0638382858701965, -0.1805114502904571]], [[0.2111317017619325, -1.0456382368038803, 0.10283212660419326], [0.3906743338171041, -0.9594932551779478, -0.09084749523327082]], [[-0.039801347597641555, -1.0605805992973987, -0.17453794551746]], [[-0.020025472790462972, -0.8461127598225069, -0.19617607031588796]], [[-0.20177415215972308, -0.9146311488843919, -0.7411935137887303]], [], [[0.4815462892111961, -1.215607839607122, 0.5279522563160858], [0.2922606031296307, -1.1065369508348337, 0.5676059100417088]], [], [[0.4117231244752133, -1.2126214975628056, 0.37859761776962575]], [[0.08566517708214547, -1.0531094180506395, -0.035852909456633365]]]}