{"bodyId": "h0", "timestamp": 133799, "continuousState": [[[0.45634142936886685, -1.4500538258502544, 0.5759204788216807]], [[0.1795941990556821, -1.3256149816507061, 0.8128979715275835]], [[0.41567465252331526, -1.5408870128399017, 0.6302887362894495]], [[0.20208516488694864, -1.421911172450981, 0.8187567982261892]], [[0.3621706266272991, -1.616378929756475, 0.47578551347979964], [0.21455461029488698, -1.405605477589689, 0.6401873570709365]], [[0.4292628036494603, -1.6099906032531237, 0.4922351199486948], [0.30114758335759667, -1.4964031282544539, 0.6517066823755576]], [[0.26208073367371637, -1.3151541074269366, 0.31981433679244403]], [[0.3542358451721636, -1.4714197258364996, 0.3356243629039504]], [], [[0.3489542958792522, -1.3169329929027218, 0.05667060173147547]], [[0.09787544764289015, -1.5628826450574649, 0.23978087080366414], [0.30752329443875076, -1.2863217903382835, 0.07344321879892618]], [[0.3349601496601633, -1.385281510016504, 0.06747862128931979]], [[-0.038551395322304303, -1.3704477173522904, -0.06580456651935833], [0.485994978370155, -1.3028693646504734, -0.13155405276525106]], [[0.3636520339607139, -1.355772766256674, -0.3066044415350882]], [[-0.11096829482615575, -1.225742572064648, -0.7782536909144383]], [], [[0.3913798280861903, -1.603667363586347, 0.4823141269955], [0.24120990791955432, -1.454637545198241, 0.6370710727074195]], [], [[0.34567176866158833, -1.46257235534003, 0.4060247283705694]], [[0.1482043771689295, -1.3778646136843973, 0.0008370273849807319]]]}