{"bodyId": "h0", "timestamp": 136613, "continuousState": [[[0.20856224942729812, -1.2220587885676397, 0.7292021877902148]], [[-0.05421259322998185, -0.9908658484989666, 0.7886770769226243]], [[0.23529878276001712, -1.3284382064720062, 0.7346626180843282]], [[0.02745646648294087, -1.0861628075157725, 0.8105495273982702]], [[0.21805258092889876, -1.3988835740298189, 0.49342319610404695], [-0.028391007546620585, -1.2802709744173055, 0.6069046560579289]], [[0.22126145717511736, -1.2974150528739117, 0.7067941583023147], [0.10961618844810096, -1.0964799245690504, 0.6666698053036673]], [[0.009495207847229665, -1.3533974519571874, 0.25016827822416576]], [[0.2027932507366272, -0.9780003014669417, 0.3472971322465744], [0.1775198686682645, -0.9856080811226119, 0.4620986531308129]], [[-0.0702739554012428, -1.0771238549507283, 0.2382963395054205]], [[-0.006422273445002247, -0.8766075859687821, 0.3018615463897538], [-0.16512332324759518, -0.7265703003881191, 0.2277280281154742]], [[-0.05242944916446709, -1.2483422088641045, 0.07827653224891173], [0.14135422629200092, -1.201881507513547, 0.13345507356557823]], [[-0.0697509387963862, -1.135698825472312, 0.2050682768367808], [0.10323924294639801, -1.0302495650954073, 0.06600009624115842]], [], [], [], [], [[0.24474158998790035, -1.3205079431097873, 0.5827791657691328], [0.03456613525850139, -1.1725702633225727, 0.6329715878060608]], [], [[0.1153783325111735, -1.3254062524155494, 0.47848121826324025]], []]}