{"bodyId": "h0", "timestamp": 140968, "continuousState": [[[0.5616635567851785, -1.5537356226400054, 0.5281643380112455]], [[0.3022315816576552, -1.4219381463784864, 0.798281771008806]], [[0.5344923893659698, -1.651133922510073, 0.5333108747030904]], [[0.3027676581316678, -1.5058727941774919, 0.8003948378232328]], [[0.39576922035012485, -1.7307288164328136, 0.37315281492867325], [0.28112575179353166, -1.5399230559654722, 0.6309408267996637]], [[0.4993725180577831, -1.6191248744700117, 0.3631657146917387], [0.3163431146690225, -1.5963397766129483, 0.579206637852044]], [[0.1928100449897181, -1.652182617226055, 0.1899456612064912]], [[0.3407857732318409, -1.5578465515118043, 0.2935811122783209], [0.4276028989794013, -1.5391072985392862, 0.32940831599028936]], [[0.09509065243088048, -1.4703151014237674, -0.04853843052603747]], [[0.4124684639456332, -1.4310863947093382, 0.10795040590302801]], [[0.1402363380328606, -1.5986831714927794, 0.0498789537475277], [0.3978675469663203, -1.4387974323777886, 0.18920621715304786]], [[0.1720318243741924, -1.508082470654178, 0.045694637474428874], [0.4411886813900271, -1.510855479418383, 0.18135858499761048]], [[0.016718085537602748, -1.437405392793204, -0.3196874094758691], [0.388293642666378, -1.355768296826697, -0.22502333210497705]], [[0.020798451847454828, -1.3959948994669744, -0.31327195137476155], [0.36683822178731973, -1.4420511149416075, -0.2689712303127385]], [[-0.1704779535349747, -1.2915785795762968, -0.9049582920567868]], [[-0.14452503449131177, -1.3037987605464119, -0.8687328630413763], [0.2919884723305922, -1.4186206272211268, -0.8377877432902567]], [[0.4468716938359383, -1.678401107397767, 0.3807167234642359], [0.2807260071894025, -1.5721356991714242, 0.600344373321371]], [], [[0.34609128152375057, -1.6356537458480334, 0.27655568794911495]], [[0.09437495495589757, -1.472743931723691, -0.13699638600072012], [0.41474116202820255, -1.4333118881225402, -0.021832373553683282]]]}