{"bodyId": "h0", "timestamp": 142844, "continuousState": [[[0.5538351429258556, -1.5301408804387666, 0.5149745557878309]], [[0.28903695801725143, -1.4157797438368214, 0.7984355764257414]], [[0.5084306390528683, -1.629187301208573, 0.5547458202804586]], [[0.28260976089389894, -1.5023742697471016, 0.8007617510190533]], [[0.3973238697868638, -1.7103871410037383, 0.37122567460403727], [0.26074355830084983, -1.5264380180411963, 0.6286816419267748]], [[0.49557221497047277, -1.6003473622444735, 0.36110437211028534], [0.33309537329176303, -1.5895984155979854, 0.6033407864168839]], [[0.19368837943751152, -1.6462049875434084, 0.1850360894749249], [0.3318015362096896, -1.4195696597913852, 0.3683541569256954]], [[0.348998302468574, -1.5403234675753215, 0.27521084232371507], [0.45364474920125986, -1.5312289201828653, 0.3664473916228444]], [[0.10091288165794401, -1.4703842934326061, -0.051820567683437506], [0.3427963089011587, -1.341948791843831, 0.0940314491615261]], [[0.412078982202127, -1.4090544459653864, 0.09318644793634007]], [[0.13409695754369585, -1.5903650760829742, 0.06353945675885961], [0.39834866906053185, -1.4157859265910533, 0.19486173872874543]], [[0.16947429143752918, -1.4964317184770948, 0.0411103210055287], [0.44392782222083566, -1.5099203520248232, 0.20757407495462735]], [[0.016598460295299218, -1.4264145898188818, -0.30611945916711375], [0.3556456231401121, -1.3568314865475668, -0.271893060484246]], [[0.01720069499325143, -1.3972151710706775, -0.29500472083734847], [0.34994814457608253, -1.4465824136548977, -0.29084146041594433]], [[-0.16840928571771918, -1.290624181901655, -0.9071133848142185]], [[-0.14277599182751513, -1.3072291237676992, -0.852751901410435], [0.297924360836384, -1.4185769515637632, -0.8470562134159475]], [[0.44955971701441066, -1.65940978556291, 0.37065747357846657], [0.3112422712364637, -1.5607670435765921, 0.6323305076792849]], [], [[0.34463029720399213, -1.6232761748939408, 0.2730702307926051], [0.3324484547507263, -1.5045840376946853, 0.48584747167128967]], [[0.0930363758664142, -1.4614231541479883, -0.13250456908079253], [0.3997867226804739, -1.433375919286195, -0.032159492764809325]]]}