{"bodyId": "h0", "timestamp": 147467, "continuousState": [[[0.4549071267061468, -1.5755580763140333, 0.5700269761658828]], [[0.11974544169321394, -1.4034693865450356, 0.8019749376131438]], [[0.40733633401054187, -1.6636360969348882, 0.6063237143870643]], [[0.20036480169389187, -1.503512303135253, 0.8275256049950886]], [[0.3646478066291048, -1.7041217740128036, 0.43690150303717123], [0.09966693004028093, -1.4849574862382877, 0.5733501898373847]], [[0.4025568006721606, -1.7132411791790687, 0.4569319015407574], [0.21278297113157055, -1.603785872357198, 0.5812262195299086]], [[0.07281701987928693, -1.666520495761787, 0.2566795688109685], [0.20514556799215666, -1.3963391328438919, 0.30118950544686685]], [[0.34656943443266913, -1.5517073682888787, 0.35066452356289185]], [[-0.027375108058760134, -1.4935503673733135, -0.0008123915992821367]], [[0.3378739055315566, -1.411946599008854, 0.056720596264745834]], [[0.18342424727747392, -1.7330251348843349, 0.41271410410935666], [0.2654256030606671, -1.352076929708554, 0.05197238461389452]], [[0.19600943729348394, -1.6342869540069538, 0.35774199854962874], [0.3455199787759916, -1.4662348155379799, 0.08520694755870864]], [[0.37916230538253193, -1.3120708362390077, -0.2602980948322001]], [[-0.07344470576207095, -1.451684581138571, -0.074582820876984], [0.28255976904306274, -1.416530391726639, -0.40660366826510086]], [], [[-0.1878584029512584, -1.3209946305878797, -0.7648116508086323], [0.27901736631636165, -1.3994407026134132, -0.859925524253915]], [[0.38297252970058093, -1.6966438895365628, 0.4522769111676566], [0.16240224692204377, -1.545318410986501, 0.5872102723162279]], [], [[0.23768691027572375, -1.6898808374704277, 0.35680573517586295], [0.2089642695618636, -1.500062502600545, 0.4412078624883877]], [[0.28758587133800795, -1.4731788951229807, 0.04872195185871431]]]}