{"bodyId": "h0", "timestamp": 148003, "continuousState": [[[0.5554473741716358, -1.5613811982370278, 0.5447672558416149], [0.23497955040028706, -1.4076017998565489, 0.794099629223484]], [[0.2453042816651375, -1.4356220064927177, 0.7981613469632681]], [[0.49440647226647044, -1.6652832798999833, 0.5723949706904476]], [[0.2648421061268696, -1.5368358374072875, 0.8019037713952942]], [[0.3752170926848865, -1.7024657777267953, 0.36088035064111457], [0.1371370509524893, -1.471423119062972, 0.596827318479137]], [[0.4622712600503317, -1.616637825675688, 0.4146228643618097], [0.29100143734220024, -1.603450562852981, 0.6087313398209501]], [[0.15992154551452076, -1.6367960645823354, 0.16494367272274008], [0.24754451761557653, -1.3869063936571013, 0.30108370112494415]], [[0.4066980576194901, -1.5353020506995099, 0.3554233762015374]], [[0.041945567937438116, -1.456410371484188, -0.04526021948549555]], [[0.41607404977010654, -1.4373067403477708, 0.049525558264447454]], [[0.13062966844565654, -1.6120057527002256, 0.12295037969857003], [0.2975383250780699, -1.3880215729123668, 0.20535787128948776]], [[0.16468132771369756, -1.532025664370819, 0.13307877313052882], [0.4128652920976665, -1.4971313469152616, 0.248463974650982]], [[-0.01321503665870705, -1.4274291460593405, -0.28438317511325933]], [[-0.018076753527172456, -1.411747339533441, -0.2599893078663297], [0.3659023535354836, -1.4300841377331286, -0.20461509821358162]], [[-0.21647091832454818, -1.288551974423681, -0.8622553027976841]], [[-0.19575183902096632, -1.2911810995404471, -0.8374404151309295], [0.26797951591301533, -1.397201558141618, -0.8009502982310953]], [[0.42689811178119585, -1.6678165623450467, 0.39971778046646567], [0.24543762201260938, -1.5429097949403072, 0.6319204905075622]], [], [[0.31109640278242623, -1.6267169451290115, 0.2897832685422749], [0.2692729774788884, -1.495178478255041, 0.45490752047294714]], [[0.07573314552749526, -1.4797274052150797, -0.07565220099136526]]]}