{"bodyId": "h0", "timestamp": 149276, "continuousState": [[[0.5216235922906408, -1.5879721940537428, 0.5834679132889732]], [[0.2117914220068567, -1.4396970582988786, 0.8174659427238705]], [[0.4863245720775015, -1.6913568858848698, 0.5668814899646908]], [[0.2664954325765089, -1.5305193258852665, 0.8289576667883497]], [[0.3467060734117734, -1.7148443743925916, 0.36025012747894697], [0.1932342130691502, -1.486392050444299, 0.6579153671717379]], [[0.4947665026198678, -1.580242514115476, 0.3655844207968812], [0.30340849833227, -1.5997827437740566, 0.6279858817500759]], [[0.14700145854555194, -1.6353839275118889, 0.13989518465867604], [0.26539209868842456, -1.3952163851056674, 0.3651047741490697]], [[0.4255214706926338, -1.5332581702805195, 0.3874395531941261]], [[0.013713365852482583, -1.4707975877668575, -0.05493769634059436]], [[0.40857275750986854, -1.4154448167417286, 0.07506795613425493]], [[0.1335073072554129, -1.605554907836516, 0.10761491803974992], [0.36171362019754405, -1.4010385855132441, 0.26301449422501216]], [[0.1788360472225089, -1.5046762245532936, 0.1072658207443717], [0.4229063932105921, -1.505556377231447, 0.2568354594616144]], [[-0.017462599777807442, -1.465451488490214, -0.1804493383119727]], [[0.40058223837612356, -1.4280100609830815, -0.1535887022571096]], [[-0.20386605907211855, -1.296282606483573, -0.8480354781743529]], [[0.29256623788853814, -1.3977042274715925, -0.8080527523279686]], [[0.421943274288128, -1.6601681442600784, 0.3872250528232796], [0.2400664789738198, -1.5497594566798734, 0.6423757283693751]], [], [[0.3208839805827099, -1.6078132208136824, 0.25273980272777863], [0.2844002985103473, -1.4974995644398619, 0.4965453279495728]], [[0.08068672372235072, -1.4850638565217538, -0.036591758783800506]]]}