{"bodyId": "h0", "timestamp": 152023, "continuousState": [[[0.2201105744197482, -1.4105901523937696, 0.7994908973425982]], [[0.21637168748898422, -1.4409591054261437, 0.7916196374839035]], [[0.49390812651204036, -1.6439162441672577, 0.584462786246069]], [[0.28018216837055504, -1.5449213319004793, 0.8248695224155057]], [[0.35768892967779453, -1.7086992021249605, 0.39429814149156733], [0.15037316627668884, -1.4612454767651781, 0.6212510962865402]], [[0.4496349982129114, -1.6450389388394346, 0.42479467728296993], [0.2718312803457004, -1.6073165691703801, 0.596494819929652]], [[0.14270472162189246, -1.6322783151460358, 0.18165461542368302], [0.2666834600199229, -1.3882213550436966, 0.3533599596780623]], [[0.31633088978048335, -1.5766107216811767, 0.35062805263712743], [0.41251004805875163, -1.5434187117459275, 0.37586382723776157]], [[0.01893631525148493, -1.4620704794774138, -0.02916776442492255]], [[0.3936396681842157, -1.416398240839504, 0.04975897522207356]], [[0.10655889223280093, -1.6000139594903156, 0.1272800196908479], [0.327082967642187, -1.3716036930960953, 0.1706587456494974]], [[0.41426432147093967, -1.491918279630977, 0.19353758660374093]], [[-0.026548278668763345, -1.4318425094383624, -0.26850363570089575]], [[0.34270864729375283, -1.421232772668979, -0.2518000283555009]], [[-0.20726541268581367, -1.2937382327921536, -0.8430894453762394]], [[0.2734135359456311, -1.396662092792072, -0.8029065631127026]], [[0.41466344714664777, -1.678721747517919, 0.4173587872904973], [0.24729213354881266, -1.5378540939615255, 0.6371196014411962]], [], [[0.29616985991740197, -1.6386586269927352, 0.30322464635332647], [0.26925737018281165, -1.4977689621070382, 0.4749273898038572]], [[0.19385802140108815, -1.4618803945346697, -0.03748302454857741]]]}