{"bodyId": "h0", "timestamp": 153229, "continuousState": [[[0.5463250451090537, -1.5566685053319191, 0.5504349895552362]], [[0.2643537461341446, -1.4300917895405867, 0.8223800937973106]], [[0.4821349606016614, -1.6402678638507455, 0.590558394426785]], [[0.26298012319846564, -1.5301591254840823, 0.8171350084478097]], [[0.35843001706754607, -1.7004546617694036, 0.39604204409277716], [0.1523379482097489, -1.4704446964623785, 0.6004546759648044]], [[0.4538425652927735, -1.6229326793685988, 0.4228890825609107], [0.29610832611654836, -1.595244288319504, 0.5956057270769927]], [[0.13766739940440897, -1.6279891338004226, 0.19337319415524393], [0.2762656474129242, -1.3923961066964328, 0.3303433339343139]], [[0.31869302162780916, -1.5636635505914314, 0.34047321203183833], [0.40953503939902974, -1.5366580773449823, 0.3695598171168806]], [[0.021760580381984824, -1.4482897852363559, -0.03191977709389994]], [[0.3957904483395898, -1.4067958766959117, 0.04564209409754062]], [[0.09071468224426268, -1.5732745310824767, 0.08110058269914794], [0.32811221522575124, -1.3759000334920422, 0.15861961162036708]], [[0.13159940137611204, -1.481367030216701, 0.04603225845677912], [0.4302323453683673, -1.4794130471522877, 0.18043999563208582]], [[-0.029909539980072508, -1.4189980520019745, -0.2820315295992489], [0.32120715097013747, -1.3103656752948554, -0.2937574302960736]], [[0.35869453542117186, -1.404753713778998, -0.26083717362157405]], [[-0.21644802162182122, -1.2929214812943461, -0.8373092825047961]], [[0.29069822542540624, -1.3919374792860808, -0.8209059387554674]], [[0.4197111035668177, -1.6656881528505818, 0.4088111158002423], [0.27558616239470396, -1.5349854942040706, 0.6357772357676804]], [], [[0.2957549823485912, -1.6254609065845107, 0.3081311383580773], [0.2861869867647363, -1.4938201975079684, 0.4629745305056533]], [[0.050844930698019764, -1.4501825411093376, -0.11799963557123488], [0.37571974816925235, -1.3948893612235715, -0.05665871733199389]]]}