{"bodyId": "h0", "timestamp": 167299, "continuousState": [[[0.5913745861825361, -1.5059882193109901, 0.5138330672173143]], [[0.324564602796454, -1.4210051150181642, 0.7845171445941509]], [[0.5416064634506015, -1.6122056450890638, 0.5530951586028662]], [[0.3247314658609268, -1.5122048362609566, 0.7889259418035047]], [[0.4373584393109101, -1.6906511950970866, 0.37662176849274376], [0.30293763436761584, -1.515296394290472, 0.6209748838937262]], [[0.4975192056732932, -1.6214942585520036, 0.39094866541827333], [0.35421491542429223, -1.594080053059827, 0.5966138366631683]], [[0.21451188223976045, -1.6382001245689837, 0.19559046417562126], [0.28388721081158746, -1.403843188249173, 0.3182348892582445]], [[0.33357842783334657, -1.5401672922564607, 0.2624389381650756], [0.46282403516568776, -1.5414557925412722, 0.3722813030564421]], [[0.12441560273680596, -1.466373982833392, -0.017186110192332762]], [[0.4457920160692722, -1.459961416249547, 0.060913613186717154]], [[0.15663833408830732, -1.566558138088207, 0.06275310929448984], [0.32948997605122554, -1.40077500822763, 0.11079686354639035]], [[0.18748217677340234, -1.4898802341109714, 0.0662733248858999], [0.47762827968732835, -1.497567725751192, 0.23894576486701294]], [[0.030949338293397032, -1.4011148182551434, -0.3304900667120164], [0.41217144350053647, -1.337629787124834, -0.18970179661389897]], [[0.03119380635561339, -1.3979840463237236, -0.30853808851410985], [0.4768509514490715, -1.4306399676537884, -0.12253079640264627]], [[-0.13124093630378178, -1.2709421667972534, -0.8796398952239388]], [[-0.10636089774570118, -1.2947254645068045, -0.8171037381935321], [0.30229400140588725, -1.4158451229205613, -0.807801038278925]], [[0.4716850767992708, -1.6602892271962972, 0.38420035270235325], [0.33048204665125286, -1.5550902103806283, 0.6087245230087901]], [], [[0.35601554395652685, -1.6298471915604935, 0.2932695647969473], [0.31905106311793985, -1.4989616206545, 0.4574243629607064]], [[0.10921575753339968, -1.4454975261830574, -0.13210837091305827], [0.4448998615939324, -1.417598756438013, 0.024621984126556987]]]}