{"bodyId": "h0", "timestamp": 167567, "continuousState": [[[0.5915525462668189, -1.501704132059547, 0.5047938956416168], [0.35075741109331077, -1.3919177473048854, 0.8124982148666674]], [[0.3342964169958086, -1.4165864910366548, 0.8040807006288999]], [[0.5382077636193034, -1.6079812589073608, 0.5472327906850304]], [[0.3219576240725403, -1.5124834505243003, 0.797363063440117]], [[0.4283700501755015, -1.6903158440544692, 0.37824467242036647], [0.23924252696404552, -1.4986004251207963, 0.5782165737697753]], [[0.49359727812010973, -1.618435593714163, 0.38139690192070996], [0.36153793122330125, -1.5892257973889439, 0.6062299832813506]], [[0.21841270000999624, -1.6308188035767526, 0.182762272704618]], [[0.3183857464264808, -1.5524664384263764, 0.2933238638939035], [0.4704660035906047, -1.5317121274948027, 0.36277105052067055]], [[0.12498675610538384, -1.4651501432952019, -0.025315912997117038]], [[0.4487412331955386, -1.446982665874311, 0.04331577043735479]], [[0.16129815481433912, -1.5653616979502898, 0.06357071271151245], [0.31816723737178904, -1.369995268683027, 0.04947309365889578]], [[0.19171466439462767, -1.4926668308517625, 0.06957641545938167], [0.465576675340646, -1.475109527044929, 0.18345108043138886]], [[0.03311490703562487, -1.4009598851211822, -0.3119735974310656], [0.3955150903236708, -1.313440361166725, -0.22579104598445474]], [[0.03518010764173249, -1.3924759027817422, -0.3066703778429237], [0.4548246436637196, -1.4087642757928371, -0.16531191332099524]], [[-0.13085145809139642, -1.2673176794570176, -0.8823767513432427]], [[-0.10413444531659488, -1.296007970034791, -0.8087153202925392], [0.2898463612051023, -1.403916261440072, -0.8271468503608833]], [[0.4664463047410686, -1.6588217937950112, 0.3834327890053996], [0.3272190511303854, -1.5489846802986575, 0.609225894848576]], [], [[0.35600498906505296, -1.6246271986454577, 0.28207958731266397]], [[0.11241478571512627, -1.4468133579864724, -0.12119859098584197], [0.43054588283215844, -1.394274944105827, -0.02116998277653294]]]}