{"bodyId": "h0", "timestamp": 172391, "continuousState": [[[0.1809689162936552, -1.3450040486741643, 0.825284946736136]], [[0.18113021477771735, -1.376409188597226, 0.8203966493749597]], [], [[0.15119124177367826, -1.4716924413926682, 0.8036082423824619]], [[0.0886609163552523, -1.3976160054685103, 0.6132998514244937]], [[0.19787055440062795, -1.5636173613492195, 0.6084953951050852]], [], [[0.31469991463423796, -1.5405985113527003, 0.3364362661413261]], [], [[0.3250261986673836, -1.4372028164863928, 0.02383644336601992]], [], [[0.30148712577767267, -1.4106490705703274, 0.08080363806634613]], [], [[0.20439567668636482, -1.3667229249044286, -0.4700516710373565]], [], [[0.19328354308143297, -1.3591428819874916, -0.7054125515922502]], [[0.158312261835237, -1.4800958893848568, 0.6253025057919019]], [], [], []]}