{"bodyId": "h0", "timestamp": 173128, "continuousState": [[[0.26946947527843074, -1.3209007558176156, 0.7950976698560845]], [[0.2816922173282817, -1.3493131668923484, 0.8015640603957065]], [[0.4833733398650106, -1.523163255769184, 0.6371782959796353]], [[0.28243500379690023, -1.4378114938834219, 0.813984398135568]], [[0.34140635488932464, -1.6309718305597651, 0.42143496870820185], [0.21376766610940967, -1.409319450963924, 0.6092595373384625]], [[0.4719918742160034, -1.6064916213198486, 0.4755910313589726], [0.2773322529800498, -1.5333008308917677, 0.604319642134405]], [[0.15827276757539874, -1.5913512397612057, 0.23533300082706182], [0.30179291430913485, -1.3342510106485648, 0.3321963502481531]], [[0.404738357428168, -1.480206158884354, 0.32306844013738967]], [[0.04176332457306529, -1.4171540332674424, 0.028617811352492938]], [[0.37996137884355696, -1.2979673301511343, 0.043587075840887564]], [[0.08800330290319028, -1.483757951036654, 0.1223050159603556], [0.35685487573495767, -1.2894870136686962, 0.06352517707583342]], [[0.13817147462065743, -1.440600264698349, 0.12081873132230453], [0.3623700320297762, -1.3883554446206603, 0.016826059743136283]], [[-0.051053861424444305, -1.2689044744237026, -0.18893746168744202]], [[-0.04606078630775505, -1.3004816512627073, -0.19702036362872968]], [[-0.13895722642627015, -1.258824679586642, -0.6003678421083394]], [[-0.13909456036872042, -1.2578393769913814, -0.5998165461851431]], [[0.4283056886035396, -1.5830322791529956, 0.431030237156682], [0.26908382321802604, -1.4768022075629308, 0.6263042756526306]], [], [[0.3151323208957011, -1.598921430540527, 0.3554620160930172], [0.2895625836445923, -1.4337759207701661, 0.46825799619127906]], [[0.04355880659810656, -1.3547523695610257, -0.034059365182568746]]]}