{"bodyId": "h0", "timestamp": 173798, "continuousState": [[[0.4689039987317893, -1.468471660121082, 0.592518568549307]], [[0.21857920108151052, -1.2822743751565306, 0.8158015021762001]], [[0.4402985656658604, -1.5308798022644488, 0.6390390190283944]], [[0.251661344184718, -1.3858463412190414, 0.8311973042003782]], [[0.42766823954867816, -1.5720900302831766, 0.4865224300181219], [0.24614661375627794, -1.4038718261263894, 0.644224422650808]], [[0.4819642725683723, -1.603417679249672, 0.47011663351101673], [0.28465763812924116, -1.4742469724102192, 0.6199191508701734]], [[0.1183830035655983, -1.5472815564173943, 0.26689882590286745]], [[0.3886167360418458, -1.4491379369750375, 0.35006098100558186]], [[0.0031639802884969865, -1.3725140492628276, 0.009796612754790431]], [[0.36799447046660455, -1.2959695403623679, 0.03804059548470673]], [[0.08247662693817114, -1.4811333021129622, 0.14984132292814456], [0.2761965912369294, -1.2242572427289826, -0.018235191037047342]], [[0.37038722185032114, -1.327800568537631, 0.038404680402007445]], [[-0.05478718404435523, -1.325124513755995, -0.05938140411593554]], [], [[-0.20603382749036028, -1.1972947480255203, -0.7331115149604038]], [], [[0.42752174487965033, -1.5755577134943828, 0.49214096998224965], [0.2694474267852588, -1.4394629418726024, 0.6317120364995312]], [], [[0.3001736380669853, -1.5753496178335331, 0.3685077297069421]], [[0.15780001890298295, -1.326462541146813, -0.010488361856964046]]]}