{"bodyId": "h0", "timestamp": 191084, "continuousState": [[[0.546098927855371, -1.5821393015613487, 0.5273991449291932]], [[0.2466208863807915, -1.450860172944336, 0.781908048913271]], [[0.49244642225562296, -1.676781525706289, 0.5612618315423092]], [[0.2654396459039328, -1.52803112169485, 0.7963408887125594]], [[0.37748484328478077, -1.7484293654604615, 0.35521893836058255], [0.2008407688661698, -1.551339226197055, 0.5923711990164133]], [[0.4614358664090084, -1.6532079576602676, 0.385451127735688], [0.3302098683571405, -1.6163455135329832, 0.6049511747885704]], [[0.1743547426581614, -1.63847593011054, 0.15900424926389406], [0.25019099635452424, -1.4270341091890189, 0.35034396277185853]], [[0.30984583389734754, -1.525509858626234, 0.2000065345674418], [0.4140369750840398, -1.5542180116670123, 0.33889145655381503]], [[0.22186204214281918, -1.3947512172517778, 0.00573990559376216], [0.16451580500842056, -1.3342625590461568, 0.12954491592533374]], [[0.3648233442736566, -1.3250288146780553, -0.07169248235984173], [0.30217860315577516, -1.3808332824081149, 0.15651002639897774]], [[0.1400771887737447, -1.5420227939673206, -0.07240137425371426], [0.3102488278576709, -1.434783291380082, 0.08109145051165047]], [[0.17035401257928812, -1.4404722726682344, -0.06781378084731592], [0.37157783219913765, -1.5029580579765527, 0.1001125495428273]], [[-0.019545450077398187, -1.4421868707097856, -0.28428258001452356], [0.37520188625307876, -1.403187372455598, -0.273547341121724]], [[-0.01659980243406369, -1.4139048435764359, -0.25523495877556435], [0.3593823043890727, -1.452072897471475, -0.30900744243191297]], [[-0.22412660752772934, -1.3246512601414424, -0.8250827357313014], [0.3371560658741496, -1.3775901511346509, -0.7809174030304168]], [[-0.184765806028729, -1.3393726065207416, -0.7549808058603562], [0.3410586520971674, -1.4224568020750707, -0.8491463160235182]], [[0.4274212747409039, -1.702265857368239, 0.37268856573339965], [0.2872557517041373, -1.5854951700300992, 0.617164356805534]], [], [[0.3178953045335849, -1.645841943885404, 0.27222768849979107], [0.29020043235583237, -1.521689811361001, 0.47764756878021447]], [[0.07540428125094496, -1.44132957168901, -0.17604818043091974], [0.37338985922610823, -1.4530727152160754, -0.08671739578944836]]]}