{"bodyId": "h0", "timestamp": 198789, "continuousState": [[[0.5497724319018098, -1.5713861389382315, 0.5165977885335724]], [[0.2679987546908476, -1.4403893705624873, 0.794276096134988]], [[0.4913220944045195, -1.6647765061591107, 0.5603733671512319]], [[0.27677843395125795, -1.5181949002280266, 0.8034360754588703]], [[0.3733262575631152, -1.7438763151366121, 0.35837101235671026], [0.2643112102599293, -1.5718606373618038, 0.6297232483308801]], [[0.4658235599652475, -1.6603101585223443, 0.37947937466434634], [0.32994686588336003, -1.605177633195972, 0.6058961100420024]], [[0.17776172732640783, -1.6379948856272504, 0.16524226617376622], [0.25245893986461215, -1.436830150285646, 0.34873788119165305]], [[0.3259607249297564, -1.585026202343745, 0.30194947469399813]], [[0.22228946611488043, -1.3971584285449907, 0.0031256751621478998], [0.18575429755598544, -1.3545671530306107, 0.14903014995147032]], [[0.30214649516383973, -1.3826713494000282, 0.15289787646510103]], [[0.15306996301062964, -1.57476278618991, -0.02510812704679938], [0.3127101636927862, -1.4544319572415751, 0.08381987949878203]], [[0.16924212103525668, -1.521456952489886, 0.10682662826368437], [0.3728016539181576, -1.504569765859938, 0.10149724047120731]], [[-0.017598394886656196, -1.4504663801583957, -0.2686500437128843], [0.36958684567580624, -1.4037351744321742, -0.26807649105290693]], [[-0.013445104421835765, -1.42171126312007, -0.24256313282179076], [0.36745169291197705, -1.4497595015567257, -0.2860875672483148]], [[-0.22593469531508237, -1.3191203975245693, -0.8371124563650446], [0.33236273020929274, -1.389964988409232, -0.7739594601672786]], [[-0.18435065791947738, -1.334024116395412, -0.7671629957218656], [0.3294035800962217, -1.4311624174276738, -0.8473985149859684]], [[0.4270273884860773, -1.7014600489129676, 0.37561763258096337], [0.2897835431184765, -1.5931753387310903, 0.6172916978132005]], [], [[0.32179264364582766, -1.6491525220747973, 0.2723608204190563], [0.2912029028739861, -1.521003891740809, 0.4773169956168277]], [[0.07582186307430025, -1.4859616663241408, -0.08091170772459996], [0.3711942497969819, -1.454152470146056, -0.08328962529084981]]]}