{"bodyId": "h0", "timestamp": 204417, "continuousState": [[[0.18304791871877382, -1.2654846223443037, 0.7658905418383457]], [[0.02066189192607976, -0.9960859696360512, 0.8341406058204041]], [[0.22977542720487754, -1.334293170823761, 0.7435688127103377]], [], [[0.2532677498703468, -1.3787436066388223, 0.5200611423865558]], [[0.1921654915037684, -1.2620061184767528, 0.7166061172346961]], [[0.0685570081463797, -1.384996648325086, 0.27991761607164223]], [[0.1626892689388701, -0.8675693149122021, 0.3340645600291368]], [[-0.02928951529958104, -1.1097618611625273, 0.1790277969345625]], [[-0.024541329291692306, -0.810048905245001, 0.27457257199566015]], [[0.03774815656490392, -1.2882608517588026, 0.18670416089636865]], [[0.048590410803321674, -1.08073384160453, 0.1792292870891431]], [[-0.16862569455438223, -0.9435605766569592, -0.4051595692783201]], [], [[-0.17388023545472783, -0.9472145702157447, -0.4277006448910472]], [], [[0.25893939032361135, -1.2727072853466443, 0.5687607159282301]], [], [[0.13036124982507405, -1.3235013834009193, 0.4982618666531692]], [[-0.06001764187553028, -1.0121472091307446, -0.1129651410945885]]]}