{"bodyId": "h0", "timestamp": 20971, "continuousState": [[[0.5238098281770674, -1.6687780915015447, 0.511883129183882]], [[0.20656158050882414, -1.5298518289158425, 0.812610046088556]], [[0.47917443502915735, -1.7560070356367063, 0.5372150279892676]], [[0.23066158430105657, -1.6182307401610163, 0.8032176771996045]], [[0.3801878929203993, -1.8142712671651375, 0.3608538829430322], [0.16871945368001162, -1.6127350780474796, 0.5819288609625175]], [[0.4583739622054848, -1.7297715084150465, 0.3769308539897975], [0.2829094573847208, -1.7092615674316283, 0.5929132547739762]], [[0.12357178945295266, -1.7192631618217766, 0.17434319245737287], [0.22243465675415927, -1.4944827945896673, 0.26247491429044634]], [[0.36619494643506184, -1.6733975762459947, 0.2713699861914802]], [[0.01572972165421436, -1.5240847930950496, -0.06807286324104439]], [[0.34463637037709327, -1.5492221918542233, -0.061699943218820635]], [[0.10886351382410583, -1.7159964588672678, 0.12171887551306076], [0.29179069351265186, -1.4903745968242765, 0.018124714302808115]], [[0.14934381040554895, -1.621903489162009, 0.09177705349437883], [0.3583529703277095, -1.5847653559275388, 0.05961202840239298]], [[-0.015469887083350045, -1.530804371281063, -0.27394596424847784]], [[-0.0262839667866582, -1.4865439285510142, -0.15019050094403746], [0.2379968697424397, -1.516305093991285, -0.3956347593263913]], [[-0.18808271000885204, -1.3860444431117003, -0.8673181439121368]], [[-0.15326764701399037, -1.385902924702086, -0.7731639301728606], [0.1991371454215323, -1.5002562008264184, -0.8480621767755944]], [[0.4234651712237564, -1.7696795689820617, 0.3708284972776121], [0.2564982816620134, -1.6573140420212866, 0.6077943939591177]], [], [[0.2909728758292187, -1.7245173351184115, 0.2756370232235852], [0.25267205706944, -1.6018721810106478, 0.42769408453221125]], [[0.06693696166109946, -1.576353930221536, -0.09108445537704951]]]}