{"bodyId": "h0", "timestamp": 216209, "continuousState": [[[0.5037614190403183, -1.6060212511773113, 0.5523503970802351]], [[0.23807343942830744, -1.454394893409965, 0.7806994046252428]], [[0.47815404599114975, -1.6853101172832508, 0.5633894858012396]], [[0.25548380832603174, -1.5276133127954483, 0.7960979332453769]], [[0.38198151835811683, -1.7607294968424092, 0.3552263421056766], [0.26487402821680733, -1.5750496823766078, 0.6267155472030486]], [[0.4426291227850895, -1.6734410660698968, 0.3774784923382324], [0.3320807814914597, -1.6112709134329126, 0.6101329925182515]], [[0.17080260027672653, -1.6762637172972354, 0.21067188451421795], [0.2680156615144069, -1.4556115071063485, 0.3610631071437631]], [[0.2995773500171717, -1.5834600890386679, 0.2718605780159023], [0.3738407448673811, -1.5572953361194954, 0.33744329878045826]], [[0.18558661551030775, -1.4559717925831228, 0.02746102957020321], [0.20356590658837376, -1.3795841369935304, 0.12272366101524426]], [[0.3416641112870189, -1.3399189071696673, -0.12233537801367152], [0.3168616222855362, -1.418158506714565, 0.15309221695854694]], [[0.12997883780120367, -1.628217970262929, 0.11219745543324712], [0.3414520801772753, -1.457416256464364, 0.11684057627598077]], [[0.14994855966874876, -1.5404293463294776, 0.09805916296956502], [0.37307695070517366, -1.5170103128038603, 0.10684709580955178]], [[-0.01651569078835985, -1.4668463332785644, -0.2692654092644609], [0.3526326637525926, -1.4021496517368832, -0.26893235579057023]], [[-0.011722214887019106, -1.434596536937193, -0.24717402119227655], [0.3546329536575877, -1.459629250941406, -0.28964408166249334]], [[-0.21597209773670192, -1.3076509131853882, -0.8583461183861687], [0.29210894380429453, -1.3885998256867784, -0.8007064943402559]], [[-0.16148763286525683, -1.3361273568134293, -0.7685021598386761], [0.285238881901623, -1.4332264387584337, -0.8484629978479199]], [[0.4132061037661809, -1.7196676671775215, 0.378424599930235], [0.2846382771252386, -1.599874600790454, 0.6127113153402604]], [], [[0.306715861530908, -1.674852391683566, 0.29407518842622515], [0.3000482215029333, -1.5334412102696304, 0.4855980498310073]], [[0.06671643444019446, -1.5036378398040209, -0.08560312314744795], [0.36285480722888314, -1.459579982270372, -0.08104262999050924]]]}