{"bodyId": "h0", "timestamp": 216946, "continuousState": [[[0.5005448561515368, -1.5972514698234255, 0.552143525901934]], [[0.21303177356042374, -1.4459448896230152, 0.7686448718736895]], [[0.46407548497216844, -1.6833578911832925, 0.5710286211902001]], [[0.24825212544372174, -1.5345685655039893, 0.7957915564117591]], [[0.3752117437582557, -1.7533913539058203, 0.36393397162845076], [0.18537322238310888, -1.5540430694736889, 0.5969480037694422]], [[0.45735869923588696, -1.6538786099688723, 0.37474311544501276], [0.3114320600237122, -1.620752456836281, 0.601951289777043]], [[0.1662006759752644, -1.669410270037099, 0.20579698741369293], [0.22707689315181506, -1.4345376407414578, 0.365432249106402]], [[0.3260146125839238, -1.58879052139555, 0.3022121230681021], [0.3772688109720118, -1.5585197311091628, 0.3426373809200068]], [[0.17598177852465846, -1.4637677528779154, 0.042009529781233824], [0.160428369411698, -1.358508659446391, 0.09380397740947888]], [[0.3770712735203171, -1.32398737692638, -0.12997106238061065], [0.311098567398634, -1.416795022434542, 0.15257142582637243]], [[0.12800749102916695, -1.6300842386343213, 0.12835013272523088], [0.3184921252520214, -1.431233567322446, 0.10731992905245738]], [[0.16923308208360005, -1.5410051577572699, 0.11939796568032807], [0.362647330081001, -1.5076803045441847, 0.12214143917415095]], [[-0.020818776334360963, -1.4686931292666277, -0.2425635910695446], [0.15803268402098639, -1.3477004315998466, -0.5165778029734986]], [[-0.014338179331229469, -1.4292215432908884, -0.23072034352059315], [0.35953514635642636, -1.4471294483816537, -0.2835832534943288]], [[-0.21657766060463463, -1.3096921882816799, -0.857361682719852], [0.2975478850578379, -1.3722672184932712, -0.7945644816193769]], [[-0.16145580704880116, -1.3313396930836312, -0.775983001113911], [0.28655990135233106, -1.4279358403999236, -0.8507388709308791]], [[0.4189758606853142, -1.7086276405595393, 0.38222273812595015], [0.28312526431112267, -1.5889779739081162, 0.6234181020177106]], [], [[0.3117796876055757, -1.6616444400029855, 0.29027005142935286], [0.26925447658776364, -1.5276450487888695, 0.48369176944172254]], [[0.07420715287461954, -1.5048491435119487, -0.06158281269460826], [0.2603400070509937, -1.4276903680720157, -0.19721818189967386]]]}