{"bodyId": "h0", "timestamp": 21842, "continuousState": [[[0.5296873481557481, -1.661044075201115, 0.5043843025398941]], [[0.2107643179888248, -1.5262775061348446, 0.8161320173951354]], [[0.47449371369405113, -1.7547435659592296, 0.5419212075671749]], [[0.22892715449515982, -1.6139245470173698, 0.8030322575681139]], [[0.33577755927068725, -1.8090960006918522, 0.3609512284430948], [0.19690200735221447, -1.6113483935493191, 0.6017737138583125]], [[0.4502263842805923, -1.7314992659502626, 0.38432138198790355], [0.2779789604846783, -1.703320994435119, 0.5906012724604366]], [[0.12580157307924297, -1.7119674367400535, 0.16577641194698958], [0.21532478146306722, -1.4917753085359693, 0.26067375519829533]], [[0.36425790586160384, -1.669523038612357, 0.2631497662091263]], [[0.019458274150138094, -1.5143050935667954, -0.07418366826474722]], [[0.33769453041220915, -1.5459087523047093, -0.07672890107325338]], [[0.12219717185439145, -1.7144138356953116, 0.1317572729516396], [0.27710514841892725, -1.4905876578521202, 0.010705113329520828]], [[0.36629179407609286, -1.5869535656725964, 0.07522676579445284]], [[-0.007318904243027816, -1.5301629891468174, -0.2041230483809529]], [[0.2773773188045452, -1.5158469838486786, -0.3329214504671891]], [[-0.18490517056895214, -1.3856517239935362, -0.8678715208834069]], [[0.1907455821167323, -1.51310035182663, -0.8004526708633222]], [[0.419998122198967, -1.7671210274402174, 0.3704626614099916], [0.24071361785697923, -1.656543528795572, 0.5987032352933414]], [], [[0.2880139786799176, -1.721733351345158, 0.27504889696744655], [0.24665187097387276, -1.5975481514855443, 0.425637513829366]], [[0.1794864449165325, -1.5585582774097069, -0.06444814129325004]]]}