{"bodyId": "h0", "timestamp": 222641, "continuousState": [[[0.4939907590102301, -1.607624826977012, 0.5734074989705182]], [[0.22319789444024832, -1.4447700750156889, 0.775504780624516]], [[0.4740552496510463, -1.6859374162654108, 0.5672217249857606]], [[0.23862658463589856, -1.52771291217161, 0.789852981872816]], [[0.36954022273232434, -1.7505955849836665, 0.3611256491186641], [0.21314507954331977, -1.5649272594972752, 0.6082839450057518]], [[0.45696481146144974, -1.651207295984687, 0.3722639487127058], [0.3271715470857305, -1.617540368520077, 0.598768703004424]], [[0.17019986727572045, -1.6556322418759235, 0.19183811719195593], [0.2258081882152353, -1.4380805621971078, 0.36306755739907454]], [[0.32698530388437136, -1.5829139704575335, 0.2972912237700864], [0.39748128383392056, -1.5447821183679293, 0.31119445902207077]], [[0.19189265757135995, -1.4434074989282066, 0.018019689890422796]], [[0.37713657773788745, -1.3211439988018938, -0.13075429471812186], [0.2844719534411829, -1.3869076297290577, 0.1222458963257452]], [[0.13524608004686695, -1.6216882517454112, 0.09301151136090584], [0.28597833341340084, -1.4337850047504639, 0.051769397946146226]], [[0.16013660127972174, -1.5504424412177886, 0.13583058322917532], [0.34385480902776433, -1.498666879694598, 0.05619408425161237]], [[-0.012663089522872383, -1.454151511791809, -0.2575932148566924], [0.2793077050615573, -1.3531754868930435, -0.3798155049654772]], [[0.0005163695608704302, -1.4257080808587401, -0.23837404828658054], [0.3447701135034147, -1.4385963094929437, -0.32033220610711943]], [[-0.20022465151912958, -1.3113075373967926, -0.8595095230925722], [0.30725043527445656, -1.3765951499906997, -0.7767241485754992]], [[-0.1590921431253073, -1.3384459216975346, -0.7606792053184522], [0.2941602768371233, -1.4249713938922206, -0.8336514361953921]], [[0.42018693101527443, -1.7051866338907757, 0.3745613880457813], [0.27715618472679604, -1.5955334343214724, 0.6067927326449116]], [], [[0.3135823393685851, -1.6534197689303052, 0.28205103295233086], [0.2764898676504829, -1.5278104653585924, 0.4809181302017492]], [[0.07373675587842468, -1.5022969765047987, -0.06088131581375854], [0.3115812570446608, -1.4259211832938208, -0.16181071035693242]]]}