{"bodyId": "h0", "timestamp": 228604, "continuousState": [[[0.24918619633933753, -1.2475353377237506, 0.7376909365725108]], [[0.10327138927502642, -1.0023305688437036, 0.8382556522597195]], [[0.3080237755933745, -1.3180472796619997, 0.7133541054538991], [-0.5319755447178284, -1.1187358757657522, 0.5106784744540678]], [[0.09683989221364049, -1.049493065178454, 0.8206168738686366]], [[0.311025317453731, -1.4047946886048026, 0.4852647723961388], [0.043864192112503815, -1.302251989928411, 0.6162456394882918]], [[0.27805774345956646, -1.2549153074206287, 0.6889100412391963], [0.17067824474335863, -1.0096858622107343, 0.6548479991074934]], [[0.1293931571241991, -1.3823737859344465, 0.2480874426739574]], [[0.22953807737949075, -0.9346031597026537, 0.36940147064904133], [0.1742886991421051, -0.8326292822396989, 0.4149676433626964]], [[0.00632158465697222, -1.1230822175836455, 0.17523464610561973]], [[0.03359630313875215, -0.8392445057945545, 0.28683995872692414]], [[0.07994172876525067, -1.290072525279556, 0.18615829730832592], [0.19795007139423093, -1.1928759580506816, 0.04604965414475737]], [[0.22370894251409662, -0.9776198704052652, 0.07266769032532852]], [[-0.06990752051415813, -1.103062255605679, -0.13065551008564102]], [], [[-0.183820378661355, -0.8612218672710251, -0.7217221245181282]], [], [[0.31337259398227135, -1.3084864015401796, 0.561469058207911], [0.1975187217479197, -1.165170786717392, 0.684238567134551]], [], [[0.20372545029188277, -1.3186445466775376, 0.46849874195657687]], [[0.07690071099996924, -1.0403410630054721, -0.02899390988015625]]]}