{"bodyId": "h0", "timestamp": 235304, "continuousState": [[[0.5273480885767555, -1.629968464572211, 0.5427297023522787]], [[0.19935866539793506, -1.4945007739170455, 0.8224255224755486]], [[0.47548664542990143, -1.7028916265699456, 0.5598380198996916]], [[0.2342765607737015, -1.5871052651686086, 0.8146840415689174]], [[0.33917255198200436, -1.7767055607981417, 0.359876782968405], [0.17427073162085527, -1.5715018369083766, 0.597864509232019]], [[0.4448485269703097, -1.6933125477464956, 0.393771546195364], [0.28251001418487476, -1.6477288863155222, 0.6041731970777653]], [[0.09958574229434884, -1.715987605473684, 0.16522012745114398], [0.20071368293837236, -1.4507885864590009, 0.3435380260906104]], [[0.3394804866412838, -1.5936799579776801, 0.29497985177124225], [0.41197715319785017, -1.5911733284324485, 0.3029088030350663]], [[0.199789100205818, -1.4829280246356142, 0.1161280177359697], [0.1537607440973311, -1.3708773335866782, 0.24271905362784787]], [[0.3587841718324262, -1.401753608596734, 0.00643406103137022], [0.2211844795197203, -1.3802950441956745, 0.18364405711483006]], [[0.10122963047593538, -1.612077289911751, -0.06838447853096773], [0.28090686014194693, -1.4544786892486046, 0.0606937700335734]], [[0.11433429262997793, -1.532675385166031, 0.008496724845343579], [0.35673682069857043, -1.5234948885407182, 0.110143491490541]], [[-0.0457704309729086, -1.4928486503419094, -0.3226204371726808], [0.28737061569907246, -1.4115660501164657, -0.2820979224863233]], [[-0.04387676525795206, -1.4578880573376904, -0.28198328329186667], [0.3005549782236765, -1.4523264735841563, -0.2744293015273199]], [[-0.1897936729488, -1.360258112621675, -0.8848133350758222], [0.21423644806910533, -1.4595248434579837, -0.7607826000260022]], [[-0.17338384015889863, -1.3670404252045119, -0.7727150557818222], [0.21251742927366285, -1.487778089353065, -0.7987351407379972]], [[0.3915535642631898, -1.73716470565232, 0.3837633008104267], [0.2400666558413502, -1.6112240609951283, 0.6086592131011018]], [], [[0.27221713463232927, -1.7046500766100898, 0.27949583682325396], [0.24161184856162354, -1.5492587363872614, 0.4738556115841879]], [[0.03428193082853467, -1.5127620177539702, -0.1570618561636686], [0.32205371819882145, -1.467530469328592, -0.08597721549789115]]]}