{"bodyId": "h0", "timestamp": 24187, "continuousState": [[[0.5339851046978574, -1.6585716944351927, 0.5044889115691231]], [[0.2145834491916637, -1.5224738190611102, 0.8201936118473107]], [[0.4783624995090942, -1.752145579683628, 0.5378969637487754]], [[0.2305920008200442, -1.6101773110479995, 0.804928510445817]], [[0.35890087905187346, -1.8044760952761254, 0.36274525827444426], [0.1625799455109004, -1.6089186988388902, 0.5856695454397911]], [[0.45368569139536336, -1.7253586481645697, 0.3770462053181475], [0.292706346124623, -1.6941325642518135, 0.5997739837411166]], [[0.1286647050516554, -1.7062472913932218, 0.15920805645164454], [0.18880669524893573, -1.4902229021290758, 0.2425629458601584]], [[0.3617084727141143, -1.6677225105479132, 0.2684333878349339]], [[0.021362829032453987, -1.5162088962838425, -0.0690198400192437]], [[0.36275923586730985, -1.5424157312208056, -0.026182112397839317]], [[0.1190346694245954, -1.709713843685621, 0.13689944847714286], [0.2664087393305008, -1.4912477977090282, 0.03418163881767941]], [[0.3725575419137256, -1.5790915194789428, 0.0835250380066625]], [[-0.010764303648422697, -1.5245255192818328, -0.2157102131020065]], [[0.2798028754195059, -1.5118312090869366, -0.3401581903639367]], [[-0.18473009948170704, -1.3869594213456116, -0.872568726925391]], [[0.20474524697347715, -1.504445201091471, -0.8380606695016536]], [[0.41505065464868196, -1.7643233996379095, 0.37599665693209544], [0.25417667426124013, -1.646429159681478, 0.6096887121727259]], [], [[0.29117519822350935, -1.715802969778896, 0.26812713088489604], [0.24075652068677936, -1.5921777331904448, 0.42116846480063747]], [[0.18089661913265145, -1.5518085193803879, -0.066092587547672]]]}