{"bodyId": "h0", "timestamp": 243143, "continuousState": [[[0.36162437283932736, -1.6508991832983133, 0.5656133739354453]], [[0.050609702955098555, -1.4795625439912694, 0.7885773307710905]], [[0.322091775190913, -1.7489435556920905, 0.6014964139342094]], [[0.08258362035092431, -1.569782322049599, 0.7949531231180945]], [[0.15761497913641517, -1.806412582960983, 0.40892743868410436], [0.015930587867632538, -1.5642252377788692, 0.5715279588956628]], [[0.2968735540700366, -1.719480783927864, 0.45789095703018234], [0.13591821757979755, -1.664920794122881, 0.584065555622211]], [[-0.061149521263481915, -1.746204378289846, 0.2140927626337068], [0.0512711338115646, -1.456872076379059, 0.3129167248647009]], [[0.27474506645515906, -1.6295598635979187, 0.327237570568459]], [[0.0407398188435065, -1.4893541182106942, 0.13894789001859362], [0.005485153982042675, -1.3594566340756864, 0.19606185719259497]], [[0.07680182688485501, -1.398913112338857, 0.18503316861202074]], [[0.07314019396790991, -1.4371856593017498, -0.05436732293039449]], [[-0.08398639944331919, -1.513367764819388, -0.1254373519944311], [0.14172167201901378, -1.5480183580557056, -0.013862378587914009]], [[0.20928073835238137, -1.4030659447337581, -0.30634799088848785]], [[0.22696920196535347, -1.4414560747002745, -0.30071256548577274]], [[0.18381590623409558, -1.4513444499895243, -0.8020898688051573]], [[0.19384655665667924, -1.4731672095280743, -0.8538618608819968]], [[0.24364941041276092, -1.7679001194802717, 0.43443671753154284], [0.11760160412866184, -1.615715754075344, 0.6043992826040787]], [], [[0.11786201640327736, -1.732842581108855, 0.3359918598319446], [0.09359467569568107, -1.56089643525097, 0.44849114024345593]], [[0.06264716945453108, -1.458216854776573, -0.21589267144145946]]]}