{"bodyId": "h0", "timestamp": 243947, "continuousState": [[[0.35969699242961534, -1.6556390604848743, 0.5746703489974002]], [[0.04707099794880878, -1.486494376146304, 0.7900920717162437]], [[0.33186448733193863, -1.741920343674261, 0.5971139516425017]], [[0.11311798391253387, -1.5750430481089306, 0.8120761947931262]], [[0.15730564300081362, -1.8063964203750347, 0.4061181219941066], [0.030754136782544718, -1.5659499476314078, 0.5816633360754302]], [[0.29783615771423566, -1.7156970359147337, 0.45954858697712564], [0.1266460131071076, -1.6716235983579186, 0.5847930971526978]], [[-0.06135424560129695, -1.7462416423090341, 0.20074606310717946], [0.05202085025801307, -1.4589363655762795, 0.3131784561911243]], [[0.39683710665007205, -1.5573570674078618, 0.16782958102390375]], [[0.03741814879294753, -1.4957964124637708, 0.1355458722884141], [0.021987520430513996, -1.3646717476208006, 0.20661842582125428]], [[0.08227014741730158, -1.4167548951380862, 0.1875407730819709]], [[-0.14184848235652714, -1.4896524622092377, -0.6084941930055591], [0.07759942070726016, -1.4473823335016232, -0.04573915114467513]], [[-0.12941556566702014, -1.5045277796110634, -0.1618762824496191], [0.134757666015367, -1.5566004599796526, -0.014840597427434205]], [[0.21027869333125931, -1.3999618616527896, -0.3020816657247208]], [[0.22700161656561704, -1.4437967173010773, -0.3028671873814235]], [[0.19357723826360893, -1.4437679541367288, -0.7852119463156266]], [[0.20019590523828948, -1.4699105123643983, -0.8383897566260551]], [[0.2526246884928963, -1.7651582076941723, 0.42949405992387474], [0.10177675224133054, -1.6212965842954925, 0.5973645697533966]], [], [[0.11824095605646935, -1.7309693391118839, 0.33014732504215255], [0.08933343168256033, -1.565279981967099, 0.44898577667191103]], [[0.040431563832119585, -1.4522448206319265, -0.23197897408716994]]]}