{"bodyId": "h0", "timestamp": 250982, "continuousState": [[[0.3368908803045944, -1.6687489665050101, 0.6112004908469764]], [[0.08287955148804735, -1.4720885353470203, 0.8027483435848451]], [[0.3296828637138794, -1.7344171682498355, 0.6072580586773891]], [[0.10675771206660738, -1.5590447138052304, 0.8054197010023832]], [[0.17885915825442697, -1.8020324673670864, 0.4081616563424807], [0.02654424048602732, -1.5699424283656793, 0.5747829794468494]], [[0.3072260415020676, -1.729336233326605, 0.44832193904526807], [0.12900435440593788, -1.6657248352788299, 0.5780219041803357]], [[-0.05611254934389583, -1.7522654613826285, 0.22500803700644678], [0.06439274648325158, -1.4629241971683296, 0.31616164293135807]], [[0.2775446744154103, -1.6365545193801008, 0.3189447470220093]], [[0.04423712142833586, -1.488710417328568, 0.12685584299601055], [-0.029841548868482278, -1.3634524254410145, 0.16189765572632178]], [[0.21314689728896696, -1.427227500918252, 0.023491931560987268], [0.09181939122220137, -1.4050358171548156, 0.19403356713408176]], [[0.07694841181518064, -1.4438213617021434, -0.06224358966493992]], [[-0.07990532597745949, -1.52166194497722, -0.10726059108672985], [0.16223375729694725, -1.5548551646167212, -0.0038650291376568476]], [[0.23283602991131216, -1.4048526678175384, -0.2729812647511078]], [[0.22602853244290327, -1.4395579441217163, -0.29255359300886674]], [[0.1724848951695458, -1.4625355088536267, -0.8078261117878744]], [[0.18617726549881103, -1.4816476613891292, -0.8292868058089132]], [[0.1179260740279683, -1.617852833132096, 0.6019099605676986]], [], [[0.1255567460790859, -1.7408008473546168, 0.3366649880258574], [0.09669855044459473, -1.5643245162235797, 0.4470917735558469]], [[0.07646535196692633, -1.463257306397379, -0.19012092791891883]]]}