{"bodyId": "h0", "timestamp": 25929, "continuousState": [[[0.5305212983435238, -1.65799997230091, 0.510775988369997]], [[0.25674120223227603, -1.508480934884924, 0.8344497611215808]], [[0.4874453982486885, -1.7409159160683179, 0.5344878253510148]], [[0.2569158082251297, -1.5914245411635226, 0.8158851540058235]], [[0.38375766049159976, -1.8039570074174471, 0.3708389306906611], [0.21314331023244926, -1.6071992192815876, 0.6161930323333691]], [[0.454124319346067, -1.7294285676678154, 0.38657875818919046], [0.27895201078577836, -1.6870423135466242, 0.5926268433351614]], [[0.14025328423018119, -1.6974885772313, 0.14378119165195608], [0.20459855511147976, -1.4831903095185546, 0.24829066305817604]], [[0.3778980345098824, -1.6207231845327104, 0.27874311361777676], [0.3881105638455788, -1.6617763530732905, 0.28656132035263887]], [[0.034996623612737664, -1.5151376407464818, -0.08026258806119403]], [[0.36506417093298366, -1.5454732397945266, -0.04125451346701811]], [[0.12817141006203997, -1.7087937852519808, 0.1308839928965149], [0.267703951815183, -1.490759490565323, 0.004704879954791977]], [[0.2062547569901701, -1.6315874111815365, 0.1673220196690577], [0.3740557562724666, -1.577461052962849, 0.09013460041241615]], [[-0.001822455494643407, -1.5287117808072885, -0.22246574474783826], [0.07889989333507946, -1.4603296300756534, -0.5638722197975364]], [[-0.01400470189121063, -1.4674717407934206, -0.16257834108835503], [0.295884798974281, -1.501601631309687, -0.31117610277616653]], [[-0.18928571796701585, -1.3842395231747726, -0.877421687269054]], [[-0.15001266475399347, -1.385013703250357, -0.7667524902440422], [0.20924090756780628, -1.5064965810333193, -0.7867969198063991]], [[0.4413160004389966, -1.7599636949831678, 0.35699205853084937], [0.2545799919590531, -1.6432957284673297, 0.6114424402192679]], [], [[0.2971888017881241, -1.7134585724495577, 0.26517997492057327], [0.24177528294862904, -1.5851163115325893, 0.4204587531966687]], [[0.10221615074776334, -1.5801495959944125, -0.027571862539390285], [0.22647782480377304, -1.5188953415192512, -0.23686880969256013]]]}