{"bodyId": "h0", "timestamp": 260563, "continuousState": [[[0.4794891266400074, -1.6178253379577157, 0.5611395529793525]], [[0.18496719944379675, -1.4452271990206524, 0.7966813568478156]], [[0.4559375662362212, -1.694089561249269, 0.5660593886262567]], [[0.2104996869757456, -1.5419624529032523, 0.8001810714029683]], [[0.35183791216591764, -1.7716888575573198, 0.37700884428738934], [0.19038590815574777, -1.5677190160720762, 0.6090889041632503]], [[0.42344855418283867, -1.6857756093676886, 0.40603632805981077], [0.2792973879596584, -1.6357870919747912, 0.5992179203524327]], [[0.11625739826402214, -1.7119930847491573, 0.20117890954126097], [0.2330236812731016, -1.4582141318791164, 0.3201819932804492]], [[0.347933113046111, -1.6064496587064163, 0.3313045019592389], [0.3792756694535583, -1.5964661281617187, 0.33241647170594774]], [[-0.002698352807449737, -1.5513541964859392, -0.049959894676780775]], [[0.37053257429378844, -1.4745699442562383, 0.018520162569620652]], [[0.1137979803830359, -1.6847214251097473, 0.1551519189005753], [0.31538497512298613, -1.4579726595463176, 0.14697625417249652]], [[0.15439474719524543, -1.591821360725221, 0.1707297788919932], [0.3797176657160785, -1.5352285532863426, 0.1586636702498106]], [[-0.051460908330583435, -1.525021400117825, -0.12334446806440724], [0.36095281892569053, -1.432180919259271, -0.1641946464975249]], [[-0.047497026518042676, -1.4737454296195271, -0.13709089027301388], [0.32988860276008064, -1.472875831669053, -0.18660457944977976]], [[-0.19052648648658158, -1.3596982497451058, -0.8228170812308504], [0.19095270171740936, -1.449745377418359, -0.768263942433476]], [[-0.1781505367102659, -1.3561434973760091, -0.7777379959527994], [0.18349115009090702, -1.4743283753076684, -0.8276414369916391]], [[0.3936263101409655, -1.7292734947132755, 0.39133237892231365], [0.24199507889166397, -1.6040200812865937, 0.6076289228401054]], [], [[0.2698529762234304, -1.698884347058423, 0.3036076188005359], [0.25616053461638, -1.5470006119269537, 0.45969995681644094]], [[0.051466919432331, -1.558421380421523, 0.02369265541379298], [0.37033524232088455, -1.4837047362728066, -0.002765488123857157]]]}