{"bodyId": "h0", "timestamp": 264047, "continuousState": [[[0.477039850632418, -1.5690309423089088, 0.5487011441256135]], [[0.1903151224589442, -1.4135700200397572, 0.8060256097528607]], [[0.42861385534529445, -1.6674467879254304, 0.5910913864240992]], [[0.20012918962250728, -1.5029503832311657, 0.8033162334347753]], [[0.37052249227869943, -1.7339637325029784, 0.41591369443055726], [0.17678455215907615, -1.509717082758027, 0.6316950373887539]], [[0.41277187565155915, -1.6690682980741671, 0.4752627265964937], [0.2616376937559464, -1.610074325229868, 0.6041269065889583]], [[0.10208733372690255, -1.6882543932521366, 0.20950532703286467], [0.21413661505646792, -1.4315731446509847, 0.3252149599911722]], [[0.32644843431156684, -1.5907071534106894, 0.3514133227455757], [0.3639879046750741, -1.5705528110443072, 0.3605820100045846]], [[-0.014862559739168262, -1.5078418626171508, -0.04102255061707683]], [[0.32112054375197635, -1.4447348032751055, 0.01256874225807428]], [[0.09087688806722827, -1.656244557954817, 0.16409512156136657], [0.23414207240150903, -1.4403325764499566, 0.1302638171516801]], [[0.36844219846772513, -1.5388103161720204, 0.21020586031241736]], [[-0.05555344778256267, -1.491547045862133, -0.1003223249970697], [0.36091929286276764, -1.403540605192377, -0.09928424139622552]], [[0.2930690190927412, -1.4626801032917227, -0.20121603438629154]], [[-0.18512862959019866, -1.358012454982573, -0.80409386931005], [0.1667865651664358, -1.438635308071728, -0.7907594041422097]], [[0.2043859666406754, -1.4685241541704328, -0.7991744536315002]], [[0.40521597579015534, -1.7038624355332541, 0.4446646924018246], [0.2271329141797164, -1.5615971431124438, 0.6270787962715055]], [], [[0.2574296046892309, -1.6786613456631518, 0.34238402681467917], [0.23788715440620717, -1.5208237349404263, 0.46467093329006526]], [[0.15644437534258124, -1.5151786810170766, 0.054941767657673835]]]}