{"bodyId": "h0", "timestamp": 265923, "continuousState": [[[0.4518995688653666, -1.5790977487362643, 0.556780238950735]], [[0.18801202229638103, -1.4160738083591735, 0.8084841091622821]], [[0.4082985285756708, -1.670295234208743, 0.6052583701457181]], [[0.19661457193710066, -1.5045129849359222, 0.8091643393944413]], [[0.3794696272185608, -1.7236430833996483, 0.447496553198882], [0.11872932227826437, -1.4815101711835352, 0.6020580899724821]], [[0.41399765431753954, -1.7186701159720772, 0.4508250507667974], [0.26407117407859526, -1.6155708536466395, 0.6048151764335241]], [[0.06252242411050901, -1.6746907470086603, 0.24286036872499744], [0.2310984302467905, -1.408420707079301, 0.3425332145019054]], [[0.35787225203951195, -1.5740066476214267, 0.35954495025979394]], [[-0.030176847124733855, -1.5015285360245754, -0.016781110788443358]], [[0.33843706216549707, -1.4384607490903072, 0.06543367292239487]], [[0.22252004202502804, -1.7388083932822986, 0.37482473427366336], [0.24981627248278074, -1.4032327250624088, 0.09622831953303694]], [[0.2301433179237036, -1.6746248844925846, 0.3793772854873655], [0.3673102208552693, -1.5252018624483747, 0.18485094555952197]], [[0.07371221913949409, -1.6536948990867284, 0.15976968115461432]], [[0.29048023969571884, -1.4699048277640374, -0.26993379306313]], [], [[-0.17730061192516894, -1.359554126320448, -0.7450980553228874], [0.20869317398772158, -1.47213161908516, -0.8317085159009219]], [[0.4020304426519723, -1.707348057185954, 0.4498360717599678], [0.21116143051608582, -1.5498714856074998, 0.6204334529921502]], [], [[0.23826003921402428, -1.6966804314903687, 0.3468427097458974], [0.24758480216269288, -1.5119957803629702, 0.4736741954677147]], [[0.15192776853159884, -1.6641598917896565, 0.2695734833209899]]]}