{"bodyId": "h0", "timestamp": 266325, "continuousState": [[[0.39422463355231624, -1.5534076575626083, 0.5979955752085541]], [[0.1362883364912991, -1.3840026244517378, 0.802673011202069]], [[0.3745852532293597, -1.6210308932431525, 0.6199500532957782]], [[0.14311123477420573, -1.4773088809050132, 0.8030209233580873]], [[0.25608610873478543, -1.6903358676120084, 0.4410920772148087], [0.08336683119457802, -1.450472259477474, 0.6078270481646828]], [[0.3949607082191843, -1.7054466217791975, 0.46545417034428965], [0.23421743907986, -1.5873130920086795, 0.6423392297122266]], [[0.028245836918992212, -1.6586154697061293, 0.24390618238316097], [0.1553070490715004, -1.3884200894006828, 0.32749202939120003]], [[0.28307645479699, -1.5557572408677356, 0.33302032226743405]], [[-0.06786864673531423, -1.4884318408452162, -0.010372102735283988]], [[0.2988795025883983, -1.4178913858973259, 0.07613307149466277]], [[0.011695610804929289, -1.6205598860135493, 0.15042317657533272], [0.22351049502100273, -1.3662892366005652, 0.0784025618466128]], [[0.32938774435582285, -1.4887417097057045, 0.15888701204754851]], [[0.32195455843595483, -1.2898356604428425, -0.24954309880280925]], [[0.1486286071963923, -1.3918756998239115, -0.4723317732951716]], [], [[0.266882467993132, -1.391609417206549, -0.7852796680956765]], [[0.3312697317319719, -1.6823731657038836, 0.47246827434446786], [0.20290121637065475, -1.5194088774389791, 0.6536086951866354]], [], [[0.21160327256908823, -1.6820310457426633, 0.3546801763637253], [0.1947622440756802, -1.487866590704681, 0.4849156295517133]], [[0.32567115139588887, -1.3892886850742734, -0.04532804337763037]]]}