{"bodyId": "h0", "timestamp": 272154, "continuousState": [[[0.5410830811968833, -1.266254416728812, 0.5867186476770067]], [], [[0.521797341838205, -1.3598244509386208, 0.6226403582639126]], [], [[0.38294198599213264, -1.4862274024341664, 0.4456503662270123]], [[0.45411579932993473, -1.3810337368729597, 0.45639564460226834]], [[0.19352363905560366, -1.4635246255148422, 0.2437677810192522]], [[0.2584594637047906, -1.3293029863150936, 0.2642062917081146]], [[0.10476620602915045, -1.2426857093377253, 0.08822475933067427]], [], [[0.13483319521535203, -1.3053292331797626, -0.019005665597063626]], [[0.1214853714094794, -1.3036489158344002, 0.09715897549440138]], [[-0.06893968735391874, -1.2123672350262706, -0.21326283084058378]], [[-0.0631574557772802, -1.2231458379441051, -0.2603955062355162]], [[-0.17652945180540264, -1.2415611455925768, -0.7536386215547805], [0.45433687942697704, -1.1920748343808367, 0.11698689905967853]], [[-0.1705291302280827, -1.2502041135535835, -0.7451396905671772]], [[0.4309423356461039, -1.428993374402034, 0.45852340277750775]], [], [[0.3238197191927692, -1.4222791811939008, 0.3500817128107603]], [[0.02627284202778033, -1.2580080754303355, -0.058051927673091204]]]}