{"bodyId": "h0", "timestamp": 291115, "continuousState": [[[0.3790528792779133, -1.2460036889194206, 0.6816703599464028]], [[0.23443414698188098, -1.023697748572501, 0.8819394263186209]], [[0.40447281062495055, -1.3376456329982758, 0.666752886319815]], [[0.21848821999298162, -1.0829626476087246, 0.8708195399070736]], [[0.33918727369561574, -1.4151897727937512, 0.49356443119208504], [0.1639383897902269, -1.2884476534500482, 0.6845572269150122]], [[0.40563368969360025, -1.2989751452814908, 0.5640911465507877], [0.29903133847487173, -1.2013057318668792, 0.6760790126327512]], [[0.11279296140881007, -1.3695482292942978, 0.2717926815674921]], [[0.3752000739225357, -1.0926843509006003, 0.4177388122078296]], [[0.052087076547440686, -1.1416541505251259, 0.14489795381168255]], [[0.31938851858697587, -0.8467969875077749, 0.06950326215476661], [0.1353799635659309, -0.7983401180640993, 0.015526572019698733]], [[0.10057379336243445, -1.3524295570689402, 0.2598433025401314], [0.3089033828043109, -1.1519419762511314, 0.03305325479961948]], [[0.1678431622340085, -1.2398779411676033, 0.2849260071228655], [0.2983058154288274, -1.0970602702894712, 0.015049823941916883]], [[-0.0448950798142746, -1.1292008660268238, -0.1342526694482185]], [], [[-0.19492111952387517, -0.9756075928218647, -0.6785485373543193]], [], [[0.37044920955358396, -1.3615200895562571, 0.5420200001152148], [0.2242500266857712, -1.2269281277191326, 0.6850294652768245]], [], [[0.25921332555120513, -1.3342616872878943, 0.41794191405913994]], [[0.06147404120986695, -1.1845394035972134, 0.07533666883732348]]]}