{"bodyId": "h0", "timestamp": 294197, "continuousState": [[[2.8145758778638843, 1.0442231686826502, -0.4988494336814501]], [[0.2703647884057461, -1.024588910071564, 0.7944984487252076]], [[2.8368353532783463, 0.8979916135760247, -0.5980703465513215]], [[0.28597017045548795, -1.1049158757022846, 0.8222796345470552]], [[0.1672477473235035, -1.2647559727195528, 0.6620860411873001]], [[0.2836406468666646, -1.1771357473674828, 0.5874649266897946]], [], [[0.4210066952471268, -1.0420416868818665, 0.35423611514462666]], [], [[0.23778270398962742, -0.7783355779138151, -0.021876837531413684]], [[0.36624998801939407, -1.161266135632503, 0.03785254023261473]], [[0.3728271960998104, -1.0949338021810329, 0.032895898532596904]], [], [[0.6673292836630703, -0.9387938904309435, -0.06495986146518021]], [], [], [[0.19384327181785738, -1.2197172519655914, 0.6008249480512711]], [], [], []]}