{"bodyId": "h0", "timestamp": 299624, "continuousState": [[[0.6305987254741366, -1.7434742103912553, 0.39241585461385264]], [[0.29933623520057084, -1.6599310666013796, 0.750809753126662]], [[0.5858572802896937, -1.830171979553434, 0.4325514569000594]], [[0.34578651896490736, -1.7494995166583354, 0.7698875682802161]], [[0.45006504850626056, -1.926710245825889, 0.24871724091955366], [0.2668548119063921, -1.7486730696214698, 0.6007054699664186]], [[0.5324640854494233, -1.8599779426948324, 0.27566324372245365], [0.3608791449562316, -1.8520344352903233, 0.5558101802107805]], [[0.22555582742148073, -1.8317843621946792, 0.08202760577746358], [0.2757025422793888, -1.6380679191972938, 0.3128011470652059]], [[0.43512643487753305, -1.8193694548167414, 0.2189817811210087]], [[0.13403035418123357, -1.6409271508905003, -0.14184149065061433], [0.05792313783573854, -1.5697470312229254, -0.03685487730337718]], [[0.41404870002847294, -1.6977693536651823, -0.09059955681238853]], [[0.1634464639491149, -1.7213338039521213, -0.02973798393710422], [0.41094947764419637, -1.6297459561892378, 0.1848293179876532]], [[0.199608984106881, -1.6648341132181046, -0.09415965387331562], [0.42247956750409527, -1.7417267282049707, 0.12118635291100327]], [[0.03680762220048069, -1.477669497286582, -0.3708227878408179], [0.06070345077919887, -1.5259356882153765, -0.09235423441141666]], [[0.028233703577497295, -1.5576941613980828, -0.3662571892525484]], [[-0.19743084188400747, -1.3209063699280763, -0.8666798614306935]], [[-0.0560996593553281, -1.4480567904721124, -0.9363788110889573]], [[0.48719324649963874, -1.8912187064771935, 0.27836388814291174], [0.32461611228388415, -1.798123625313009, 0.5903262063094544]], [], [[0.379009956435452, -1.8458811524447558, 0.17884542474995863], [0.3182908436178102, -1.7450511772438086, 0.4343056636379932]], [[0.11820830315368085, -1.5712518052523432, -0.23249122085706675], [0.24159150914164707, -1.6338312082101736, 0.014416059249793306]]]}