{"bodyId": "h0", "timestamp": 306860, "continuousState": [[[0.734756327814426, -2.0598240801069045, 0.28445224400469443]], [[0.3670228341242714, -2.0118982497627367, 0.7373535295930123]], [[0.66594484724734, -2.1602735746009523, 0.31244044736982346]], [[0.44208625273759594, -2.0764057332755663, 0.750937768243562]], [[0.5287952688718315, -2.23937619817037, 0.08220223244195381], [0.2966663310656024, -2.0888828171229084, 0.515208541617671]], [[0.5162349238429991, -2.167093677717489, 0.5535731745917892]], [[0.33345060648640507, -2.1361284204828084, -0.10720334505853044], [0.26878252088503907, -2.0138914652645794, 0.19514856037133949]], [[0.600569128346473, -2.1549256239008208, 0.2718781502585618]], [[0.21147340427359682, -1.9880298457020633, -0.30209197441685887], [0.11589310939819347, -1.9787946386131712, -0.037811795612215975]], [[0.5276785874763918, -2.0692213803406054, -0.09155865243459584]], [[0.27892321550663113, -2.0377014226689187, -0.23152664483388025], [0.46981245137452604, -1.9506431514806029, -0.06548596894778279]], [[0.3635433859287978, -1.9198912393257268, -0.2471904637831817], [0.5236229580770482, -2.076404272639667, -0.06152053121504264]], [[0.13956460850725722, -1.9226198134627352, -0.5883172032369312]], [[0.5356139080864868, -1.984043189682489, -0.29475622353283687]], [[-0.05587520865947385, -1.8011689959203407, -1.1107653444526935]], [[0.44987642030285135, -2.001034344209663, -0.8708387968938539]], [[0.6417557827894321, -2.1679556000585807, 0.08227287298229931], [0.4301809217179116, -2.1168578020265345, 0.5479699533220042]], [], [[0.4248427651647021, -2.1516110491001488, 0.22318491476662938]], [[0.2515539972180275, -1.921255526394231, -0.41775383351005646]]]}