{"bodyId": "h0", "timestamp": 309540, "continuousState": [[[0.38608727130742454, -2.028318737006339, 0.711166136764201]], [[0.430577642869946, -2.0547156604281978, 0.7224989540830795]], [[0.6881089879526519, -2.1507894105063157, 0.3075504557754]], [[0.44616603897200546, -2.1351190586196767, 0.7190942075544853]], [[0.5209514144522941, -2.2530474781185204, 0.11381457765549931], [0.3643975589657712, -2.053914466522385, 0.6058604853889505]], [[0.5156402591852541, -2.1847316109045534, 0.5524289307248548]], [[0.3293365568565169, -2.148001875714231, -0.11189862035045393], [0.2674476431005587, -2.0545166553864544, 0.254355154341185]], [[0.6102695397690445, -2.0103778630370512, -0.034450728191224016], [0.5934171823877643, -2.1712447720095085, 0.29092621955620346]], [[0.20741432589860756, -2.0175761155057015, -0.3114649209464435], [0.06130554786154562, -2.0132100307820027, -0.05496583889971589]], [[0.5098025063843313, -2.095362664142722, -0.10501916004759096]], [[0.29022755869706685, -2.0406032935426013, -0.24401762650624095], [0.39884290274258954, -1.9826537699573916, -0.013473666367284295]], [[0.3532146519872561, -1.929185727291902, -0.1970466947700802], [0.528173308790744, -2.083631859939935, 0.0510155776969068]], [[0.14192279701522403, -1.9276571345493894, -0.5769741594607701], [0.5608013454752129, -1.9361149503897968, -0.17139506758649237]], [[0.2730053039804145, -1.7694605119502933, -1.1513099835738723], [0.6028790748256617, -1.973029525090481, -0.13773403797685932]], [[-0.05800250661737687, -1.8058439913762456, -1.1123460022729676], [0.44089481935527214, -2.0046249549778428, -0.882992159195581]], [[0.23106729738136436, -1.7643822399391793, -1.2700074396893792], [0.44212647697655644, -2.0025661627317355, -0.8972956484338749]], [[0.6434317792047405, -2.181263835318979, 0.08924825708121148], [0.4387514254014543, -2.124721742934832, 0.5681963122495531]], [], [[0.4224884080208855, -2.1663667433093923, 0.2202651551872004]], [[0.24756872450124007, -1.9284214309206456, -0.38701042711542516], [0.5444873271329784, -2.009873405164866, -0.06018974494479278]]]}