{"bodyId": "h0", "timestamp": 317513, "continuousState": [[[0.7251742346039743, -2.0735662789147375, 0.300489739805975], [0.359801455037501, -2.0183324844080777, 0.7305719706373824]], [[0.3799830551541129, -2.032352066080272, 0.7379066863385405]], [[0.6700500812377429, -2.1826256620943787, 0.3097491350456412]], [[0.43188682089771874, -2.101055865060771, 0.7410363364321423]], [[0.5177974982764383, -2.2513756023682507, 0.11438262111704649], [0.3244018948888595, -2.082688899064516, 0.5776387965011531]], [[0.5108943325027628, -2.183284232885612, 0.5555417736052038]], [[0.3366316894422313, -2.151595097107334, -0.12054659198200238], [0.3034993149298275, -2.0331044755820904, 0.2451253483283897]], [[0.5824846762453081, -2.0052292329719217, -0.03400644873223746], [0.5900581743464557, -2.170894572383126, 0.26576685172341036]], [[0.22210958571396838, -2.020358405331759, -0.31399716606876427], [0.09111502218275154, -2.0190392898749634, -0.04359159237571589]], [[0.5224892605699035, -2.072948776345162, -0.1004091732058846]], [[0.27658335695525155, -2.044362686468912, -0.2133741944096332], [0.4186135648691129, -1.9801409350240657, -0.026907595554957198]], [[0.35885445599427823, -1.9311197601702468, -0.22803695613326544], [0.4966213674723881, -2.1089761551380106, -0.05961205107407932]], [[0.14405996893850448, -1.933480462724558, -0.5953119282369361]], [[0.2673189776570398, -1.7916030105224616, -1.139718460168704], [0.494674425446829, -2.0176702332544907, -0.35393317051585405]], [[-0.05745031956393658, -1.8044260833455168, -1.1137602756273373]], [[0.23415082651104926, -1.7589331493559088, -1.2488923811350774], [0.41905898134588077, -2.0115811975206785, -0.9121223022632028]], [[0.650528787867565, -2.1798023898911074, 0.07447791920056533], [0.41085195314507567, -2.137061824897827, 0.5507072856802315]], [], [[0.4237630109724971, -2.167439664996473, 0.21749759081160075]], [[0.25145721246639136, -1.9323001114474025, -0.4116744421851008]]]}