{"bodyId": "h0", "timestamp": 317915, "continuousState": [[[0.7243444720138209, -2.07161438954015, 0.29993913162953983]], [[0.3900442792179363, -2.027896782599111, 0.743920250530645]], [[0.6687454587340792, -2.1802270761982303, 0.3131714029060133]], [[0.44518772389456446, -2.097902245062259, 0.7508290515558204]], [[0.5195530303434236, -2.2505145490204597, 0.11594819801777999], [0.3073106051676857, -2.0913350724516557, 0.5634075073542367]], [[0.5055802922947673, -2.1843106967346975, 0.5473954309633527]], [[0.33766443629303144, -2.1537205235003047, -0.1054647610303664], [0.2978031661410596, -2.0427467635317007, 0.24066109396612706]], [[0.5942204018223779, -2.0057945271361377, -0.048713960800507494], [0.6105265354861488, -2.1618690855442675, 0.2888640897366538]], [[0.23295703648444696, -2.031737491070825, -0.31765311496039], [0.099317630991148, -2.015356340231054, -0.03862611812039017]], [[0.5267603695813298, -2.072566213743793, -0.0959760145512032]], [[0.2820132494503508, -2.045710971922638, -0.24146993046345028], [0.41956242514209885, -1.9868193401409848, -0.01962242458380456]], [[0.3731901904316368, -1.9298605045098107, -0.2730855716090182], [0.5015888236730598, -2.1105120683045824, -0.04496892502376386]], [[0.13601633163447094, -1.9354684743238606, -0.5893483708763252]], [[0.266530121655281, -1.785670792841418, -1.1733500460140804], [0.4933699038088439, -2.016090663506386, -0.3388034744184508]], [[-0.052854713619746634, -1.8015021658572168, -1.1356422691814823]], [[0.2347182994255673, -1.7632848184677632, -1.2671952593442337], [0.4346949625331533, -2.0047399416304024, -0.8799653129470915]], [[0.6384338726642472, -2.1764374321872895, 0.09076983088569386], [0.4106243235386346, -2.136761856384844, 0.5477770743029584]], [], [[0.4216223642938994, -2.1690156101175013, 0.22096533496649318]], [[0.25460326103305386, -1.9326644894168357, -0.43121697124267167]]]}