{"bodyId": "h0", "timestamp": 35778, "continuousState": [[[0.1720905173751142, -1.2902454983909557, 0.6974942896430887]], [[-0.3040466130923703, -0.9315812032867583, 0.6311134933919587]], [[0.22417385409837454, -1.3547079089348877, 0.6770879071787906]], [[0.02273726564841695, -1.0567711662505321, 0.7749277278977174]], [[0.2775582899673457, -1.4493282566091819, 0.47307357172161696], [0.004847303221846914, -1.3381676739113761, 0.6001025750713513]], [[0.1865611266612515, -1.3415709891799148, 0.7377069949028735], [0.09894665742167921, -1.0276624131195495, 0.6367891712274545]], [[0.11904923760422582, -1.4613483928353608, 0.2245727863056245], [-0.08906916183943758, -1.3819629205248305, 0.26883362614965906]], [[0.19338274399136016, -0.9475466543799504, 0.3877605309463529], [0.04607939261250954, -0.8024834156131924, 0.34462649376836363]], [[0.0012335220339228386, -1.2569220880548801, 0.17377856014113946]], [[-0.003677636216914493, -0.8098069792311535, 0.31583367999914597], [-0.31203791230583033, -0.49069308244011656, 0.13421418892957332]], [[0.05647555340078048, -1.3543471526655722, 0.15786747266477777], [0.14582665990303575, -1.2621233157009326, 0.06632291533970511]], [[0.13406679596649393, -1.115520818535104, 0.1178862140309784], [0.09761481389471259, -1.0210479049989785, 0.02255294146817255]], [[-0.11001017971909431, -0.958427196196354, -0.6647014291960299], [0.1160184077073136, -1.1289108640102363, -0.34132615467037775]], [[0.24703525411047486, -0.9276312501981155, -0.19024639812736177]], [], [], [[0.25672179287240243, -1.3570520399146557, 0.5715933290723652], [0.10750418085662704, -1.188645037768094, 0.6491900716446055]], [], [[0.15280518213273867, -1.4014596910076378, 0.481139890604249], [0.004938747791120815, -1.20481266682219, 0.4528113986885568]], [[0.012028308123699809, -1.036974007365729, -0.27340760758252575], [0.1068166108010131, -1.0749793845046074, -0.1593866066011026]]]}