{"bodyId": "h0", "timestamp": 37989, "continuousState": [[[0.1985227775682676, -1.2309039498607113, 0.6939711538929317]], [], [[0.24603998649827172, -1.2999806462940782, 0.6851386747520993]], [[0.04970855523028126, -1.045279574518344, 0.8000067118570328]], [[0.2491839190402407, -1.392129960875595, 0.48140361258803344], [-0.03616002526573493, -1.316104829617541, 0.5916253708611873]], [[0.2836397990842011, -1.3229800580630255, 0.610276782477402], [0.15664124968506735, -1.0603082807634872, 0.6364456752883493]], [[0.061820569404533045, -1.3598493113120678, 0.25382759757787243]], [[0.2574319848849612, -1.0312068014389992, 0.23125597844595971], [0.2406350573720358, -0.9920621501509143, 0.3254355931974667]], [[0.0006019814668907202, -1.0996346697526853, 0.27804879905008417]], [[0.10548348411797673, -0.940892637090675, 0.27652392644110957], [-0.06324888450623962, -0.7565677649858819, 0.22690547263544272]], [[0.04982334714486888, -1.3281296669329068, 0.13779290955689907], [0.19375067342052466, -1.2469100765842136, -0.002111040050787551]], [[0.10196003297664799, -1.1907267739742144, 0.18984426431197654], [0.15082414032356792, -1.04006864385373, -0.04479638996718427]], [[0.5303128247412037, -1.1790575720743313, -0.04543308825589975]], [[0.4165144306879822, -0.9527512135570485, -0.20317281796081033]], [], [], [[0.27391170984338253, -1.3437849332200087, 0.5570070791307628], [0.06730134688250246, -1.181128250657268, 0.6186908324278085]], [], [[0.1727301842443671, -1.3414146846875465, 0.43205219002763723]], [[0.31613642885892584, -1.1848921730242727, 0.07220558802803839]]]}