{"bodyId": "h0", "timestamp": 48709, "continuousState": [[[0.45831556315360983, -1.568740528655262, 0.5988079567696306], [0.2374026039808143, -1.3826103699702381, 0.8124311161681462]], [[0.21260542442447855, -1.4074410526770031, 0.79336198629091]], [[0.45585833385329394, -1.6282659045894563, 0.5870175990578579]], [[0.22861928399495263, -1.4991952448550434, 0.8019001402049176]], [[0.3017426161750125, -1.7176339681274682, 0.4077480219420647], [0.017667132266012915, -1.4763044427417882, 0.5475935697937347]], [[0.42082650726355514, -1.6605718015251054, 0.4497031772825254], [0.2825329657119994, -1.6061306816745122, 0.6092348609243665]], [[0.09793015094799529, -1.7122986883816387, 0.17850866057532538], [0.2552455174883416, -1.4302244055246631, 0.3563335067532223]], [[0.4046262275084093, -1.5948463352221725, 0.3756516170745931]], [[0.03469039251811171, -1.541321467112657, -0.020612467808335623]], [[0.3711856437479012, -1.4872880816947116, 0.08735468383546277]], [[0.08837703587414848, -1.6508614310842296, 0.1621347362438621], [0.28845083754231654, -1.408165592587929, 0.08001393072673205]], [[0.15134226922715088, -1.5333311081498135, 0.07435784491159689], [0.3778208087555486, -1.5097632466876998, 0.13832138863789828]], [[-0.025472750657371535, -1.4532990006554698, -0.2420019938011285], [0.15827633664267957, -1.3556131741770516, -0.5069922899440905]], [[-0.01571415483566159, -1.4421110809429973, -0.2120360273560134], [0.3092019547235141, -1.4517624029005398, -0.32976470956474807]], [[-0.21431861926064483, -1.3059129126019142, -0.8536373034347735], [0.2514914629318846, -1.4038273456869308, -0.7925669376250328]], [[-0.18032379407626303, -1.3363158273318845, -0.7597006046177953], [0.25033039675702684, -1.4478513608814136, -0.8426207077440956]], [[0.3884107656269461, -1.6903422799840115, 0.437005137128938], [0.2532099478024281, -1.5424272287899874, 0.6482870841223446]], [], [[0.2593783291057752, -1.6864352449533722, 0.31410591892892537], [0.26888924160017047, -1.5181775435995877, 0.4827841838387944]], [[0.06293475928488967, -1.4933150544026417, -0.0838220744447658], [0.2680485726991141, -1.4326882104323757, -0.18433545065309612]]]}