{"bodyId": "h0", "timestamp": 5025, "continuousState": [[[0.47217366117380477, -1.5476563430342016, 0.5701338980912657], [0.18602182443283277, -1.3793365301433431, 0.8184401660326632]], [[0.1955006824562322, -1.3979688652781572, 0.8189131194477269]], [[0.4275083241817418, -1.633695475455299, 0.6120555036197066]], [[0.21418454971510528, -1.4929557401444047, 0.8200825241913872]], [[0.3943369357089201, -1.6850947105402678, 0.43850657861305625], [0.13547737896515719, -1.4400324999193286, 0.6134903368835305]], [[0.42107654520688476, -1.6290341106910886, 0.4713542192341032], [0.25984402043028876, -1.5889997401465592, 0.5942598858096299]], [[0.1019863032651869, -1.6187469642143328, 0.24469287861185626], [0.237610770980094, -1.3686685990118128, 0.3011164588094791]], [[0.3581781688178601, -1.531414725342784, 0.3234000571664872]], [[-0.0005492550677649887, -1.4414175887440774, -0.007401696849970449]], [[0.34131450725556645, -1.3893075008171845, 0.007601399468089994]], [[0.09018605275719802, -1.5989631591441609, 0.17130960327881894], [0.2717855412427132, -1.3257151337157682, 0.04253172192341822]], [[0.3627265333537905, -1.451218861667648, 0.07430505890725476]], [[-0.04926621053843246, -1.4304842526201238, -0.17908700255723875]], [[0.2455416969391838, -1.414613633066334, -0.43904358123652787]], [[-0.22600168809771662, -1.2915934738538408, -0.8300958477684107]], [[0.21567645628888069, -1.4150982307602475, -0.8423429902487704]], [[0.40333507119905654, -1.665493386706446, 0.46285457600292285], [0.20843035848313798, -1.5176361735928745, 0.6123774287270728]], [], [[0.2615314242360358, -1.6238905374527106, 0.3580235489229797], [0.24872739570519137, -1.478834169579186, 0.4476881723095545]], [[0.15673016140767904, -1.440851557143886, -0.05239097182499199]]]}