{"bodyId": "h0", "timestamp": 5092, "continuousState": [[[0.4842052626406374, -1.5408936123472832, 0.5668900292995607], [0.20397691833942827, -1.384249678177964, 0.8271888283999522]], [[0.19581353501715376, -1.4026901841073809, 0.8175601841590088]], [[0.4375191718219707, -1.6262014245270684, 0.6054711070276553]], [[0.20521451144175648, -1.4984902416869454, 0.8140897620141383]], [[0.39267478192460925, -1.685939549476296, 0.43700533936669783], [0.14474823440050885, -1.4485437073861112, 0.604776513845412]], [[0.4195812492929423, -1.627194461178149, 0.4743085505333207], [0.25893385052046985, -1.5930003585614334, 0.59298355784141]], [[0.10133964594863892, -1.62652575058999, 0.2472630189474305], [0.2520908688555792, -1.370344940115475, 0.31006166273208624]], [[0.3690961340728143, -1.5327716850191186, 0.333708255337026]], [[-0.0005383358314339262, -1.4520780109778924, 0.010869912329422277]], [[0.3487741002321636, -1.3945264095330434, 0.016655625917859424]], [[0.09208307763204533, -1.5975622923674455, 0.15481609224359819], [0.24701813968660782, -1.319984498918752, -0.018032518085663016]], [[0.08675099226509791, -1.4985372370626806, 0.10683986896206148], [0.3630268171743489, -1.4616843838959848, 0.07181186179383962]], [[-0.05467460096004686, -1.421717372966093, -0.2096122991265886]], [[-0.052031253852646474, -1.427156836586019, -0.2472186928286824], [0.24507058884030652, -1.423789851325351, -0.40088402421063823]], [[-0.2307045457058059, -1.289285787231039, -0.8286954594291187]], [[-0.21814270219928983, -1.300177108138354, -0.8033189844105909]], [[0.3968559392927064, -1.6619558522822415, 0.45741343600793904], [0.22353488682057765, -1.5208803387123218, 0.6185620630551989]], [], [[0.2604604476207906, -1.6268601058840695, 0.3607857847403756], [0.25551235968802455, -1.4816726493384542, 0.4515226102867481]], [[0.01603819565252553, -1.4601273050143868, -0.05138621508226356]]]}