{"bodyId": "h0", "timestamp": 5762, "continuousState": [[[0.4852260723651193, -1.5475696502437464, 0.5605659202291486]], [[0.19762208851600893, -1.396877082212135, 0.8246125984322114]], [[0.4415804441448645, -1.6352739968235037, 0.5967291127498711]], [[0.1949898118955207, -1.487788453705087, 0.8146213310979921]], [[0.3960697450951637, -1.696322690304476, 0.4376031039955094], [0.12031571239211371, -1.4643471089244757, 0.603472743288405]], [[0.4279146514142679, -1.6272245099545926, 0.4606184776362157], [0.25413257959226326, -1.59333604216496, 0.592525214202987]], [[0.12428471205221939, -1.6164666812559536, 0.17716953416517617], [0.20634867470523888, -1.3811217865585572, 0.2994220670310551]], [[0.3521005049903795, -1.529058484615088, 0.3169170023592428]], [[0.0055823762936618665, -1.4543778418296789, -0.012153858012315367]], [[0.36352531100679336, -1.3951228075105107, 0.022186092471152278]], [[0.07366640842940421, -1.59646083778376, 0.14223795823132468], [0.2734533716499973, -1.3547901884905795, 0.09527599000898863]], [[0.09235433858669273, -1.4930110781656523, 0.08060353101026407], [0.37800188825467146, -1.461121583587827, 0.10027160911746501]], [[-0.04962965999726964, -1.4376561985606522, -0.18388752020330482]], [[-0.05279964834513143, -1.4309799128468343, -0.23162335942365597], [0.2519288706865225, -1.4163359705440686, -0.4147722879097471]], [[-0.23043601617753623, -1.2861211495777676, -0.8251942661155904]], [[-0.2046409343482635, -1.3113379147872581, -0.7670082168611562], [0.23073125672158495, -1.4184093056079072, -0.8213325145999495]], [[0.4148238515291505, -1.6713425387430663, 0.444622364033487], [0.2386901724163372, -1.5279973021117008, 0.635393665134392]], [], [[0.2760996817332436, -1.621845595605273, 0.31889400590069594], [0.23024062714875107, -1.4872289143617587, 0.44597364061702105]], [[0.021362339294711544, -1.4653336383631523, -0.05164199459652037]]]}