{"bodyId": "h0", "timestamp": 58960, "continuousState": [[[0.10913164415697207, -1.1989049187642489, 0.7723948715247905]], [], [[0.16472626077435387, -1.271537452630112, 0.7567108476315573], [-0.8552819501503607, -1.1233371117142288, 0.3707371291945135]], [[-0.02104400712192546, -1.0199658204199609, 0.7779118450470726]], [[0.18655666857294165, -1.3717660600254393, 0.5665253935115797], [-0.09326786789064773, -1.257217665457741, 0.5718714611580672]], [[0.20482458513090745, -1.2603445259953732, 0.6919734362977285], [0.054394455020300714, -0.9739589209735243, 0.6523754429762249]], [[0.019839339121312492, -1.3621460196107427, 0.2809165450160524]], [[0.20582427494944522, -0.8777231724048092, 0.4408423152955543]], [[-0.05886165880194469, -1.0986546842437561, 0.24959631316017247]], [[0.03466010108058794, -0.9350969180417371, 0.29740767702097626]], [[-0.019132621837271244, -1.2856598426639023, 0.21756131013426444], [0.13099665107253577, -1.1754570546237384, 0.1635901497925188]], [[0.09103686153060005, -1.2757234224451741, 0.49753588070146954], [0.1574877962210394, -0.9700575265881216, 0.15773121099347667]], [], [], [], [], [[0.2054550875384395, -1.3011350851354009, 0.6239747112922467], [0.002953716733599322, -1.1060537923541798, 0.621358809414345]], [], [[0.11233196212610998, -1.311245272803058, 0.4864449906568904]], []]}