{"bodyId": "h0", "timestamp": 63181, "continuousState": [[[0.3752509440373231, -0.9880736775019705, 0.6847897565512164]], [[0.227988146034357, -0.802466717771609, 0.811641767349515]], [[0.41572121774654935, -1.0445568757401753, 0.6601389566766904]], [[0.1556558429413758, -0.8377085003005088, 0.7580457075971643]], [[0.3696125303537731, -1.2022844536819854, 0.5061300312182889], [0.08968046600015646, -1.1377855333611446, 0.5575869048211359]], [[0.44110630006389245, -1.1223870971363672, 0.5866985268384717], [0.29235918458313154, -0.8536762874042393, 0.5740592590273279]], [[0.21568768508545508, -1.3048874476113197, 0.26700183390175447], [0.11375795789526819, -1.232929917653558, 0.3088142398113132]], [[0.31767996585138364, -1.0279399771369908, 0.37775948192228637]], [[0.14752016380269703, -1.0586960421718175, 0.14354541084745756]], [[0.390851451260848, -0.5749511817889325, 0.06956297153115475], [0.33857840737711103, -0.4466108233582615, 0.08106123751085624]], [[0.18402660099660376, -1.2480563050767506, 0.15171579089924717], [0.3798523727766162, -1.148819000575449, 0.09345446316622588]], [[0.20892129273872365, -1.0877811110205169, 0.13928301808212176], [0.37990269710773467, -0.9372810571889195, 0.017774026883584156]], [[-0.014606589519694239, -1.0610596418407015, -0.1932969297093341]], [[-0.016016852077508418, -0.8133681424613483, -0.20723286722103193]], [[-0.18870795228935452, -0.9236919582465632, -0.685303947597035]], [], [[0.4077905323289312, -1.1546236513088561, 0.5573769547571167], [0.19524475913768605, -0.9953722954878469, 0.5719525212373512]], [], [[0.32839699257467375, -1.2136372723738433, 0.4268501803701131], [0.20305857123919985, -1.0433031025288986, 0.44143674941932054]], [[0.0971573516095147, -1.0744203764306093, -0.027006955813606168]]]}