{"bodyId": "h0", "timestamp": 72896, "continuousState": [[[0.5349535357072294, -1.5207100204777875, 0.5417909165849433]], [[0.23808606490572992, -1.4059350955712666, 0.8134230145019801]], [[0.4843747457084393, -1.616510993040934, 0.5793290128254047]], [[0.2657841980024366, -1.4905161500311328, 0.8165838742849708]], [[0.3493741050875732, -1.6843075709061193, 0.4130282535205911], [0.11534252670593013, -1.4363838627712393, 0.5990824825353919]], [[0.42525972508204124, -1.6208783974873517, 0.42221212226631255], [0.28991941805394683, -1.588436467289337, 0.6016539019043332]], [[0.1568331051718884, -1.61492428989445, 0.2141310303133291], [0.2649162587130895, -1.3748379913888271, 0.3304185467884688]], [[0.4193360904634137, -1.529784041348651, 0.3829618175524183]], [[0.054069906865694295, -1.4423976249259804, -0.018721395675831445]], [[0.38314571458099816, -1.408914779066448, 0.08446478342442765]], [[0.09342837488174172, -1.5523705936109118, 0.08944627065932241], [0.3012630230336379, -1.3540534343063115, 0.12531990637960985]], [[0.10120964446676578, -1.5210323851170153, 0.08495115884456686], [0.4056442978860123, -1.4693622695412063, 0.17797445582043997]], [[-0.030860551452701883, -1.393617259139417, -0.2689766889468883], [0.39496111776101317, -1.3192412606535933, -0.20818753898007436]], [[-0.028672791402882012, -1.3997020184100046, -0.28613210260227334], [0.3564237800436922, -1.4087779109321736, -0.2685766007959398]], [[-0.20216461163298016, -1.263595018703659, -0.8604619967628446], [0.2610951501954369, -1.3699154288759152, -0.8128686835783372]], [[-0.18211663947415907, -1.2789374844812051, -0.8243654297243884], [0.28760037135249533, -1.4416426862547513, -0.8400613996648956]], [[0.3934169298564487, -1.6544818798273466, 0.41531452891110576], [0.2809019410770516, -1.5173040184606754, 0.6521994627445713]], [], [[0.29104641512696483, -1.6179013436909009, 0.31817157628982085], [0.2774178383835182, -1.481637229339082, 0.466036224346401]], [[0.035174546507031945, -1.457324822128216, -0.09201276505116072], [0.40030270782351274, -1.3943017650973997, -0.015106541579817195]]]}