{"bodyId": "h0", "timestamp": 1630675666924000000, "continuousState": [[[0.5949950584242836, -1.5297931438621668, 0.4967271778734554]], [[0.32576115367173614, -1.519653057978471, 0.7861019310618091]], [[0.4417975785364853, -1.695921747397536, 0.37317256838015556], [0.22797756546988557, -1.5162499065906814, 0.5431861672643938]], [[0.4867291690165169, -1.6368705530727212, 0.38675585213325575], [0.3490096263440139, -1.6210365091281576, 0.565048593487106]], [[0.18776001872143042, -1.6578442117150631, 0.20453096054816639], [0.3071188197249753, -1.4043781828486925, 0.27510984617786677]], [[0.45786503333593487, -1.606860839284456, 0.2965412284183053]], [[0.060818650726767204, -1.511202587645263, -0.05489970715105914]], [[0.42160557076850635, -1.4749934913782656, -0.02592006956264777]], [[0.14876302814125666, -1.564653377694974, 0.0818691938802749], [0.14782095799214356, -1.3365698700344317, -0.29762983933567055]], [[0.1944800096063998, -1.4839364786469589, 0.03714872654105534], [0.41888757770004736, -1.4625430684948795, -0.04454285376599796]], [[0.018991994736819038, -1.2352396351018307, -0.31177692651248684]], [], [[-0.20740075341610054, -1.1280578871219427, -0.7978627513583446]], [], [[0.4671942440852672, -1.6742134314238593, 0.38589747010346104], [0.30171849239190807, -1.568112608273604, 0.5675840585780892]], [], [[0.33724459386897365, -1.647357382393892, 0.29564340634071107], [0.32806422303449456, -1.512707345988425, 0.4200792198324864]], [[0.10673600217160942, -1.3595880568743948, -0.13731409998571575]]]}