{"bodyId": "h0", "timestamp": 1630675666924075643, "continuousState": [[[0.34775330220938355, -1.1593122416404444, 0.6847397844554813]], [[0.18101341641392993, -1.046661945594661, 0.8458893519545522]], [[0.2870504245231493, -1.3217880180700177, 0.5430265242170027]], [[0.3469068513061158, -1.2923324587591893, 0.5727002780594965], [0.1608208810154715, -1.1595974415179122, 0.6274973019086647]], [[0.0069950521899418165, -1.2757591596643894, 0.3327487417205175]], [[0.39241460115384597, -1.0698425956654931, 0.34601737808107624]], [[0.05449351494875952, -1.0232586503873873, 0.26168272204029064]], [[-0.15577279526317397, -0.680677184328594, 0.06241055122461353]], [[-0.004006356307342287, -1.2564281522027985, 0.2833054487913619], [0.39704870131681697, -1.0567146068823767, 0.18509562350673356]], [[0.02944946842536456, -1.1489887622352917, 0.2736924797660274], [0.33040486335032165, -1.0436807414640688, 0.05509934460718841]], [], [], [], [], [[0.3108703079707848, -1.3104266045093322, 0.5746266957718268], [0.15542636607076973, -1.1572998987576673, 0.6710165239355531]], [], [[0.17695095174802883, -1.2840458092117895, 0.452724509890007]], []]}