{"bodyId": "h0", "timestamp": 77385, "continuousState": [[[0.40754683140790704, -1.199286184519975, 0.7663311449289075]], [[0.2494943256351262, -1.0760253724511808, 0.8339735380239266]], [[0.3501080380756917, -1.3172048032049963, 0.5375029749007125], [0.24565793714256393, -1.1300676584935254, 0.7114675228214884]], [[0.41361267381769384, -1.29793647578569, 0.5904939567151632], [0.2113901053285108, -1.1818897557330177, 0.5990029059525905]], [[0.06923846069862179, -1.298275297307221, 0.34242077787695324], [0.3040013266727681, -1.0000233494431554, 0.41305972323923945]], [[0.20128520339277015, -1.1876215514109922, 0.41296405082082516], [0.4181199007388377, -1.0992278044648447, 0.30046899551187606]], [[0.13211628671977838, -0.9408530795814692, 0.17177785743404048]], [[0.2544575910518495, -0.8766342741244507, 0.14889148241128397], [0.1631626766264035, -0.8253285562622742, 0.1927020360412962]], [[0.050149980899318, -1.2784068585126784, 0.28600738431595096], [0.333869260266674, -0.9290881716695834, 0.06550433957211203]], [[0.09105785388079186, -1.1660381849677646, 0.26668978327303355], [0.31543277108862094, -1.0455582335337923, -0.031088583835514102]], [[-0.05703599592334425, -1.0486028548603332, -0.15702380194306464]], [[-0.0395948440739881, -0.9242227926931712, -0.13467743209525337]], [[-0.18042259870267122, -0.917746030982559, -0.6252126893558634]], [], [[0.3729484826331234, -1.3082166367705261, 0.56965905184073], [0.196404268107922, -1.1561636243214282, 0.6398760187747445]], [], [[0.2414255672581578, -1.2981058865464554, 0.46645736729605825], [0.25769571600063945, -1.0909565525880867, 0.506031314595915]], [[0.01701092897872381, -1.1073205199140488, 0.054832990664984455]]]}