{"bodyId": "h0", "timestamp": 78591, "continuousState": [[[0.42635711973154394, -1.226166194775395, 0.7137800197550572]], [[0.25966157742027074, -1.1256069840238856, 0.8979235553847902]], [[0.3761749358250474, -1.3469074561930552, 0.4846975637949316]], [[0.4333513922565259, -1.2633965308296953, 0.6055215051577603], [0.28162634230773326, -1.1799390194316302, 0.6453096141404188]], [[0.15282217276981355, -1.3435140361330327, 0.26405104205854263]], [[0.2878149643094899, -1.1409827227012226, 0.3620927549019711], [0.4832348388506134, -1.0377304678934165, 0.3423675429097516]], [[0.13321656807767823, -1.0281015235250808, 0.21692373993594197]], [[0.2588502997497009, -0.8820510047308371, 0.16644916324798736]], [[0.11942906335036599, -1.185601473719808, 0.11342848520237112]], [[0.10953245459320471, -1.0807123868968924, 0.19465206404004037]], [[-0.06869204012089825, -1.0362140756685447, -0.21128884317642996]], [[-0.07643662954550402, -0.8694555644275358, -0.0984645714500748]], [[-0.18574622951864705, -0.8999066180159737, -0.6393183791066421]], [], [[0.4179260522539569, -1.2945554056184336, 0.539691479616731]], [], [[0.2930867825131697, -1.303455283481364, 0.4347862736081515]], [[0.02042020723615323, -1.0584632312827185, -0.008318389568194792]]]}