{"bodyId": "h0", "timestamp": 1630675666924078859, "continuousState": [[[0.46644560199565893, -1.1525372650826962, 0.696922608199812]], [[0.2637325869510798, -1.0912925007101602, 0.8470605328507926]], [[0.35143173559364443, -1.3513657637161605, 0.49791636130293226], [0.2610760571366793, -1.1862245262555635, 0.7164465575446236]], [[0.43466290015290027, -1.2703048589938426, 0.5358348745838868], [0.2820534767779177, -1.1908869489854341, 0.6097220259488886]], [[0.13544960362575637, -1.3393335585708173, 0.26593110969757733]], [[0.2606889391135946, -1.1722388531227887, 0.3765891491824459], [0.47801370854727293, -1.0475153286449717, 0.3454720762558811]], [[0.11995739574540722, -1.0361558679446408, 0.22259289688669287]], [[0.255214139015085, -0.8912487175610575, 0.14789722714615686], [-0.13832674922310503, -0.6710668504623145, 0.028770165483800837]], [[0.10335416132760468, -1.1650615506333826, 0.08955676167448587]], [[0.09744894638656154, -1.0631204234962848, 0.1500726468124044], [0.42257436743728477, -1.0526710647920177, 0.11039071442811746]], [[-0.08143732146899825, -1.031694597784108, -0.1985951495703698]], [[-0.04442666597321446, -0.7446741867595674, -0.3302131026661921]], [[-0.20263869991896816, -0.8774592877134416, -0.6796075915322881]], [], [[0.4053501604948704, -1.3032905139317226, 0.5202311058294642], [0.23871748970384465, -1.1848589958576807, 0.6519049553455486]], [], [[0.2850562518893283, -1.3048192087823298, 0.4008829921407321]], [[0.008005812458781646, -1.0474075106401965, -0.024261251378982704]]]}