{"bodyId": "h0", "timestamp": 80333, "continuousState": [[[0.6077881344865014, -1.560623584814032, 0.47382270901417245], [0.23861273347690803, -1.4450080580202234, 0.7293608993076434]], [[0.3395950274000809, -1.5667028574719066, 0.7949522868984581]], [[0.4450776343980879, -1.7162899312102955, 0.343544695086636], [0.24214653370616976, -1.5437786035461882, 0.5867278831429608]], [[0.5024932137818552, -1.7664035656135741, 0.33936507411738287], [0.314608070223826, -1.6809392655154365, 0.5561983023028378]], [[0.2496120448129929, -1.6273467079019188, 0.2914838933872484], [0.34576612153294606, -1.4748071166703867, 0.36882120522312495]], [[0.29471277288331094, -1.6583115097679182, 0.3096103984019851]], [[0.1849201738883783, -1.4462602761648682, 0.021407808661462694], [0.30416445446645524, -1.3838035089705993, 0.1894750908302874]], [[0.39638140024010754, -1.390200590846601, -0.0608386030491597], [0.3266169108885067, -1.4575076566632361, 0.10635452551029426]], [[0.15073242226775801, -1.6108601120962576, 0.08248201800136394], [0.3015337795317448, -1.4837549416164113, 0.12676895370526337]], [[0.1514619156998812, -1.6818321198625887, 0.15367703383975526], [0.26979445803687396, -1.6107960858234986, -0.02050841431212075]], [[0.013452968861119132, -1.2999627364930748, -0.24812726224535436], [0.24201709104612268, -1.2974739978575265, 0.006065999129582224]], [[0.06870553938016133, -1.4882492250085906, -0.2904983597544185], [0.3034600822086311, -1.3641899200439171, 0.010458824015981008]], [[-0.18011870502128335, -1.2228094446476065, -0.8255786248447712], [0.13314583048130135, -1.3410225845177781, -0.6112734980159346]], [[-0.01660055361094294, -1.3575128519654693, -0.9599160423925769], [0.19814710603968957, -1.4793401198683744, -0.6734821903349054]], [[0.4751493979199807, -1.7328993456623185, 0.34104766263561076], [0.29663449748240167, -1.6093128416756541, 0.5871714810736969]], [], [[0.37605262929742406, -1.6968751367577464, 0.31542448375231563], [0.330187095878386, -1.5778731910929116, 0.4625097537629814]], [[0.08245744228050017, -1.4908974281778318, -0.047225114202799554], [0.2559057745414983, -1.4541350418405126, -0.007221207591269262]]]}