{"bodyId": "h0", "timestamp": 1630675666924080400, "continuousState": [[[0.3491750804222156, -1.4875752615495337, 0.7919923386726255]], [[0.33175238184492856, -1.5986455115486218, 0.7838345028980356]], [[0.44191315006889426, -1.7426681175247687, 0.3380369239852894], [0.24334834387951673, -1.5870425439241655, 0.58632223409335]], [[0.5397466071567183, -1.790761443971244, 0.3017266818206954], [0.30484618682508924, -1.720797621196537, 0.5377471837581173]], [[0.1447837452901744, -1.7013870787480057, 0.13862205188834628], [0.3661576873527308, -1.5131022731707995, 0.3644318282431279]], [], [[0.17783375796976883, -1.3938617864474563, 0.04459697665261865]], [[0.3393891256491461, -1.4730400385261584, 0.06217257123222748]], [[0.13821420294085243, -1.6381030708977984, 0.060451967810523], [0.3366779313181314, -1.4780173185316006, 0.0695831664168029]], [[0.1283711180895786, -1.6847516547040327, 0.08960831755925801], [0.28988630210304883, -1.6108318498950176, -0.07591120317155878]], [[0.00826268623241225, -1.3451282244429603, -0.27079207338802214], [0.034514426646019045, -1.2711159196336284, -0.24377121656038797]], [[0.10101571810579338, -1.3780023350349446, -0.7347264102459926], [0.35578363667225743, -1.4265880866861822, -0.01030763365791654]], [[-0.13398100632250715, -1.3398219425197226, -0.8394810926651685]], [[-0.1053699054516336, -1.3962306692895505, -0.8300030529678566], [0.187864893387366, -1.4988683636470945, -0.6297114346105316]], [[0.48297790759279313, -1.7586611915907393, 0.32776177940675005], [0.3156795692120138, -1.6449022311566772, 0.5949091082918715]], [], [[0.3422651762234463, -1.7460742613596247, 0.22017436685452085], [0.33550193708891, -1.6169499471836684, 0.4510895060006226]], [[0.06831690216099542, -1.5149399395734964, -0.09059187791438206], [0.16220036437453395, -1.440973884764323, -0.1598412098659734]]]}