{"bodyId": "h0", "timestamp": 1630675666924080601, "continuousState": [[[0.31694902750146864, -1.577067348084169, 0.7809534781760318]], [[0.3522105697228826, -1.6838113084293131, 0.797832362130866]], [[0.43599851548147733, -1.846893889596422, 0.2599853422711351], [0.1662292056353365, -1.6523278775512185, 0.5311935551377159]], [[0.46322076630224074, -1.8151642696393064, 0.32639534980905366]], [[0.1478229435667149, -1.7784218833122127, 0.04485525673344341], [0.3151603122525912, -1.5545002077523071, 0.33468703912857406]], [], [[0.22572953080977431, -1.539730793277045, -0.03200307245135764], [0.036384482313181025, -1.4773470438627563, -0.27292007638415405]], [[0.3911055439581057, -1.676082281874212, -0.04687061158435904]], [[0.14492388296868017, -1.6654902615832, -0.2370980594591217], [0.31997841841876606, -1.51876236330385, -0.09115918376098261]], [[0.14858549703548898, -1.6389471223875738, -0.16913606878417864], [0.3610772240415192, -1.6747205601223891, -0.1081139076227803]], [], [], [], [], [[0.47071395143807243, -1.8247439899547095, 0.26517326729764523], [0.2854641448876805, -1.7237992296535143, 0.5719249803358093]], [], [[0.3055218549344778, -1.7967930764757596, 0.18562530327124854]], []]}