{"bodyId": "h0", "timestamp": 1630675666924000670, "continuousState": [[[0.6111887249524871, -1.5134138666908226, 0.4835572207291102], [0.3349349404156585, -1.3959804022979057, 0.792632439913788]], [[0.3263258000469373, -1.519896144102508, 0.7886100766439732]], [[0.43821648432946525, -1.6936795737437096, 0.3725383352628337], [0.2181586663088135, -1.5117838510782085, 0.5419403553037152]], [[0.47875563995180964, -1.6488531078015123, 0.38768324211873734], [0.3596996178059678, -1.6207107433552532, 0.5759888111482683]], [[0.19186994483546552, -1.6531586118855595, 0.1887777187351826], [0.3095817711816721, -1.4065346174162179, 0.27807434260277]], [[0.45070479222000315, -1.605379990572141, 0.29291620381179084]], [[0.05632921948088773, -1.5041510407771375, -0.05033962043624638]], [[0.4281873097511748, -1.46804189166272, -0.019853265797866924]], [[0.14409174943653, -1.5567003787836633, 0.0697352738681982], [0.18237277205813804, -1.3321127118313263, -0.24760064144013563]], [[0.14905820790382052, -1.480301130642033, 0.019830486544987026], [0.4396959855175287, -1.4633320031822041, 0.02867567819607052]], [[0.010542470789430127, -1.2490249563810463, -0.29775347658779105]], [], [[-0.2113615196332936, -1.1282394367739526, -0.8015881707251902]], [], [[0.4547755308424752, -1.6811391097057096, 0.39409516509242143], [0.3233738339636343, -1.5639732937450133, 0.5881707490596882]], [], [[0.3353127923936376, -1.651005859843536, 0.28823048042696], [0.33464069449381995, -1.5136226803857356, 0.4270315768755191]], [[0.07980033934662532, -1.3646630435115397, -0.138961495021402]]]}