{"bodyId": "h0", "timestamp": 8375, "continuousState": [[[0.16139340763098198, -1.710421087618451, 0.7506322164785121]], [[0.4700124053478286, -2.004697825797215, 0.4400861522769749], [0.17099161651108102, -1.8287717956216731, 0.7440098695025581]], [[0.2949656341039566, -1.8798239813313011, 0.3475564701762314], [0.14259139142048502, -1.7184259861533087, 0.60903590867579]], [[0.3892344840509665, -1.9989938655975759, 0.29538384569277376], [0.18541892547404223, -1.884021077898655, 0.5583666559741141]], [[0.031304427376250145, -1.8341612887937426, 0.11482691109325856], [0.13081514070414596, -1.6338208843760567, 0.33914322409935516]], [[0.21084184322638885, -1.8667457444388165, 0.21557643418046724]], [[-0.10166139655039975, -1.6775334961554922, -0.07963189507203856], [-0.08710311054829094, -1.5322259199512938, -0.05288657123037569]], [[0.3052206543191385, -1.7183729820466436, -0.09758620227736538]], [[0.08830992526593309, -1.6123542921745888, -0.012285274382131775]], [[0.2133845562606141, -1.7347304352426836, 0.028744879485079308]], [], [], [], [], [[0.3419995188311902, -1.9357232595829665, 0.3719677109982097], [0.15104783288872842, -1.8051122449723025, 0.5774228832436104]], [], [[0.21026945571360833, -1.9165775771956592, 0.20510537839301615], [0.15811703308909408, -1.7589209811373558, 0.4487549400367346]], []]}