{"bodyId": "h0", "timestamp": 1630675666924008911, "continuousState": [[[0.46279472016567574, -1.7455689899494444, 0.4802922373874991]], [[0.1561735855969064, -1.7300290926646338, 0.7878749699757654]], [[0.2667245903679021, -1.909909858732129, 0.3515939398680989], [0.1593441261792025, -1.69631666462581, 0.6165628801135613]], [[0.410520129937167, -1.94570413498359, 0.31406315554860226], [0.17540895697767223, -1.8427534134706303, 0.5614921549620376]], [[0.025405528253996012, -1.8363065953097664, 0.11532687126783253], [0.03319814662923682, -1.629423433509789, 0.2259080304999552]], [[0.23873596171458114, -1.794680021210163, 0.24675888190840442], [0.23941574540039393, -1.836756410498003, 0.23082596830608895]], [[-0.07527503670097065, -1.6537788077005418, -0.09407528596720749], [-0.1548414159030806, -1.5443306570940363, -0.08803362846771347]], [[0.28961455912592826, -1.6920273020978838, -0.0607156148753711]], [[0.10727403541507147, -1.6028099549544206, -0.04132487004386189]], [[0.11293027980584748, -1.78856094196649, 0.17929807657370317], [0.20310670729241678, -1.7046104066303807, -0.024205555467381373]], [], [[0.09283073501282524, -1.6744792553835526, 0.058480082542233504]], [], [], [[0.3381692764486081, -1.9075770563502197, 0.36532198053043635], [0.1486906339698951, -1.770490776726345, 0.5792165453455043]], [], [[0.2179628290955815, -1.891005365146678, 0.2146950134082174], [0.10430355180345452, -1.7360884234902096, 0.39370009273099643]], []]}