{"bodyId": "h0", "timestamp": 9045, "continuousState": [[[0.4632472399222352, -1.728204239509898, 0.4665796209455816], [0.08510658461246612, -1.5902697407691635, 0.7465405642311492]], [[0.13453717215883898, -1.6181955984997738, 0.7692695427630193]], [[0.40526232304025356, -1.7978039945543773, 0.532453904409335]], [[0.14518297088848658, -1.7174340434025717, 0.7733558684452888]], [[0.35341802603418265, -1.860000252475277, 0.3742152790369148], [0.07079908117928721, -1.7124998969782796, 0.5433327380891522]], [[0.4145133852940382, -1.921779558521333, 0.31979982926030837], [0.1708524623950832, -1.821486017731022, 0.5552178725606975]], [[0.03465988819324491, -1.8335115086363492, 0.15283406768862892], [0.09323972390377003, -1.6334143211226395, 0.2578650612103054]], [[0.23183882803532474, -1.7899297337939706, 0.2801456191648497], [0.24984753525616202, -1.8225780291978495, 0.24817055450833322]], [[-0.05287056288529797, -1.6565791500114866, -0.0961256166602177], [-0.15072617003358232, -1.5565097197607198, -0.08264548769378507]], [[0.28049953450602494, -1.6875213172796553, -0.03002470917443793]], [[0.07916297784072038, -1.8466696053307843, 0.19653763211112255], [0.11400932858285046, -1.6101303534308642, -0.04817907337210249]], [[0.1384476676293225, -1.7734939573584083, 0.1799191419754586], [0.24908055570568763, -1.6933220167558092, 0.02071484356663882]], [], [[0.10438365467317874, -1.6503354938154398, -0.002579088376694244]], [], [[-0.07016003488282024, -1.6028225483067011, -0.14301343483841128]], [[0.34621988021714883, -1.8902510260463867, 0.3916274722304627], [0.14412327418464724, -1.7639380196557386, 0.5683521667295108]], [], [[0.22458663674364154, -1.8776455335788411, 0.23631694847446866], [0.1320460931494266, -1.7274501694268307, 0.40654146688550147]], []]}