{"bodyId": "h0", "timestamp": 10385, "continuousState": [[[0.4614480723020859, -1.5067862571180244, 0.5570840805401011]], [[0.22449923584450063, -1.4559116243400796, 0.7732294917059007]], [[0.3697439908249074, -1.6936263811859502, 0.343568621951875], [0.2448664129248018, -1.4781530380056191, 0.6374836364313023]], [[0.4677523582622902, -1.5689833061562344, 0.33473294421322136], [0.30705724115166366, -1.5549759549600657, 0.6076873441542373]], [[0.17934887511731848, -1.6740423235503978, 0.12988224422136047], [0.34166583279899054, -1.3861647248674338, 0.41492501715697905]], [[0.4248580561197905, -1.5182630493145433, 0.3387772038259472]], [[0.006600903096339494, -1.5869710119002458, -0.09379233226144425], [0.1400655147868599, -1.3028973773210335, 0.004781930388830006]], [[0.317960343369105, -1.3391790258247747, 0.10191092912407634]], [[0.08353698317105722, -1.501319338708682, -0.03280492199830587], [0.3389309531411802, -1.3910005945904311, 0.16464686744395476]], [[0.09906183263902534, -1.419420123584779, -0.04931994793851868], [0.37262858339037824, -1.4949071903351672, 0.14142436261135935]], [[-0.07698814736978542, -1.312072847739716, -0.2711679104695229], [0.08762372692248664, -1.345109163207208, -0.6027905576373266]], [[-0.07627585589707496, -1.3497827728418292, -0.2341521107317021], [0.22468342071123903, -1.4379892276520574, -0.4366192519266813]], [[-0.2617818620843011, -1.150971828675528, -0.7924559537410242], [0.16659646184377402, -1.3562249710414236, -0.8412338295463003]], [[-0.24627677371605156, -1.1668121159097375, -0.7645849852942566], [0.17230962547119588, -1.4134803092679042, -0.8502593671487637]], [[0.44498036823533194, -1.6199296004367125, 0.32065604834177114], [0.27636274473492745, -1.5230392138456006, 0.6306165071795806]], [], [[0.32355061668980434, -1.621512814853316, 0.2323075942172909], [0.3243615369753271, -1.4705703399137497, 0.5113061806556082]], [[0.011036842634619959, -1.3657464856622474, -0.16024392920402078], [0.23012615515643245, -1.4200081767711876, -0.2306830975129836]]]}