{"bodyId": "h0", "timestamp": 938, "continuousState": [[[0.6174753049398873, -1.511277699830607, 0.48195498054194125], [0.2789055044653069, -1.3873373708496324, 0.7597344247748451]], [[0.3374507237048217, -1.5193855396521527, 0.794102921569124]], [[0.443604338865182, -1.691335234731612, 0.36262727443441123], [0.21645521156040423, -1.513626182427754, 0.5322687385606312]], [[0.4761089345958656, -1.6522232840546616, 0.3932398798695872], [0.36217911081912346, -1.6165674063714173, 0.57363348671694]], [[0.18607069384685201, -1.6482908451809404, 0.17797861239236726], [0.3060661236124679, -1.4046906459452935, 0.27968447354786624]], [[0.4797479467329986, -1.6066221433567591, 0.3242584326146175]], [[0.04536489654818683, -1.4980491392717474, -0.062013027996461]], [[0.4251820832915839, -1.4851242622891996, 0.008482413270997313]], [[0.11074336998379267, -1.5167577399380694, 0.029814518649134245], [0.15992371877174788, -1.3428272826720764, -0.2750569083876289]], [[0.14080428314923615, -1.4848542289517788, 0.021389801821524997], [0.4239611514444639, -1.4734238659638172, 0.007483366088436696]], [[0.007938029667206366, -1.2313791654971442, -0.31437315431627577]], [], [[-0.21133669688693293, -1.1251487170200056, -0.7916728442043918]], [], [[0.45748476965201007, -1.6813552888863865, 0.3902405342996474], [0.3096523495427082, -1.5641028242965096, 0.5713193319387444]], [], [[0.3310898142213588, -1.650257064617801, 0.2856092461309772], [0.33412261721579567, -1.5106290261583553, 0.4266589801324031]], [[0.07437115640822126, -1.3581166972244616, -0.14649167624737539]]]}