{"bodyId": "h0", "timestamp": 1630675666924000067, "continuousState": [[[0.6203557666465167, -1.5107785848301165, 0.47865712547082184], [0.2933345844281896, -1.3934840539459148, 0.7645618707545342]], [[0.3083880235509887, -1.5252156296370591, 0.7777790929690853]], [[0.43973457231512697, -1.694309953649463, 0.37433254693771184], [0.2134152044799812, -1.5002041887703832, 0.5323145256101257]], [[0.4854051291626783, -1.6486214899448428, 0.4022375917091713], [0.3609512176565256, -1.619602131634176, 0.5762437228336766]], [[0.18814669763727732, -1.6548017028316266, 0.20538134807560754], [0.3059665103147731, -1.402928607096904, 0.26703370573744634]], [[0.4467907473453604, -1.61011704704538, 0.28878879343255837]], [[0.05951884913667942, -1.5082936861857321, -0.05114801950824562]], [[0.42679173644039087, -1.4752422006293284, -0.02114936629572526]], [[0.1481790776188379, -1.5618160339500924, 0.08202737659198829], [0.14575703619962269, -1.3393409644648193, -0.2955328184795617]], [[0.18663693013876037, -1.4965981868975962, 0.05884407154311589], [0.4256064266364649, -1.4707621828391542, 0.009186249338636798]], [[0.01824811676017748, -1.2375440530941966, -0.3150022093085547]], [], [[-0.21160363220396913, -1.1227388596212358, -0.7929255443704392]], [], [[0.46979530561572086, -1.6745816678214833, 0.383203456671999], [0.30210937918363423, -1.5630944266573286, 0.5680915120591703]], [], [[0.3367759133999778, -1.6517115963882347, 0.30380946989238944], [0.3334588639856494, -1.51126536936554, 0.4216387142855615]], [[0.10244252344946893, -1.3670711199958965, -0.12807906888271942]]]}