{"bodyId": "h0", "timestamp": 1630675666924014874, "continuousState": [[[0.25551830943622206, -1.460127559088744, 0.659416281794099]], [[0.052057885538392155, -1.3207128244828656, 0.8236193973413776]], [[0.2408198051210066, -1.5689055992286114, 0.5548887658912751], [0.04634339087586863, -1.3215152391411482, 0.6420125528797332]], [[0.33508861443481563, -1.5964386379077855, 0.47421944105778663], [0.10651182211615287, -1.413160574393081, 0.6364592551200414]], [[-0.13299299321776767, -1.4584442311997434, 0.29866196095304237], [0.006156196106506741, -1.2113463081161437, 0.2988931311437925]], [[0.21704140029149677, -1.3870092903977342, 0.32880836497997573]], [[0.01242023165311997, -1.2481516505325567, 0.18321561384638152], [-0.047173411768328836, -1.0534954603197062, 0.18256667659712844]], [[0.04079777501695594, -1.0968253226357227, 0.20515283178307026]], [[0.04633490908331259, -1.1551949288836882, -0.023859064699087183]], [[0.06655321132180757, -1.2677007583130346, -0.03311551223600009]], [], [], [], [], [[0.2677728386778393, -1.5805115541277512, 0.5326648030439459], [0.08157120948041552, -1.3668459274796791, 0.6401062110714975]], [], [[0.10104781060852398, -1.5274414345537646, 0.3864407010054145], [0.056334009111329804, -1.3122534412546125, 0.467676193131917]], []]}