{"bodyId": "h0", "timestamp": 15075, "continuousState": [[[0.2521514539909745, -1.476238009079354, 0.7012976586563425]], [[0.047626693608552616, -1.3493171502129042, 0.8186356373208318]], [[0.24762681508122472, -1.57880123319212, 0.5419247891035261], [0.044426333139363804, -1.3214177801983689, 0.6346479274749047]], [[0.3578239598701912, -1.595461052043231, 0.444407961232208], [0.10812826753752369, -1.4305208493712498, 0.629243265207607]], [[-0.12219011912401305, -1.4974600261323812, 0.2746501159435188], [-0.005661305494572389, -1.2050133644990453, 0.28417699137848124]], [[0.21047374308576444, -1.3963614721432527, 0.3156733395251474]], [[0.002652300579805967, -1.2664197622401998, 0.17908294295783708], [-0.009132589182938546, -1.0632721041318116, 0.20061669120531792]], [[0.055171433078236305, -1.1155582339509655, 0.20587599049488312]], [[-0.030330643980624246, -1.109835128896783, -0.13938125379601593]], [[0.0912164481842085, -1.2697579645351782, -0.04719617133847259]], [], [], [], [], [[0.27814093891501185, -1.589952638403584, 0.5220495720672174], [0.09082466555057431, -1.3759348432178697, 0.6395069894940125]], [], [[0.11781692037308908, -1.5464605390878061, 0.3595290385878634], [0.05123348102147565, -1.3177671069351475, 0.45671012829304414]], []]}