{"bodyId": "h0", "timestamp": 1630675666924015142, "continuousState": [[[0.24991689461860067, -1.4910276618449827, 0.711667368859173]], [[0.03632634091424938, -1.3458667503465562, 0.8043156573834767]], [[0.2516064911927861, -1.5818653742395927, 0.534340507433711], [0.0627767826144343, -1.3415768506670516, 0.6463855227118752]], [[0.3315496863497719, -1.6019097336881145, 0.4831975988362077], [0.10473138114163658, -1.4285317149529602, 0.6274464435788459]], [[-0.1206331638102626, -1.5061688563297748, 0.2673347084302361], [0.02289845532726281, -1.2283551295803716, 0.30512508914130765]], [[0.2140507813398615, -1.3903084406812363, 0.32049918783253295]], [[-0.007740677233147096, -1.28244135168479, 0.17998836280062983], [-0.0227145744527445, -1.0860537730803552, 0.1938008219161445]], [[0.06816451021138505, -1.1056582938811197, 0.2141394404473417]], [[0.12099401141967155, -1.1825632644924347, 0.03383966564235493]], [[0.09240305739624273, -1.2729821461663668, -0.03787971270179423]], [], [], [], [], [[0.27736939865059224, -1.5880396123441722, 0.522828187839957], [0.1017992029579641, -1.387059666627196, 0.6461342345068022]], [], [[0.10545826126975465, -1.5540392950089448, 0.3752661536332219], [0.0638149182344497, -1.328443422266666, 0.4662857663600768]], []]}