{"bodyId": "h0", "timestamp": 1630675666924015209, "continuousState": [[[0.253946614224729, -1.4938440457787519, 0.7055910399902166]], [[0.05287891898771727, -1.3404931741397987, 0.8169393637961251]], [[0.24165520860160944, -1.5848473226041924, 0.5372450796296518], [0.0566502807776003, -1.3390559168758784, 0.6416401512514172]], [[0.34920693623107596, -1.58554810318904, 0.4444529973431988], [0.11283629527080324, -1.4255558072447854, 0.6258284238202486]], [[-0.1205701966516026, -1.5064649040612281, 0.2618997867767166], [0.016008305024268792, -1.2239346484416485, 0.30174444659978056]], [[0.208971354584829, -1.3871215838386317, 0.3079741685507049]], [[-0.0010947527484597118, -1.2712744232932742, 0.19361720936741109], [-0.03435469311333236, -1.0822995531139714, 0.18654588110113854]], [[0.05561238169553735, -1.1016746716842607, 0.19989531105545916]], [[0.03983002884645498, -1.168155077817394, -0.042726317470899174]], [[0.09847890872632206, -1.2722007684710568, -0.03404606750089761]], [], [], [], [], [[0.25710303197036644, -1.5917281577626905, 0.5272425648061565], [0.11312394958494815, -1.3843416140852496, 0.6501727405365115]], [], [[0.11431836978973668, -1.546006503625134, 0.3531763920599577], [0.06442230014753601, -1.3247452278432168, 0.4637864352100146]], []]}