{"bodyId": "h0", "timestamp": 19966, "continuousState": [[[0.5382201436329883, -1.5830131657088224, 0.48531426599439303]], [[0.31076758597129833, -1.5408826680435717, 0.7830560008739829]], [[0.40894901268677264, -1.7543829483374396, 0.3497832826742065], [0.27625616159745325, -1.5742203468562874, 0.595824191371803]], [[0.4924099525147403, -1.6877980943862256, 0.3349939891206252], [0.33851273534902954, -1.6069030832479296, 0.5666211539210821]], [[0.1964751827175043, -1.617883464730268, 0.2549512952425148]], [[0.4464231896216659, -1.5948111626756307, 0.2956264045986836]], [], [[0.40420232828740743, -1.4963873556852174, -0.017690886876793228]], [[0.16549804317130293, -1.5706807866976449, 0.026940826725096484], [0.39317609748917837, -1.4624327131120258, 0.1658571502724617]], [[0.1780553858791975, -1.5517275203727061, 0.07537847315891781], [0.4420684775223472, -1.5262996150145096, 0.1639839994416143]], [[-0.017225628594041437, -1.2947078223081543, -0.3298348564211251]], [[-0.015599830293373657, -1.3841120588501794, -0.29368787005873676], [0.4055426654286871, -1.4587271360242489, -0.14316961361052677]], [[-0.24516218652680902, -1.1230162050566914, -0.8256996978009437]], [[-0.01622281500321219, -1.275383727196851, -0.9163731529943677], [0.1730384121024099, -1.4322604239584922, -0.7991596975642453]], [[0.44702518372950806, -1.7237421191710218, 0.35046387199552553], [0.31531617975214726, -1.5974393912054778, 0.588514772324939]], [], [[0.3444425676161223, -1.6528407795582467, 0.29497264218157004]], [[0.08041487864257803, -1.42321767134043, -0.12722819163110363]]]}