{"bodyId": "h0", "timestamp": 23182, "continuousState": [[[0.26177926207553626, -1.4762891451930988, 0.7737069172433673]], [[0.3101792866384219, -1.6039181534568232, 0.7842560177432697]], [[0.4411812069326934, -1.7281186628633924, 0.3654128935861545], [0.21302579652114015, -1.5314258710873996, 0.536380081550696]], [[0.5146221846188805, -1.7174493662800208, 0.38563038719488757], [0.35604500533086525, -1.6475374562058602, 0.5752890935356988]], [[0.18389954503013586, -1.6823396907197588, 0.13908514284136778], [0.2755955279968605, -1.427615995954904, 0.2535215123530602]], [[0.44253422811523, -1.611210337446989, 0.2907606027730615]], [[0.05215914563415305, -1.528689252574466, -0.04996896200807919], [0.10194380813394195, -1.3178722738659643, -0.2775364339303187]], [[0.42422672250182314, -1.472727053286712, -0.004209899727825814]], [[0.3177256454174158, -1.7387078526853534, 0.30314078551846707], [0.35732154309863357, -1.3901503921625642, 0.011466826397565001]], [[0.31722289700600964, -1.6694979806848527, 0.3128171074125994], [0.4354433975161455, -1.501721292637619, 0.07566851749406578]], [], [[-0.009672635841286024, -1.4249455384415206, -0.14473967518282735]], [], [[0.022216039206600726, -1.2915785862819253, -0.9018857594840795]], [[0.48674553375550955, -1.7152545343797168, 0.3814901011212919], [0.3316987247856821, -1.589403504308968, 0.5920429481933445]], [], [[0.3492608648245082, -1.6998945284998896, 0.2623577650181277], [0.31582026666386287, -1.537576726080382, 0.4144053029443795]], []]}