{"bodyId": "h0", "timestamp": 2010, "continuousState": [[[0.5957752888235361, -1.5307994092720494, 0.5031362407542547], [0.3182480861177335, -1.3941727252888185, 0.7881940159419906]], [[0.32140816400441347, -1.5289238562289402, 0.7881932338990467]], [[0.43572265005588434, -1.6902440983945093, 0.37725753621898933], [0.21506822667822598, -1.5196591739118388, 0.5426885309333327]], [[0.4749613129869535, -1.6573613520147008, 0.39324939533723025], [0.350664945240329, -1.6229918317206493, 0.5608839414454225]], [[0.18898437562469672, -1.6481467634885199, 0.16126816365935975], [0.30823937270210106, -1.4108402958773467, 0.2805760015179039]], [[0.45005861803165453, -1.6089618686811693, 0.27989265459980106]], [[0.04458785124722561, -1.5033505730025472, -0.06321439094104153]], [[0.40013679036580446, -1.4657272421543752, -0.0407645076542351]], [[0.14390162313873794, -1.5641866429403357, 0.06615418372312389], [0.17556792704080498, -1.3469979930739537, -0.19915970397745128]], [[0.1475264996536446, -1.499229667605015, 0.014752652964507888]], [[0.008236068695449034, -1.2414064873599004, -0.2994917705994833]], [], [[-0.2083566139904458, -1.1323203099740282, -0.8103865039459427]], [], [[0.4571559441872541, -1.6813727184502634, 0.39135981842497425], [0.3059087466718768, -1.5688294653849413, 0.573541592298698]], [], [[0.3319728443058251, -1.6527540577516104, 0.277258779498295], [0.32945215897121505, -1.516916063798998, 0.42072997148166325]], [[0.07788128417454682, -1.3703180774824577, -0.1423695588174877]]]}