{"bodyId": "h0", "timestamp": 23584, "continuousState": [[[0.2971423537136639, -1.5075108540855822, 0.8220764484611301]], [[0.3068431291641959, -1.5590049099403647, 0.81728988759516]], [], [[0.53937790444302, -1.7839107143797286, 0.5409394494813432], [0.3103138875017314, -1.6435684402665984, 0.7941591900748591]], [[0.4518347607233072, -1.6921678367137587, 0.3668503743246092], [0.21565985983181848, -1.529734110105574, 0.5366157834171394]], [[0.5572162340468322, -1.7584992710224987, 0.3126646452822588], [0.3478729721104869, -1.6569379315626915, 0.5674915250801221]], [[0.19127686603942617, -1.662286011266596, 0.13637698201833381], [0.28313750991607095, -1.4299283179821205, 0.24335445637835756]], [[0.43725916828376604, -1.6127286746653022, 0.2561978140963986]], [[0.059675628703561356, -1.5214338173870752, -0.05286565823342994], [0.04593145546403298, -1.290322419446633, -0.3805268050168786]], [[0.41080809087994796, -1.4449205933540115, -0.04045235755409249]], [[0.14616222188040864, -1.3603546809812104, -0.2887925943034893]], [[0.3248732457997673, -1.7679069656834716, 0.3136704597685318], [0.43237627578366644, -1.4909921445594918, 0.01774738232216214]], [], [[-0.008819963378195099, -1.4498097750559706, -0.13243207496845003]], [], [[0.02029411177364375, -1.289728583039425, -0.9057736069845274]], [[0.48874940439054104, -1.7130312029314492, 0.3853915806287166], [0.33347295451711195, -1.591482381156784, 0.59262557748953]], [], [[0.3742465500431292, -1.7103926411445474, 0.2245208136502963], [0.3155052410132789, -1.543433124772406, 0.4054229907292398]], []]}