{"bodyId": "h0", "timestamp": 25058, "continuousState": [[[0.5696476569367076, -1.6851644371559116, 0.5384462459006965]], [], [[0.5981605584811632, -1.753401697938888, 0.4676715303196025], [0.33853742528693304, -1.6605844052776424, 0.825021826292616]], [[0.3195569533607247, -1.5397143508803017, 0.8081026214113723]], [[0.4339615098405614, -1.772740779772896, 0.3155140669283171]], [[0.5538648362986166, -1.5931482509231323, 0.2937607562582789], [0.2771323647097572, -1.556496021349947, 0.6097573140722011]], [[0.2276715775534464, -1.717923930322232, 0.10727120719165419]], [[0.4622345173685096, -1.5804785892295874, 0.3126489497011578]], [[0.0523226932549648, -1.5876712160355455, -0.08894706644573103]], [[0.4350805609645724, -1.4581015913433901, 0.043874190687408145]], [[0.12286173546578494, -1.572222191623563, -0.04093806145602957]], [[0.13629306551765, -1.452942291112323, -0.051902771549395536]], [[-0.036415020040146746, -1.3807689296128538, -0.3062171966001974]], [[-0.01888799240876165, -1.3215012571652165, -0.32153585330644113]], [[-0.22671043193712376, -1.1470924197254022, -0.8674202169815453]], [[-0.20938832112406747, -1.1593020027472276, -0.7846776569934646]], [[0.4816326834325583, -1.6929114931859608, 0.32813426824283076], [0.3194950839070375, -1.6203718452149614, 0.6655328661155792]], [], [[0.39076820692603154, -1.6555360906226821, 0.20051598172496654]], [[0.04993902273875163, -1.4168556103625884, -0.17905998407479648]]]}