{"bodyId": "h0", "timestamp": 26331, "continuousState": [[[0.4923926567307695, -1.5132710897792268, 0.568174055715886], [0.23637304387521066, -1.3668436789715133, 0.8267798760546671]], [[0.4852538610745043, -1.6544622262350976, 0.5779935757791883], [0.24086121537311214, -1.4928428031921768, 0.8104156310051662]], [[0.31624718332436763, -1.593050531620384, 0.41664354244449325], [0.1634143072356212, -1.4327063990227018, 0.6003710725191616]], [[0.4773040265260174, -1.6891919817976755, 0.39931819011066977], [0.33975932899844996, -1.5843613527706248, 0.6368656437877448]], [[0.12492800888202618, -1.5803782223572107, 0.2627015152853016], [0.2330020584131321, -1.3493478433420951, 0.28630892173900996]], [[0.3800165167959424, -1.5463145379621233, 0.2939506218458869]], [[0.017555972160128875, -1.3929500457549133, 0.008994188449005605]], [[0.37864418160882746, -1.3963513134160144, -0.025418191606214578]], [[0.09814313413251984, -1.5800630727364422, 0.2579890064863416], [-0.42920878605402324, -1.1710703745518762, -0.8600456570718576]], [[0.3789420545444409, -1.3975157020772526, -0.02603577286524819]], [[0.008682585839860963, -1.3916378535570515, -0.26334578118216473]], [], [[-0.08481035726866605, -1.3018664775257252, -0.6454848989739005]], [], [[0.4154255430196472, -1.6366651959543204, 0.4566020942231376], [0.24812030786432523, -1.5123015992278204, 0.6165729717547054]], [], [[0.3011160177040218, -1.634785102077443, 0.33100985269798566], [0.286380693705791, -1.46685459805636, 0.46158728276337735]], [[0.19381232019215094, -1.394576777817152, -0.14469077702370647]]]}