{"bodyId": "h0", "timestamp": 26465, "continuousState": [[[0.22877746386792727, -1.3619092364423557, 0.8276935356672808]], [[0.47237300125200504, -1.6470191024379088, 0.5858779677729504], [0.21483191350720449, -1.4725085254856842, 0.8069492020877721]], [[0.32156478013457473, -1.5712079437519055, 0.40200607465876464], [0.09936653730938474, -1.4221050800377395, 0.5666896535821699]], [[0.473418664680198, -1.6843563495075458, 0.40412947362885004], [0.26954388625225373, -1.5848668245220534, 0.6006733793225774]], [[0.10815727263331093, -1.552454921553399, 0.2616398883490408], [0.23061850726684952, -1.337619227791808, 0.2983030117037079]], [[0.36424090258954767, -1.5407650921426184, 0.2890933323591873]], [[0.0006306498778209288, -1.368540580819121, 0.01483733987523351], [-0.5614292313228227, -1.081149609054442, -0.4863498838994935]], [[0.37153066806237983, -1.3909053593481409, -0.02666335922076769]], [[0.09955211541868948, -1.552154660318546, 0.2634617863357032], [-0.3693294092744811, -1.1611701076862715, -0.8004578242997006]], [[0.18516112149119596, -1.6331138635585922, 0.28884223745223564], [0.3703965057215651, -1.383828213867335, -0.03855500919906194]], [[-0.009264250648411234, -1.3688305478024594, -0.2076206709939038]], [[-0.0015038013892597064, -1.385329230252221, -0.32725552348818654]], [[-0.09144377125975402, -1.284015093584648, -0.6497761583485726]], [[-0.06701687489431898, -1.3221165499228527, -0.5676163706858183]], [[0.4165926640493769, -1.6186317632210023, 0.4661781438201759], [0.25677867878284677, -1.5021257915099089, 0.6337512662592094]], [], [[0.2907879686567545, -1.6184056355304723, 0.3328846809889454], [0.25008119675955165, -1.4612430261569307, 0.4494881955131426]], [[0.08794843542139236, -1.500972205680526, 0.04061078322916592]]]}