{"bodyId": "h0", "timestamp": 26733, "continuousState": [[[0.21734910004384983, -1.353440941724444, 0.8572327588645059]], [[0.446812234354306, -1.6654980914928317, 0.6041752130009089], [0.20668476541011205, -1.4765007837290562, 0.8231922809444432]], [[0.42236715530847807, -1.517548141454672, 0.5038443841858445], [0.11590703748249508, -1.3902958242292531, 0.5994263016994462]], [[0.49640254472711803, -1.6784163696264967, 0.3723560364703096], [0.2337235070170109, -1.5730357619444553, 0.5965977720596722]], [], [[0.3247933975836979, -1.539150863277318, 0.30240191457021387]], [], [[0.3602351564828543, -1.4000520221178194, -0.05009244114675039]], [[0.19264558050479236, -1.564742183555975, 0.3831452718376718], [-0.01898304686802885, -1.220400609957291, -0.3420494664762423]], [[0.1933150863946496, -1.6567778238388038, 0.34575084178630094], [0.3384608435738946, -1.3811530867240915, -0.023203678626528244]], [[0.0692197082625318, -1.5046855927815277, 0.2419853141476583]], [[0.11031004355595916, -1.5386351372123135, 0.09214758061474732]], [[-0.05817030838579524, -1.359195681180264, -0.010519049189770613]], [[-0.03475405550659684, -1.3443197069159631, -0.4245367080377719]], [[0.4017476495693701, -1.6165595582308627, 0.5143852660954812], [0.1959786930001426, -1.478677704807851, 0.6116120651784076]], [], [], [[0.1312673973285907, -1.5807317083101657, 0.2938680779669796]]]}