{"bodyId": "h0", "timestamp": 1630675666924026800, "continuousState": [[[0.20052640257603024, -1.3529591569602364, 0.8510604400130228]], [[0.43829144226404404, -1.6722633623122676, 0.6068052968939128], [0.19554139938918524, -1.4771237925533496, 0.8226256446796474]], [[0.39624665816232046, -1.5465442606268252, 0.520368380164997], [0.1076301258032272, -1.3887883526677747, 0.5923179375065727]], [[0.48757607947974824, -1.680818017705429, 0.3802433862384239], [0.2375271935695155, -1.5706400819354487, 0.6003957719884677]], [], [[0.3196080462761884, -1.5459442408767337, 0.3142711976596518]], [], [[0.3532150904653688, -1.3992329578913314, -0.044180779629984956]], [[0.19198913388703556, -1.5623700330041523, 0.37768199062571034], [0.24681049745686617, -1.2584256976398498, -0.04969836744166014]], [[0.1925777379687937, -1.6557164112883578, 0.3460041295202268], [0.32758015255539474, -1.3866692449095255, -0.023451593028180014]], [[0.06018311834359264, -1.497839130751303, 0.23058197385888707]], [[0.10664948962786218, -1.5317068526222966, 0.06409637894915818]], [[-0.06004119627080604, -1.3559024466337606, -0.014774099138777046]], [[-0.02235639130187542, -1.3609071751493347, -0.3672487213306722]], [[0.40279394004576197, -1.6219626631189794, 0.5009679103393996], [0.20315574977567144, -1.476992847090685, 0.6158527827347545]], [], [], [[0.1263804281561932, -1.5767777710198305, 0.28829305168955693]]]}