{"bodyId": "h0", "timestamp": 26934, "continuousState": [[[0.21843840576046342, -1.3596142709173198, 0.856230427122971]], [[0.43828529060805993, -1.6692609730089807, 0.6074030049754762], [0.18358896294796181, -1.481883570524878, 0.8091332875033893]], [[0.40913262503407605, -1.5381791005966923, 0.5133620501847115], [0.10054663449348823, -1.382864349024554, 0.5878469826792707]], [[0.4884088784360967, -1.6812192295134485, 0.38046782527958295], [0.2289839436950424, -1.567290430145398, 0.5956425834585969]], [], [[0.32123276148884383, -1.551606856971954, 0.32581660556015435]], [], [[0.36076541223213077, -1.404248066095984, -0.018785181956441646]], [[0.18674387699875564, -1.562761343096315, 0.3955277870078683], [0.24946624372630935, -1.2721814713496082, -0.027974897567531343]], [[0.18810839296253726, -1.6576796125298399, 0.3580103654249742], [0.34185930225244376, -1.404937628190644, 0.04807996860690241]], [], [[0.07906580394634097, -1.5653214333463323, 0.19169830926713188]], [[-0.0618162472601897, -1.3549517303658198, -0.025754946236891327]], [[-0.02477687797431247, -1.365942850298309, -0.31773192671266], [0.2816219371622119, -1.4095051646765893, -0.7569495427104528]], [[0.4021552366582248, -1.6219504163968619, 0.5085293969086041], [0.19345465810400106, -1.4725577900612878, 0.6095240749679653]], [], [], []]}