{"bodyId": "h0", "timestamp": 1630675666924027202, "continuousState": [[[0.21383420337877054, -1.3718056209717704, 0.8383564459126523]], [[0.44566257037888496, -1.6655119355304995, 0.6219883742923855], [0.2153381544222418, -1.4955820311482024, 0.8131447560312205]], [[0.10753852663973157, -1.4032235283110956, 0.576396019423876]], [[0.4938915934414627, -1.6856333668794115, 0.3834516419838637], [0.23179275944249617, -1.5828913956808466, 0.592172103555527]], [[0.21990398899712635, -1.33085748440605, 0.33150553845174546]], [[0.3359847696564689, -1.5706559292591302, 0.3374813631593622]], [[-0.2826362178261095, -1.1259843729026748, -0.21209142556843835]], [[0.3488062276404507, -1.4516867617800782, 0.01824035279328973]], [[0.21216572041203471, -1.5546704575903258, 0.3969103188026711], [0.2536848362444225, -1.2977897263526097, 0.022186168719418448]], [[0.20003031665693213, -1.6645787355306603, 0.38425185995656375], [0.32986040354515556, -1.4308676121249821, 0.05336923764540097]], [[0.09145351290673415, -1.4900752491644493, 0.2206098351017215], [0.5142187419646513, -1.3229367165250794, -0.10458942559073262]], [[0.09382607678684718, -1.5689638378166881, 0.1899735597801216], [0.3503405185693632, -1.3888082717759567, -0.3240410652178548]], [[-0.041960573295126834, -1.3474466388082988, -0.004195632596234418]], [[-0.02021983915129647, -1.3461371502678434, -0.27865352967151147], [0.33061647575082, -1.4276142456556609, -0.772725957779203]], [[0.41588713377920405, -1.6136347938499171, 0.5072620062528622], [0.22652255265286772, -1.4887387680605388, 0.6228313974787208]], [], [[0.35689779121929455, -1.5082454256427307, 0.3574785902178046]], [[0.14574191478183313, -1.5773269923475548, 0.3024308475291426], [0.42203957275490345, -1.3769021643250308, -0.025610093972665823]]]}