{"bodyId": "h0", "timestamp": 27336, "continuousState": [[[0.22798921662448265, -1.3735280892703985, 0.8280100724138313]], [[0.45575761195587294, -1.6580001972759302, 0.6194253148310852], [0.23006653070684638, -1.5000624971914513, 0.7998638957864703]], [[0.13681770993861458, -1.4142312136902842, 0.5808430528658043]], [[0.5078808431337073, -1.6759398746587342, 0.38189443302364906], [0.2476876954303009, -1.5871463722512171, 0.5889279840451002]], [[0.22465620078212442, -1.3567460531022122, 0.32674749283631715]], [[0.33694878457494337, -1.5869598991429918, 0.3411675056665242]], [], [[0.36194770786967523, -1.4918593069925818, 0.03593271703228197]], [[0.21566794775661738, -1.5684139424940644, 0.3993805998557941], [0.248980749631427, -1.3217308704454733, 0.036550995140008126]], [[0.21079509330327897, -1.6633401006788386, 0.3767401780417506], [0.33606334503220253, -1.4510204120901746, 0.08073389442070561]], [[0.10953138994547186, -1.508792070116447, 0.22699907422396792]], [[0.1104647813390402, -1.5699480014311766, 0.19367662784367098], [0.353640282452827, -1.41144291469712, -0.30493352347666586]], [[-0.027695185651642872, -1.356653792807385, -0.01637041770149813]], [[-0.017857745342611336, -1.3972087619114346, -0.03400258671385313], [0.2738820909546514, -1.4392508446115164, -0.8908851372429424]], [[0.4400466157322859, -1.596445270690772, 0.5084569523478645], [0.2055780426539627, -1.4986992492920772, 0.5935915937386356]], [], [[0.36626852195791587, -1.516342963880473, 0.3543209629299831]], [[0.16016324162437542, -1.586066085397643, 0.3018696261328593]]]}