{"bodyId": "h0", "timestamp": 1630675666924027604, "continuousState": [[[0.5987568402768204, -1.4873832062756223, 0.5141618835908881], [0.29530483307334043, -1.3805183018508826, 0.817172304333953]], [[0.28096104828138324, -1.514419662953179, 0.8004575603649887]], [[0.4177177553527111, -1.6375596127252998, 0.4283041828051904], [0.16857371261872414, -1.4275076146028147, 0.5980643692178133]], [[0.4773490439443682, -1.670177344431549, 0.41415567399871234], [0.30275088160248426, -1.6101909063814828, 0.5840520867069413]], [[0.19090196747732, -1.5939227481535951, 0.28687394842782876], [0.23307771343729428, -1.369282691527028, 0.3281660371289715]], [[0.36872727743276074, -1.6090188422625564, 0.32375768130039545]], [[0.05245382545198214, -1.4535068060499416, 0.09867735774607878]], [[0.3801029489023472, -1.53383746284543, 0.03860365860749766]], [[0.15713495900335164, -1.5675400933706936, 0.21162295128753952], [0.28241546982083626, -1.3439362534629034, 0.06459066572643064]], [[0.18077788160367875, -1.57868398719907, 0.10195240883976499], [0.3838514056402112, -1.478513934936697, 0.11222957554669734]], [[0.031712352966133096, -1.3877616104034072, -0.2964136230959134], [0.5271161045067404, -1.3138429366218776, -0.07830639667995706]], [[0.037130215152506085, -1.4066165265654451, -0.3106330145078803], [0.3960774214507255, -1.4359788096570838, -0.2971517109847216]], [[-0.11646460802577659, -1.2362884107176402, -0.8383570563122048]], [[-0.10178264374423009, -1.2535580265521753, -0.8092356875994182], [0.32018967192943615, -1.433932779512437, -0.8492376884856288]], [[0.4374147404756215, -1.6449533766888826, 0.43495377587591305], [0.2543752171637848, -1.5215410911716813, 0.6033835304225893]], [], [[0.3341255057108441, -1.632050046292572, 0.35051481121327055], [0.26791429751988927, -1.4897367989542554, 0.4561090619179564]], [[0.10624511728490592, -1.4832227988012385, -0.09723060712807421], [0.4554837550734758, -1.3961784357792872, 0.016961589433370138]]]}