{"bodyId": "h0", "timestamp": 1630675666924028207, "continuousState": [[[0.6463822146633208, -1.5088443464468304, 0.5107802136795004], [0.36677444150542327, -1.3855611057305883, 0.7898912188677881]], [[0.38196811212433407, -1.5163555025415012, 0.7932665000550226]], [[0.4484438408502371, -1.6371925314613, 0.42780809548863546], [0.24896231779662548, -1.4611267463308484, 0.569974472145446]], [[0.5834541423250619, -1.6960498134097082, 0.33478664228525146], [0.3791040666932188, -1.623036010236767, 0.5719021736742116]], [[0.2526275918582259, -1.600970904840987, 0.22295861366083045], [0.28217441082885125, -1.38924436006668, 0.30367672144502716]], [[0.5017965046199437, -1.6167772581154218, 0.31026914900622454]], [[0.13799378902961826, -1.4161884530840456, -0.02871568678290873], [0.2556877857873405, -1.3234512492171808, 0.05876952670161359]], [[0.5016628442530868, -1.511534475014689, -0.019696188165359445]], [[0.2017220680541097, -1.5525292860833229, 0.12023219274299776], [0.35327745109276154, -1.3832912993270525, 0.09028479413368178]], [[0.22569356791132236, -1.588508113592307, 0.05559651988062114], [0.4388326039893223, -1.5081665639165955, 0.1126956130815995]], [[0.07636403758356147, -1.3688828059012286, -0.2941799339344145]], [[0.08328019107519714, -1.416979514066936, -0.3222887428495342], [0.4660945072689519, -1.449209737782685, -0.1501920766390133]], [[-0.1185606528226682, -1.2253725966645557, -0.8523882871430706]], [[-0.09941842188176869, -1.2515624274646606, -0.8211171950270354], [0.3130077773179596, -1.4314131464416198, -0.7688987764141914]], [[0.4954217833828474, -1.662438304405357, 0.39918217014268953], [0.3064438313347814, -1.5479731451730887, 0.5688435855521072]], [], [[0.4180408670916439, -1.6485103591253476, 0.27887262797304097], [0.330639238761035, -1.5061401851517235, 0.43778944755961935]], [[0.1510288027474419, -1.4786954597467679, -0.11929170702689668]]]}