{"bodyId": "h0", "timestamp": 28274, "continuousState": [[[0.6482061615940015, -1.5109886046350318, 0.5131026460526581], [0.37301570755336977, -1.3834383779759423, 0.7937821269566508]], [[0.38629060577408336, -1.5208560732187155, 0.7917253679110228]], [[0.4585975268575958, -1.6420832747335299, 0.42262237651656515], [0.22818826597858538, -1.4623282589710265, 0.5521289968296872]], [[0.5645800319437908, -1.6942891841561627, 0.3580183609672115], [0.37887412323443276, -1.6228560484225458, 0.5722341887599648]], [[0.25547810316083863, -1.6053859896843388, 0.21649805528519642], [0.27936581569242436, -1.3921654672470432, 0.3067014430647298]], [[0.4959288864109228, -1.6150755857830117, 0.32965140573209284]], [[0.1348932936894659, -1.4210512892902212, -0.03758121791274311], [0.10703697120706487, -1.3182313590132337, 0.016271756734236077]], [[0.49330652556084625, -1.508036242420711, -0.026301625869006785]], [[0.2013944294306719, -1.5563931911406441, 0.12285154102069851], [0.35202548645714593, -1.3920380233467244, 0.12296844282944472]], [[0.214580799069318, -1.5918195398238053, 0.09063039753431486], [0.43824244728507167, -1.512555501249804, 0.1486886776480419]], [[0.07695965347489699, -1.377830075714303, -0.2797557465465061], [0.36842702359691, -1.3264174800135398, -0.24281035819264413]], [[0.08703731277897953, -1.4219216587300478, -0.3219604869712728], [0.4761999380461971, -1.449236549197774, -0.1303623728098687]], [[-0.116652921120087, -1.2269573985195599, -0.8509798065488904]], [[-0.09906261496276658, -1.2514789868279514, -0.8142559085296739], [0.3218504500318095, -1.4332158997738815, -0.7510856836778391]], [[0.49905557214604546, -1.6610079665748951, 0.40087703635148547], [0.30834654661386296, -1.5483545913880385, 0.5679609626904487]], [], [[0.4100290675523147, -1.6498375869202508, 0.28725820812620395], [0.3291199694634286, -1.5075107578347944, 0.4394678159123473]], [[0.1457702262721075, -1.484824807769054, -0.09456267450609562], [0.40333473544099085, -1.4194864906316718, -0.04706084027230112]]]}