{"bodyId": "h0", "timestamp": 29078, "continuousState": [[[0.6583612164721075, -1.4779253426129346, 0.4873152043917055], [0.3670629099573034, -1.3911279943146106, 0.791682828680132]], [[0.3740061248235031, -1.5162546038653815, 0.7936783887633951]], [[0.46406642926407693, -1.6586922909048045, 0.38874272151847433], [0.27938974282844653, -1.472147651758444, 0.5827920471761873]], [[0.5304016109979197, -1.6791558102942894, 0.3796452980072179], [0.41784008603555844, -1.618883775852418, 0.6000706326466896]], [[0.24901894451004553, -1.621058397683169, 0.21197743518700418], [0.2642531847612549, -1.3893475841210698, 0.29387459193965787]], [[0.4961358422174626, -1.6113508861021195, 0.33013505136486854]], [[0.12580250946386837, -1.4396561434814257, -0.04946085814492221], [0.35714234049031485, -1.346108376304101, 0.1387666877375764]], [[0.4820147315600675, -1.5283388246727085, 0.0695047560849339]], [[0.19211733924327762, -1.5458320514397514, 0.06483003014457427], [0.35980834243601023, -1.3952165069790352, 0.0909750001343773]], [[0.20586068555183737, -1.5800567060509436, 0.0772749034955607], [0.4462153025913474, -1.5135068219279868, 0.12346602647377222]], [[0.06526442474982161, -1.389727531802111, -0.27168132045171545], [0.34193714808158504, -1.351316471022015, -0.3040418954451375]], [[0.07267179663542776, -1.4218085903588824, -0.30113934609147236], [0.4980827171774897, -1.45115479930577, -0.11621287449914121]], [[-0.11755706505368448, -1.2236202582248639, -0.8559685677264252]], [[-0.0972210617888637, -1.2529386923391599, -0.8286510561133072], [0.3216673686699844, -1.4238450982411668, -0.7785143284735825]], [[0.48935395579311325, -1.6689865149151364, 0.3914845601857803], [0.35075853208100466, -1.550590244913839, 0.5917565755645596]], [], [[0.3897102777539826, -1.6501071039887292, 0.29581136659711105], [0.3410466353984067, -1.504115679986744, 0.44697261229317375]], [[0.1355625551508295, -1.4848921189265272, -0.09720320847807737], [0.39407622533646625, -1.4324116464750007, -0.09028793448568263]]]}