{"bodyId": "h0", "timestamp": 29346, "continuousState": [[[0.6603330876071388, -1.4729266046426142, 0.48901326305662063], [0.36579081202200087, -1.392570523915812, 0.7897453547593749]], [[0.36095981824431644, -1.4205584143752088, 0.783758271448001]], [[0.5959755259631718, -1.5813673233455308, 0.5355875899777756]], [[0.3716460063577224, -1.5139492821867095, 0.7922532934667637]], [[0.4693342700787204, -1.6556294133923628, 0.3818631288017102], [0.2818992132595304, -1.4779558576950762, 0.5866032307515391]], [[0.5373961423727719, -1.6806411012083688, 0.374813738548022], [0.44986064768593176, -1.616361889383706, 0.6316241005463638]], [[0.24634840062024155, -1.6235134850660293, 0.21150373865158667], [0.295738472066894, -1.4001248890174407, 0.3185140804347293]], [[0.4817121191909648, -1.613224153567759, 0.34010317886492863]], [[0.11945492214937439, -1.4550327409329267, -0.0431640312630434]], [[0.4926384664186837, -1.5378525732393429, 0.0982497597615229]], [[0.1895969892278199, -1.5567719983289927, 0.07221682852388495], [0.36315350270529145, -1.4014707557154091, 0.09526311138910842]], [[0.19245128148695972, -1.5741684025002252, 0.07197459741038574], [0.4416948918173282, -1.5171648254083785, 0.146603123256112]], [[0.049930801096076324, -1.4237151554225356, -0.17685300094188755], [0.3838797539133091, -1.3570120253034252, -0.25407177328348823]], [[0.06928179890640723, -1.415028195202451, -0.2723493129124527], [0.49234158784165605, -1.4539409149216178, -0.12580579627847238]], [[-0.11666237652931279, -1.2322929874129167, -0.8438367448300282]], [[-0.09787751311023157, -1.2538772698648262, -0.8098243206007765], [0.3258384376776423, -1.42862782888961, -0.7848425970584411]], [[0.4908267110599033, -1.6688708757910444, 0.39240962030164905], [0.35644869141840557, -1.5526294794104274, 0.6053687320103034]], [], [[0.3918722714965067, -1.6520772931371992, 0.29315873859980435], [0.3727995598764129, -1.5082433892005733, 0.4750690904905465]], [[0.12119104129151803, -1.4989417789613804, -0.052439201765750905], [0.4127873228653186, -1.4370884253559018, -0.05373432501368812]]]}