{"bodyId": "h0", "timestamp": 1630675666924030485, "continuousState": [[[0.6262319903802783, -1.5012719310932565, 0.5013421513940252], [0.35264544266176767, -1.3922507291123845, 0.7886603674736504]], [[0.36062852988002353, -1.5095228948262924, 0.7958246807728914]], [[0.4633321289499779, -1.6537093611734859, 0.3809441504091885], [0.2372536395047407, -1.474506541628518, 0.5774170377350556]], [[0.5366202690610894, -1.6989870392124724, 0.3652637517035132], [0.39308001682874694, -1.6201539236751086, 0.5988306394325966]], [[0.23161900323346327, -1.619055464958169, 0.20980701098566282], [0.28453887622393653, -1.3954755135548995, 0.3272897419117094]], [[0.4647081453982405, -1.616450168347362, 0.3564014538991462]], [[0.1093912630156737, -1.4395275627314263, -0.048298295747401424]], [[0.4795509197700203, -1.5404112332987385, 0.1014360140982003]], [[0.1840598451265917, -1.5668364069215255, 0.09030483881773511], [0.362164707474333, -1.3926295982274284, 0.10816517770089853]], [[0.19924918675032519, -1.594254494981039, 0.09737828491518667], [0.4501767629559854, -1.5101580081851889, 0.1699372912857948]], [[0.054605494796375637, -1.402433509415196, -0.2674869290055797], [0.3363975256368824, -1.3349357061393425, -0.31003532528351685]], [[0.05909876122243747, -1.4178301914431004, -0.2945521201356878], [0.4546535380270448, -1.450487694095849, -0.1734916190360075]], [[-0.11734101728271702, -1.2289266287698966, -0.8526378595212082]], [[-0.09786082659712318, -1.2540398574222715, -0.8204823816490443], [0.31180699382937427, -1.4294383192888769, -0.816207738017087]], [[0.48693952198966184, -1.6728719688341829, 0.38760242534704525], [0.3636419803230076, -1.5500325027114474, 0.6229058381828884]], [], [[0.38411963614727634, -1.6590212520853207, 0.287535381344588], [0.3388094465263417, -1.5078147186150042, 0.463060190672153]], [[0.1269273407733504, -1.4983440021981176, -0.0850543220451965], [0.3932871442964339, -1.4225468571622657, -0.07004901699886103]]]}