{"bodyId": "h0", "timestamp": 1630675666924030619, "continuousState": [[[0.6374591113052106, -1.4967555318388794, 0.4961956138112329], [0.3326690824356917, -1.3915109080880383, 0.7800298526026092]], [[0.3574710773081888, -1.5100999986167871, 0.7964866383526497]], [[0.4657884184064024, -1.6570036284618324, 0.38157545451323405], [0.2629080128515648, -1.4761800086126804, 0.5785557468365562]], [[0.5405102950137398, -1.6958734503275674, 0.3655431636621097], [0.40746537303273406, -1.6166731613127978, 0.6089359470059807]], [[0.23456421075367434, -1.6199915926460529, 0.21223019773311125], [0.2927006046696317, -1.3950674783335928, 0.3267233777540871]], [[0.47547556403664, -1.6168406687746584, 0.3375471849852368]], [[0.11065561435009312, -1.445327879713243, -0.040716609391633934]], [[0.4768200039067126, -1.5325981254094436, 0.07204603366782021]], [[0.19723769030631216, -1.5742153715686433, 0.10640131196591096], [0.362360762565821, -1.3947761314549063, 0.09763061229042955]], [[0.20829172285284353, -1.58616787060157, 0.08401135239122755], [0.4416652962788794, -1.511775525896547, 0.14936787791457845]], [[0.05788382038668658, -1.4043131424675352, -0.2628342405399178], [0.35080822881919405, -1.3468012500039286, -0.29648533816858935]], [[0.07028422556682642, -1.418608057651183, -0.2846250261867153], [0.4801585839348904, -1.4554196299867734, -0.1432661334610159]], [[-0.11745749137159789, -1.2296432867690628, -0.847882052494691]], [[-0.0989024560041899, -1.2511968938892313, -0.8153032568268823], [0.30470273976478096, -1.4335144755877447, -0.8177401134173099]], [[0.4955264942285286, -1.6703326690212865, 0.3809852429639084], [0.3530353936951878, -1.549864596846688, 0.6103160152803639]], [], [[0.3875372528837071, -1.6579325214868101, 0.2888866806976105], [0.3500829888511829, -1.5058703198231953, 0.46782966238003393]], [[0.13308777161976507, -1.4952405065345526, -0.08941144407434512], [0.3962367625490367, -1.4292883879502378, -0.07355873012700545]]]}