{"bodyId": "h0", "timestamp": 1630675666924030753, "continuousState": [[[0.6363782367053632, -1.5006742722885142, 0.5036264189790628], [0.33501602509567535, -1.3919673801281376, 0.7785606989692772]], [[0.3721846990395834, -1.5083336433536079, 0.8041828342221873]], [[0.4681534484382801, -1.6500514209554071, 0.3781487730826566], [0.2548942428649709, -1.4737600551893824, 0.5729343003748907]], [[0.5439824392711391, -1.6979479851006003, 0.3609399199253032], [0.4064260291375631, -1.613260701783786, 0.6158850094896597]], [[0.23483720498102645, -1.6220501825777318, 0.21239077765168599], [0.2492676057559886, -1.3881970708270746, 0.2953239771271021]], [[0.4671480791610761, -1.614505992451122, 0.37171303317878435]], [[0.1122803236904581, -1.4452157803827008, -0.04894918964075123]], [[0.4911904231074202, -1.5636898819659557, 0.17207097052528275]], [[0.19448206621809516, -1.576614912755743, 0.10987536815279578], [0.3632751186825699, -1.4012746235039137, 0.10499638756391483]], [[0.1983545996999826, -1.5955756275558668, 0.1092202792111791], [0.4554821180277299, -1.5163867371929443, 0.1766341823836833]], [[0.05744610023100569, -1.4044110027117591, -0.264470272107342], [0.40305034188250827, -1.376344566055493, -0.21859718070574355]], [[0.07184426291422312, -1.4217555848159718, -0.2896995245221237], [0.47367846290632404, -1.4603232589023691, -0.1392011226154634]], [[-0.11681866133085356, -1.2328171739452838, -0.8469034768768756]], [[-0.09854354185968191, -1.2549664298827856, -0.8161881401968981], [0.3164084990254853, -1.4356722673120774, -0.8069648039152564]], [[0.4921987233153546, -1.6714836534867976, 0.38492783400812025], [0.3534321173695098, -1.5472894975274072, 0.6136075264407238]], [], [[0.38940982212608277, -1.659999083839166, 0.2866653487884946], [0.32784681744677585, -1.5007288863054304, 0.45560449330838093]], [[0.12790034996549415, -1.499993315133813, -0.07762499644808143], [0.4292662299551191, -1.4463656516242187, -0.02098149916103012]]]}