{"bodyId": "h0", "timestamp": 1630675666924030887, "continuousState": [[[0.6294045191971729, -1.5059418109067428, 0.5028273166756749], [0.3403181526941889, -1.3936980788708062, 0.7746753553596514]], [[0.3679081234998894, -1.503804747537252, 0.8007454876869899]], [[0.4642938030838771, -1.6566190904483638, 0.37831699781960626], [0.24929004921771367, -1.4707373107919688, 0.5856768439287354]], [[0.5291536023183674, -1.687611378701676, 0.37615294089345164], [0.40176564923349384, -1.619958940659668, 0.6073976957315033]], [[0.2326975477806156, -1.620257593955024, 0.2096608189003807], [0.2509049758810945, -1.3867579371771135, 0.304999428808497]], [[0.46509292519285717, -1.6175139024302163, 0.3655425748028688]], [[0.11114519950082337, -1.4369870978537607, -0.05622234937240819]], [[0.49694639428239135, -1.5483098253295335, 0.12836225786016825]], [[0.1926575784950898, -1.5743179975397994, 0.10897078801004818], [0.3591998991340654, -1.4021516655362778, 0.12812068430589033]], [[0.19630058093145983, -1.5950800302799393, 0.10703010615807534], [0.4597056642737991, -1.5185188874599411, 0.18390566795833296]], [[0.05603682609011531, -1.3958308273525013, -0.2809200567877765], [0.29643715640778623, -1.3604136830571902, -0.3606226387787358]], [[0.06987774050295588, -1.4191815362123847, -0.3050337990492399], [0.4731555191987973, -1.4623151640628034, -0.14385456784432177]], [[-0.1193899999994037, -1.2274487416369315, -0.8462736673750751], [0.36298499427065917, -1.34832585000326, -0.7212402453108896]], [[-0.09830953409075621, -1.2554092918760784, -0.821618194956694], [0.31455094149955515, -1.435151078587402, -0.8176040708877265]], [[0.48664836697828245, -1.6725622398488615, 0.38763242499667583], [0.3633911159567765, -1.5496565729393006, 0.6233042171125649]], [], [[0.3809255750494915, -1.65393448632835, 0.29290687989691616], [0.3263353125572942, -1.5033584389183907, 0.4561985622700001]], [[0.12616870351078757, -1.4954554288162203, -0.08694497531485057], [0.37807141034079267, -1.4394662852585656, -0.08835848541020142]]]}