{"bodyId": "h0", "timestamp": 1630675666924031289, "continuousState": [[[0.39267853840559336, -1.389085383297707, 0.8182450764297275]], [[0.37587186620647595, -1.5170251632397926, 0.8026152199767981]], [[0.47037278944480254, -1.6544220339913076, 0.38191558972450956], [0.26860170220804025, -1.4721540388560002, 0.5736839565057894]], [[0.56521747448608, -1.702982441762511, 0.3515020274795045], [0.3938736366088042, -1.623070205104369, 0.5955809622576712]], [[0.2437860570859272, -1.6217316479312371, 0.22568855600883808], [0.2997907724627535, -1.386762426899763, 0.2897243193651914]], [[0.46922119453609523, -1.6129209481834532, 0.3299644899158325]], [[0.11882410333880244, -1.4360414474760257, -0.03533429978202139]], [[0.4812045068232574, -1.5288334589184445, 0.07865592337545059]], [[0.19879804909687926, -1.5711196717374376, 0.11456623894913787], [0.3831169253394346, -1.3852791591857052, 0.09418528054479498]], [[0.20405568493809112, -1.5969533537050342, 0.11031241267538894], [0.4622161516459141, -1.5006197217477024, 0.1317452539720541]], [[0.07046761559932173, -1.3930783998193146, -0.26685801534583764], [0.3453636934023739, -1.3454968494161132, -0.32369502734541195]], [[0.07662575877125095, -1.4214649530882348, -0.29203229364884303], [0.43677849522241036, -1.4506012479519566, -0.24738172946001963]], [[-0.11619957665212893, -1.2292310736551464, -0.8534935870884961]], [[-0.09590870513438407, -1.2540954262144837, -0.819389899616985], [0.3236694593514951, -1.4261869097864546, -0.7914113794489197]], [[0.4934568260601157, -1.6717891148154498, 0.3867797793342302], [0.35279655638711416, -1.551028989374379, 0.6021802990610394]], [], [[0.4045017657860036, -1.662357044846874, 0.2885952917441713], [0.34683220453577884, -1.504916316002066, 0.4426526408114313]], [[0.13726165026870643, -1.4950158767621744, -0.07827280133522435], [0.40378992252414403, -1.4230582855819078, -0.09597488668667892]]]}