{"bodyId": "h0", "timestamp": 31691, "continuousState": [[[0.39529670223343216, -1.3931674785387178, 0.8058468963654211]], [[0.3560538751786994, -1.5305539747576895, 0.7777747719050658]], [[0.47722465146417475, -1.6460201708698443, 0.37540725855960316], [0.2627260527874687, -1.4695622751764537, 0.5686301636432924]], [[0.5594120359396334, -1.7003559844772425, 0.3603920414586814], [0.415127097126712, -1.6132937681077055, 0.6145360694123337]], [[0.2464758375785163, -1.6160726716084362, 0.21766042125658008], [0.30294494312882514, -1.397945330265566, 0.3178914401230852]], [[0.45838469386645375, -1.6111458225176314, 0.34426126104081756]], [[0.11864691384741173, -1.443398721180586, -0.033543533678996706], [0.29999945831672065, -1.3214634098690845, 0.038287449195839825]], [[0.47616683387025, -1.5360839954890466, 0.08039297660172247]], [[0.20235946073970779, -1.5703178990822886, 0.11581696029163299], [0.3619070992950401, -1.3929780733678014, 0.08872593374061148]], [[0.20653711917798478, -1.5926480602946715, 0.1131815332296469], [0.4574676443597864, -1.5045605145965255, 0.16332735333163784]], [[0.07024142474527025, -1.3956450678725127, -0.2580679129386856], [0.3463171457219844, -1.3551194690737165, -0.31208338094553867]], [[0.0756717895073623, -1.4203474066352786, -0.2813046155892464], [0.46615149299303243, -1.4500008373759106, -0.16848339931667966]], [[-0.11352645054675384, -1.2354332403358743, -0.8479959469024241]], [[-0.09593452146711706, -1.2550681183729562, -0.820027401806412], [0.2916158165007671, -1.4247993887310668, -0.8467608220693339]], [[0.4859079176275159, -1.6688267658228952, 0.39751821588760206], [0.35079916762191965, -1.5475165326235096, 0.6021733375876961]], [], [[0.40294393675907486, -1.6582143280428392, 0.2890262313576307], [0.3590360201277686, -1.5056195491866358, 0.46621375476770943]], [[0.1383892719616275, -1.494146564083592, -0.07244318985451934], [0.40189239504088536, -1.429839991835121, -0.07437801380695042]]]}