{"bodyId": "h0", "timestamp": 32562, "continuousState": [[[0.6013901008816753, -1.5103575544384547, 0.5511557877388512]], [[0.3717199154570144, -1.522738475302738, 0.7854636562541731]], [[0.46918187461428174, -1.6586695336998154, 0.38643147136963696], [0.25942329281173376, -1.4612329219513325, 0.5745555035009643]], [[0.5157495747381463, -1.6746382881251303, 0.3991586336622877], [0.4179451573380411, -1.61205300487655, 0.6144442937305269]], [[0.24388197949657495, -1.62210673841836, 0.22286299481033894], [0.3021080263659253, -1.3907705037914035, 0.31877073695969443]], [[0.4856492906765882, -1.6053224608059464, 0.34319624376127306]], [[0.1212520039725548, -1.4458000136574078, -0.03885695725406981]], [[0.47644805667909645, -1.5136181810484757, 0.020527577989994824]], [[0.19668349721883494, -1.5740968260061752, 0.11540012609481846], [0.4018808150759985, -1.3731003675805153, 0.1135430515679268]], [[0.20031305464980972, -1.5783607041984806, 0.11740925565404496], [0.46318089875477314, -1.4962837448158715, 0.12481036710087051]], [[0.06923137502514924, -1.3915042599533485, -0.26656483891896504]], [[0.07375714275656986, -1.4095107908244726, -0.2939612612453166], [0.423638567021002, -1.4442589779640116, -0.27681195400886965]], [[-0.11131889204825038, -1.2389435511282882, -0.8410443821567615]], [[-0.09500942549649266, -1.2579019690817068, -0.8133839417532813], [0.31284862976049477, -1.4196807146819812, -0.7991661720723894]], [[0.48857384946247323, -1.662701409191698, 0.3963770859306553], [0.350085214017759, -1.5438683140561484, 0.6054678915517964]], [], [[0.37981577711736064, -1.6483725132717453, 0.3110108142363133], [0.3600265918519832, -1.5014117543339767, 0.4666075153451107]], [[0.13477221483747948, -1.4849324820759144, -0.07457779163246003]]]}