{"bodyId": "h0", "timestamp": 33433, "continuousState": [[[0.6834242035446451, -1.4857806021740545, 0.4743224708108826], [0.3876856200982604, -1.391538392007714, 0.8028316490244704]], [[0.3884209388141824, -1.5243423548117505, 0.7981334076462386]], [[0.47076682168495465, -1.6627035646608814, 0.38476531324432356], [0.26527666284369594, -1.4617092513225034, 0.5734970168908508]], [[0.5295875293029787, -1.6804253457855542, 0.3836441104219691], [0.4176375484320729, -1.6147945741812235, 0.6142880468980013]], [[0.24345935380392092, -1.6193752421112144, 0.2217261967529521], [0.31021625625332966, -1.387940159413495, 0.3253276719189014]], [[0.46986480728574065, -1.61498508947485, 0.35170490089628675]], [[0.12319409318928519, -1.4455938716969627, -0.041564125105987844], [0.2763677234319746, -1.3167002033700894, -0.0025902408955673765]], [[0.4796396261024188, -1.540424710798009, 0.07341020990277071]], [[0.19613658120596641, -1.5692808720669154, 0.11156432554103685], [0.36407577723288137, -1.391611795061556, 0.08949475188373912]], [[0.20155560268948072, -1.5861158525371075, 0.10788167220573268], [0.4579935046089713, -1.5135549989640573, 0.14113968001254035]], [[0.06308283231770002, -1.3862147927427855, -0.30766632868675103], [0.3318666910344289, -1.3577499499079841, -0.326858885171059]], [[0.07394482828188495, -1.4205402419973427, -0.3101555289406601], [0.49975658757889485, -1.4626459757010923, -0.12232115882673407]], [[-0.11653679177028937, -1.2314523048247965, -0.8498283583185067]], [[-0.09736551450357385, -1.256004561822341, -0.8254150595059833], [0.3187073097498294, -1.4364005364577839, -0.8035016471911438]], [[0.4919583500944287, -1.6702477387276355, 0.3935027232774951], [0.35320650888652105, -1.544830728132037, 0.6045425075300298]], [], [[0.3865234415534498, -1.6499002939483844, 0.3026851535874606], [0.3639269023427013, -1.5013673667973593, 0.4698078594084514]], [[0.13231921750359038, -1.4861653226399465, -0.09989232824050917], [0.3949300978217001, -1.4356524744360208, -0.09285960257925932]]]}