{"bodyId": "h0", "timestamp": 1630675666924033500, "continuousState": [[[0.6443537576811389, -1.499332102585005, 0.5077737579516165], [0.38638307922077114, -1.3921783424144556, 0.7994532061805258]], [[0.3867953493532987, -1.5221885194639215, 0.7940912575248047]], [[0.47071118614235474, -1.6639175327759408, 0.3865970573404793], [0.2551913602368247, -1.460750473795305, 0.570246095649534]], [[0.5263912021843209, -1.6804593680550006, 0.3870571285779124], [0.4121502220294583, -1.6161092929407286, 0.6112316919686919]], [[0.2471160737277707, -1.622712729042562, 0.22302351625575578], [0.2881107019674982, -1.3872916649120177, 0.30956740412060274]], [[0.4725999345731432, -1.6119099311094924, 0.3537308124335518]], [[0.12354080626573528, -1.4469489895266148, -0.03298795192143234], [0.2798414435107045, -1.3153818975686131, 0.006340424135233661]], [[0.47760766553024747, -1.5386983477891305, 0.07801325598302719]], [[0.2012766556581737, -1.5743518236016167, 0.11525019694552883], [0.3515452985873867, -1.3813561347108345, 0.07976887715068529]], [[0.20572148152131553, -1.5857730126075702, 0.11314930814795958], [0.46083530167619824, -1.5081089144056243, 0.1648478603739311]], [[0.06936950031594954, -1.3949418526826252, -0.25812165984624563]], [[0.07631435486832237, -1.4192454078906833, -0.29343250210424254], [0.4774425890778632, -1.4536374082869516, -0.1509055824654429]], [[-0.11234639998776867, -1.2308599024166833, -0.8523095496589449]], [[-0.09511462825068631, -1.2529035750002198, -0.8300522680702447], [0.3209071865443025, -1.430459180691647, -0.7821514418897679]], [[0.491849533540368, -1.6696983823873974, 0.39379146525525177], [0.35034978624879726, -1.5449452979478928, 0.6049107426752923]], [], [[0.3867536379560458, -1.6515860485487814, 0.3050403224168341], [0.35013046199847825, -1.5017004789263733, 0.46039954804464733]], [[0.13754549091863255, -1.4903574326450977, -0.07248617584914302]]]}