{"bodyId": "h0", "timestamp": 3685, "continuousState": [[[0.5829555842959646, -1.53495626064278, 0.5419244449877095], [0.32195955744133764, -1.3999569809927284, 0.7904638419765747]], [[0.31755219325526446, -1.537290075190517, 0.7832604935122138]], [[0.4509033617166327, -1.6780423713202768, 0.38459652437314323], [0.23001754537399688, -1.514010976790063, 0.5459379227107009]], [[0.5219927503678862, -1.6914071765202312, 0.34977861472574134], [0.3171596759050351, -1.6293705888699568, 0.5435974794884698]], [[0.1896007263705435, -1.646644763625065, 0.1678675198124804], [0.3090088911548835, -1.4044197225430182, 0.26610339306378206]], [[0.46468285207757615, -1.6075454444021684, 0.30569213946032575]], [[0.044100569507449165, -1.4957591201271225, -0.07052105650856061]], [[0.4297650740853371, -1.46756579277737, -0.023428659972805237]], [[0.14632681071764359, -1.5563699728734044, 0.07123830304180091], [0.1361195022680647, -1.3218318477496545, -0.32229506826533133]], [[0.14712138801971128, -1.5049300324058354, 0.024074511304886984], [0.42306140999115405, -1.4590027231511729, -0.0491990658730324]], [], [], [[-0.20412686904625787, -1.1348371125606722, -0.8003100397840462]], [], [[0.47383957429686724, -1.6732536162520548, 0.3824291431619229], [0.31549281324892925, -1.566680727014504, 0.5797045859716669]], [], [[0.3557967383692148, -1.669025970072648, 0.25882306726911086], [0.3130842835299593, -1.5168951557064876, 0.40485043627612594]], []]}