{"bodyId": "h0", "timestamp": 1630675666924034237, "continuousState": [[[0.3763355597599198, -1.3927436192606326, 0.7991302686634485]], [[0.3768222419220608, -1.5240736526894465, 0.7934068860318495]], [[0.4668144031947814, -1.6665870329430124, 0.3892388947504885], [0.27598110402434917, -1.477850240549174, 0.5712533118953325]], [[0.5589314156439912, -1.6959255840934924, 0.35898868128142225], [0.3937075899341723, -1.6200548546387372, 0.5964016081157532]], [[0.24262695541882368, -1.6295426659624763, 0.22926240050934962], [0.31516740765630263, -1.4042010015488404, 0.3074766426784006]], [[0.47393876209777613, -1.6105577596608336, 0.3686978983556678]], [[0.12571393763533847, -1.4529888680262217, -0.03559809115206462], [0.3765166189407926, -1.3348228679147502, 0.0914912568756638]], [[0.4702044175329238, -1.5457430152575131, 0.09268491354546336]], [[0.2007376174873761, -1.574943594864309, 0.10663721060319381], [0.36964426179786913, -1.4000626339119235, 0.08227217211094422]], [[0.2045489853894142, -1.580175917238953, 0.10813153581138886], [0.4653636847734565, -1.5150652508285531, 0.14120532265140537]], [[0.06510103500893728, -1.3919016292425732, -0.302217297769025], [0.31632477495919353, -1.363654051990127, -0.35073968026819125]], [[0.07364906292714864, -1.415225160462049, -0.29239945253016686], [0.4727114778687967, -1.4634602866277575, -0.15828926281616804]], [[-0.11461488531836926, -1.23551614249208, -0.8394347879314764]], [[-0.09686810051215844, -1.2549951394388645, -0.8152383484633008], [0.31834125810882985, -1.4374340443762832, -0.806522258038662]], [[0.49178832106524556, -1.6711701416755864, 0.39017316552497483], [0.3557290335970872, -1.5531297259680859, 0.6012686299720913]], [], [[0.40077918553140746, -1.6627341250279843, 0.29412554089538595], [0.35443749879523745, -1.512127928093789, 0.45193912539707687]], [[0.13482501019917575, -1.4860387732407632, -0.09704288097881808], [0.39084422986632505, -1.43935965140934, -0.10476717880839294]]]}