{"bodyId": "h0", "timestamp": 1630675666924034438, "continuousState": [[[0.37499386861568157, -1.3957287629827968, 0.8002551642659371]], [[0.38024010033768035, -1.5286421797297665, 0.7946574443423979]], [[0.2761358990455606, -1.4768530669550297, 0.5728966502841272]], [[0.4136329664744435, -1.6194749112758198, 0.6086468116280159]], [[0.31984389815375924, -1.397581274712589, 0.3110023117132266]], [[0.48322309139558595, -1.6110509160626398, 0.3665060613374794]], [], [[0.47076321176894476, -1.5391590985812196, 0.07030772721340349]], [[0.3579928109069881, -1.3872723618174347, 0.07356754657138867]], [[0.47536932870202575, -1.5075950160818736, 0.15282246997042126]], [], [[0.4645620067761238, -1.4582058576101062, -0.17629915180632474]], [], [[0.30988225153885923, -1.4358224340905712, -0.815017126334086]], [[0.35588556837193003, -1.5535781083066107, 0.600977004533066]], [], [[0.36673843231410136, -1.5085280929942044, 0.45982456167062125]], []]}