{"bodyId": "h0", "timestamp": 1630675666924034505, "continuousState": [[[0.3612423939005603, -1.3919962646584338, 0.7875032427304958]], [[0.3903771634489792, -1.5213730343208176, 0.8011399437375141]], [[0.463385554083327, -1.661706328466791, 0.39038146298886317], [0.2741099937263673, -1.4789213259593847, 0.571802854778023]], [[0.5579917056204381, -1.698672140882981, 0.35932860271521166], [0.4027627789707285, -1.617295244313448, 0.6050096033826473]], [[0.24537680023953992, -1.6230593341304533, 0.2204761590156993], [0.3138369161765784, -1.4035497136516746, 0.3290196819232697]], [[0.47959301830004913, -1.6101169786665357, 0.3762886979620091]], [[0.1229773848945739, -1.4450224461546908, -0.04792587687127139], [0.32384200321775686, -1.3343445433378789, 0.050992376621021324]], [[0.4696809383964071, -1.5449595504240847, 0.09351601258478422]], [[0.19730817012498034, -1.578083271547341, 0.12113225118722448], [0.36945400672445133, -1.4011075707932412, 0.09708188132246391]], [[0.20124201569925104, -1.5929317759265713, 0.12050375530141355], [0.4537387322932445, -1.5156698519869396, 0.1626040398006444]], [[0.0637757040938684, -1.401619709581738, -0.2378987808942154], [0.3245973362255563, -1.3606070400954664, -0.32136664157931066]], [[0.07434579849241255, -1.4219691461921666, -0.2883906841619737], [0.47215977776286716, -1.4580181007456576, -0.14170861835256415]], [[-0.11377559975062798, -1.2337299203829533, -0.8404474149148689]], [[-0.09512628259574377, -1.2562695067180707, -0.8190088635439342], [0.3107986695066147, -1.428417328169488, -0.7982880954591903]], [[0.3563539639360413, -1.5526023646546223, 0.6038543373529489]], [], [[0.401684252929989, -1.6608657375067173, 0.2899023808654555], [0.3582998475736534, -1.5104224789825613, 0.4670146426529585]], [[0.13250885989655972, -1.4972757427541548, -0.058697512796400925], [0.3891680342594004, -1.438138446041203, -0.07938130088933314]]]}