{"bodyId": "h0", "timestamp": 35644, "continuousState": [[[0.6271001802513199, -1.5178960789581128, 0.5387397120964655], [0.3486043556342133, -1.396177213836672, 0.7963514962626665]], [[0.6293035975626103, -1.6733232890382714, 0.5131548152123574], [0.3618269854911532, -1.5319701818502995, 0.7946890638991143]], [[0.4653565535298118, -1.6451519651796396, 0.3955139791720137], [0.2322433199687375, -1.4553333269265707, 0.5713049246674595]], [[0.5617146754598284, -1.6967436064745738, 0.3574325160447195], [0.38174503198582327, -1.6168712746602352, 0.6075053060016223]], [[0.2376931926973372, -1.6085265698487237, 0.2332607316582298], [0.3031409101766033, -1.3930681279087953, 0.3202629491185919]], [[0.49778383907382134, -1.6144359769563439, 0.39962909561060495]], [[0.11366310576053473, -1.419952465793563, -0.029339121912622886]], [[0.4673909304041097, -1.5480705332876266, 0.08926861005277169]], [[0.19957093949144986, -1.5713829022724983, 0.1293693772230631], [0.36745047311338974, -1.3798320392603398, 0.09080867648380309]], [[0.21012879303776008, -1.5953213619947537, 0.10694365760684604], [0.4754153953474956, -1.5060395315268178, 0.1793436441997594]], [[0.0565766881698504, -1.3897489848625086, -0.3031244253759576], [0.550377007969983, -1.3396503884658852, -0.09043949243183215]], [[0.059362220218572646, -1.415375695898018, -0.307353848250272], [0.4202524744988079, -1.4562123696235152, -0.279787880218455]], [[-0.11485712889643242, -1.2317912531122652, -0.8543565180186201]], [[-0.09891352997829526, -1.2476898142174204, -0.8262694515544299], [0.33532541330173604, -1.424848327920582, -0.8291192588948004]], [[0.4900005745014124, -1.6632617688178266, 0.3968428654862344], [0.3551142651448286, -1.5422764953451953, 0.62394487415774]], [], [[0.39970393407858285, -1.6526350881616487, 0.29534662385147464], [0.34244297108121324, -1.5049697012845153, 0.4638841275601071]], [[0.13335274060380525, -1.4925351734286312, -0.09809038388455577], [0.5128962016587393, -1.4228449599963515, 0.044452075883963625]]]}