{"bodyId": "h0", "timestamp": 1630675666924035912, "continuousState": [[[0.3282105627765975, -1.3846809569232112, 0.8084821932448665]], [[0.6289130800548676, -1.6590084645003074, 0.4970028987806803], [0.34182134893663285, -1.5278783833553473, 0.8097549017938308]], [[0.4789194060488329, -1.5983597917847228, 0.40557176468189504], [0.23554973306421767, -1.4413091284474489, 0.6043509322436061]], [[0.5745569979686804, -1.7114011837243746, 0.3409467881337812], [0.37464344274171096, -1.6170698438210276, 0.6166003727849109]], [[0.21896927310027303, -1.5778413838639593, 0.2473632225723486], [0.2759290016848565, -1.3781378972226894, 0.3123046881177138]], [[0.41724666795909593, -1.6270460205532205, 0.30696725092834504]], [[0.015537729996251755, -1.2761088254326791, 0.001264220623039364]], [[0.4430140529551586, -1.5307048556925165, 0.03054440397423741]], [[0.19754339269822385, -1.5766428937564956, 0.2053787520010801], [0.36056602802997784, -1.3639847374144793, 0.0930045654139094]], [[0.2415078451772427, -1.6170482625484786, 0.08211972068472437], [0.4555758402958245, -1.498132334926686, 0.16048816091997742]], [[0.053029447621407766, -1.368688731797888, -0.2877329804433184], [0.5624802336125249, -1.3105219471469396, -0.08044369934974883]], [[0.06105010348465089, -1.4234097744063008, -0.3062389866099161], [0.37071428781724625, -1.4499081600428652, -0.35926590357418925]], [[-0.11301320577355772, -1.2244222612520619, -0.8749834677866373]], [[-0.10124189746538331, -1.2374395191839653, -0.8461427245271286], [0.3404965717888297, -1.4249704276964688, -0.7881862527023152]], [[0.4915034518844038, -1.6573702852815293, 0.4305322371539596], [0.32175712176837895, -1.5330480343434585, 0.622743574640022]], [], [[0.39676313553447673, -1.644621283794167, 0.29415500535306494], [0.32528622221328374, -1.4976038705218584, 0.4644525304513123]], [[0.14726864639932524, -1.4928684971731832, -0.10280662987929702], [0.5090280369541746, -1.4043271410368128, 0.04002223078511429]]]}