{"bodyId": "h0", "timestamp": 1630675666924036046, "continuousState": [[[0.33558178936060973, -1.3886745821977842, 0.8162550591904358]], [[0.6083277170204379, -1.6557409438573882, 0.49644207717003347], [0.320782004774954, -1.5271312724755004, 0.8090600308822493]], [[0.4129275309933734, -1.6228489813369187, 0.42570865644469835], [0.20724754535755255, -1.4333598335482218, 0.6144484835548474]], [[0.5038347257014728, -1.7092365084202479, 0.36352623457066624], [0.36621839473257684, -1.6176298379439604, 0.6289667971501623]], [[0.20734267279773252, -1.560125467975698, 0.2599067209494342], [0.25367194438047475, -1.3805082981250116, 0.35030780115754057]], [[0.44657071036783735, -1.6132424357344968, 0.38530322210279133]], [[-0.00893748156013794, -1.2571638047014453, -0.015972915060865036]], [[0.4137366571980722, -1.530353934045476, 0.07648419872888872]], [[0.17279899809327515, -1.5589491776703117, 0.17599599403089064], [0.3289084488783865, -1.368173432575628, 0.1082580598771192]], [[0.2197397603475373, -1.603081338218267, 0.03622601153630285], [0.4431062870681733, -1.4915642201397508, 0.17456710933584874]], [[0.022005875382501018, -1.3665598675359538, -0.33202714954211704], [0.5076324006795763, -1.3253873163415542, -0.09661052309020329]], [[0.035008289508603754, -1.3966155921403467, -0.37676251275791695], [0.39480539817215776, -1.449414826259644, -0.2653863137398503]], [[-0.12438368939150121, -1.2144723501224357, -0.8804672471091601]], [[-0.11030881784333962, -1.2374179653376622, -0.8421251411085987], [0.3250527334646304, -1.4419705229588116, -0.8439777562674633]], [[0.45402822657401454, -1.6603343988954802, 0.39905692139792903], [0.28074227860437057, -1.5315348374719306, 0.6167057786757894]], [], [[0.3555886992496027, -1.634680988197973, 0.3117164777600502], [0.3099451695565258, -1.499069068034486, 0.48963729915385146]], [[0.12087281786501916, -1.4848206028771105, -0.1479005690029071], [0.47536934387387475, -1.4084757682406526, 0.03897829312282272]]]}