{"bodyId": "h0", "timestamp": 1630675666924036247, "continuousState": [[[0.3122125583187026, -1.3834206644875446, 0.822747935285768]], [[0.549996938792862, -1.6545786451199038, 0.5255404671137562], [0.2699734818835011, -1.5245011063316294, 0.7961446255218407]], [[0.3536162275472446, -1.5951861905246894, 0.4051796865207125], [0.19568321164125518, -1.427422472618655, 0.6173857999370153]], [[0.5034746331648781, -1.7179756694503514, 0.3550836314532894], [0.32133208303135413, -1.626364850209817, 0.6159956068420509]], [[0.1792621515063018, -1.542712746241446, 0.2733117588594637], [0.1919746658240863, -1.3610369013296924, 0.30389665542237687]], [[0.34277149722340616, -1.632742447570183, 0.3080434863203127]], [[0.06610945486401323, -1.3880091050491765, 0.06926373480279108], [-0.004035627511240819, -1.2063617186877824, -0.002200592609786327]], [[0.3715275297051928, -1.5127200783287835, 0.04075228052574994]], [[0.12614025551094374, -1.53695117774864, 0.15519122558412027], [0.2990638462394304, -1.3412441114316218, 0.0864015436184959]], [[0.16879102660088416, -1.5667780618012324, -0.02939922094413555], [0.4434993698703777, -1.4782073532651778, 0.17675049147440858]], [[0.011881733181363131, -1.3434586524807932, -0.2768753289427243], [0.5235294579412373, -1.3177508279091423, -0.081046318451665]], [[0.013612569577319959, -1.4077580296980536, -0.2734557826911769], [0.3184893568638363, -1.4330439041035499, -0.39868610125774123]], [[-0.12141966461851018, -1.2048167111497992, -0.840883334373842]], [[-0.10745351476748866, -1.2477928343396907, -0.794297561417362], [0.3072061250363929, -1.4315824709824907, -0.8369884090313828]], [[0.4227801586479433, -1.6605925853210062, 0.41120516828306086], [0.285686241006317, -1.5285982371217819, 0.6355629470762904]], [], [[0.3413683923355899, -1.6303442078458987, 0.3141976951563765], [0.2566533744277202, -1.4937008757697545, 0.4599461311322139]], [[0.09033637989112364, -1.455118357141013, -0.15313727494342994], [0.4835144139058075, -1.39797909058716, 0.04785208651137179]]]}