{"bodyId": "h0", "timestamp": 36381, "continuousState": [[[0.5070847203651744, -1.5174813532157332, 0.5620850616399432], [0.25887486650983826, -1.3771202615022433, 0.8105413818477196]], [[0.48665584160910014, -1.6628620390882851, 0.5628636773570727], [0.2579659714903901, -1.5135272707356324, 0.7973825556103331]], [[0.30682540254360907, -1.5987394276004485, 0.43264647655680155], [0.18707064411460853, -1.425719634650661, 0.6123902389202076]], [[0.460872178533707, -1.7126457435107592, 0.37481103175862857], [0.28208599980169313, -1.6224848041541933, 0.6015922648808155]], [[0.15465865147837213, -1.5348225737848733, 0.26678553743109273], [0.15908241614825716, -1.3486331007610852, 0.291244673643901]], [[0.35444924165646013, -1.6264695542010237, 0.3484610919124234]], [[0.04579254937555021, -1.3867061029592858, 0.07948472038669957], [-0.03132651660810166, -1.1975485909745989, -0.0014385300501342044]], [[0.3488203222403354, -1.5267954699032362, 0.037577057494263724]], [[0.0961550318883921, -1.5294813289007143, 0.15584973440070735], [0.3414500878967833, -1.3405233032093669, 0.1748519639570702]], [[0.15213660294549805, -1.5600151864373557, -0.01620808778398259], [0.4262067348988794, -1.4735127915951043, 0.20322318651557747]], [[-0.001033438495899304, -1.3393701738003534, -0.27511931165144937], [0.4630895317730406, -1.3212181758111272, -0.14682653775063387]], [[-0.010656668992654205, -1.383189080558548, -0.2942020233402106], [0.3514340145352194, -1.39911971065959, -0.3045397112421815]], [[-0.11986013875530525, -1.2342866917205528, -0.776976597257667], [0.3476110102872817, -1.3757322515251833, -0.7299654651496159]], [[-0.10932797876226903, -1.251779080007463, -0.7530367249608089], [0.3151888359625748, -1.4230100615708556, -0.8110552605829919]], [[0.3877691006968154, -1.6472641561924497, 0.41931158935972324], [0.2186334801321634, -1.5263584556761753, 0.5974967876797604]], [], [[0.30776541500603954, -1.6237341586478162, 0.32079828459486065], [0.22058420797497513, -1.4855589524576391, 0.4464184692623583]], [[0.07555158222479938, -1.4496926801188545, -0.14566369971771598], [0.44464813333596, -1.3973654837031158, 0.0281983243824718]]]}