{"bodyId": "h0", "timestamp": 39262, "continuousState": [[[0.5477694483713894, -1.2781280022836727, 0.6001484911249392]], [[0.34015062112428085, -1.2717719819352957, 0.8125707959456]], [[0.35719189810509655, -1.4639659560754845, 0.45030100577353144], [0.29974389983645144, -1.3126726934576818, 0.6658755361772213]], [[0.4471823942951656, -1.4189580600854947, 0.4677288125848891], [0.3089517383469413, -1.3298954593896746, 0.5848956395392881]], [[0.13742236412930986, -1.4147719399527583, 0.2544380643357299]], [[0.4748196349913867, -1.2569178476083624, 0.31234869886842237]], [[0.21930451927069988, -1.1140718621801418, 0.13769850385554264]], [[0.28211120139042806, -1.0430817888263673, 0.2125607796649174]], [[0.4234617166660548, -1.178523128808666, 0.20375706804666516]], [[0.13379318892426795, -1.2899020932807093, 0.1751313474733886], [0.3980250576138335, -1.2091575707074032, 0.1153904965727595]], [[-0.04113431791243087, -1.1047031811076182, -0.18242215954370705]], [[-0.03669508690262205, -1.1113126995183498, -0.18408741962234307]], [[-0.16746721843665216, -1.0219964053415143, -0.6567235480819873]], [[-0.16143482622695046, -1.0237100658148655, -0.6292458920595361]], [[0.42321251102726926, -1.4425861320481979, 0.48364962697340685], [0.3237079293304589, -1.3223518024439955, 0.6478764340052241]], [], [[0.29230237921223773, -1.4168650000191265, 0.3610834384603095]], [[0.04632943550591854, -1.1973026371941637, -0.0036454060351592266]]]}