{"bodyId": "h0", "timestamp": 40401, "continuousState": [[[0.30950384210362086, -1.1454790033854734, 0.7838411678954894]], [[0.3467415797898823, -1.2922440973320495, 0.8147464719738022]], [[0.3489651620116854, -1.4768178453048566, 0.4492051947031164], [0.28071319837062947, -1.2884905224116139, 0.6492560900345734]], [[0.4335956317808745, -1.4218567457364613, 0.48707225116448966], [0.34243481951371835, -1.347714269192218, 0.5956974566830708]], [[0.12637926848269546, -1.4284640031253675, 0.25249748720613113]], [[0.4647856003679981, -1.2685884617763072, 0.28186369175096115]], [[0.20026228713518787, -1.1268653053336188, 0.14227436993690684]], [[0.26738400382831445, -1.0469762615662985, 0.20281190692759604]], [[0.3898189913354877, -1.1485140311834154, 0.11024611093795579]], [[0.13142794661753499, -1.2822478789464586, 0.17470238605707594], [0.3466688214832966, -1.1975154725646813, -0.0017168956544376215]], [[-0.043906235178357636, -1.0964207413978184, -0.19720901901576304]], [[-0.03894670822298844, -1.0976730852940357, -0.19118333000970142]], [[-0.17148467066479986, -1.0206921790552517, -0.6727352806749377]], [], [[0.4165103501110299, -1.4461236636610215, 0.4841147589180578], [0.29077642444973073, -1.3206892197552793, 0.6101286439984265]], [], [[0.279987450131785, -1.4251603744309143, 0.3697848691853104]], [[0.043760855719588675, -1.1893343101721385, -0.01125331647934355]]]}