{"bodyId": "h0", "timestamp": 4355, "continuousState": [[[0.34042058093929634, -1.4841080437374592, 0.7497753426010358]], [[0.6353492492766881, -1.745920416312917, 0.46357935563497177], [0.37157063549130614, -1.595527331862433, 0.7627932216040271]], [[0.43809756636211883, -1.687755697683517, 0.378902179184646], [0.2541115525066955, -1.5275327334421462, 0.5450567739732737]], [[0.554686985876737, -1.7510894445665732, 0.3027413055511204], [0.377702040777137, -1.6750211524658347, 0.5665233554693471]], [[0.19914717189781403, -1.654854973183615, 0.206422148188062], [0.2772402509099707, -1.420507113136401, 0.25119530632522674]], [[0.4225915760671594, -1.6631277485975402, 0.26163548490436755]], [[0.05782936494869273, -1.508604622904299, -0.04836195696958544], [0.15539616336980133, -1.334689494417468, -0.12640800603787555]], [[0.42885505542603936, -1.5486939855096393, -0.0008316728631666592]], [[0.14996876841933562, -1.5786598382513626, 0.08548501926932704], [0.25393093718767795, -1.390412203766231, -0.10020467471127859]], [[0.16499018874738755, -1.6469959389626976, 0.1085258843758586], [0.44748434330710213, -1.5177551460194219, 0.050385020079487274]], [[-0.02399668763788452, -1.3703353248010721, -0.3055675453139038]], [[-0.027508324286843987, -1.4395101211486945, -0.23435251887691722]], [[-0.16114813341125192, -1.3588652910764365, -0.8700096890861091]], [[-0.1465637448011955, -1.367291289351164, -0.8432069631361578]], [[0.468616137596428, -1.7141562750538402, 0.3822804716127546], [0.3532192281399091, -1.6022546232016506, 0.5831152734600358]], [], [[0.37691707888727555, -1.702972208875094, 0.2545817268695912], [0.32747114584355386, -1.547764132801118, 0.4088593308972869]], [[0.07049675055475152, -1.5086656318818847, -0.0985208304690226]]]}