{"bodyId": "h0", "timestamp": 42344, "continuousState": [[[0.4647896766954322, -1.5542701212209291, 0.5946451349630258], [0.23457182831567253, -1.4006954501054927, 0.7434799324396584]], [[0.22845283565566116, -1.496325154504521, 0.7632911394053656]], [[0.3448153158836316, -1.7534405354387375, 0.3397353916339093], [0.2156928402868857, -1.4991923591289757, 0.6527162923104145]], [[0.4201162746750848, -1.6073673578001246, 0.4292083046101816], [0.21346073103841035, -1.598103230564969, 0.5667230823596082]], [[0.13543686955096496, -1.7416564558822034, 0.11272777314538507]], [[0.31563088062395916, -1.4872465085393476, 0.18426541273229577], [0.4077033740178604, -1.4895432306877516, 0.3699092365484214]], [[0.13768336535901698, -1.4516413375266326, 0.03292195998597504]], [[0.4148665615671097, -1.2227532238437757, -0.18594363584702434], [0.3324523998284551, -1.3904055957919192, 0.24041016550952873]], [[0.048465442072598765, -1.5008574836336406, -0.30234161613691596], [0.3510239297454707, -1.3922645796783395, 0.15704527205304794]], [[0.12945230958145204, -1.3070659385794183, -0.34541759145665835], [0.3606660253723935, -1.495834267065139, 0.1500587935925523]], [], [[0.1293520817578151, -1.4355134256299174, -0.4727378949076417]], [], [[0.12821565486755981, -1.4637887183038263, -0.7856090149715148]], [[0.40075583727611164, -1.668834732440473, 0.3562300102340837], [0.2044036490903668, -1.556653136917415, 0.6195524284120645]], [], [[0.27777657211302487, -1.674511906841164, 0.2709680388777833]], []]}