{"bodyId": "h0", "timestamp": 42612, "continuousState": [[[0.4812552223975443, -1.5449324256325854, 0.5203456812281164]], [[0.22683224138921446, -1.4950643125101364, 0.7853300649560192]], [[0.34749687824273967, -1.7653368807860006, 0.33367054724330614], [0.20346633678534976, -1.5669382999393133, 0.630179442966363]], [[0.4170403515396069, -1.6306921212561192, 0.4204242729027686], [0.21580186867489057, -1.5987748551987018, 0.5750683110373866]], [[0.1287183049006631, -1.7588328140156373, 0.10313326673068628]], [[0.4063922411397791, -1.4841724821451459, 0.3414846469708116]], [[0.11879876723120095, -1.4799814497197181, 0.05668807504317647]], [[0.21980510624997368, -1.353564221773627, 0.03487491329837667], [0.14927380541647586, -1.309017284192693, 0.1952763081446301]], [[0.06708119186529973, -1.5390192866360959, -0.22489892792911315], [0.3074525774144331, -1.4358660191185586, 0.09103721719737473]], [[0.36044753685097064, -1.47406259740583, 0.10547179134354383]], [], [[0.09265193338982408, -1.4311549251394537, -0.5379292905099976]], [], [[0.13953972093237918, -1.4588857086478313, -0.7729212306161023]], [[0.3875677879511112, -1.695119164038969, 0.37800141444057955], [0.20018092779357813, -1.5873939753602078, 0.6023784447662306]], [], [[0.272879328220135, -1.6947624676358783, 0.26177876981672743]], []]}