{"bodyId": "h0", "timestamp": 43081, "continuousState": [[[0.4080185648876355, -1.610174825191648, 0.5603887811727742]], [[0.1987856217171702, -1.4986138478531632, 0.7960673219833017]], [[0.36821034514217793, -1.757400820343828, 0.3467582081621047], [0.19261592911196795, -1.608922898373403, 0.6356843464598778]], [[0.4073381576966556, -1.6232448711432992, 0.4605185815395688], [0.2183025738281981, -1.587906937893236, 0.5871731404817893]], [[0.10517330224275952, -1.8551571525197172, 0.1480353457756371]], [[0.3599661030656611, -1.5358826486829649, 0.25005925832470666], [0.40734567890360907, -1.4681524274982456, 0.345125084244479]], [[0.06459160795029424, -1.6274845572811436, 0.05639596857134825]], [[0.3402144812650428, -1.349135344134271, 0.0069346729854869405], [0.19858655482203927, -1.3116384881506864, 0.19370053806124246]], [[0.1657532837441495, -1.6573453146732586, 0.07857441155056495], [0.38610753116708746, -1.4647242297166947, 0.17941349882040936]], [[0.20166849689909566, -1.5215764680369057, 0.12152661654049553], [0.3461815673271042, -1.4587185969577252, 0.12362830915704262]], [], [[0.1415062046973535, -1.4093990141668862, -0.4650560657908202]], [], [[0.14845292712006403, -1.454694324156296, -0.7605589411070403]], [[0.41160665067460195, -1.6822783538500525, 0.3723818466083831], [0.19935104364914627, -1.5949897085741698, 0.6101252994877725]], [], [[0.2562557299697076, -1.7392010118315082, 0.30427696365760293]], []]}