{"bodyId": "h0", "timestamp": 43282, "continuousState": [[[0.4127953145173845, -1.5958916987820533, 0.5696502531937397]], [[0.2134121773380109, -1.5047851633317921, 0.8088443134093751]], [[0.349157857063958, -1.755788014712659, 0.3552672322032038], [0.1904516227300246, -1.5325979473015918, 0.6390588556292612]], [[0.4144856231998288, -1.6565872320585273, 0.4551916926722133], [0.21887501586274993, -1.6094696031584361, 0.5837374716524824]], [[0.08552045578435877, -1.928558253761913, 0.23494748801221568]], [[0.4033997468741884, -1.4740045403080795, 0.3342473872258349]], [[0.09683095386633739, -1.69776330137781, 0.06173384772217787]], [[0.20296906263259643, -1.3137201385798454, 0.19092748219361716]], [[0.18619564808230127, -1.6540735412576073, 0.03438133636832322], [0.3277337214437862, -1.3912997129896023, 0.15928961169499076]], [[0.22249652349984178, -1.5761814704921275, 0.1303025483875033], [0.3902933101424996, -1.470131916232356, 0.16801537650570778]], [[0.026742847275866323, -1.5038138824433513, -0.1121160063366599]], [[0.0922274744624151, -1.418968527337604, -0.5332882086824057]], [], [[0.1464021043487851, -1.4488967513448885, -0.7469034864666776]], [[0.40185271550305324, -1.695061023363432, 0.38497283709018143], [0.1783194856605737, -1.5763931702093947, 0.5998802398866576]], [], [[0.2500030394920938, -1.7925727429102203, 0.3450695903422145]], [[0.12461968538785405, -1.5399976764677394, 0.0090932710254217]]]}