{"bodyId": "h0", "timestamp": 43483, "continuousState": [[[0.42423224168676055, -1.5772838363469226, 0.5683625557909823]], [[0.19693199050813315, -1.5047336704985859, 0.7988613733600777]], [[0.3307428734302725, -1.7635057332149076, 0.3779793424691061], [0.1762660400270072, -1.5091419775399526, 0.630836095015658]], [[0.4100929742961086, -1.6516313844501038, 0.4465822349478767], [0.20532037605711004, -1.616829252135293, 0.5734243853152734]], [[0.07815283531466372, -1.8994640083431098, 0.21233945959655648], [0.18700744088801594, -1.3731247701428093, 0.3111360514470978]], [[0.34194428933767934, -1.556197003251526, 0.29530638477820614], [0.4087233282258342, -1.4883462242889374, 0.3310789990996027]], [[0.12037987253311945, -1.63099877222056, 0.0388479933646131]], [[0.3410177992866225, -1.3381485858126523, 0.0025469996788099252], [0.19964432756976044, -1.307559324398477, 0.1898776968239904]], [[0.35215062610783116, -1.3831500698823742, 0.15086408332516477]], [[0.18816585153682228, -1.5520106073219813, 0.09292378792455429], [0.4017630726408522, -1.487844238860609, 0.17432109698995032]], [], [[0.09060626278532254, -1.4206633733069072, -0.5413942209026084]], [], [[0.13139040972384736, -1.4513264931196193, -0.7756919782891364]], [[0.39717943721606774, -1.6956437267479054, 0.3858607417943697], [0.18206880955367752, -1.5766247211862516, 0.6015775464972062]], [], [[0.24412290480538615, -1.7755476963966068, 0.3294608472722166], [0.196163908472563, -1.494977011139051, 0.4422802183811856]], []]}