{"bodyId": "h0", "timestamp": 1630675666924043818, "continuousState": [[[0.4372778989979617, -1.5716511043528154, 0.5372518497207092]], [[0.2089628746407509, -1.51377423006357, 0.8078328158961767]], [[0.3357911045573717, -1.7582983121357183, 0.38290912615796013], [0.12541425638049464, -1.4857866330527811, 0.6040899990235354]], [[0.4189232397247833, -1.6468643008691313, 0.4283270163672465], [0.20540616963127603, -1.6191787261113895, 0.5826912569097942]], [[0.07858411221049835, -1.8974202666084836, 0.20861498082931393]], [[0.3526895853966536, -1.55250717978357, 0.2669046311886236], [0.39510782127591554, -1.4843859605695902, 0.3313316708695072]], [[0.10839835014477302, -1.639681305365667, 0.06994200918413572]], [[0.332161682476559, -1.3557644576664003, 0.009922339887970111], [0.24307535104812814, -1.3281022912802418, 0.20539342373798922]], [[0.20602090405528578, -1.7291116154210462, -0.0008710960460825845], [0.3296500027609036, -1.3766447784699207, 0.1285825798555768]], [[0.37277093867668304, -1.4856201694125934, 0.1480360340142786]], [[0.06630378807404759, -1.5171778865670036, -0.06347736926953099]], [[0.11488023915797475, -1.4241298242059655, -0.5142152458475377]], [], [[0.13215121543779243, -1.4511610857285828, -0.7782790364395107]], [[0.4007323714947454, -1.69215304455056, 0.3835458166050337], [0.21327394949336712, -1.5591665758082922, 0.6289783817167454]], [], [[0.2487536759676408, -1.7721422837388074, 0.3184709985982802]], [[0.2195373633753653, -1.5013990279897986, 0.0422793323723738]]]}