{"bodyId": "h0", "timestamp": 44622, "continuousState": [[[0.4462035749135419, -1.5565170420008267, 0.5270077363709228]], [[0.2201545627841799, -1.5062967504231801, 0.8146423582646718]], [[0.3364835252836164, -1.7530508447738935, 0.3813861369169722], [0.18584213990683474, -1.4960253845794702, 0.627725462513893]], [[0.4141008722280896, -1.6521262888227826, 0.46442691796935376], [0.1981405712416488, -1.62105734433507, 0.5719586057985445]], [[0.07979268105656365, -1.8962362617185862, 0.21799392769221845]], [[0.3714469622826878, -1.5413363043722603, 0.24131879414434843], [0.4021889382407462, -1.4914061590922352, 0.33886840267428736]], [[0.10530244718528974, -1.6698164905289434, 0.08979870120121837]], [[0.33972138338744634, -1.3470516449839947, -0.0039006614245079164], [0.22846341587144162, -1.3308427493514354, 0.19080349723493079]], [[0.17886337716607165, -1.8017894512444337, 0.21553326001875622], [0.32007656501357656, -1.378457037327263, 0.1109817195233411]], [[0.22032179180444894, -1.6658399558592163, 0.2116269994615202], [0.40777286322390344, -1.4931750948346458, 0.17700919689152944]], [[0.09024382831343325, -1.5328147265280434, -0.020038337796223687]], [[0.21502349589163952, -1.3701387829348668, -0.027353761136181903], [0.11618882973683003, -1.4331752576774361, -0.5210029821848245]], [], [[0.15145311432540073, -1.4598650062157672, -0.7572506380637983]], [[0.40351145889139806, -1.6877500271676682, 0.39193130659853], [0.22739258520396016, -1.5672210165884533, 0.6305376820174645]], [], [[0.24694677664232662, -1.7741812752706845, 0.3412104228307861]], [[0.1552828100589411, -1.59932734119363, 0.09579433083264825]]]}