{"bodyId": "h0", "timestamp": 44890, "continuousState": [[[0.45708873988423254, -1.5576864595084674, 0.5272674998494032]], [[0.19350795616142522, -1.508249108203385, 0.7927078765835289]], [[0.33755178896642113, -1.7558167690138287, 0.3841944408504069], [0.23292482658657082, -1.5366163573458511, 0.649283174629318]], [[0.4069499587421896, -1.6536163874889018, 0.4738659480063661], [0.20782729007354941, -1.6062805557099407, 0.5673982074312875]], [[0.07501507518068411, -1.89159687010449, 0.2182026502986048]], [[0.3372087746129048, -1.563149109695503, 0.2986837813505151], [0.38260956789263945, -1.481410100536565, 0.30696512619578675]], [[0.10716573575789647, -1.6619759800460383, 0.06684383410747319]], [[0.3363674696461689, -1.3519554764276744, 0.0055474931893379565], [0.17562405131393075, -1.3009854552814946, 0.17284819648143276]], [[0.17373042464306757, -1.7880629245842015, 0.22003252452144897], [0.3390893457413233, -1.3858147930052667, 0.11295257323437136]], [[0.23596971139699366, -1.626050221316155, 0.17219174507110233], [0.3801454823662948, -1.4785819102953113, 0.1071327301493227]], [[0.07527344808373015, -1.5195768397183906, -0.07303420407851399]], [[0.2191589960185375, -1.3674997112437521, -0.03912031257608874], [0.07924839255925553, -1.4243686942883458, -0.5734978613614571]], [[-0.06996558711383613, -1.2361938904469634, -0.9289471777027329]], [[-0.014279172854405886, -1.074663737789272, -0.7867766169512102], [0.13633770477056897, -1.4676940728143657, -0.7820676006514556]], [[0.4111711047654135, -1.6869594517212936, 0.38894078631593537], [0.17704125034296067, -1.5793798350086974, 0.587789563831812]], [], [[0.24098251696143685, -1.772606628796696, 0.34603429915248546]], [[0.1556215797403619, -1.5728135305172728, 0.04957877049629417]]]}