{"bodyId": "h0", "timestamp": 48508, "continuousState": [[[0.25716821109278815, -0.5175932146617285, 0.5917684723511702]], [[0.2901305369543845, -0.5845036703138115, 0.621265956122868]], [], [[0.36126411157295313, -0.9043676517323795, 0.6286094492891432], [0.25177272248947064, -0.6833767023095352, 0.6408516046757775]], [[0.24626014189616405, -0.6969755930351319, 0.47702236449120416], [0.14470196501332044, -0.5334960335785964, 0.4065371966933565]], [[0.4050370458050265, -1.0443160898870605, 0.49302366946708354], [0.19454226845761058, -0.9143074569401802, 0.5136577969388118]], [[0.23334050420190577, -0.33871500795938686, 0.2611383105046712]], [[0.30581071193341774, -1.199524735208356, 0.34954618692645567], [0.09130504667901755, -1.1712952329908648, 0.3238373533080494]], [[0.2693918714662391, -0.13447845718977874, 0.16394572556817003]], [[0.21389774264688202, -1.2733851349107577, 0.13691958125927045], [0.13367480186940905, -1.2309077617193618, -0.08578206691079208]], [[0.04160300599779629, -0.9876817814988268, 0.24267344185272988], [0.14043019468245166, -0.8415845187881776, 0.015099602167776538]], [[0.10731922166849153, -1.1670335148869746, 0.1975426509309857], [0.1666583171077732, -1.098543445034167, 0.04783287486959489]], [], [[0.09575674493536308, -1.2453236408723056, 0.0773687620098467], [0.1310538318094441, -1.0145197249871571, -0.45912360534819]], [], [[-0.06559058589651261, -1.0507602265019977, -0.6057003056367053]], [[0.31208358382104434, -0.8965818727270136, 0.5193439086287039], [0.23646635647567063, -0.7567508404333493, 0.5078657807303598]], [], [[0.3191887750034661, -0.6915155489232236, 0.37708098998587736]], []]}