{"bodyId": "h0", "timestamp": 48910, "continuousState": [[[0.2903887446724748, -0.5359287437902245, 0.5929537580248629]], [[0.4391570456206931, -0.8182830246602737, 0.5623428015251084], [0.2553872283140074, -0.6857558014717969, 0.6291563462581061]], [[0.2661259861766879, -0.6635364817061902, 0.46633013259636685], [0.2840531777123051, -0.579680089793313, 0.4987181838911856]], [[0.41341948292315595, -1.0372490876127372, 0.489186308413598], [0.2037633662887763, -0.9277952896046985, 0.5072894891734706]], [[0.2649307935162473, -0.3408919972316701, 0.335436255956869], [0.2441810898802237, -0.2820756714389795, 0.21755372534331105]], [[0.3107647853395449, -1.1990368479200089, 0.35668258169370914], [0.1033702200958021, -1.1735788233161162, 0.23726441532968626]], [[0.3187005207813397, -0.14285068817565685, 0.18912641095308116]], [[0.24335045384792972, -1.2402881677717685, 0.10117774892452462], [0.1741391129182282, -1.1909635699191534, -0.11829929695105215]], [[0.05891127965116021, -0.991230903216639, 0.2596466930721349], [0.15576809395783495, -0.7544935188582528, -0.0035139099794585034]], [[0.1182670453275557, -1.1700771078056402, 0.2058822149970688], [0.10723658608998858, -1.0092013769450612, -0.09743318519172067]], [[-0.0072692773800336, -1.0277225284619103, 0.13862632123248478]], [[0.09678651601222918, -1.2409535044484765, 0.08208143989904874]], [], [[-0.0798735826839561, -1.0497883424241037, -0.6450226985202633]], [[0.3318290023224973, -0.8752618275989194, 0.5087478529230026], [0.24290074392799443, -0.7514516589825715, 0.5006558218439966]], [], [[0.33917513821970163, -0.6890705424222037, 0.4123112821852335], [0.2239722280845, -0.604935480521839, 0.36242160725839084]], [[0.05549888397376105, -1.0988998181337752, 0.1722542681147768]]]}