{"bodyId": "h0", "timestamp": 50116, "continuousState": [[[0.5233392016750136, -1.273959460516997, 0.6507607679667964]], [[0.29437712962076923, -1.2277535380590636, 0.834345073197089]], [[0.353125256450067, -1.4202851356674742, 0.4930754393487978], [0.2593996809954444, -1.2255216308323715, 0.7238252462372557]], [[0.445557774134366, -1.4463066326606102, 0.4572079380252469], [0.30118701753492133, -1.3217895650248044, 0.614574336187909]], [[0.09724992978389951, -1.3471604607709882, 0.29034513511013416]], [[0.40290636955121795, -1.306322161674188, 0.32431400735272314]], [[0.07931626566674674, -1.1115194275202966, 0.12842294789843595]], [[0.32884445481432156, -1.1227093685763012, 0.12328167406008424]], [[0.04746822871163977, -1.24243734451842, 0.16619180906508585], [0.33563026088749964, -1.1583260127654984, 0.25349419498882436]], [[0.1258090822041822, -1.2874088703327358, 0.07043847589330289], [0.38103111935839273, -1.2147039846597951, 0.18045986640761566]], [[-0.05693307838265264, -1.0683916629202472, -0.12209404126584286]], [[-0.03387400992945777, -1.1095792583294584, -0.19983409101451616]], [[-0.23752401716322435, -0.8568778806134851, -0.6337747827878957]], [[-0.21766827017009355, -0.8667845342169823, -0.7197532261696665]], [[0.3922416516402396, -1.4331307738937007, 0.48632988318797915], [0.25687265055697095, -1.2766950734529743, 0.6888645816634307]], [], [[0.27140385195913275, -1.396733546715799, 0.3737765365676905]], [[0.03443800191076478, -1.1779002666264915, -0.025827782686269986]]]}