{"bodyId": "h0", "timestamp": 50451, "continuousState": [[[0.5134972332878478, -1.2671926815002994, 0.636200121623261]], [[0.2541185284614703, -1.2178594502016147, 0.8487222046037292]], [[0.30587897609125964, -1.4258614233897018, 0.49389552292859695], [0.2428868661076424, -1.269384851916378, 0.6968347925569861]], [[0.4474917261104236, -1.4643147872500712, 0.4864127791078023], [0.2869854520139727, -1.3310219246565518, 0.6063581036419343]], [[0.10502282082828282, -1.3823753243288468, 0.2921038623348627]], [[0.3825579230683534, -1.3053762891547536, 0.2965031439282216]], [[0.05696896208105125, -1.1608453221993396, 0.14467862044959542]], [[0.3268047369223359, -1.126161869527437, 0.07924263969252002]], [[0.05745015233998339, -1.3281855105623395, 0.24648029649033015], [0.29253748326594975, -1.1075653002289654, 0.07124781768232037]], [[0.08135112906516838, -1.387970921536326, 0.24315253428234995], [0.3289382854923324, -1.1878864905040771, 0.031237606010102583]], [[-0.05755068110201901, -1.0835507259187325, -0.11234685965915628]], [[-0.022251124768993463, -1.1645412994285458, -0.12794231134625442]], [[-0.23631368398165672, -0.8655402253083789, -0.6108902780360045]], [[-0.22418941611633103, -0.887207135980465, -0.6586864460464985]], [[0.3861921294412412, -1.4407035228780156, 0.49119162881280237], [0.2697961687715417, -1.3006945261267593, 0.6493502197361731]], [], [[0.2762572734693532, -1.4233450557894591, 0.3892583207213325]], [[0.011900223981574684, -1.2357608237275293, 0.06540283731159684]]]}