{"bodyId": "h0", "timestamp": 1630675666924051054, "continuousState": [[[0.36873597863885454, -1.2714376778729153, 0.7188497643987892]], [[0.1972084831490315, -1.1072830509447633, 0.8538953402945053]], [[0.25463718366930954, -1.3706492251346534, 0.5431993035765369], [0.13860186352813117, -1.10902252231767, 0.6990943637716788]], [[0.4105003572432026, -1.431088018354943, 0.4995087737156272], [0.26295239926112024, -1.2959562379676626, 0.6295568473400363]], [[0.0229993926877068, -1.2947415661404724, 0.29419477553279944], [-0.09172408486791778, -0.9962060642343125, 0.2743913282093306]], [[0.3295173103176962, -1.2893036442626842, 0.31214908476132314]], [[0.01181827793092731, -1.0044506460601057, 0.220010783435524]], [[0.3084337042844547, -1.1139719933630972, 0.06921056417150498]], [[-0.0136196850141514, -1.1295238224643454, -0.012070718221947345], [0.14650259477097985, -1.0081339329012946, -0.04430022540696791]], [[0.2742212249184829, -1.168316935731125, 0.013626517475342098]], [], [], [], [], [[0.34095769226700584, -1.382596261556375, 0.5088471010363123], [0.22215562073192222, -1.2094196700450965, 0.6879649912878424]], [], [[0.2167498749654547, -1.3629147922477078, 0.3968517746242133], [0.08561415719660123, -1.1460811511009874, 0.4519740877746834]], []]}