{"bodyId": "h0", "timestamp": 51590, "continuousState": [[[0.31700661958501114, -1.1075497826647294, 0.7119878726170941]], [[0.12021619924770516, -0.9359130131914685, 0.7986377643153793]], [[0.31094140668249637, -1.2126214090427634, 0.7429056146265812]], [[0.14262530760773665, -1.0233492433656999, 0.8129524044878388]], [[0.18667568921164407, -1.2476492654583755, 0.5985003385229839], [0.16662432944853253, -1.1103518056583292, 0.6890476723547764]], [[0.3559226299298439, -1.3425698639561032, 0.5299095732798852], [0.17644509068645833, -1.1700271693262918, 0.6512673046366751]], [[-0.010935138991979272, -1.1523300228464213, 0.45816957402949665]], [[0.29686442354250403, -1.2267786989187648, 0.35032227088881357]], [[-0.1532402292366911, -0.8777721963400574, 0.303426158998059]], [[0.2759824604805697, -1.0874794476694678, 0.071961301625553]], [[-0.01108094941363936, -1.1010045110783544, 0.10536410430690557], [0.17561000202637275, -1.0030259440534541, 0.05062255935549183]], [[0.00984236108605728, -1.2233516863797442, 0.06291312805831557], [0.2976088724785759, -1.1394284533775154, 0.14696164078187077]], [], [], [], [], [[0.2848258249916771, -1.2877179810743136, 0.5543047995922489], [0.15987848310934055, -1.1356313279194086, 0.6647268233918548]], [], [[0.1724937454689323, -1.2474499434012623, 0.4940395736546909]], []]}