{"bodyId": "h0", "timestamp": 1630675666924051657, "continuousState": [[[0.30721805894221094, -1.1183570038082131, 0.724502810723248]], [[0.13511429535854996, -1.0300014122929746, 0.8081412418290794]], [[0.18649333395144363, -1.2463696611140762, 0.6005344447451786], [0.17660360459193952, -1.11179471295169, 0.6972626301122125]], [[0.3565906075689871, -1.337407073246843, 0.5322796249974072], [0.18796992898790496, -1.1690145528832578, 0.6629136097423521]], [[-0.009893881133919308, -1.1475395899426601, 0.44467154057832464]], [[0.28788396044559705, -1.2287044800634241, 0.3499945451201854]], [[-0.14705529621072552, -0.9177391763311309, 0.33291653062570253]], [[0.2759764356098212, -1.0903295169725509, 0.07467868244643341]], [[-0.01920663336051433, -1.073250747863657, 0.05241002748521919], [0.19708142017957994, -1.0136420380160527, 0.07504208200321637]], [[0.009395085936738155, -1.2217205020621573, 0.05841690808913654], [0.2958799890665621, -1.1416011094103211, 0.15203157733200237]], [], [], [], [], [[0.2869072979061964, -1.2794983880575819, 0.5528459232326722], [0.17677035598755628, -1.1371912438164018, 0.6788016336026523]], [], [[0.17334836321753389, -1.2424733315947516, 0.48847558278786596]], []]}