{"bodyId": "h0", "timestamp": 54538, "continuousState": [[[0.4085374856644241, -1.2425312913450837, 0.7616717502937498]], [[0.19339787737016445, -1.058667203280047, 0.8259001343148639]], [[0.3996970878546819, -1.314698556586286, 0.7447034968000338]], [[0.21783638440390246, -1.154926003720664, 0.8407532273706267]], [[0.23107519965531714, -1.3421987866745384, 0.5438325177040078], [0.0936049978097858, -1.1182010434673153, 0.6172244866145554]], [[0.4238675956463437, -1.4308010590039257, 0.4915713591835137], [0.23939395823756854, -1.274906316377994, 0.6476817054877072]], [[-0.014565156542477609, -1.2084498974577473, 0.41222896970626405], [-0.23410264073274378, -0.8701502692553694, 0.24486872445925473]], [[0.3537519933534975, -1.297715469767887, 0.3318161760591113]], [[-0.11939696862121439, -0.9036247054727009, 0.3288832686068652], [-0.25918367781489293, -0.6824258413177378, 0.19015472572446948]], [[0.25001436840897623, -1.0173808015468941, 0.1703702333099984]], [[-0.014226212841235509, -1.0985415273307542, 0.03513895514183719], [0.17709864825689262, -1.0592848464003588, 0.025889617236153982]], [[0.017898763265991192, -1.220005212212843, 0.04462190169659266], [0.2584216009103741, -1.2148291962912676, 0.03936161596441684]], [], [], [], [], [[0.32684321289638024, -1.3759531147238835, 0.5128656910028307], [0.20108885980696323, -1.206232477016043, 0.6615293480681205]], [], [[0.20465121955193305, -1.3196254782308365, 0.4519001644448889], [0.0026456587524123776, -1.0725282928166817, 0.446275214973481]], []]}