{"bodyId": "h0", "timestamp": 1630675666924054739, "continuousState": [[[0.40302995921667906, -1.2182450538594698, 0.770072532282643]], [[0.2065538982019525, -1.1321131335675916, 0.8631424388271455]], [[0.23849124380845008, -1.294368367030152, 0.585334682924121], [0.12338398112888331, -1.090722171413611, 0.633701880213822]], [[0.37076675524064723, -1.4035300922446978, 0.4981485485698272], [0.22244094375858073, -1.2486898614251305, 0.6501413609552462]], [[-0.01562534277762262, -1.2059802911432862, 0.39867203407908686], [-0.3369035960624521, -0.8212047757249595, 0.12921156355576385]], [[0.33533065313211385, -1.2858702366963266, 0.33327136397866414]], [[-0.11495734514488623, -0.9191320987065751, 0.30435712664905507], [-0.27231328951994216, -0.6675749643394303, 0.15914078302813642]], [[0.29108122810267106, -1.0023791333628111, 0.15832374492236387]], [[-0.03800129123447607, -1.035974385817573, 0.0007063111236875557], [0.14533420674598643, -0.9507854989048972, -0.06572763710698769]], [[0.013457823028220673, -1.2116131673906239, 0.061952104041753275], [0.2432616182341135, -1.1437986164436067, -0.03190668711686976]], [], [[0.006081118388396817, -1.2351878363369573, 0.04920242029426345]], [], [], [[0.31317292893010185, -1.3405882088055283, 0.5460883280214478], [0.1808360822965483, -1.172277470502456, 0.6550162026799596]], [], [[0.1775707062315123, -1.304755191693992, 0.44841029132445703], [-0.0572313261519357, -1.034947318575045, 0.389676462255505]], []]}