{"bodyId": "h0", "timestamp": 5561, "continuousState": [[[0.41216234733046603, -1.7648741219189537, 0.5258274133052135], [0.1386999154568514, -1.580063833851039, 0.7847252179811068]], [[0.12276882239042924, -1.728880341572972, 0.7571993248075483]], [[0.3765380371329343, -1.8854440554677188, 0.3884556491000196], [0.07888926946351058, -1.6565154928714625, 0.5885229001456423]], [[0.4033844366532597, -1.7590733935651126, 0.45184284894868415], [0.16589196438590556, -1.7851611191171166, 0.5672700131972688]], [[0.024933424736111702, -1.8063623570138307, 0.12497707095102077]], [[0.4817037740839031, -1.6088800944677226, 0.2142629744993453], [0.32050236751306194, -1.650090736959198, 0.34304676324341493]], [], [[0.4525564037101545, -1.639442373772432, 0.3151854333012311], [0.19395909244556855, -1.5526066949244328, 0.5681340920503098]], [[0.16356387996388777, -1.8758102645662307, 0.28079618273162393], [0.1033130782351543, -1.5333305587831885, 0.0007417986663640477]], [[0.17144521899755835, -1.7503340270006595, 0.269269954204708], [0.14863575104394977, -1.629472472650435, -0.034229538830897584]], [[0.023019550307276745, -1.7802787228607404, 0.11019582801367733]], [[0.08243895788156134, -1.645460494498315, 0.05388302517534271]], [[-0.10794971512336443, -1.6420069115683313, -0.06844913688309294]], [[-0.08574962996289279, -1.6108787395765336, -0.09907847437256737]], [[0.3737541757939093, -1.8610055077171266, 0.4487050885819159], [0.19801853758212132, -1.713540088671251, 0.6290152813532293]], [], [[0.2141589306946857, -1.7827178752894717, 0.28840995994985247]], [[0.09723238465241754, -1.7653063749307, 0.18973289110919267]]]}