{"bodyId": "h0", "timestamp": 58089, "continuousState": [[[0.3773640349920767, -1.1899757891953349, 0.7125944543267967]], [[0.19592422977643809, -1.0981044236068052, 0.8672454054019126]], [[0.25917841898369026, -1.332942576248017, 0.548830840483404], [0.18545268933772924, -1.1486652295779058, 0.7162161182470155]], [[0.37387725204707484, -1.3562286445428022, 0.5500286889499421], [0.1852345680368835, -1.203293110172296, 0.6365473407792829]], [[-0.014752603132106402, -1.206574625008558, 0.31824820890979183]], [[0.37605150271176785, -1.190142157218012, 0.3444887130578791]], [[-0.09996663430467413, -0.9213261540068857, 0.3116152999433284]], [[0.19702550171865324, -0.9075728244472606, 0.13586890448271197]], [[0.01009021319780794, -1.1018331757579556, 0.016713084595897952], [0.2980666303720361, -0.9700773339216884, 0.04092184390386364]], [[0.2888451552501788, -1.087609492377569, -0.026695898852319714]], [], [], [], [], [[0.3321080280606929, -1.3319932718344984, 0.5348018829075534], [0.17320153837130534, -1.1817776673069855, 0.6760578549268141]], [], [[0.1795623244574842, -1.2814016347756803, 0.43413844892986697]], []]}