{"bodyId": "h0", "timestamp": 469, "continuousState": [[[0.614913271224664, -1.5149044209165454, 0.48607588705637544], [0.32778678987698934, -1.3928942963056616, 0.7827482150355162]], [[0.32748097536944465, -1.5195321011397547, 0.7855557154803229]], [[0.44193291262931944, -1.699658181007617, 0.3721796750289093], [0.21840419726330992, -1.5128589137391972, 0.5414080867260277]], [[0.48258224117828086, -1.6452692447226203, 0.40407246443913913], [0.3661735123536562, -1.6193500983608027, 0.5777853520646535]], [[0.19283701067146775, -1.6426690688952983, 0.15775732632492373], [0.29459179425034543, -1.4072571796692956, 0.28243570528933676]], [[0.4946156341153876, -1.6026765004886545, 0.34204541448396025]], [[0.055758230405441964, -1.4977217521494517, -0.06900215226349747]], [[0.4254696366008561, -1.473605412085173, -0.02404429406755412]], [[0.14403670907487542, -1.5630191606919615, 0.0762226887301515], [0.35233041006146143, -1.3802888656450818, 0.05598995270767864]], [[0.1831789179619443, -1.499543630248889, 0.06024238066800535], [0.4484021355170921, -1.472327937364237, 0.053424770904925256]], [[0.008542246958912302, -1.2361884208424767, -0.31446131819278456]], [], [[-0.2118056689842492, -1.1218685918078612, -0.7977670856205639]], [], [[0.4647302998228561, -1.6767349202603636, 0.3894620217454133], [0.31931457943407054, -1.5646960451282383, 0.5833965867818731]], [], [[0.3377096259248743, -1.6439691568089594, 0.2809148953820314], [0.3303826533020008, -1.5133036390150492, 0.4301105286769952]], [[0.0958605824604283, -1.3678660255456827, -0.1271094687623896]]]}