{"bodyId": "h0", "timestamp": 1630675666924006030, "continuousState": [[[0.4254955806369491, -1.7790409130677498, 0.5125804054711409]], [[0.15606723556796714, -1.688564420248566, 0.8012846013250522]], [[0.3495254911217108, -1.9100010969375447, 0.39410090893166966], [0.12214981495480287, -1.7134004073586704, 0.6461926669478617]], [[0.36595070260060625, -1.8108703814274691, 0.4551581387946386], [0.15183473414431842, -1.7859120952429954, 0.5835594680130891]], [[0.008337641449032788, -1.8160426907371723, 0.15012513363236554]], [[0.44823669084813733, -1.6843242129415048, 0.11098249854845699], [0.29582854054041535, -1.6460952944843419, 0.36081466265211315]], [], [[0.4823846400539688, -1.6807336330217422, 0.24921337982465003], [0.16560131036068948, -1.6115402706031372, 0.610805961298973]], [[0.13323482402720158, -1.8835895424559197, 0.3058274284254758], [0.17475627625635207, -1.6374253199002473, 0.08160642284913888]], [[0.163147422298234, -1.7725590387883503, 0.2621336936704458], [0.1580862999436631, -1.6508926192417173, 0.008402913707070865]], [[0.0068940843666288176, -1.7707797499050175, 0.09507344079317591]], [[0.04490278515621759, -1.677615512446072, 0.039340755968422854]], [[-0.1257814636153076, -1.6433511011006756, -0.09810009117025288]], [], [[0.35802289434202605, -1.8863325896046963, 0.4326468985549534], [0.12454008171212741, -1.7651137090311617, 0.6113648318049452]], [], [[0.1871441720248195, -1.8134565360823207, 0.3026416362135021]], [[0.0850207533324314, -1.771669394346684, 0.17860356723181087]]]}