{"bodyId": "h0", "timestamp": 66196, "continuousState": [[[0.652183742893922, -0.8031948935158482, 0.70302212031587]], [[0.4172169529689199, -0.69105064575797, 0.7958731235697445]], [[0.5557800967403426, -1.082605436468005, 0.5450605678626457], [0.2900284242251041, -0.9750071914964318, 0.6609834589323718]], [[0.6557959166699825, -0.7994235446803061, 0.5173778741900348], [0.4919288617458219, -0.7134166474598327, 0.6115386661318853]], [[0.3842803760999656, -1.2186575213663147, 0.32850570744241236], [0.2663825477965238, -1.127015277048433, 0.42275038479876115]], [[0.6222837888177378, -0.5140440207024547, 0.37300747878189916], [0.5442319938996744, -0.43769109043098287, 0.3863468998528049]], [[0.21401545090221766, -1.1007209272023548, 0.10753533221923635]], [[0.4398131668509887, -0.5450818056792173, 0.7772015070178596], [0.43771632581407405, -0.10221317295773247, 0.10495615193126331]], [[0.2702653203592227, -1.0985849377312888, 0.15461149871538668], [0.3928608103059512, -1.0527946837274513, 0.06814395635854134]], [[0.3017590787691847, -0.8795609467977997, 0.12285405288921243], [0.4498621417696786, -0.8761678032827147, 0.07963085785331646]], [[0.04630218261318595, -1.0163929854649414, -0.1479971943088749]], [[0.026020261061981673, -0.8411325474434002, -0.18486687868567014]], [[-0.1685017197344497, -0.9079252290810992, -0.6239222733073597]], [], [[0.5954900779531945, -0.9618963480085576, 0.5462345998424671], [0.4384156515286936, -0.8611589854012155, 0.6801817695997977]], [], [[0.520038146384974, -1.0090405330233103, 0.4229417908162236], [0.3791557047711729, -0.9202159622541328, 0.5171445254653233]], [[0.17403063069118532, -0.9479769661313706, -0.012571570709831233]]]}