{"bodyId": "h0", "timestamp": 6566, "continuousState": [[[0.44530323791592397, -1.7862639696402502, 0.47714866580165266]], [[0.15038659574154006, -1.6883116765526072, 0.7889422462156441]], [[0.3189182812124514, -1.9409221945065172, 0.38039102073011166]], [[0.37209121185056787, -1.8541196071652792, 0.44686972084996957], [0.12781895445059308, -1.760786347743389, 0.586676118288281]], [], [[0.4493025894698986, -1.6903518041804757, 0.1328290387973325], [0.29695843650602977, -1.6495905617380306, 0.37671631832276287]], [], [[0.44070421643578467, -1.7130156885644445, 0.3233063801909625], [0.15673411868457038, -1.633477175374497, 0.6194375081645489]], [[0.14453053058814708, -1.9190032419257432, 0.31477639492237447], [0.18667098581277583, -1.7186733035699178, 0.09753259020750783]], [[0.18498017724982146, -1.7868488400865958, 0.24711719727683726], [0.1815167565742547, -1.665441049746877, 0.08368705281500229]], [[0.0013360565637003674, -1.7792843940630303, 0.07453409067498341]], [[0.06753868400262121, -1.6388928485563083, -0.058800797781531855]], [[-0.1265766947709276, -1.6543588644500482, -0.12541210108831866]], [], [[0.35386412537142253, -1.900644630064471, 0.4118399330600462], [0.1346074026646836, -1.7936389007793907, 0.6008806572231915]], [], [], [[0.09315811690676092, -1.783066617074813, 0.16082564397591034]]]}