{"bodyId": "h0", "timestamp": 67268, "continuousState": [[[0.6494955214279425, -0.7995776978786332, 0.7117066693782633]], [[0.29709748496879845, -0.5616654956468891, 0.6858535231791892]], [[0.6413510907065731, -0.9302801519785155, 0.7170948524097455]], [], [[0.5576708332660433, -1.0770390103266525, 0.5457546436117373]], [[0.6542613605042916, -0.7989358509169121, 0.5141623635014999]], [[0.39087098073399346, -1.1984245904094415, 0.3188553949770735]], [[0.628562832549784, -0.5116368195446519, 0.3623311800680642]], [[0.21638418021437827, -1.0869348092641522, 0.10056219194455525]], [], [[0.2776134567999165, -1.0936611586904372, 0.14880466111960072]], [[0.3026974487769954, -0.8807894538739149, 0.12260997616043141]], [[0.04873754204658161, -1.0060850771444076, -0.161119468162683]], [[0.02668686645445621, -0.8356123805266361, -0.18755069536301402]], [[-0.16823608087804962, -0.8889480107220318, -0.6472744370405148]], [], [[0.5913207501686722, -0.9622342922740893, 0.5475703777080738]], [], [[0.5225661706191426, -0.9986802206631769, 0.4165088792392867]], [[0.1757174954117885, -0.9434372655091613, -0.01925474600112579]]]}