{"bodyId": "h0", "timestamp": 1630675666924069680, "continuousState": [[[0.6206121133217726, -0.9140810411572365, 0.7075563819818049]], [[0.4682572668017169, -0.8517240319965347, 0.8587581779016187]], [[0.5383645686899119, -1.0717896837589183, 0.5458809851061808], [0.2298236843373179, -1.0093977687941496, 0.6001671462231395]], [[0.6037608233138988, -1.0709543340221885, 0.5815645190704655], [0.5331008156456203, -0.8712821234333953, 0.6614157772780821]], [[0.2890483773004972, -1.168839972068959, 0.3278091949242523]], [[0.8212484271718841, -0.5273062567029774, 0.3236785293807434], [0.6860828814018839, -0.6388566080075812, 0.4736621086957953]], [[0.13380430032539414, -1.0721470458043376, 0.09399873296236115]], [[0.654401928716687, -0.5147580185917475, 0.4584533957993484], [0.6908873096357409, -0.3519739444236757, 0.37420067275333097]], [[0.24533582548438362, -1.1400526064896457, 0.25099115833517815]], [[0.24271508934466335, -1.0471641286453928, 0.22706300919145814], [0.460209807719853, -0.9056988903610902, -0.03156044656960307]], [[0.03722568837817892, -0.9812604313525534, -0.10962780829096391]], [[0.03905163634117218, -0.9958398770658772, -0.09281579064379207]], [[-0.15581625400342433, -0.9053239472705454, -0.6254905256219222]], [[-0.1593052645657008, -0.8977464959198412, -0.6226566349830277]], [[0.5811031215363489, -1.0600813910512061, 0.5661877616275531], [0.39972597970456925, -0.9402089980457986, 0.6401585972868754]], [], [[0.446404600307198, -1.119897153045574, 0.4546868569973589]], [[0.13997038886142113, -1.014212279998973, 0.05871760045024711]]]}