{"bodyId": "h0", "timestamp": 71891, "continuousState": [[[0.4398641891715237, -1.1135633061493955, 0.7249944628998304]], [[0.2798636339044624, -1.01985489728313, 0.845617570171626]], [[0.35098490614865924, -1.2908774191750199, 0.5548608579269726], [0.22149702665356358, -1.091055886471936, 0.6453313914525138]], [[0.43937120661270246, -1.253945477617703, 0.6203311903484942], [0.24174120408964314, -1.1046142515779434, 0.6296945945634975]], [[0.12682032860339582, -1.2886596817975347, 0.3079040733190982]], [[1.1108274314713347, -0.052429462138361714, -0.05672815722470068], [0.450773395269352, -1.120847596922384, 0.4100750217558682]], [[0.0722605126487677, -1.0628787146832284, 0.17132428641160233]], [[0.38608010166500756, -0.9010669291858607, 0.1221875849454475]], [[0.0863377449751111, -1.22396506102776, 0.2744217619045439], [0.42755067222467596, -1.0047572372444682, 0.16781183497378244]], [[0.10679372217556272, -1.169425755692142, 0.3145487215638061], [0.35319057253401365, -1.013614080151814, 0.06631808319242533]], [], [], [], [], [[0.4112504069889542, -1.2527264646855092, 0.5810934144664287], [0.23302385787548313, -1.0982195249482398, 0.6356286204759597]], [], [[0.2830957676080491, -1.2713025797076187, 0.4641176318337962]], []]}