{"bodyId": "h0", "timestamp": 1630675666924072360, "continuousState": [[[0.5143752373535574, -1.079143824596601, 0.7002909998720392]], [[0.34497312600093666, -1.0125825544234963, 0.820788517275598]], [[0.45108710885681097, -1.274530084161604, 0.5148917825512812], [0.3149334546713028, -1.1634615147001643, 0.6074243899658073]], [[0.3714750277956548, -1.0911751676674486, 0.6149137925459429]], [[0.2253903504046098, -1.323151969698707, 0.2794045245090783]], [[0.5148543709817411, -1.0970249080541934, 0.3570668231182192]], [[0.11607511647385388, -1.0938950166502788, 0.16094508280726427]], [[0.39847097239901746, -0.8801225613576904, 0.09076482300348584]], [[0.1361365101396659, -1.1702590417818817, 0.17251678033113854], [0.32859032117448417, -1.0558867561591394, -0.1371033518016893]], [[0.14039269043807037, -1.1650065545728134, 0.1756972613868711], [0.39611150106583387, -0.9831885135612626, -0.07470290060875641]], [], [[-0.03204450000828291, -1.017146280488379, -0.22280263187243235]], [], [[-0.18180179115627731, -0.8561132730055464, -0.6882358437392804]], [[0.4479022357883657, -1.2583259088530117, 0.5722798884134759], [0.3457898039145491, -1.12568336200677, 0.6098140449654891]], [], [[0.2984326891001323, -1.207163568683078, 0.44715915852751065]], []]}