{"bodyId": "h0", "timestamp": 7102, "continuousState": [[[0.11547911139116308, -1.6597907669762428, 0.7788438415619676]], [[0.09927627588443602, -1.8051254746158076, 0.7523684608691258]], [[0.3570532268394001, -1.8680822137631865, 0.38566794884679323], [0.17928260215134742, -1.6937372261608308, 0.6259103639771347]], [[0.16732406377442863, -1.838369518861845, 0.5629243997280685]], [[0.1733998174430833, -1.6229642717474846, 0.3259515279580519]], [[0.2778750572285357, -1.8046575797769089, 0.291243886346469]], [[0.11230108058626251, -1.5380263246640555, 0.006293589033957914]], [[0.29186848960852535, -1.6071983616340078, 0.08644102949154399]], [[0.26729428714716663, -1.5728727321341676, 0.11018688539197978]], [[0.19337941741208853, -1.7065074972919758, -0.03505876851277435]], [], [], [], [], [[0.1207120059620122, -1.7732176208725654, 0.5637646876338351]], [], [[0.17036194060875598, -1.7306668953046649, 0.4444379638430602]], []]}