{"bodyId": "h0", "timestamp": 72829, "continuousState": [[[0.4036149051761651, -1.16135629933674, 0.6866615465022374]], [[0.2296865731624332, -1.0363937357670086, 0.7935549611648582]], [[0.36245643929735655, -1.3050216696267931, 0.5101820216120059], [0.264710281418651, -1.123283096309909, 0.6768337123324126]], [[0.40774057517717066, -1.2744354029767597, 0.5414019627691545], [0.24749886110043598, -1.1673097954469664, 0.6129497752360215]], [[0.07421176954874965, -1.2508203702324527, 0.2779551316313361]], [[0.4230410289907989, -1.1523953533050568, 0.35402832540780127]], [[-0.032142807053073395, -0.9964578233448094, 0.2697075113905703]], [[0.3727303480780556, -0.9316263987177529, 0.13813272634659735]], [[0.0332198602589836, -1.2608864000526736, 0.29800200386286385], [0.2949342054672627, -0.9625705889334635, 0.016911777348266013]], [[0.03818457273165427, -1.216916124938231, 0.3316555481285827], [0.39104675267412337, -1.0526078858222285, 0.06230652881714468]], [[-0.09276107896288352, -0.971217862688797, -0.309038874694613]], [], [[-0.16831412510749874, -0.9243875113912823, -0.5722893948703177]], [], [[0.3875034092748044, -1.290111879849141, 0.5341988214275025], [0.24636948644175619, -1.1416834330219887, 0.637620415344986]], [], [[0.24097617236296015, -1.2626278866046063, 0.4096785472002453]], [[-0.027288253115614624, -1.094066993813514, 0.011308336716984863]]]}