{"bodyId": "h0", "timestamp": 7169, "continuousState": [[[0.11010587506226693, -1.6667961147590449, 0.7728533794612132]], [], [[0.36313917659183986, -1.8666857146272322, 0.3808354297549722], [0.08223045021112967, -1.7024010668725107, 0.5700621627801936]], [[0.16773735941636322, -1.8350730805020918, 0.5614146995985315]], [[0.17407718345030185, -1.6226894903086122, 0.32841893569115266]], [[0.2723024118441647, -1.8040107294284569, 0.2821253658437372]], [], [[0.2498892866374356, -1.6621028325539409, -0.08731801974092696]], [[0.1528930250773601, -1.592710005944343, -0.015887720721752204]], [[0.2671553593020246, -1.687262842481321, 0.0380852989651205]], [], [], [], [], [[0.12304272147808934, -1.7672444590958443, 0.5668942386315621]], [], [[0.17090727143333254, -1.7288812854053521, 0.4449168176448421]], []]}