{"bodyId": "h0", "timestamp": 1630675666924075308, "continuousState": [[[0.3840834111028141, -1.189008530613019, 0.7382236821096287]], [[0.23396451368227805, -1.0649941613032348, 0.839753888793456]], [[0.3148945109817658, -1.3192225491817535, 0.5435926105628774], [0.15681488937252766, -1.1429499336096383, 0.6737610699282536]], [[0.3574502717170884, -1.29860240776217, 0.5615751735145441], [0.18985721480783285, -1.1619144615640664, 0.6159475816246741]], [[0.06580190398723386, -1.2861527564997481, 0.32310548334780265]], [[0.40322818373594577, -1.0502611406983315, 0.2933652887705848]], [[0.09850052820450275, -1.0152451107650702, 0.23150079284241337]], [[-0.1790716158450748, -0.6813524615528463, 0.03478508400272994]], [[0.022225486537498854, -1.2455129116588324, 0.2645160807284931]], [[0.03795571930765971, -1.166842637714982, 0.23416892038448373], [0.3109013071324639, -1.0337569170458454, -0.01795862109320592]], [], [[-0.08956638978612, -1.0353242515833814, -0.18712943995040518]], [], [[-0.19288852011165342, -0.8967451818386558, -0.6110516362479611]], [[0.34358296725401927, -1.302315686325076, 0.5525055602533266], [0.18270415858443745, -1.1608578424231326, 0.6565539427762929]], [], [[0.2116260878521611, -1.292377582130959, 0.4423403284311734]], []]}